core_id,type,geom,core_z,core_est_med_wtd,core_est_p75_wtd,dist_threshold,n_wells,avg_well_dist,mean_well_z,wells_core_z_diff,wells_median_wtd,wells_p75_wtd
5a___Azade_soil_core___1,Azade_soil_core,POINT (377552.2594727121 3307459.827655018),45.15949631,-0.60702709,-0.396182145,1000,3,599.329404,44.5571696,0.602326711,-0.004700379,0.206144566
5a___Azade_soil_core___1,Azade_soil_core,POINT (377552.2594727121 3307459.827655018),45.15949631,-1.22804563,-0.883266082,250,1,228.2992602,44.09753418,1.061962128,-0.166083503,0.178696046
5a___Azade_soil_core___2,Azade_soil_core,POINT (377552.2594727121 3307459.827655018),45.15949631,-0.60702709,-0.396182145,1000,3,599.329404,44.5571696,0.602326711,-0.004700379,0.206144566
5a___Azade_soil_core___2,Azade_soil_core,POINT (377552.2594727121 3307459.827655018),45.15949631,-1.22804563,-0.883266082,250,1,228.2992602,44.09753418,1.061962128,-0.166083503,0.178696046
5a___Azade_soil_core___3,Azade_soil_core,POINT (377512.7371061806 3307401.754666875),44.52201843,0.030450785,0.24129573,1000,3,624.8745928,44.5571696,-0.035151164,-0.004700379,0.206144566
5a___Azade_soil_core___3,Azade_soil_core,POINT (377512.7371061806 3307401.754666875),,,,250,0,,,,,
5a___Azade_soil_core___4,Azade_soil_core,POINT (377512.7371061806 3307401.754666875),44.52201843,0.030450785,0.24129573,1000,3,624.8745928,44.5571696,-0.035151164,-0.004700379,0.206144566
5a___Azade_soil_core___4,Azade_soil_core,POINT (377512.7371061806 3307401.754666875),,,,250,0,,,,,
5a___Azade_soil_core___5,Azade_soil_core,POINT (377540.24596986367 3307785.4779769527),45.26675797,-0.38076422,-0.157175417,1000,3,623.0026887,44.95429611,0.312461853,-0.068302367,0.155286436
5a___Azade_soil_core___5,Azade_soil_core,POINT (377540.24596986367 3307785.4779769527),45.26675797,-1.335307288,-0.99052774,250,1,105.6449919,44.09753418,1.169223785,-0.166083503,0.178696046
5a___Azade_soil_core___6,Azade_soil_core,POINT (377540.24596986367 3307785.4779769527),45.26675797,-0.38076422,-0.157175417,1000,3,623.0026887,44.95429611,0.312461853,-0.068302367,0.155286436
5a___Azade_soil_core___6,Azade_soil_core,POINT (377540.24596986367 3307785.4779769527),45.26675797,-1.335307288,-0.99052774,250,1,105.6449919,44.09753418,1.169223785,-0.166083503,0.178696046
5___Azade_soil_core___7,Azade_soil_core,POINT (376558.66198644484 3305668.3531760243),39.21145248,1.752905517,1.906413894,1000,2,543.7748175,41.21246147,-2.001008987,-0.24810347,-0.094595093
5___Azade_soil_core___7,Azade_soil_core,POINT (376558.66198644484 3305668.3531760243),39.21145248,-0.88697265,-0.760848854,250,1,155.6629715,38.34731293,0.864139557,-0.022833093,0.103290703
5___Azade_soil_core___8,Azade_soil_core,POINT (376558.66198644484 3305668.3531760243),39.21145248,1.752905517,1.906413894,1000,2,543.7748175,41.21246147,-2.001008987,-0.24810347,-0.094595093
5___Azade_soil_core___8,Azade_soil_core,POINT (376558.66198644484 3305668.3531760243),39.21145248,-0.88697265,-0.760848854,250,1,155.6629715,38.34731293,0.864139557,-0.022833093,0.103290703
5___Azade_soil_core___9,Azade_soil_core,POINT (376435.1914873059 3305596.5756077906),38.24864197,0.075837866,0.201961662,1000,1,16.09235597,38.34731293,-0.098670959,-0.022833093,0.103290703
5___Azade_soil_core___9,Azade_soil_core,POINT (376435.1914873059 3305596.5756077906),38.24864197,0.075837866,0.201961662,250,1,16.09235597,38.34731293,-0.098670959,-0.022833093,0.103290703
5___Azade_soil_core___10,Azade_soil_core,POINT (376435.1914873059 3305596.5756077906),38.24864197,0.075837866,0.201961662,1000,1,16.09235597,38.34731293,-0.098670959,-0.022833093,0.103290703
5___Azade_soil_core___10,Azade_soil_core,POINT (376435.1914873059 3305596.5756077906),38.24864197,0.075837866,0.201961662,250,1,16.09235597,38.34731293,-0.098670959,-0.022833093,0.103290703
5___Azade_soil_core___11,Azade_soil_core,POINT (376440.33275039983 3305798.2356429067),38.43531799,-0.110838159,0.015285637,1000,1,216.967959,38.34731293,0.088005066,-0.022833093,0.103290703
5___Azade_soil_core___11,Azade_soil_core,POINT (376440.33275039983 3305798.2356429067),38.43531799,-0.110838159,0.015285637,250,1,216.967959,38.34731293,0.088005066,-0.022833093,0.103290703
5___Azade_soil_core___12,Azade_soil_core,POINT (376440.33275039983 3305798.2356429067),38.43531799,-0.110838159,0.015285637,1000,1,216.967959,38.34731293,0.088005066,-0.022833093,0.103290703
5___Azade_soil_core___12,Azade_soil_core,POINT (376440.33275039983 3305798.2356429067),38.43531799,-0.110838159,0.015285637,250,1,216.967959,38.34731293,0.088005066,-0.022833093,0.103290703
5___Azade_soil_core___13,Azade_soil_core,POINT (376425.4623881691 3305737.8858761634),38.5931015,-0.268621668,-0.142497871,1000,1,156.3962883,38.34731293,0.245788574,-0.022833093,0.103290703
5___Azade_soil_core___13,Azade_soil_core,POINT (376425.4623881691 3305737.8858761634),38.5931015,-0.268621668,-0.142497871,250,1,156.3962883,38.34731293,0.245788574,-0.022833093,0.103290703
5___Azade_soil_core___14,Azade_soil_core,POINT (376425.4623881691 3305737.8858761634),38.5931015,-0.268621668,-0.142497871,1000,1,156.3962883,38.34731293,0.245788574,-0.022833093,0.103290703
5___Azade_soil_core___14,Azade_soil_core,POINT (376425.4623881691 3305737.8858761634),38.5931015,-0.268621668,-0.142497871,250,1,156.3962883,38.34731293,0.245788574,-0.022833093,0.103290703
5___Azade_soil_core___15,Azade_soil_core,POINT (376208.24345018953 3305184.5840986706),37.21986771,1.104612128,1.230735924,1000,1,454.4324284,38.34731293,-1.127445221,-0.022833093,0.103290703
5___Azade_soil_core___15,Azade_soil_core,POINT (376208.24345018953 3305184.5840986706),,,,250,0,,,,,
5___Azade_soil_core___16,Azade_soil_core,POINT (376208.24345018953 3305184.5840986706),37.21986771,1.104612128,1.230735924,1000,1,454.4324284,38.34731293,-1.127445221,-0.022833093,0.103290703
5___Azade_soil_core___16,Azade_soil_core,POINT (376208.24345018953 3305184.5840986706),,,,250,0,,,,,
5___Azade_soil_core___17,Azade_soil_core,POINT (376551.624266232 3305391.458314326),38.83475494,-0.51027511,-0.384151314,1000,1,225.9572203,38.34731293,0.487442017,-0.022833093,0.103290703
5___Azade_soil_core___17,Azade_soil_core,POINT (376551.624266232 3305391.458314326),38.83475494,-0.51027511,-0.384151314,250,1,225.9572203,38.34731293,0.487442017,-0.022833093,0.103290703
5___Azade_soil_core___18,Azade_soil_core,POINT (376551.624266232 3305391.458314326),38.83475494,-0.51027511,-0.384151314,1000,1,225.9572203,38.34731293,0.487442017,-0.022833093,0.103290703
5___Azade_soil_core___18,Azade_soil_core,POINT (376551.624266232 3305391.458314326),38.83475494,-0.51027511,-0.384151314,250,1,225.9572203,38.34731293,0.487442017,-0.022833093,0.103290703
5a___Azade_soil_core___19,Azade_soil_core,POINT (377630.0854641914 3306889.0756611093),44.30427551,0.248193705,0.45903865,1000,3,703.9143868,44.5571696,-0.252894084,-0.004700379,0.206144566
5a___Azade_soil_core___19,Azade_soil_core,POINT (377630.0854641914 3306889.0756611093),,,,250,0,,,,,
5a___Azade_soil_core___20,Azade_soil_core,POINT (377630.0854641914 3306889.0756611093),44.30427551,0.248193705,0.45903865,1000,3,703.9143868,44.5571696,-0.252894084,-0.004700379,0.206144566
5a___Azade_soil_core___20,Azade_soil_core,POINT (377630.0854641914 3306889.0756611093),,,,250,0,,,,,
5a___Azade_soil_core___21,Azade_soil_core,POINT (377771.25653582736 3306930.1916453154),45.10361481,-0.55114559,-0.340300645,1000,3,611.5062263,44.5571696,0.546445211,-0.004700379,0.206144566
5a___Azade_soil_core___21,Azade_soil_core,POINT (377771.25653582736 3306930.1916453154),,,,250,0,,,,,
5a___Azade_soil_core___22,Azade_soil_core,POINT (377771.25653582736 3306930.1916453154),45.10361481,-0.55114559,-0.340300645,1000,3,611.5062263,44.5571696,0.546445211,-0.004700379,0.206144566
5a___Azade_soil_core___22,Azade_soil_core,POINT (377771.25653582736 3306930.1916453154),,,,250,0,,,,,
5a___Azade_soil_core___23,Azade_soil_core,POINT (377791.6363093719 3307211.0404336387),45.2499733,-0.69750408,-0.486659135,1000,3,520.6449377,44.5571696,0.692803701,-0.004700379,0.206144566
5a___Azade_soil_core___23,Azade_soil_core,POINT (377791.6363093719 3307211.0404336387),,,,250,0,,,,,
5a___Azade_soil_core___24,Azade_soil_core,POINT (377791.6363093719 3307211.0404336387),45.2499733,-0.69750408,-0.486659135,1000,3,520.6449377,44.5571696,0.692803701,-0.004700379,0.206144566
5a___Azade_soil_core___24,Azade_soil_core,POINT (377791.6363093719 3307211.0404336387),,,,250,0,,,,,
5a___Azade_soil_core___25,Azade_soil_core,POINT (377664.36352207226 3306809.4521865323),44.87173843,-0.319269217,-0.108424272,1000,3,729.0754504,44.5571696,0.314568837,-0.004700379,0.206144566
5a___Azade_soil_core___25,Azade_soil_core,POINT (377664.36352207226 3306809.4521865323),,,,250,0,,,,,
5a___Azade_soil_core___26,Azade_soil_core,POINT (377664.36352207226 3306809.4521865323),44.87173843,-0.319269217,-0.108424272,1000,3,729.0754504,44.5571696,0.314568837,-0.004700379,0.206144566
5a___Azade_soil_core___26,Azade_soil_core,POINT (377664.36352207226 3306809.4521865323),,,,250,0,,,,,
6a___Azade_soil_core___27,Azade_soil_core,POINT (381317.2305398372 3314781.593212678),45.73872375,-0.256500426,-0.11001553,1000,1,983.1415474,45.67267227,0.066051483,-0.190448942,-0.043964047
6a___Azade_soil_core___27,Azade_soil_core,POINT (381317.2305398372 3314781.593212678),,,,250,0,,,,,
6a___Azade_soil_core___28,Azade_soil_core,POINT (381317.2305398372 3314781.593212678),45.73872375,-0.256500426,-0.11001553,1000,1,983.1415474,45.67267227,0.066051483,-0.190448942,-0.043964047
6a___Azade_soil_core___28,Azade_soil_core,POINT (381317.2305398372 3314781.593212678),,,,250,0,,,,,
6a___Azade_soil_core___29,Azade_soil_core,POINT (381281.7812282019 3314951.5698832553),,,,1000,0,,,,,
6a___Azade_soil_core___29,Azade_soil_core,POINT (381281.7812282019 3314951.5698832553),,,,250,0,,,,,
6a___Azade_soil_core___30,Azade_soil_core,POINT (381281.7812282019 3314951.5698832553),,,,1000,0,,,,,
6a___Azade_soil_core___30,Azade_soil_core,POINT (381281.7812282019 3314951.5698832553),,,,250,0,,,,,
6a___Azade_soil_core___31,Azade_soil_core,POINT (381381.04923111585 3314848.805366056),,,,1000,0,,,,,
6a___Azade_soil_core___31,Azade_soil_core,POINT (381381.04923111585 3314848.805366056),,,,250,0,,,,,
6a___Azade_soil_core___32,Azade_soil_core,POINT (381381.04923111585 3314848.805366056),,,,1000,0,,,,,
6a___Azade_soil_core___32,Azade_soil_core,POINT (381381.04923111585 3314848.805366056),,,,250,0,,,,,
9___Azade_soil_core___33,Azade_soil_core,POINT (379922.4993362363 3309733.1246625828),43.82626343,0.17177803,0.397593038,1000,2,777.5375187,43.83547974,-0.009216309,0.162561722,0.38837673
9___Azade_soil_core___33,Azade_soil_core,POINT (379922.4993362363 3309733.1246625828),,,,250,0,,,,,
9___Azade_soil_core___34,Azade_soil_core,POINT (379922.4993362363 3309733.1246625828),43.82626343,0.17177803,0.397593038,1000,2,777.5375187,43.83547974,-0.009216309,0.162561722,0.38837673
9___Azade_soil_core___34,Azade_soil_core,POINT (379922.4993362363 3309733.1246625828),,,,250,0,,,,,
9___Azade_soil_core___35,Azade_soil_core,POINT (381045.44600115507 3309918.1822458953),44.10938263,-0.103584148,0.104652017,1000,1,329.1068965,44.00498962,0.104393005,0.000808857,0.209045022
9___Azade_soil_core___35,Azade_soil_core,POINT (381045.44600115507 3309918.1822458953),,,,250,0,,,,,
9___Azade_soil_core___36,Azade_soil_core,POINT (381045.44600115507 3309918.1822458953),44.10938263,-0.103584148,0.104652017,1000,1,329.1068965,44.00498962,0.104393005,0.000808857,0.209045022
9___Azade_soil_core___36,Azade_soil_core,POINT (381045.44600115507 3309918.1822458953),,,,250,0,,,,,
9___Azade_soil_core___37,Azade_soil_core,POINT (380235.1738033221 3309621.4269101433),44.06995773,-0.071916275,0.153898733,1000,2,570.6185455,43.83547974,0.234477997,0.162561722,0.38837673
9___Azade_soil_core___37,Azade_soil_core,POINT (380235.1738033221 3309621.4269101433),,,,250,0,,,,,
9___Azade_soil_core___38,Azade_soil_core,POINT (380235.1738033221 3309621.4269101433),44.06995773,-0.071916275,0.153898733,1000,2,570.6185455,43.83547974,0.234477997,0.162561722,0.38837673
9___Azade_soil_core___38,Azade_soil_core,POINT (380235.1738033221 3309621.4269101433),,,,250,0,,,,,
14___Azade_soil_core___39,Azade_soil_core,POINT (377101.2041849598 3310564.768127157),,,,1000,0,,,,,
14___Azade_soil_core___39,Azade_soil_core,POINT (377101.2041849598 3310564.768127157),,,,250,0,,,,,
14___Azade_soil_core___40,Azade_soil_core,POINT (377101.2041849598 3310564.768127157),,,,1000,0,,,,,
14___Azade_soil_core___40,Azade_soil_core,POINT (377101.2041849598 3310564.768127157),,,,250,0,,,,,
14___Azade_soil_core___41,Azade_soil_core,POINT (376769.70411470043 3311086.9408818353),46.84788132,0.149422074,0.226269789,1000,1,599.1640033,46.68120956,0.166671753,0.316093827,0.392941542
14___Azade_soil_core___41,Azade_soil_core,POINT (376769.70411470043 3311086.9408818353),,,,250,0,,,,,
14___Azade_soil_core___42,Azade_soil_core,POINT (376769.70411470043 3311086.9408818353),46.84788132,0.149422074,0.226269789,1000,1,599.1640033,46.68120956,0.166671753,0.316093827,0.392941542
14___Azade_soil_core___42,Azade_soil_core,POINT (376769.70411470043 3311086.9408818353),,,,250,0,,,,,
14___Azade_soil_core___43,Azade_soil_core,POINT (376766.4456901306 3310965.790849569),46.67082214,0.326481247,0.403328963,1000,1,705.5337739,46.68120956,-0.010387421,0.316093827,0.392941542
14___Azade_soil_core___43,Azade_soil_core,POINT (376766.4456901306 3310965.790849569),,,,250,0,,,,,
14___Azade_soil_core___44,Azade_soil_core,POINT (376766.4456901306 3310965.790849569),46.67082214,0.326481247,0.403328963,1000,1,705.5337739,46.68120956,-0.010387421,0.316093827,0.392941542
14___Azade_soil_core___44,Azade_soil_core,POINT (376766.4456901306 3310965.790849569),,,,250,0,,,,,
14___Azade_soil_core___45,Azade_soil_core,POINT (377097.56911915273 3311597.9159931527),46.67230988,0.652919113,0.756422826,1000,2,385.5279014,47.10837364,-0.436063766,0.216855346,0.32035906
14___Azade_soil_core___45,Azade_soil_core,POINT (377097.56911915273 3311597.9159931527),46.67230988,0.324993515,0.401841231,250,1,8.118612398,46.68120956,-0.008899689,0.316093827,0.392941542
14___Azade_soil_core___46,Azade_soil_core,POINT (377097.56911915273 3311597.9159931527),46.67230988,0.652919113,0.756422826,1000,2,385.5279014,47.10837364,-0.436063766,0.216855346,0.32035906
14___Azade_soil_core___46,Azade_soil_core,POINT (377097.56911915273 3311597.9159931527),46.67230988,0.324993515,0.401841231,250,1,8.118612398,46.68120956,-0.008899689,0.316093827,0.392941542
3___Azade_soil_core___47,Azade_soil_core,POINT (383032.7385987283 3319376.9799384684),45.00686646,-1.651965684,-1.564932929,1000,1,996.9774705,43.31562805,1.691238403,0.03927272,0.126305474
3___Azade_soil_core___47,Azade_soil_core,POINT (383032.7385987283 3319376.9799384684),,,,250,0,,,,,
3___Azade_soil_core___48,Azade_soil_core,POINT (383032.7385987283 3319376.9799384684),45.00686646,-1.651965684,-1.564932929,1000,1,996.9774705,43.31562805,1.691238403,0.03927272,0.126305474
3___Azade_soil_core___48,Azade_soil_core,POINT (383032.7385987283 3319376.9799384684),,,,250,0,,,,,
3___Azade_soil_core___49,Azade_soil_core,POINT (383476.8663820283 3318354.0355856568),44.14506149,-0.556851493,-0.430255595,1000,2,413.5200918,43.64117241,0.503889084,-0.052962409,0.073633489
3___Azade_soil_core___49,Azade_soil_core,POINT (383476.8663820283 3318354.0355856568),44.14506149,-0.790160721,-0.703127967,250,1,236.0716746,43.31562805,0.829433441,0.03927272,0.126305474
3___Azade_soil_core___50,Azade_soil_core,POINT (383476.8663820283 3318354.0355856568),44.14506149,-0.556851493,-0.430255595,1000,2,413.5200918,43.64117241,0.503889084,-0.052962409,0.073633489
3___Azade_soil_core___50,Azade_soil_core,POINT (383476.8663820283 3318354.0355856568),44.14506149,-0.790160721,-0.703127967,250,1,236.0716746,43.31562805,0.829433441,0.03927272,0.126305474
7___Azade_soil_core___51,Azade_soil_core,POINT (381564.3328325995 3316675.7303370996),45.44218445,-0.473303729,-0.339113408,1000,3,693.2155756,44.94518534,0.496999105,0.023695376,0.157885697
7___Azade_soil_core___51,Azade_soil_core,POINT (381564.3328325995 3316675.7303370996),,,,250,0,,,,,
7___Azade_soil_core___52,Azade_soil_core,POINT (381564.3328325995 3316675.7303370996),45.44218445,-0.473303729,-0.339113408,1000,3,693.2155756,44.94518534,0.496999105,0.023695376,0.157885697
7___Azade_soil_core___52,Azade_soil_core,POINT (381564.3328325995 3316675.7303370996),,,,250,0,,,,,
7___Azade_soil_core___53,Azade_soil_core,POINT (381478.23875183647 3316823.207119352),45.85488129,-0.886000567,-0.751810246,1000,3,743.8036524,44.94518534,0.909695943,0.023695376,0.157885697
7___Azade_soil_core___53,Azade_soil_core,POINT (381478.23875183647 3316823.207119352),,,,250,0,,,,,
7___Azade_soil_core___54,Azade_soil_core,POINT (381478.23875183647 3316823.207119352),45.85488129,-0.886000567,-0.751810246,1000,3,743.8036524,44.94518534,0.909695943,0.023695376,0.157885697
7___Azade_soil_core___54,Azade_soil_core,POINT (381478.23875183647 3316823.207119352),,,,250,0,,,,,
7___Azade_soil_core___55,Azade_soil_core,POINT (381630.7975561975 3316750.56271977),46.15918732,-1.190306597,-1.056116276,1000,3,686.3079234,44.94518534,1.214001973,0.023695376,0.157885697
7___Azade_soil_core___55,Azade_soil_core,POINT (381630.7975561975 3316750.56271977),,,,250,0,,,,,
7___Azade_soil_core___56,Azade_soil_core,POINT (381630.7975561975 3316750.56271977),46.15918732,-1.190306597,-1.056116276,1000,3,686.3079234,44.94518534,1.214001973,0.023695376,0.157885697
7___Azade_soil_core___56,Azade_soil_core,POINT (381630.7975561975 3316750.56271977),,,,250,0,,,,,
7___Azade_soil_core___57,Azade_soil_core,POINT (381475.91776571557 3316473.28751036),45.71352768,-0.74464696,-0.610456639,1000,3,707.3214804,44.94518534,0.768342336,0.023695376,0.157885697
7___Azade_soil_core___57,Azade_soil_core,POINT (381475.91776571557 3316473.28751036),,,,250,0,,,,,
7___Azade_soil_core___58,Azade_soil_core,POINT (381475.91776571557 3316473.28751036),45.71352768,-0.74464696,-0.610456639,1000,3,707.3214804,44.94518534,0.768342336,0.023695376,0.157885697
7___Azade_soil_core___58,Azade_soil_core,POINT (381475.91776571557 3316473.28751036),,,,250,0,,,,,
7___Azade_soil_core___59,Azade_soil_core,POINT (381243.58029940247 3315887.5434029126),45.66906738,-0.150612727,-0.025989904,1000,1,372.6445201,45.63018417,0.038883209,-0.111729517,0.012893305
7___Azade_soil_core___59,Azade_soil_core,POINT (381243.58029940247 3315887.5434029126),,,,250,0,,,,,
7___Azade_soil_core___60,Azade_soil_core,POINT (381243.58029940247 3315887.5434029126),45.66906738,-0.150612727,-0.025989904,1000,1,372.6445201,45.63018417,0.038883209,-0.111729517,0.012893305
7___Azade_soil_core___60,Azade_soil_core,POINT (381243.58029940247 3315887.5434029126),,,,250,0,,,,,
14___Azade_soil_core___61,Azade_soil_core,POINT (376782.33376679383 3309409.3249873477),45.98584366,-0.602065243,-0.523810356,1000,2,388.1494916,45.00120926,0.984634399,0.382569157,0.460824044
14___Azade_soil_core___61,Azade_soil_core,POINT (376782.33376679383 3309409.3249873477),,,,250,0,,,,,
14___Azade_soil_core___62,Azade_soil_core,POINT (376782.33376679383 3309409.3249873477),45.98584366,-0.602065243,-0.523810356,1000,2,388.1494916,45.00120926,0.984634399,0.382569157,0.460824044
14___Azade_soil_core___62,Azade_soil_core,POINT (376782.33376679383 3309409.3249873477),,,,250,0,,,,,
14___Azade_soil_core___63,Azade_soil_core,POINT (376430.956410904 3309654.8407516037),46.259655,-0.875876583,-0.797621696,1000,2,478.6653896,45.00120926,1.25844574,0.382569157,0.460824044
14___Azade_soil_core___63,Azade_soil_core,POINT (376430.956410904 3309654.8407516037),46.259655,-0.351288788,-0.275588338,250,1,143.8056885,45.4653244,0.794330597,0.443041808,0.518742259
14___Azade_soil_core___64,Azade_soil_core,POINT (376430.956410904 3309654.8407516037),46.259655,-0.875876583,-0.797621696,1000,2,478.6653896,45.00120926,1.25844574,0.382569157,0.460824044
14___Azade_soil_core___64,Azade_soil_core,POINT (376430.956410904 3309654.8407516037),46.259655,-0.351288788,-0.275588338,250,1,143.8056885,45.4653244,0.794330597,0.443041808,0.518742259
14___Azade_soil_core___65,Azade_soil_core,POINT (375541.2031330314 3309297.459573781),45.1693306,0.739035613,0.814736064,1000,1,927.4760291,45.4653244,-0.295993805,0.443041808,0.518742259
14___Azade_soil_core___65,Azade_soil_core,POINT (375541.2031330314 3309297.459573781),,,,250,0,,,,,
14___Azade_soil_core___66,Azade_soil_core,POINT (375541.2031330314 3309297.459573781),45.1693306,0.739035613,0.814736064,1000,1,927.4760291,45.4653244,-0.295993805,0.443041808,0.518742259
14___Azade_soil_core___66,Azade_soil_core,POINT (375541.2031330314 3309297.459573781),,,,250,0,,,,,
14___Azade_soil_core___67,Azade_soil_core,POINT (375426.59863133245 3309540.243495799),44.36373901,-1.281485055,-1.175375894,1000,1,817.0857335,43.0039711,1.359767914,0.078282858,0.18439202
14___Azade_soil_core___67,Azade_soil_core,POINT (375426.59863133245 3309540.243495799),,,,250,0,,,,,
14___Azade_soil_core___68,Azade_soil_core,POINT (375426.59863133245 3309540.243495799),44.36373901,-1.281485055,-1.175375894,1000,1,817.0857335,43.0039711,1.359767914,0.078282858,0.18439202
14___Azade_soil_core___68,Azade_soil_core,POINT (375426.59863133245 3309540.243495799),,,,250,0,,,,,
14___Azade_soil_core___69,Azade_soil_core,POINT (374615.0853496666 3309119.0246397695),43.725811,0.091079243,0.30222586,1000,4,781.4681134,43.8634758,-0.137664795,-0.046585552,0.164561065
14___Azade_soil_core___69,Azade_soil_core,POINT (374615.0853496666 3309119.0246397695),,,,250,0,,,,,
14___Azade_soil_core___70,Azade_soil_core,POINT (374615.0853496666 3309119.0246397695),43.725811,0.091079243,0.30222586,1000,4,781.4681134,43.8634758,-0.137664795,-0.046585552,0.164561065
14___Azade_soil_core___70,Azade_soil_core,POINT (374615.0853496666 3309119.0246397695),,,,250,0,,,,,
14___Azade_soil_core___71,Azade_soil_core,POINT (376856.0449117066 3309610.87842914),45.98475647,-0.600978054,-0.522723167,1000,2,414.8933226,45.00120926,0.983547211,0.382569157,0.460824044
14___Azade_soil_core___71,Azade_soil_core,POINT (376856.0449117066 3309610.87842914),,,,250,0,,,,,
14___Azade_soil_core___72,Azade_soil_core,POINT (376856.0449117066 3309610.87842914),45.98475647,-0.600978054,-0.522723167,1000,2,414.8933226,45.00120926,0.983547211,0.382569157,0.460824044
14___Azade_soil_core___72,Azade_soil_core,POINT (376856.0449117066 3309610.87842914),,,,250,0,,,,,
Undefined___Azade_soil_core___73,Azade_soil_core,POINT (376782.33376679383 3309409.3249873477),45.98584366,-0.602065243,-0.523810356,1000,2,388.1494916,45.00120926,0.984634399,0.382569157,0.460824044
Undefined___Azade_soil_core___73,Azade_soil_core,POINT (376782.33376679383 3309409.3249873477),,,,250,0,,,,,
Undefined___Azade_soil_core___74,Azade_soil_core,POINT (376782.33376679383 3309409.3249873477),45.98584366,-0.602065243,-0.523810356,1000,2,388.1494916,45.00120926,0.984634399,0.382569157,0.460824044
Undefined___Azade_soil_core___74,Azade_soil_core,POINT (376782.33376679383 3309409.3249873477),,,,250,0,,,,,
Undefined___Azade_soil_core___75,Azade_soil_core,POINT (387317.71510391694 3306681.503136135),,,,1000,0,,,,,
Undefined___Azade_soil_core___75,Azade_soil_core,POINT (387317.71510391694 3306681.503136135),,,,250,0,,,,,
Undefined___Azade_soil_core___76,Azade_soil_core,POINT (387317.71510391694 3306681.503136135),,,,1000,0,,,,,
Undefined___Azade_soil_core___76,Azade_soil_core,POINT (387317.71510391694 3306681.503136135),,,,250,0,,,,,
Undefined___Azade_soil_core___77,Azade_soil_core,POINT (387165.3092657917 3306675.259721597),,,,1000,0,,,,,
Undefined___Azade_soil_core___77,Azade_soil_core,POINT (387165.3092657917 3306675.259721597),,,,250,0,,,,,
Undefined___Azade_soil_core___78,Azade_soil_core,POINT (387165.3092657917 3306675.259721597),,,,1000,0,,,,,
Undefined___Azade_soil_core___78,Azade_soil_core,POINT (387165.3092657917 3306675.259721597),,,,250,0,,,,,
Undefined___Azade_soil_core___79,Azade_soil_core,POINT (387486.38564156386 3306038.779989446),,,,1000,0,,,,,
Undefined___Azade_soil_core___79,Azade_soil_core,POINT (387486.38564156386 3306038.779989446),,,,250,0,,,,,
Undefined___Azade_soil_core___80,Azade_soil_core,POINT (387486.38564156386 3306038.779989446),,,,1000,0,,,,,
Undefined___Azade_soil_core___80,Azade_soil_core,POINT (387486.38564156386 3306038.779989446),,,,250,0,,,,,
Undefined___Azade_soil_core___81,Azade_soil_core,POINT (388531.30054598756 3306001.089311183),,,,1000,0,,,,,
Undefined___Azade_soil_core___81,Azade_soil_core,POINT (388531.30054598756 3306001.089311183),,,,250,0,,,,,
Undefined___Azade_soil_core___82,Azade_soil_core,POINT (388531.30054598756 3306001.089311183),,,,1000,0,,,,,
Undefined___Azade_soil_core___82,Azade_soil_core,POINT (388531.30054598756 3306001.089311183),,,,250,0,,,,,
Undefined___Azade_soil_core___83,Azade_soil_core,POINT (388593.40912847675 3305985.2604018757),,,,1000,0,,,,,
Undefined___Azade_soil_core___83,Azade_soil_core,POINT (388593.40912847675 3305985.2604018757),,,,250,0,,,,,
Undefined___Azade_soil_core___84,Azade_soil_core,POINT (388593.40912847675 3305985.2604018757),,,,1000,0,,,,,
Undefined___Azade_soil_core___84,Azade_soil_core,POINT (388593.40912847675 3305985.2604018757),,,,250,0,,,,,
Undefined___Azade_soil_core___85,Azade_soil_core,POINT (387549.4450285273 3306251.464725773),,,,1000,0,,,,,
Undefined___Azade_soil_core___85,Azade_soil_core,POINT (387549.4450285273 3306251.464725773),,,,250,0,,,,,
Undefined___Azade_soil_core___86,Azade_soil_core,POINT (387549.4450285273 3306251.464725773),,,,1000,0,,,,,
Undefined___Azade_soil_core___86,Azade_soil_core,POINT (387549.4450285273 3306251.464725773),,,,250,0,,,,,
15___Azade_soil_core___87,Azade_soil_core,POINT (375171.3378819985 3307899.5120189716),46.22200012,-1.708927635,-1.414391314,1000,2,466.1913385,44.66027641,1.561723709,-0.147203925,0.147332395
15___Azade_soil_core___87,Azade_soil_core,POINT (375171.3378819985 3307899.5120189716),,,,250,0,,,,,
15___Azade_soil_core___88,Azade_soil_core,POINT (375171.3378819985 3307899.5120189716),46.22200012,-1.708927635,-1.414391314,1000,2,466.1913385,44.66027641,1.561723709,-0.147203925,0.147332395
15___Azade_soil_core___88,Azade_soil_core,POINT (375171.3378819985 3307899.5120189716),,,,250,0,,,,,
15___Azade_soil_core___89,Azade_soil_core,POINT (375352.3957198553 3307689.0421037283),46.02250671,-1.509434226,-1.214897905,1000,2,723.2096032,44.66027641,1.362230301,-0.147203925,0.147332395
15___Azade_soil_core___89,Azade_soil_core,POINT (375352.3957198553 3307689.0421037283),,,,250,0,,,,,
15___Azade_soil_core___90,Azade_soil_core,POINT (375352.3957198553 3307689.0421037283),46.02250671,-1.509434226,-1.214897905,1000,2,723.2096032,44.66027641,1.362230301,-0.147203925,0.147332395
15___Azade_soil_core___90,Azade_soil_core,POINT (375352.3957198553 3307689.0421037283),,,,250,0,,,,,
15___Azade_soil_core___91,Azade_soil_core,POINT (375062.45379703864 3307632.9274057066),44.61394501,-0.10087252,0.193663801,1000,2,704.2091362,44.66027641,-0.046331406,-0.147203925,0.147332395
15___Azade_soil_core___91,Azade_soil_core,POINT (375062.45379703864 3307632.9274057066),,,,250,0,,,,,
15___Azade_soil_core___92,Azade_soil_core,POINT (375062.45379703864 3307632.9274057066),44.61394501,-0.10087252,0.193663801,1000,2,704.2091362,44.66027641,-0.046331406,-0.147203925,0.147332395
15___Azade_soil_core___92,Azade_soil_core,POINT (375062.45379703864 3307632.9274057066),,,,250,0,,,,,
15___Azade_soil_core___93,Azade_soil_core,POINT (375032.3862534035 3307743.2580833905),45.466465,-0.953392509,-0.658856188,1000,2,595.734299,44.66027641,0.806188583,-0.147203925,0.147332395
15___Azade_soil_core___93,Azade_soil_core,POINT (375032.3862534035 3307743.2580833905),,,,250,0,,,,,
15___Azade_soil_core___94,Azade_soil_core,POINT (375032.3862534035 3307743.2580833905),45.466465,-0.953392509,-0.658856188,1000,2,595.734299,44.66027641,0.806188583,-0.147203925,0.147332395
15___Azade_soil_core___94,Azade_soil_core,POINT (375032.3862534035 3307743.2580833905),,,,250,0,,,,,
15___Azade_soil_core___95,Azade_soil_core,POINT (374723.6460340497 3307731.276571786),44.58727264,-0.074200157,0.220336164,1000,2,675.4401782,44.66027641,-0.073003769,-0.147203925,0.147332395
15___Azade_soil_core___95,Azade_soil_core,POINT (374723.6460340497 3307731.276571786),,,,250,0,,,,,
15___Azade_soil_core___96,Azade_soil_core,POINT (374723.6460340497 3307731.276571786),44.58727264,-0.074200157,0.220336164,1000,2,675.4401782,44.66027641,-0.073003769,-0.147203925,0.147332395
15___Azade_soil_core___96,Azade_soil_core,POINT (374723.6460340497 3307731.276571786),,,,250,0,,,,,
15___Azade_soil_core___97,Azade_soil_core,POINT (374706.40365406475 3308056.8488103836),46.23994064,-2.178171633,-1.93201253,1000,3,550.0264035,44.14997737,2.089963277,-0.088208355,0.157950747
15___Azade_soil_core___97,Azade_soil_core,POINT (374706.40365406475 3308056.8488103836),,,,250,0,,,,,
15___Azade_soil_core___98,Azade_soil_core,POINT (374706.40365406475 3308056.8488103836),46.23994064,-2.178171633,-1.93201253,1000,3,550.0264035,44.14997737,2.089963277,-0.088208355,0.157950747
15___Azade_soil_core___98,Azade_soil_core,POINT (374706.40365406475 3308056.8488103836),,,,250,0,,,,,
15___Azade_soil_core___99,Azade_soil_core,POINT (373663.39958173595 3307957.4260730688),43.47197342,-2.999948045,-2.830407833,1000,2,842.1582099,40.65161133,2.820362091,-0.179585954,-0.010045742
15___Azade_soil_core___99,Azade_soil_core,POINT (373663.39958173595 3307957.4260730688),,,,250,0,,,,,
15___Azade_soil_core___100,Azade_soil_core,POINT (373663.39958173595 3307957.4260730688),43.47197342,-2.999948045,-2.830407833,1000,2,842.1582099,40.65161133,2.820362091,-0.179585954,-0.010045742
15___Azade_soil_core___100,Azade_soil_core,POINT (373663.39958173595 3307957.4260730688),,,,250,0,,,,,
15___Azade_soil_core___101,Azade_soil_core,POINT (375977.5201346787 3307742.1569944336),45.51767731,-0.560177666,-0.055110495,1000,1,989.2502155,45.29248428,0.225193024,-0.334984642,0.170082528
15___Azade_soil_core___101,Azade_soil_core,POINT (375977.5201346787 3307742.1569944336),,,,250,0,,,,,
15___Azade_soil_core___102,Azade_soil_core,POINT (375977.5201346787 3307742.1569944336),45.51767731,-0.560177666,-0.055110495,1000,1,989.2502155,45.29248428,0.225193024,-0.334984642,0.170082528
15___Azade_soil_core___102,Azade_soil_core,POINT (375977.5201346787 3307742.1569944336),,,,250,0,,,,,
13___Azade_soil_core___103,Azade_soil_core,POINT (383722.8833008817 3306062.664416405),43.36853027,-1.45353039,-1.359914826,1000,1,436.2737628,42.00832748,1.360202789,-0.093327601,0.000287963
13___Azade_soil_core___103,Azade_soil_core,POINT (383722.8833008817 3306062.664416405),,,,250,0,,,,,
13___Azade_soil_core___104,Azade_soil_core,POINT (383722.8833008817 3306062.664416405),43.36853027,-1.45353039,-1.359914826,1000,1,436.2737628,42.00832748,1.360202789,-0.093327601,0.000287963
13___Azade_soil_core___104,Azade_soil_core,POINT (383722.8833008817 3306062.664416405),,,,250,0,,,,,
13___Azade_soil_core___105,Azade_soil_core,POINT (383813.97552295536 3306350.014301172),42.77604675,-0.861046869,-0.767431306,1000,1,613.496025,42.00832748,0.767719269,-0.093327601,0.000287963
13___Azade_soil_core___105,Azade_soil_core,POINT (383813.97552295536 3306350.014301172),,,,250,0,,,,,
13___Azade_soil_core___106,Azade_soil_core,POINT (383813.97552295536 3306350.014301172),42.77604675,-0.861046869,-0.767431306,1000,1,613.496025,42.00832748,0.767719269,-0.093327601,0.000287963
13___Azade_soil_core___106,Azade_soil_core,POINT (383813.97552295536 3306350.014301172),,,,250,0,,,,,
13___Azade_soil_core___107,Azade_soil_core,POINT (384990.2956199879 3306243.296548264),44.56634521,-1.075078602,-0.99695573,1000,1,153.0168414,43.72038651,0.84595871,-0.229119892,-0.150997021
13___Azade_soil_core___107,Azade_soil_core,POINT (384990.2956199879 3306243.296548264),44.56634521,-1.075078602,-0.99695573,250,1,153.0168414,43.72038651,0.84595871,-0.229119892,-0.150997021
13___Azade_soil_core___108,Azade_soil_core,POINT (384990.2956199879 3306243.296548264),44.56634521,-1.075078602,-0.99695573,1000,1,153.0168414,43.72038651,0.84595871,-0.229119892,-0.150997021
13___Azade_soil_core___108,Azade_soil_core,POINT (384990.2956199879 3306243.296548264),44.56634521,-1.075078602,-0.99695573,250,1,153.0168414,43.72038651,0.84595871,-0.229119892,-0.150997021
13___Azade_soil_core___109,Azade_soil_core,POINT (385111.57730710023 3305874.772930245),43.40196991,0.089296703,0.167419575,1000,1,462.2208561,43.72038651,-0.318416595,-0.229119892,-0.150997021
13___Azade_soil_core___109,Azade_soil_core,POINT (385111.57730710023 3305874.772930245),,,,250,0,,,,,
13___Azade_soil_core___110,Azade_soil_core,POINT (385111.57730710023 3305874.772930245),43.40196991,0.089296703,0.167419575,1000,1,462.2208561,43.72038651,-0.318416595,-0.229119892,-0.150997021
13___Azade_soil_core___110,Azade_soil_core,POINT (385111.57730710023 3305874.772930245),,,,250,0,,,,,
13___Azade_soil_core___111,Azade_soil_core,POINT (384683.3662884179 3307600.9136770954),43.53308487,1.068624893,1.144101678,1000,1,983.5845444,44.6526947,-1.119609833,-0.050984939,0.024491845
13___Azade_soil_core___111,Azade_soil_core,POINT (384683.3662884179 3307600.9136770954),,,,250,0,,,,,
13___Azade_soil_core___112,Azade_soil_core,POINT (384683.3662884179 3307600.9136770954),43.53308487,1.068624893,1.144101678,1000,1,983.5845444,44.6526947,-1.119609833,-0.050984939,0.024491845
13___Azade_soil_core___112,Azade_soil_core,POINT (384683.3662884179 3307600.9136770954),,,,250,0,,,,,
13___Azade_soil_core___113,Azade_soil_core,POINT (384932.1677179085 3307311.680163628),44.60802841,-0.006318649,0.069158135,1000,1,723.8790732,44.6526947,-0.04466629,-0.050984939,0.024491845
13___Azade_soil_core___113,Azade_soil_core,POINT (384932.1677179085 3307311.680163628),,,,250,0,,,,,
13___Azade_soil_core___114,Azade_soil_core,POINT (384932.1677179085 3307311.680163628),44.60802841,-0.006318649,0.069158135,1000,1,723.8790732,44.6526947,-0.04466629,-0.050984939,0.024491845
13___Azade_soil_core___114,Azade_soil_core,POINT (384932.1677179085 3307311.680163628),,,,250,0,,,,,
13___Azade_soil_core___115,Azade_soil_core,POINT (385695.3995035423 3307698.1602283567),45.65618134,-1.361820128,-1.286647913,1000,2,490.9824437,44.40093613,1.255245209,-0.106574919,-0.031402704
13___Azade_soil_core___115,Azade_soil_core,POINT (385695.3995035423 3307698.1602283567),,,,250,0,,,,,
13___Azade_soil_core___116,Azade_soil_core,POINT (385695.3995035423 3307698.1602283567),45.65618134,-1.361820128,-1.286647913,1000,2,490.9824437,44.40093613,1.255245209,-0.106574919,-0.031402704
13___Azade_soil_core___116,Azade_soil_core,POINT (385695.3995035423 3307698.1602283567),,,,250,0,,,,,
14___Azade_soil_core___117,Azade_soil_core,POINT (379579.9110074931 3312757.8504407126),46.28813553,-0.889897731,-0.802921054,1000,2,353.5483746,44.97139931,1.316736221,0.42683849,0.513815168
14___Azade_soil_core___117,Azade_soil_core,POINT (379579.9110074931 3312757.8504407126),46.28813553,-1.430180056,-1.34718994,250,1,211.82466,44.72052765,1.56760788,0.137427824,0.22041794
14___Azade_soil_core___118,Azade_soil_core,POINT (379579.9110074931 3312757.8504407126),46.28813553,-0.889897731,-0.802921054,1000,2,353.5483746,44.97139931,1.316736221,0.42683849,0.513815168
14___Azade_soil_core___118,Azade_soil_core,POINT (379579.9110074931 3312757.8504407126),46.28813553,-1.430180056,-1.34718994,250,1,211.82466,44.72052765,1.56760788,0.137427824,0.22041794
14___Azade_soil_core___119,Azade_soil_core,POINT (379810.0307927282 3313480.622209455),46.60656357,-1.20832577,-1.121349093,1000,2,629.3085263,44.97139931,1.635164261,0.42683849,0.513815168
14___Azade_soil_core___119,Azade_soil_core,POINT (379810.0307927282 3313480.622209455),,,,250,0,,,,,
14___Azade_soil_core___120,Azade_soil_core,POINT (379810.0307927282 3313480.622209455),46.60656357,-1.20832577,-1.121349093,1000,2,629.3085263,44.97139931,1.635164261,0.42683849,0.513815168
14___Azade_soil_core___120,Azade_soil_core,POINT (379810.0307927282 3313480.622209455),,,,250,0,,,,,
14___Azade_soil_core___121,Azade_soil_core,POINT (379337.3625503337 3313422.3872913313),47.12815857,-1.729920772,-1.642944094,1000,2,536.3558852,44.97139931,2.156759262,0.42683849,0.513815168
14___Azade_soil_core___121,Azade_soil_core,POINT (379337.3625503337 3313422.3872913313),47.12815857,-1.189638447,-1.098675209,250,1,212.839128,45.22227097,1.905887604,0.716249157,0.807212395
14___Azade_soil_core___122,Azade_soil_core,POINT (379337.3625503337 3313422.3872913313),47.12815857,-1.729920772,-1.642944094,1000,2,536.3558852,44.97139931,2.156759262,0.42683849,0.513815168
14___Azade_soil_core___122,Azade_soil_core,POINT (379337.3625503337 3313422.3872913313),47.12815857,-1.189638447,-1.098675209,250,1,212.839128,45.22227097,1.905887604,0.716249157,0.807212395
14___Azade_soil_core___123,Azade_soil_core,POINT (377964.80344970094 3313520.2382408725),47.00545502,-0.3286479,-0.259092993,1000,1,321.3704504,46.21647263,0.788982391,0.460334491,0.529889399
14___Azade_soil_core___123,Azade_soil_core,POINT (377964.80344970094 3313520.2382408725),,,,250,0,,,,,
14___Azade_soil_core___124,Azade_soil_core,POINT (377964.80344970094 3313520.2382408725),47.00545502,-0.3286479,-0.259092993,1000,1,321.3704504,46.21647263,0.788982391,0.460334491,0.529889399
14___Azade_soil_core___124,Azade_soil_core,POINT (377964.80344970094 3313520.2382408725),,,,250,0,,,,,
14___Azade_soil_core___125,Azade_soil_core,POINT (381622.3247693631 3311643.7611315213),44.69037628,0.759674687,0.881715414,1000,1,645.3554699,45.48302841,-0.79265213,-0.032977443,0.089063284
14___Azade_soil_core___125,Azade_soil_core,POINT (381622.3247693631 3311643.7611315213),,,,250,0,,,,,
14___Azade_soil_core___126,Azade_soil_core,POINT (381622.3247693631 3311643.7611315213),44.69037628,0.759674687,0.881715414,1000,1,645.3554699,45.48302841,-0.79265213,-0.032977443,0.089063284
14___Azade_soil_core___126,Azade_soil_core,POINT (381622.3247693631 3311643.7611315213),,,,250,0,,,,,
14___Azade_soil_core___127,Azade_soil_core,POINT (381490.48547537875 3312045.6518382677),44.69911194,0.392571314,0.518789235,1000,2,814.4583975,45.04811668,-0.349004745,0.043566569,0.16978449
14___Azade_soil_core___127,Azade_soil_core,POINT (381490.48547537875 3312045.6518382677),,,,250,0,,,,,
14___Azade_soil_core___128,Azade_soil_core,POINT (381490.48547537875 3312045.6518382677),44.69911194,0.392571314,0.518789235,1000,2,814.4583975,45.04811668,-0.349004745,0.043566569,0.16978449
14___Azade_soil_core___128,Azade_soil_core,POINT (381490.48547537875 3312045.6518382677),,,,250,0,,,,,
14___Azade_soil_core___129,Azade_soil_core,POINT (379635.093032506 3312650.917247139),46.25006866,-0.851830867,-0.76485419,1000,2,380.877077,44.97139931,1.278669357,0.42683849,0.513815168
14___Azade_soil_core___129,Azade_soil_core,POINT (379635.093032506 3312650.917247139),46.25006866,-1.392113192,-1.309123075,250,1,147.3186429,44.72052765,1.529541016,0.137427824,0.22041794
14___Azade_soil_core___130,Azade_soil_core,POINT (379635.093032506 3312650.917247139),46.25006866,-0.851830867,-0.76485419,1000,2,380.877077,44.97139931,1.278669357,0.42683849,0.513815168
14___Azade_soil_core___130,Azade_soil_core,POINT (379635.093032506 3312650.917247139),46.25006866,-1.392113192,-1.309123075,250,1,147.3186429,44.72052765,1.529541016,0.137427824,0.22041794
3___Azade_soil_core___131,Azade_soil_core,POINT (385741.46542590053 3316301.0192479333),44.1046257,-0.20854396,-0.150492968,1000,1,443.9844612,43.93821716,0.166408539,-0.042135421,0.015915571
3___Azade_soil_core___131,Azade_soil_core,POINT (385741.46542590053 3316301.0192479333),,,,250,0,,,,,
3___Azade_soil_core___132,Azade_soil_core,POINT (385741.46542590053 3316301.0192479333),44.1046257,-0.20854396,-0.150492968,1000,1,443.9844612,43.93821716,0.166408539,-0.042135421,0.015915571
3___Azade_soil_core___132,Azade_soil_core,POINT (385741.46542590053 3316301.0192479333),,,,250,0,,,,,
3___Azade_soil_core___133,Azade_soil_core,POINT (385339.80741420004 3317084.231378367),,,,1000,0,,,,,
3___Azade_soil_core___133,Azade_soil_core,POINT (385339.80741420004 3317084.231378367),,,,250,0,,,,,
3___Azade_soil_core___134,Azade_soil_core,POINT (385339.80741420004 3317084.231378367),,,,1000,0,,,,,
3___Azade_soil_core___134,Azade_soil_core,POINT (385339.80741420004 3317084.231378367),,,,250,0,,,,,
3___Azade_soil_core___135,Azade_soil_core,POINT (384682.2544361349 3317186.704689041),44.02869034,-0.634471889,-0.432495367,1000,2,507.5157826,43.49107933,0.537611008,-0.096860881,0.105115641
3___Azade_soil_core___135,Azade_soil_core,POINT (384682.2544361349 3317186.704689041),,,,250,0,,,,,
3___Azade_soil_core___136,Azade_soil_core,POINT (384682.2544361349 3317186.704689041),44.02869034,-0.634471889,-0.432495367,1000,2,507.5157826,43.49107933,0.537611008,-0.096860881,0.105115641
3___Azade_soil_core___136,Azade_soil_core,POINT (384682.2544361349 3317186.704689041),,,,250,0,,,,,
3___Azade_soil_core___137,Azade_soil_core,POINT (384680.78912716033 3316496.3710487727),44.57614136,-0.789610424,-0.708211409,1000,2,798.4691725,43.81505394,0.761087418,-0.028523006,0.052876008
3___Azade_soil_core___137,Azade_soil_core,POINT (384680.78912716033 3316496.3710487727),,,,250,0,,,,,
3___Azade_soil_core___138,Azade_soil_core,POINT (384680.78912716033 3316496.3710487727),44.57614136,-0.789610424,-0.708211409,1000,2,798.4691725,43.81505394,0.761087418,-0.028523006,0.052876008
3___Azade_soil_core___138,Azade_soil_core,POINT (384680.78912716033 3316496.3710487727),,,,250,0,,,,,
3___Azade_soil_core___139,Azade_soil_core,POINT (382621.4973464579 3320078.880674905),,,,1000,0,,,,,
3___Azade_soil_core___139,Azade_soil_core,POINT (382621.4973464579 3320078.880674905),,,,250,0,,,,,
3___Azade_soil_core___140,Azade_soil_core,POINT (382621.4973464579 3320078.880674905),,,,1000,0,,,,,
3___Azade_soil_core___140,Azade_soil_core,POINT (382621.4973464579 3320078.880674905),,,,250,0,,,,,
3___Azade_soil_core___141,Azade_soil_core,POINT (382618.2615867518 3320181.9900544966),,,,1000,0,,,,,
3___Azade_soil_core___141,Azade_soil_core,POINT (382618.2615867518 3320181.9900544966),,,,250,0,,,,,
3___Azade_soil_core___142,Azade_soil_core,POINT (382618.2615867518 3320181.9900544966),,,,1000,0,,,,,
3___Azade_soil_core___142,Azade_soil_core,POINT (382618.2615867518 3320181.9900544966),,,,250,0,,,,,
3___Azade_soil_core___143,Azade_soil_core,POINT (382570.3418041207 3320408.2336667227),,,,1000,0,,,,,
3___Azade_soil_core___143,Azade_soil_core,POINT (382570.3418041207 3320408.2336667227),,,,250,0,,,,,
3___Azade_soil_core___144,Azade_soil_core,POINT (382570.3418041207 3320408.2336667227),,,,1000,0,,,,,
3___Azade_soil_core___144,Azade_soil_core,POINT (382570.3418041207 3320408.2336667227),,,,250,0,,,,,
3___Azade_soil_core___145,Azade_soil_core,POINT (382481.6691170307 3320563.6341542085),,,,1000,0,,,,,
3___Azade_soil_core___145,Azade_soil_core,POINT (382481.6691170307 3320563.6341542085),,,,250,0,,,,,
3___Azade_soil_core___146,Azade_soil_core,POINT (382481.6691170307 3320563.6341542085),,,,1000,0,,,,,
3___Azade_soil_core___146,Azade_soil_core,POINT (382481.6691170307 3320563.6341542085),,,,250,0,,,,,
3___Azade_soil_core___147,Azade_soil_core,POINT (382250.9429145657 3319907.8954242044),,,,1000,0,,,,,
3___Azade_soil_core___147,Azade_soil_core,POINT (382250.9429145657 3319907.8954242044),,,,250,0,,,,,
3___Azade_soil_core___148,Azade_soil_core,POINT (382250.9429145657 3319907.8954242044),,,,1000,0,,,,,
3___Azade_soil_core___148,Azade_soil_core,POINT (382250.9429145657 3319907.8954242044),,,,250,0,,,,,
Undefined___Azade_soil_core___149,Azade_soil_core,POINT (382831.2749499576 3309113.441225491),,,,1000,0,,,,,
Undefined___Azade_soil_core___149,Azade_soil_core,POINT (382831.2749499576 3309113.441225491),,,,250,0,,,,,
Undefined___Azade_soil_core___150,Azade_soil_core,POINT (382831.2749499576 3309113.441225491),,,,1000,0,,,,,
Undefined___Azade_soil_core___150,Azade_soil_core,POINT (382831.2749499576 3309113.441225491),,,,250,0,,,,,
Undefined___Azade_soil_core___151,Azade_soil_core,POINT (382924.8324649539 3308404.441165332),,,,1000,0,,,,,
Undefined___Azade_soil_core___151,Azade_soil_core,POINT (382924.8324649539 3308404.441165332),,,,250,0,,,,,
Undefined___Azade_soil_core___152,Azade_soil_core,POINT (382924.8324649539 3308404.441165332),,,,1000,0,,,,,
Undefined___Azade_soil_core___152,Azade_soil_core,POINT (382924.8324649539 3308404.441165332),,,,250,0,,,,,
Undefined___Azade_soil_core___153,Azade_soil_core,POINT (383076.6191429113 3307494.846035443),,,,1000,0,,,,,
Undefined___Azade_soil_core___153,Azade_soil_core,POINT (383076.6191429113 3307494.846035443),,,,250,0,,,,,
Undefined___Azade_soil_core___154,Azade_soil_core,POINT (383076.6191429113 3307494.846035443),,,,1000,0,,,,,
Undefined___Azade_soil_core___154,Azade_soil_core,POINT (383076.6191429113 3307494.846035443),,,,250,0,,,,,
Undefined___Azade_soil_core___155,Azade_soil_core,POINT (382481.6691170307 3320563.6341542085),,,,1000,0,,,,,
Undefined___Azade_soil_core___155,Azade_soil_core,POINT (382481.6691170307 3320563.6341542085),,,,250,0,,,,,
Undefined___Azade_soil_core___156,Azade_soil_core,POINT (382481.6691170307 3320563.6341542085),,,,1000,0,,,,,
Undefined___Azade_soil_core___156,Azade_soil_core,POINT (382481.6691170307 3320563.6341542085),,,,250,0,,,,,
Undefined___Azade_soil_core___157,Azade_soil_core,POINT (382826.9061034098 3309701.636351667),,,,1000,0,,,,,
Undefined___Azade_soil_core___157,Azade_soil_core,POINT (382826.9061034098 3309701.636351667),,,,250,0,,,,,
Undefined___Azade_soil_core___158,Azade_soil_core,POINT (382826.9061034098 3309701.636351667),,,,1000,0,,,,,
Undefined___Azade_soil_core___158,Azade_soil_core,POINT (382826.9061034098 3309701.636351667),,,,250,0,,,,,
Undefined___Azade_soil_core___159,Azade_soil_core,POINT (382221.27690112195 3307989.5638667457),,,,1000,0,,,,,
Undefined___Azade_soil_core___159,Azade_soil_core,POINT (382221.27690112195 3307989.5638667457),,,,250,0,,,,,
Undefined___Azade_soil_core___160,Azade_soil_core,POINT (382221.27690112195 3307989.5638667457),,,,1000,0,,,,,
Undefined___Azade_soil_core___160,Azade_soil_core,POINT (382221.27690112195 3307989.5638667457),,,,250,0,,,,,
Undefined___Azade_soil_core___161,Azade_soil_core,POINT (382972.63655559707 3309092.3207182875),,,,1000,0,,,,,
Undefined___Azade_soil_core___161,Azade_soil_core,POINT (382972.63655559707 3309092.3207182875),,,,250,0,,,,,
Undefined___Azade_soil_core___162,Azade_soil_core,POINT (382972.63655559707 3309092.3207182875),,,,1000,0,,,,,
Undefined___Azade_soil_core___162,Azade_soil_core,POINT (382972.63655559707 3309092.3207182875),,,,250,0,,,,,
Undefined___Azade_soil_core___163,Azade_soil_core,POINT (379953.9225297504 3305340.520390023),,,,1000,0,,,,,
Undefined___Azade_soil_core___163,Azade_soil_core,POINT (379953.9225297504 3305340.520390023),,,,250,0,,,,,
Undefined___Azade_soil_core___164,Azade_soil_core,POINT (379953.9225297504 3305340.520390023),,,,1000,0,,,,,
Undefined___Azade_soil_core___164,Azade_soil_core,POINT (379953.9225297504 3305340.520390023),,,,250,0,,,,,
Undefined___Azade_soil_core___165,Azade_soil_core,POINT (379733.33301347966 3304866.783033282),,,,1000,0,,,,,
Undefined___Azade_soil_core___165,Azade_soil_core,POINT (379733.33301347966 3304866.783033282),,,,250,0,,,,,
Undefined___Azade_soil_core___166,Azade_soil_core,POINT (379733.33301347966 3304866.783033282),,,,1000,0,,,,,
Undefined___Azade_soil_core___166,Azade_soil_core,POINT (379733.33301347966 3304866.783033282),,,,250,0,,,,,
Undefined___Azade_soil_core___167,Azade_soil_core,POINT (379447.23316469876 3305189.2467362275),47.30083084,-1.158011333,-1.037731973,1000,1,882.5579931,45.82287979,1.47795105,0.319939717,0.440219076
Undefined___Azade_soil_core___167,Azade_soil_core,POINT (379447.23316469876 3305189.2467362275),,,,250,0,,,,,
Undefined___Azade_soil_core___168,Azade_soil_core,POINT (379447.23316469876 3305189.2467362275),47.30083084,-1.158011333,-1.037731973,1000,1,882.5579931,45.82287979,1.47795105,0.319939717,0.440219076
Undefined___Azade_soil_core___168,Azade_soil_core,POINT (379447.23316469876 3305189.2467362275),,,,250,0,,,,,
5___Azade_soil_core___169,Azade_soil_core,POINT (378798.5200968203 3306712.3061331543),46.83345795,-1.970479459,-1.826601816,1000,2,777.6565672,44.7869873,2.046470642,0.075991183,0.219868826
5___Azade_soil_core___169,Azade_soil_core,POINT (378798.5200968203 3306712.3061331543),,,,250,0,,,,,
5___Azade_soil_core___170,Azade_soil_core,POINT (378798.5200968203 3306712.3061331543),46.83345795,-1.970479459,-1.826601816,1000,2,777.6565672,44.7869873,2.046470642,0.075991183,0.219868826
5___Azade_soil_core___170,Azade_soil_core,POINT (378798.5200968203 3306712.3061331543),,,,250,0,,,,,
5___Azade_soil_core___171,Azade_soil_core,POINT (378473.1879021942 3306585.632974205),46.06678772,-0.777195559,-0.64118401,1000,3,742.3202058,45.1322848,0.93450292,0.157307361,0.293318909
5___Azade_soil_core___171,Azade_soil_core,POINT (378473.1879021942 3306585.632974205),,,,250,0,,,,,
5___Azade_soil_core___172,Azade_soil_core,POINT (378473.1879021942 3306585.632974205),46.06678772,-0.777195559,-0.64118401,1000,3,742.3202058,45.1322848,0.93450292,0.157307361,0.293318909
5___Azade_soil_core___172,Azade_soil_core,POINT (378473.1879021942 3306585.632974205),,,,250,0,,,,,
Undefined___Azade_soil_core___173,Azade_soil_core,POINT (381019.94126408047 3307584.808877936),,,,1000,0,,,,,
Undefined___Azade_soil_core___173,Azade_soil_core,POINT (381019.94126408047 3307584.808877936),,,,250,0,,,,,
Undefined___Azade_soil_core___174,Azade_soil_core,POINT (381019.94126408047 3307584.808877936),,,,1000,0,,,,,
Undefined___Azade_soil_core___174,Azade_soil_core,POINT (381019.94126408047 3307584.808877936),,,,250,0,,,,,
Undefined___Azade_soil_core___175,Azade_soil_core,POINT (380405.77217837237 3306577.063497515),,,,1000,0,,,,,
Undefined___Azade_soil_core___175,Azade_soil_core,POINT (380405.77217837237 3306577.063497515),,,,250,0,,,,,
Undefined___Azade_soil_core___176,Azade_soil_core,POINT (380405.77217837237 3306577.063497515),,,,1000,0,,,,,
Undefined___Azade_soil_core___176,Azade_soil_core,POINT (380405.77217837237 3306577.063497515),,,,250,0,,,,,
6a___Azade_soil_core___177,Azade_soil_core,POINT (382040.66004759015 3314296.881527157),44.49595261,-1.441669855,-1.269926653,1000,1,691.6007911,43.28364563,1.212306976,-0.229362878,-0.057619677
6a___Azade_soil_core___177,Azade_soil_core,POINT (382040.66004759015 3314296.881527157),,,,250,0,,,,,
6a___Azade_soil_core___178,Azade_soil_core,POINT (382040.66004759015 3314296.881527157),44.49595261,-1.441669855,-1.269926653,1000,1,691.6007911,43.28364563,1.212306976,-0.229362878,-0.057619677
6a___Azade_soil_core___178,Azade_soil_core,POINT (382040.66004759015 3314296.881527157),,,,250,0,,,,,
6a___Azade_soil_core___179,Azade_soil_core,POINT (381899.39691112516 3313657.542839614),44.7227211,-0.855897767,-0.730196334,1000,2,788.3055118,43.99403763,0.728683472,-0.127214295,-0.001512862
6a___Azade_soil_core___179,Azade_soil_core,POINT (381899.39691112516 3313657.542839614),,,,250,0,,,,,
6a___Azade_soil_core___180,Azade_soil_core,POINT (381899.39691112516 3313657.542839614),44.7227211,-0.855897767,-0.730196334,1000,2,788.3055118,43.99403763,0.728683472,-0.127214295,-0.001512862
6a___Azade_soil_core___180,Azade_soil_core,POINT (381899.39691112516 3313657.542839614),,,,250,0,,,,,
6a___Azade_soil_core___181,Azade_soil_core,POINT (381921.84725856036 3313824.0841309344),45.25004578,-2.195763025,-2.024019823,1000,1,565.3870007,43.28364563,1.966400146,-0.229362878,-0.057619677
6a___Azade_soil_core___181,Azade_soil_core,POINT (381921.84725856036 3313824.0841309344),,,,250,0,,,,,
6a___Azade_soil_core___182,Azade_soil_core,POINT (381921.84725856036 3313824.0841309344),45.25004578,-2.195763025,-2.024019823,1000,1,565.3870007,43.28364563,1.966400146,-0.229362878,-0.057619677
6a___Azade_soil_core___182,Azade_soil_core,POINT (381921.84725856036 3313824.0841309344),,,,250,0,,,,,
6a___Azade_soil_core___183,Azade_soil_core,POINT (382105.07179058075 3313644.9219565555),43.71477509,-0.660492334,-0.488749133,1000,1,398.1533249,43.28364563,0.431129456,-0.229362878,-0.057619677
6a___Azade_soil_core___183,Azade_soil_core,POINT (382105.07179058075 3313644.9219565555),,,,250,0,,,,,
6a___Azade_soil_core___184,Azade_soil_core,POINT (382105.07179058075 3313644.9219565555),43.71477509,-0.660492334,-0.488749133,1000,1,398.1533249,43.28364563,0.431129456,-0.229362878,-0.057619677
6a___Azade_soil_core___184,Azade_soil_core,POINT (382105.07179058075 3313644.9219565555),,,,250,0,,,,,
6a___Azade_soil_core___185,Azade_soil_core,POINT (381364.23302655225 3313493.644813823),46.39628601,-1.716922096,-1.637262432,1000,1,438.8767504,44.70442963,1.691856384,-0.025065712,0.054593953
6a___Azade_soil_core___185,Azade_soil_core,POINT (381364.23302655225 3313493.644813823),,,,250,0,,,,,
6a___Azade_soil_core___186,Azade_soil_core,POINT (381364.23302655225 3313493.644813823),46.39628601,-1.716922096,-1.637262432,1000,1,438.8767504,44.70442963,1.691856384,-0.025065712,0.054593953
6a___Azade_soil_core___186,Azade_soil_core,POINT (381364.23302655225 3313493.644813823),,,,250,0,,,,,
Undefined___Azade_soil_core___187,Azade_soil_core,POINT (381395.928214254 3319485.176940639),,,,1000,0,,,,,
Undefined___Azade_soil_core___187,Azade_soil_core,POINT (381395.928214254 3319485.176940639),,,,250,0,,,,,
Undefined___Azade_soil_core___188,Azade_soil_core,POINT (381395.928214254 3319485.176940639),,,,1000,0,,,,,
Undefined___Azade_soil_core___188,Azade_soil_core,POINT (381395.928214254 3319485.176940639),,,,250,0,,,,,
3___Azade_soil_core___189,Azade_soil_core,POINT (380942.0618552597 3318378.428772176),,,,1000,0,,,,,
3___Azade_soil_core___189,Azade_soil_core,POINT (380942.0618552597 3318378.428772176),,,,250,0,,,,,
3___Azade_soil_core___190,Azade_soil_core,POINT (380942.0618552597 3318378.428772176),,,,1000,0,,,,,
3___Azade_soil_core___190,Azade_soil_core,POINT (380942.0618552597 3318378.428772176),,,,250,0,,,,,
Undefined___Azade_soil_core___191,Azade_soil_core,POINT (381193.2220401743 3318457.9651334034),,,,1000,0,,,,,
Undefined___Azade_soil_core___191,Azade_soil_core,POINT (381193.2220401743 3318457.9651334034),,,,250,0,,,,,
Undefined___Azade_soil_core___192,Azade_soil_core,POINT (381193.2220401743 3318457.9651334034),,,,1000,0,,,,,
Undefined___Azade_soil_core___192,Azade_soil_core,POINT (381193.2220401743 3318457.9651334034),,,,250,0,,,,,
3___Azade_soil_core___193,Azade_soil_core,POINT (381751.84315910825 3318306.6619932596),44.39235306,0.114338386,0.270774944,1000,1,978.5920518,44.3549614,0.037391663,0.151730049,0.308166607
3___Azade_soil_core___193,Azade_soil_core,POINT (381751.84315910825 3318306.6619932596),,,,250,0,,,,,
3___Azade_soil_core___194,Azade_soil_core,POINT (381751.84315910825 3318306.6619932596),44.39235306,0.114338386,0.270774944,1000,1,978.5920518,44.3549614,0.037391663,0.151730049,0.308166607
3___Azade_soil_core___194,Azade_soil_core,POINT (381751.84315910825 3318306.6619932596),,,,250,0,,,,,
3___Azade_soil_core___195,Azade_soil_core,POINT (382074.12963715213 3317912.9096133453),44.85333633,-0.34664489,-0.190208332,1000,1,583.5331972,44.3549614,0.498374939,0.151730049,0.308166607
3___Azade_soil_core___195,Azade_soil_core,POINT (382074.12963715213 3317912.9096133453),,,,250,0,,,,,
3___Azade_soil_core___196,Azade_soil_core,POINT (382074.12963715213 3317912.9096133453),44.85333633,-0.34664489,-0.190208332,1000,1,583.5331972,44.3549614,0.498374939,0.151730049,0.308166607
3___Azade_soil_core___196,Azade_soil_core,POINT (382074.12963715213 3317912.9096133453),,,,250,0,,,,,
Undefined___Azade_soil_core___197,Azade_soil_core,POINT (381317.1775390295 3318455.2814526544),,,,1000,0,,,,,
Undefined___Azade_soil_core___197,Azade_soil_core,POINT (381317.1775390295 3318455.2814526544),,,,250,0,,,,,
Undefined___Azade_soil_core___198,Azade_soil_core,POINT (381317.1775390295 3318455.2814526544),,,,1000,0,,,,,
Undefined___Azade_soil_core___198,Azade_soil_core,POINT (381317.1775390295 3318455.2814526544),,,,250,0,,,,,
Undefined___Azade_soil_core___199,Azade_soil_core,POINT (381225.95546001423 3319941.687468958),,,,1000,0,,,,,
Undefined___Azade_soil_core___199,Azade_soil_core,POINT (381225.95546001423 3319941.687468958),,,,250,0,,,,,
Undefined___Azade_soil_core___200,Azade_soil_core,POINT (381225.95546001423 3319941.687468958),,,,1000,0,,,,,
Undefined___Azade_soil_core___200,Azade_soil_core,POINT (381225.95546001423 3319941.687468958),,,,250,0,,,,,
15_409___soil_core___201,soil_core,POINT (374419.9788310477 3308800.773776514),43.1657486,0.896020415,1.142179517,1000,3,517.2663336,44.14997737,-0.98422877,-0.088208355,0.157950747
15_409___soil_core___201,soil_core,POINT (374419.9788310477 3308800.773776514),43.1657486,-0.006586539,0.142818128,250,1,2.303536307,43.12937927,0.036369324,0.029782785,0.179187451
15_409___soil_core___202,soil_core,POINT (374419.9788310477 3308800.773776514),43.1657486,0.896020415,1.142179517,1000,3,517.2663336,44.14997737,-0.98422877,-0.088208355,0.157950747
15_409___soil_core___202,soil_core,POINT (374419.9788310477 3308800.773776514),43.1657486,-0.006586539,0.142818128,250,1,2.303536307,43.12937927,0.036369324,0.029782785,0.179187451
15_409___soil_core___203,soil_core,POINT (374419.9788310477 3308800.773776514),43.1657486,0.896020415,1.142179517,1000,3,517.2663336,44.14997737,-0.98422877,-0.088208355,0.157950747
15_409___soil_core___203,soil_core,POINT (374419.9788310477 3308800.773776514),43.1657486,-0.006586539,0.142818128,250,1,2.303536307,43.12937927,0.036369324,0.029782785,0.179187451
15_409___soil_core___204,soil_core,POINT (374419.9788310477 3308800.773776514),43.1657486,0.896020415,1.142179517,1000,3,517.2663336,44.14997737,-0.98422877,-0.088208355,0.157950747
15_409___soil_core___204,soil_core,POINT (374419.9788310477 3308800.773776514),43.1657486,-0.006586539,0.142818128,250,1,2.303536307,43.12937927,0.036369324,0.029782785,0.179187451
15_409___soil_core___205,soil_core,POINT (374419.9788310477 3308800.773776514),43.1657486,0.896020415,1.142179517,1000,3,517.2663336,44.14997737,-0.98422877,-0.088208355,0.157950747
15_409___soil_core___205,soil_core,POINT (374419.9788310477 3308800.773776514),43.1657486,-0.006586539,0.142818128,250,1,2.303536307,43.12937927,0.036369324,0.029782785,0.179187451
15_409___soil_core___206,soil_core,POINT (374419.9788310477 3308800.773776514),43.1657486,0.896020415,1.142179517,1000,3,517.2663336,44.14997737,-0.98422877,-0.088208355,0.157950747
15_409___soil_core___206,soil_core,POINT (374419.9788310477 3308800.773776514),43.1657486,-0.006586539,0.142818128,250,1,2.303536307,43.12937927,0.036369324,0.029782785,0.179187451
15_409___soil_core___207,soil_core,POINT (374419.9788310477 3308800.773776514),43.1657486,0.896020415,1.142179517,1000,3,517.2663336,44.14997737,-0.98422877,-0.088208355,0.157950747
15_409___soil_core___207,soil_core,POINT (374419.9788310477 3308800.773776514),43.1657486,-0.006586539,0.142818128,250,1,2.303536307,43.12937927,0.036369324,0.029782785,0.179187451
15_409___soil_core___208,soil_core,POINT (374419.9788310477 3308800.773776514),43.1657486,0.896020415,1.142179517,1000,3,517.2663336,44.14997737,-0.98422877,-0.088208355,0.157950747
15_409___soil_core___208,soil_core,POINT (374419.9788310477 3308800.773776514),43.1657486,-0.006586539,0.142818128,250,1,2.303536307,43.12937927,0.036369324,0.029782785,0.179187451
15_409___soil_core___209,soil_core,POINT (374419.9788310477 3308800.773776514),43.1657486,0.896020415,1.142179517,1000,3,517.2663336,44.14997737,-0.98422877,-0.088208355,0.157950747
15_409___soil_core___209,soil_core,POINT (374419.9788310477 3308800.773776514),43.1657486,-0.006586539,0.142818128,250,1,2.303536307,43.12937927,0.036369324,0.029782785,0.179187451
15_409___soil_core___210,soil_core,POINT (374419.9788310477 3308800.773776514),43.1657486,0.896020415,1.142179517,1000,3,517.2663336,44.14997737,-0.98422877,-0.088208355,0.157950747
15_409___soil_core___210,soil_core,POINT (374419.9788310477 3308800.773776514),43.1657486,-0.006586539,0.142818128,250,1,2.303536307,43.12937927,0.036369324,0.029782785,0.179187451
15_409___soil_core___211,soil_core,POINT (374419.9788310477 3308800.773776514),43.1657486,0.896020415,1.142179517,1000,3,517.2663336,44.14997737,-0.98422877,-0.088208355,0.157950747
15_409___soil_core___211,soil_core,POINT (374419.9788310477 3308800.773776514),43.1657486,-0.006586539,0.142818128,250,1,2.303536307,43.12937927,0.036369324,0.029782785,0.179187451
15_409___soil_core___212,soil_core,POINT (374419.9788310477 3308800.773776514),43.1657486,0.896020415,1.142179517,1000,3,517.2663336,44.14997737,-0.98422877,-0.088208355,0.157950747
15_409___soil_core___212,soil_core,POINT (374419.9788310477 3308800.773776514),43.1657486,-0.006586539,0.142818128,250,1,2.303536307,43.12937927,0.036369324,0.029782785,0.179187451
15_409___soil_core___213,soil_core,POINT (374419.9788310477 3308800.773776514),43.1657486,0.896020415,1.142179517,1000,3,517.2663336,44.14997737,-0.98422877,-0.088208355,0.157950747
15_409___soil_core___213,soil_core,POINT (374419.9788310477 3308800.773776514),43.1657486,-0.006586539,0.142818128,250,1,2.303536307,43.12937927,0.036369324,0.029782785,0.179187451
15_409___soil_core___214,soil_core,POINT (374419.9788310477 3308800.773776514),43.1657486,0.896020415,1.142179517,1000,3,517.2663336,44.14997737,-0.98422877,-0.088208355,0.157950747
15_409___soil_core___214,soil_core,POINT (374419.9788310477 3308800.773776514),43.1657486,-0.006586539,0.142818128,250,1,2.303536307,43.12937927,0.036369324,0.029782785,0.179187451
15_409___soil_core___215,soil_core,POINT (374419.9788310477 3308800.773776514),43.1657486,0.896020415,1.142179517,1000,3,517.2663336,44.14997737,-0.98422877,-0.088208355,0.157950747
15_409___soil_core___215,soil_core,POINT (374419.9788310477 3308800.773776514),43.1657486,-0.006586539,0.142818128,250,1,2.303536307,43.12937927,0.036369324,0.029782785,0.179187451
15_409___soil_core___216,soil_core,POINT (374419.9788310477 3308800.773776514),43.1657486,0.896020415,1.142179517,1000,3,517.2663336,44.14997737,-0.98422877,-0.088208355,0.157950747
15_409___soil_core___216,soil_core,POINT (374419.9788310477 3308800.773776514),43.1657486,-0.006586539,0.142818128,250,1,2.303536307,43.12937927,0.036369324,0.029782785,0.179187451
15_409___soil_core___217,soil_core,POINT (374419.9788310477 3308800.773776514),43.1657486,0.896020415,1.142179517,1000,3,517.2663336,44.14997737,-0.98422877,-0.088208355,0.157950747
15_409___soil_core___217,soil_core,POINT (374419.9788310477 3308800.773776514),43.1657486,-0.006586539,0.142818128,250,1,2.303536307,43.12937927,0.036369324,0.029782785,0.179187451
15_409___soil_core___218,soil_core,POINT (374419.9788310477 3308800.773776514),43.1657486,0.896020415,1.142179517,1000,3,517.2663336,44.14997737,-0.98422877,-0.088208355,0.157950747
15_409___soil_core___218,soil_core,POINT (374419.9788310477 3308800.773776514),43.1657486,-0.006586539,0.142818128,250,1,2.303536307,43.12937927,0.036369324,0.029782785,0.179187451
15_409___soil_core___219,soil_core,POINT (374419.9788310477 3308800.773776514),43.1657486,0.896020415,1.142179517,1000,3,517.2663336,44.14997737,-0.98422877,-0.088208355,0.157950747
15_409___soil_core___219,soil_core,POINT (374419.9788310477 3308800.773776514),43.1657486,-0.006586539,0.142818128,250,1,2.303536307,43.12937927,0.036369324,0.029782785,0.179187451
15_409___soil_core___220,soil_core,POINT (374419.9788310477 3308800.773776514),43.1657486,0.896020415,1.142179517,1000,3,517.2663336,44.14997737,-0.98422877,-0.088208355,0.157950747
15_409___soil_core___220,soil_core,POINT (374419.9788310477 3308800.773776514),43.1657486,-0.006586539,0.142818128,250,1,2.303536307,43.12937927,0.036369324,0.029782785,0.179187451
15_409___soil_core___221,soil_core,POINT (374419.9788310477 3308800.773776514),43.1657486,0.896020415,1.142179517,1000,3,517.2663336,44.14997737,-0.98422877,-0.088208355,0.157950747
15_409___soil_core___221,soil_core,POINT (374419.9788310477 3308800.773776514),43.1657486,-0.006586539,0.142818128,250,1,2.303536307,43.12937927,0.036369324,0.029782785,0.179187451
15_409___soil_core___222,soil_core,POINT (374419.9788310477 3308800.773776514),43.1657486,0.896020415,1.142179517,1000,3,517.2663336,44.14997737,-0.98422877,-0.088208355,0.157950747
15_409___soil_core___222,soil_core,POINT (374419.9788310477 3308800.773776514),43.1657486,-0.006586539,0.142818128,250,1,2.303536307,43.12937927,0.036369324,0.029782785,0.179187451
15_409___soil_core___223,soil_core,POINT (374419.9788310477 3308800.773776514),43.1657486,0.896020415,1.142179517,1000,3,517.2663336,44.14997737,-0.98422877,-0.088208355,0.157950747
15_409___soil_core___223,soil_core,POINT (374419.9788310477 3308800.773776514),43.1657486,-0.006586539,0.142818128,250,1,2.303536307,43.12937927,0.036369324,0.029782785,0.179187451
15_409___soil_core___224,soil_core,POINT (374419.9788310477 3308800.773776514),43.1657486,0.896020415,1.142179517,1000,3,517.2663336,44.14997737,-0.98422877,-0.088208355,0.157950747
15_409___soil_core___224,soil_core,POINT (374419.9788310477 3308800.773776514),43.1657486,-0.006586539,0.142818128,250,1,2.303536307,43.12937927,0.036369324,0.029782785,0.179187451
15_409___soil_core___225,soil_core,POINT (374419.9788310477 3308800.773776514),43.1657486,0.896020415,1.142179517,1000,3,517.2663336,44.14997737,-0.98422877,-0.088208355,0.157950747
15_409___soil_core___225,soil_core,POINT (374419.9788310477 3308800.773776514),43.1657486,-0.006586539,0.142818128,250,1,2.303536307,43.12937927,0.036369324,0.029782785,0.179187451
15_409___soil_core___226,soil_core,POINT (374419.9788310477 3308800.773776514),43.1657486,0.896020415,1.142179517,1000,3,517.2663336,44.14997737,-0.98422877,-0.088208355,0.157950747
15_409___soil_core___226,soil_core,POINT (374419.9788310477 3308800.773776514),43.1657486,-0.006586539,0.142818128,250,1,2.303536307,43.12937927,0.036369324,0.029782785,0.179187451
15_409___soil_core___227,soil_core,POINT (374419.9788310477 3308800.773776514),43.1657486,0.896020415,1.142179517,1000,3,517.2663336,44.14997737,-0.98422877,-0.088208355,0.157950747
15_409___soil_core___227,soil_core,POINT (374419.9788310477 3308800.773776514),43.1657486,-0.006586539,0.142818128,250,1,2.303536307,43.12937927,0.036369324,0.029782785,0.179187451
15_409___soil_core___228,soil_core,POINT (374419.9788310477 3308800.773776514),43.1657486,0.896020415,1.142179517,1000,3,517.2663336,44.14997737,-0.98422877,-0.088208355,0.157950747
15_409___soil_core___228,soil_core,POINT (374419.9788310477 3308800.773776514),43.1657486,-0.006586539,0.142818128,250,1,2.303536307,43.12937927,0.036369324,0.029782785,0.179187451
15_409___soil_core___229,soil_core,POINT (374419.9788310477 3308800.773776514),43.1657486,0.896020415,1.142179517,1000,3,517.2663336,44.14997737,-0.98422877,-0.088208355,0.157950747
15_409___soil_core___229,soil_core,POINT (374419.9788310477 3308800.773776514),43.1657486,-0.006586539,0.142818128,250,1,2.303536307,43.12937927,0.036369324,0.029782785,0.179187451
15_409___soil_core___230,soil_core,POINT (374419.9788310477 3308800.773776514),43.1657486,0.896020415,1.142179517,1000,3,517.2663336,44.14997737,-0.98422877,-0.088208355,0.157950747
15_409___soil_core___230,soil_core,POINT (374419.9788310477 3308800.773776514),43.1657486,-0.006586539,0.142818128,250,1,2.303536307,43.12937927,0.036369324,0.029782785,0.179187451
15_409___soil_core___231,soil_core,POINT (374419.9788310477 3308800.773776514),43.1657486,0.896020415,1.142179517,1000,3,517.2663336,44.14997737,-0.98422877,-0.088208355,0.157950747
15_409___soil_core___231,soil_core,POINT (374419.9788310477 3308800.773776514),43.1657486,-0.006586539,0.142818128,250,1,2.303536307,43.12937927,0.036369324,0.029782785,0.179187451
15_409___soil_core___232,soil_core,POINT (374419.9788310477 3308800.773776514),43.1657486,0.896020415,1.142179517,1000,3,517.2663336,44.14997737,-0.98422877,-0.088208355,0.157950747
15_409___soil_core___232,soil_core,POINT (374419.9788310477 3308800.773776514),43.1657486,-0.006586539,0.142818128,250,1,2.303536307,43.12937927,0.036369324,0.029782785,0.179187451
15_409___soil_core___233,soil_core,POINT (374419.9788310477 3308800.773776514),43.1657486,0.896020415,1.142179517,1000,3,517.2663336,44.14997737,-0.98422877,-0.088208355,0.157950747
15_409___soil_core___233,soil_core,POINT (374419.9788310477 3308800.773776514),43.1657486,-0.006586539,0.142818128,250,1,2.303536307,43.12937927,0.036369324,0.029782785,0.179187451
15_409___soil_core___234,soil_core,POINT (374419.9788310477 3308800.773776514),43.1657486,0.896020415,1.142179517,1000,3,517.2663336,44.14997737,-0.98422877,-0.088208355,0.157950747
15_409___soil_core___234,soil_core,POINT (374419.9788310477 3308800.773776514),43.1657486,-0.006586539,0.142818128,250,1,2.303536307,43.12937927,0.036369324,0.029782785,0.179187451
15_409___soil_core___235,soil_core,POINT (374419.9788310477 3308800.773776514),43.1657486,0.896020415,1.142179517,1000,3,517.2663336,44.14997737,-0.98422877,-0.088208355,0.157950747
15_409___soil_core___235,soil_core,POINT (374419.9788310477 3308800.773776514),43.1657486,-0.006586539,0.142818128,250,1,2.303536307,43.12937927,0.036369324,0.029782785,0.179187451
15_409___soil_core___236,soil_core,POINT (374419.9788310477 3308800.773776514),43.1657486,0.896020415,1.142179517,1000,3,517.2663336,44.14997737,-0.98422877,-0.088208355,0.157950747
15_409___soil_core___236,soil_core,POINT (374419.9788310477 3308800.773776514),43.1657486,-0.006586539,0.142818128,250,1,2.303536307,43.12937927,0.036369324,0.029782785,0.179187451
15_409___soil_core___237,soil_core,POINT (374419.9788310477 3308800.773776514),43.1657486,0.896020415,1.142179517,1000,3,517.2663336,44.14997737,-0.98422877,-0.088208355,0.157950747
15_409___soil_core___237,soil_core,POINT (374419.9788310477 3308800.773776514),43.1657486,-0.006586539,0.142818128,250,1,2.303536307,43.12937927,0.036369324,0.029782785,0.179187451
15_409___soil_core___238,soil_core,POINT (374419.9788310477 3308800.773776514),43.1657486,0.896020415,1.142179517,1000,3,517.2663336,44.14997737,-0.98422877,-0.088208355,0.157950747
15_409___soil_core___238,soil_core,POINT (374419.9788310477 3308800.773776514),43.1657486,-0.006586539,0.142818128,250,1,2.303536307,43.12937927,0.036369324,0.029782785,0.179187451
15_409___soil_core___239,soil_core,POINT (374419.9788310477 3308800.773776514),43.1657486,0.896020415,1.142179517,1000,3,517.2663336,44.14997737,-0.98422877,-0.088208355,0.157950747
15_409___soil_core___239,soil_core,POINT (374419.9788310477 3308800.773776514),43.1657486,-0.006586539,0.142818128,250,1,2.303536307,43.12937927,0.036369324,0.029782785,0.179187451
15_409___soil_core___240,soil_core,POINT (374419.9788310477 3308800.773776514),43.1657486,0.896020415,1.142179517,1000,3,517.2663336,44.14997737,-0.98422877,-0.088208355,0.157950747
15_409___soil_core___240,soil_core,POINT (374419.9788310477 3308800.773776514),43.1657486,-0.006586539,0.142818128,250,1,2.303536307,43.12937927,0.036369324,0.029782785,0.179187451
15_409___soil_core___241,soil_core,POINT (374419.9788310477 3308800.773776514),43.1657486,0.896020415,1.142179517,1000,3,517.2663336,44.14997737,-0.98422877,-0.088208355,0.157950747
15_409___soil_core___241,soil_core,POINT (374419.9788310477 3308800.773776514),43.1657486,-0.006586539,0.142818128,250,1,2.303536307,43.12937927,0.036369324,0.029782785,0.179187451
15_409___soil_core___242,soil_core,POINT (374419.9788310477 3308800.773776514),43.1657486,0.896020415,1.142179517,1000,3,517.2663336,44.14997737,-0.98422877,-0.088208355,0.157950747
15_409___soil_core___242,soil_core,POINT (374419.9788310477 3308800.773776514),43.1657486,-0.006586539,0.142818128,250,1,2.303536307,43.12937927,0.036369324,0.029782785,0.179187451
15_409___soil_core___243,soil_core,POINT (374419.9788310477 3308800.773776514),43.1657486,0.896020415,1.142179517,1000,3,517.2663336,44.14997737,-0.98422877,-0.088208355,0.157950747
15_409___soil_core___243,soil_core,POINT (374419.9788310477 3308800.773776514),43.1657486,-0.006586539,0.142818128,250,1,2.303536307,43.12937927,0.036369324,0.029782785,0.179187451
15_409___soil_core___244,soil_core,POINT (374419.9788310477 3308800.773776514),43.1657486,0.896020415,1.142179517,1000,3,517.2663336,44.14997737,-0.98422877,-0.088208355,0.157950747
15_409___soil_core___244,soil_core,POINT (374419.9788310477 3308800.773776514),43.1657486,-0.006586539,0.142818128,250,1,2.303536307,43.12937927,0.036369324,0.029782785,0.179187451
15_409___soil_core___245,soil_core,POINT (374419.9788310477 3308800.773776514),43.1657486,0.896020415,1.142179517,1000,3,517.2663336,44.14997737,-0.98422877,-0.088208355,0.157950747
15_409___soil_core___245,soil_core,POINT (374419.9788310477 3308800.773776514),43.1657486,-0.006586539,0.142818128,250,1,2.303536307,43.12937927,0.036369324,0.029782785,0.179187451
15_409___soil_core___246,soil_core,POINT (374419.9788310477 3308800.773776514),43.1657486,0.896020415,1.142179517,1000,3,517.2663336,44.14997737,-0.98422877,-0.088208355,0.157950747
15_409___soil_core___246,soil_core,POINT (374419.9788310477 3308800.773776514),43.1657486,-0.006586539,0.142818128,250,1,2.303536307,43.12937927,0.036369324,0.029782785,0.179187451
15_409___soil_core___247,soil_core,POINT (374419.9788310477 3308800.773776514),43.1657486,0.896020415,1.142179517,1000,3,517.2663336,44.14997737,-0.98422877,-0.088208355,0.157950747
15_409___soil_core___247,soil_core,POINT (374419.9788310477 3308800.773776514),43.1657486,-0.006586539,0.142818128,250,1,2.303536307,43.12937927,0.036369324,0.029782785,0.179187451
15_409___soil_core___248,soil_core,POINT (374419.9788310477 3308800.773776514),43.1657486,0.896020415,1.142179517,1000,3,517.2663336,44.14997737,-0.98422877,-0.088208355,0.157950747
15_409___soil_core___248,soil_core,POINT (374419.9788310477 3308800.773776514),43.1657486,-0.006586539,0.142818128,250,1,2.303536307,43.12937927,0.036369324,0.029782785,0.179187451
15_409___soil_core___249,soil_core,POINT (374419.9788310477 3308800.773776514),43.1657486,0.896020415,1.142179517,1000,3,517.2663336,44.14997737,-0.98422877,-0.088208355,0.157950747
15_409___soil_core___249,soil_core,POINT (374419.9788310477 3308800.773776514),43.1657486,-0.006586539,0.142818128,250,1,2.303536307,43.12937927,0.036369324,0.029782785,0.179187451
15_409___soil_core___250,soil_core,POINT (374419.9788310477 3308800.773776514),43.1657486,0.896020415,1.142179517,1000,3,517.2663336,44.14997737,-0.98422877,-0.088208355,0.157950747
15_409___soil_core___250,soil_core,POINT (374419.9788310477 3308800.773776514),43.1657486,-0.006586539,0.142818128,250,1,2.303536307,43.12937927,0.036369324,0.029782785,0.179187451
15_409___soil_core___251,soil_core,POINT (374419.9788310477 3308800.773776514),43.1657486,0.896020415,1.142179517,1000,3,517.2663336,44.14997737,-0.98422877,-0.088208355,0.157950747
15_409___soil_core___251,soil_core,POINT (374419.9788310477 3308800.773776514),43.1657486,-0.006586539,0.142818128,250,1,2.303536307,43.12937927,0.036369324,0.029782785,0.179187451
15_409___soil_core___252,soil_core,POINT (374419.9788310477 3308800.773776514),43.1657486,0.896020415,1.142179517,1000,3,517.2663336,44.14997737,-0.98422877,-0.088208355,0.157950747
15_409___soil_core___252,soil_core,POINT (374419.9788310477 3308800.773776514),43.1657486,-0.006586539,0.142818128,250,1,2.303536307,43.12937927,0.036369324,0.029782785,0.179187451
15_409___soil_core___253,soil_core,POINT (374419.9788310477 3308800.773776514),43.1657486,0.896020415,1.142179517,1000,3,517.2663336,44.14997737,-0.98422877,-0.088208355,0.157950747
15_409___soil_core___253,soil_core,POINT (374419.9788310477 3308800.773776514),43.1657486,-0.006586539,0.142818128,250,1,2.303536307,43.12937927,0.036369324,0.029782785,0.179187451
15_409___soil_core___254,soil_core,POINT (374419.9788310477 3308800.773776514),43.1657486,0.896020415,1.142179517,1000,3,517.2663336,44.14997737,-0.98422877,-0.088208355,0.157950747
15_409___soil_core___254,soil_core,POINT (374419.9788310477 3308800.773776514),43.1657486,-0.006586539,0.142818128,250,1,2.303536307,43.12937927,0.036369324,0.029782785,0.179187451
15_409___soil_core___255,soil_core,POINT (374419.9788310477 3308800.773776514),43.1657486,0.896020415,1.142179517,1000,3,517.2663336,44.14997737,-0.98422877,-0.088208355,0.157950747
15_409___soil_core___255,soil_core,POINT (374419.9788310477 3308800.773776514),43.1657486,-0.006586539,0.142818128,250,1,2.303536307,43.12937927,0.036369324,0.029782785,0.179187451
15_409___soil_core___256,soil_core,POINT (374419.9788310477 3308800.773776514),43.1657486,0.896020415,1.142179517,1000,3,517.2663336,44.14997737,-0.98422877,-0.088208355,0.157950747
15_409___soil_core___256,soil_core,POINT (374419.9788310477 3308800.773776514),43.1657486,-0.006586539,0.142818128,250,1,2.303536307,43.12937927,0.036369324,0.029782785,0.179187451
15_409___soil_core___257,soil_core,POINT (374419.9788310477 3308800.773776514),43.1657486,0.896020415,1.142179517,1000,3,517.2663336,44.14997737,-0.98422877,-0.088208355,0.157950747
15_409___soil_core___257,soil_core,POINT (374419.9788310477 3308800.773776514),43.1657486,-0.006586539,0.142818128,250,1,2.303536307,43.12937927,0.036369324,0.029782785,0.179187451
15_409___soil_core___258,soil_core,POINT (374419.9788310477 3308800.773776514),43.1657486,0.896020415,1.142179517,1000,3,517.2663336,44.14997737,-0.98422877,-0.088208355,0.157950747
15_409___soil_core___258,soil_core,POINT (374419.9788310477 3308800.773776514),43.1657486,-0.006586539,0.142818128,250,1,2.303536307,43.12937927,0.036369324,0.029782785,0.179187451
15_409___soil_core___259,soil_core,POINT (374419.9788310477 3308800.773776514),43.1657486,0.896020415,1.142179517,1000,3,517.2663336,44.14997737,-0.98422877,-0.088208355,0.157950747
15_409___soil_core___259,soil_core,POINT (374419.9788310477 3308800.773776514),43.1657486,-0.006586539,0.142818128,250,1,2.303536307,43.12937927,0.036369324,0.029782785,0.179187451
6_93___soil_core___260,soil_core,POINT (383125.0561422538 3315423.3276016545),43.09851456,0.104519202,0.356587905,1000,2,441.4138921,43.50449944,-0.405984879,-0.301465677,-0.049396973
6_93___soil_core___260,soil_core,POINT (383125.0561422538 3315423.3276016545),43.09851456,-0.224773542,0.129266761,250,1,0,43.10191345,-0.003398895,-0.228172437,0.125867866
6_93___soil_core___261,soil_core,POINT (383125.0561422538 3315423.3276016545),43.09851456,0.104519202,0.356587905,1000,2,441.4138921,43.50449944,-0.405984879,-0.301465677,-0.049396973
6_93___soil_core___261,soil_core,POINT (383125.0561422538 3315423.3276016545),43.09851456,-0.224773542,0.129266761,250,1,0,43.10191345,-0.003398895,-0.228172437,0.125867866
6_93___soil_core___262,soil_core,POINT (383125.0561422538 3315423.3276016545),43.09851456,0.104519202,0.356587905,1000,2,441.4138921,43.50449944,-0.405984879,-0.301465677,-0.049396973
6_93___soil_core___262,soil_core,POINT (383125.0561422538 3315423.3276016545),43.09851456,-0.224773542,0.129266761,250,1,0,43.10191345,-0.003398895,-0.228172437,0.125867866
6_93___soil_core___263,soil_core,POINT (383125.0561422538 3315423.3276016545),43.09851456,0.104519202,0.356587905,1000,2,441.4138921,43.50449944,-0.405984879,-0.301465677,-0.049396973
6_93___soil_core___263,soil_core,POINT (383125.0561422538 3315423.3276016545),43.09851456,-0.224773542,0.129266761,250,1,0,43.10191345,-0.003398895,-0.228172437,0.125867866
6_93___soil_core___264,soil_core,POINT (383125.0561422538 3315423.3276016545),43.09851456,0.104519202,0.356587905,1000,2,441.4138921,43.50449944,-0.405984879,-0.301465677,-0.049396973
6_93___soil_core___264,soil_core,POINT (383125.0561422538 3315423.3276016545),43.09851456,-0.224773542,0.129266761,250,1,0,43.10191345,-0.003398895,-0.228172437,0.125867866
6_93___soil_core___265,soil_core,POINT (383125.0561422538 3315423.3276016545),43.09851456,0.104519202,0.356587905,1000,2,441.4138921,43.50449944,-0.405984879,-0.301465677,-0.049396973
6_93___soil_core___265,soil_core,POINT (383125.0561422538 3315423.3276016545),43.09851456,-0.224773542,0.129266761,250,1,0,43.10191345,-0.003398895,-0.228172437,0.125867866
6_93___soil_core___266,soil_core,POINT (383125.0561422538 3315423.3276016545),43.09851456,0.104519202,0.356587905,1000,2,441.4138921,43.50449944,-0.405984879,-0.301465677,-0.049396973
6_93___soil_core___266,soil_core,POINT (383125.0561422538 3315423.3276016545),43.09851456,-0.224773542,0.129266761,250,1,0,43.10191345,-0.003398895,-0.228172437,0.125867866
6_93___soil_core___267,soil_core,POINT (383125.0561422538 3315423.3276016545),43.09851456,0.104519202,0.356587905,1000,2,441.4138921,43.50449944,-0.405984879,-0.301465677,-0.049396973
6_93___soil_core___267,soil_core,POINT (383125.0561422538 3315423.3276016545),43.09851456,-0.224773542,0.129266761,250,1,0,43.10191345,-0.003398895,-0.228172437,0.125867866
6_93___soil_core___268,soil_core,POINT (383125.0561422538 3315423.3276016545),43.09851456,0.104519202,0.356587905,1000,2,441.4138921,43.50449944,-0.405984879,-0.301465677,-0.049396973
6_93___soil_core___268,soil_core,POINT (383125.0561422538 3315423.3276016545),43.09851456,-0.224773542,0.129266761,250,1,0,43.10191345,-0.003398895,-0.228172437,0.125867866
6_93___soil_core___269,soil_core,POINT (383125.0561422538 3315423.3276016545),43.09851456,0.104519202,0.356587905,1000,2,441.4138921,43.50449944,-0.405984879,-0.301465677,-0.049396973
6_93___soil_core___269,soil_core,POINT (383125.0561422538 3315423.3276016545),43.09851456,-0.224773542,0.129266761,250,1,0,43.10191345,-0.003398895,-0.228172437,0.125867866
6_93___soil_core___270,soil_core,POINT (383125.0561422538 3315423.3276016545),43.09851456,0.104519202,0.356587905,1000,2,441.4138921,43.50449944,-0.405984879,-0.301465677,-0.049396973
6_93___soil_core___270,soil_core,POINT (383125.0561422538 3315423.3276016545),43.09851456,-0.224773542,0.129266761,250,1,0,43.10191345,-0.003398895,-0.228172437,0.125867866
6_93___soil_core___271,soil_core,POINT (383125.0561422538 3315423.3276016545),43.09851456,0.104519202,0.356587905,1000,2,441.4138921,43.50449944,-0.405984879,-0.301465677,-0.049396973
6_93___soil_core___271,soil_core,POINT (383125.0561422538 3315423.3276016545),43.09851456,-0.224773542,0.129266761,250,1,0,43.10191345,-0.003398895,-0.228172437,0.125867866
6_93___soil_core___272,soil_core,POINT (383125.0561422538 3315423.3276016545),43.09851456,0.104519202,0.356587905,1000,2,441.4138921,43.50449944,-0.405984879,-0.301465677,-0.049396973
6_93___soil_core___272,soil_core,POINT (383125.0561422538 3315423.3276016545),43.09851456,-0.224773542,0.129266761,250,1,0,43.10191345,-0.003398895,-0.228172437,0.125867866
6_93___soil_core___273,soil_core,POINT (383125.0561422538 3315423.3276016545),43.09851456,0.104519202,0.356587905,1000,2,441.4138921,43.50449944,-0.405984879,-0.301465677,-0.049396973
6_93___soil_core___273,soil_core,POINT (383125.0561422538 3315423.3276016545),43.09851456,-0.224773542,0.129266761,250,1,0,43.10191345,-0.003398895,-0.228172437,0.125867866
6_93___soil_core___274,soil_core,POINT (383125.0561422538 3315423.3276016545),43.09851456,0.104519202,0.356587905,1000,2,441.4138921,43.50449944,-0.405984879,-0.301465677,-0.049396973
6_93___soil_core___274,soil_core,POINT (383125.0561422538 3315423.3276016545),43.09851456,-0.224773542,0.129266761,250,1,0,43.10191345,-0.003398895,-0.228172437,0.125867866
6_93___soil_core___275,soil_core,POINT (383125.0561422538 3315423.3276016545),43.09851456,0.104519202,0.356587905,1000,2,441.4138921,43.50449944,-0.405984879,-0.301465677,-0.049396973
6_93___soil_core___275,soil_core,POINT (383125.0561422538 3315423.3276016545),43.09851456,-0.224773542,0.129266761,250,1,0,43.10191345,-0.003398895,-0.228172437,0.125867866
6_93___soil_core___276,soil_core,POINT (383125.0561422538 3315423.3276016545),43.09851456,0.104519202,0.356587905,1000,2,441.4138921,43.50449944,-0.405984879,-0.301465677,-0.049396973
6_93___soil_core___276,soil_core,POINT (383125.0561422538 3315423.3276016545),43.09851456,-0.224773542,0.129266761,250,1,0,43.10191345,-0.003398895,-0.228172437,0.125867866
6_93___soil_core___277,soil_core,POINT (383125.0561422538 3315423.3276016545),43.09851456,0.104519202,0.356587905,1000,2,441.4138921,43.50449944,-0.405984879,-0.301465677,-0.049396973
6_93___soil_core___277,soil_core,POINT (383125.0561422538 3315423.3276016545),43.09851456,-0.224773542,0.129266761,250,1,0,43.10191345,-0.003398895,-0.228172437,0.125867866
6_93___soil_core___278,soil_core,POINT (383125.0561422538 3315423.3276016545),43.09851456,0.104519202,0.356587905,1000,2,441.4138921,43.50449944,-0.405984879,-0.301465677,-0.049396973
6_93___soil_core___278,soil_core,POINT (383125.0561422538 3315423.3276016545),43.09851456,-0.224773542,0.129266761,250,1,0,43.10191345,-0.003398895,-0.228172437,0.125867866
6_93___soil_core___279,soil_core,POINT (383125.0561422538 3315423.3276016545),43.09851456,0.104519202,0.356587905,1000,2,441.4138921,43.50449944,-0.405984879,-0.301465677,-0.049396973
6_93___soil_core___279,soil_core,POINT (383125.0561422538 3315423.3276016545),43.09851456,-0.224773542,0.129266761,250,1,0,43.10191345,-0.003398895,-0.228172437,0.125867866
6_93___soil_core___280,soil_core,POINT (383125.0561422538 3315423.3276016545),43.09851456,0.104519202,0.356587905,1000,2,441.4138921,43.50449944,-0.405984879,-0.301465677,-0.049396973
6_93___soil_core___280,soil_core,POINT (383125.0561422538 3315423.3276016545),43.09851456,-0.224773542,0.129266761,250,1,0,43.10191345,-0.003398895,-0.228172437,0.125867866
6_93___soil_core___281,soil_core,POINT (383125.0561422538 3315423.3276016545),43.09851456,0.104519202,0.356587905,1000,2,441.4138921,43.50449944,-0.405984879,-0.301465677,-0.049396973
6_93___soil_core___281,soil_core,POINT (383125.0561422538 3315423.3276016545),43.09851456,-0.224773542,0.129266761,250,1,0,43.10191345,-0.003398895,-0.228172437,0.125867866
6_93___soil_core___282,soil_core,POINT (383125.0561422538 3315423.3276016545),43.09851456,0.104519202,0.356587905,1000,2,441.4138921,43.50449944,-0.405984879,-0.301465677,-0.049396973
6_93___soil_core___282,soil_core,POINT (383125.0561422538 3315423.3276016545),43.09851456,-0.224773542,0.129266761,250,1,0,43.10191345,-0.003398895,-0.228172437,0.125867866
6_93___soil_core___283,soil_core,POINT (383125.0561422538 3315423.3276016545),43.09851456,0.104519202,0.356587905,1000,2,441.4138921,43.50449944,-0.405984879,-0.301465677,-0.049396973
6_93___soil_core___283,soil_core,POINT (383125.0561422538 3315423.3276016545),43.09851456,-0.224773542,0.129266761,250,1,0,43.10191345,-0.003398895,-0.228172437,0.125867866
6_93___soil_core___284,soil_core,POINT (383125.0561422538 3315423.3276016545),43.09851456,0.104519202,0.356587905,1000,2,441.4138921,43.50449944,-0.405984879,-0.301465677,-0.049396973
6_93___soil_core___284,soil_core,POINT (383125.0561422538 3315423.3276016545),43.09851456,-0.224773542,0.129266761,250,1,0,43.10191345,-0.003398895,-0.228172437,0.125867866
6_93___soil_core___285,soil_core,POINT (383125.0561422538 3315423.3276016545),43.09851456,0.104519202,0.356587905,1000,2,441.4138921,43.50449944,-0.405984879,-0.301465677,-0.049396973
6_93___soil_core___285,soil_core,POINT (383125.0561422538 3315423.3276016545),43.09851456,-0.224773542,0.129266761,250,1,0,43.10191345,-0.003398895,-0.228172437,0.125867866
6_93___soil_core___286,soil_core,POINT (383125.0561422538 3315423.3276016545),43.09851456,0.104519202,0.356587905,1000,2,441.4138921,43.50449944,-0.405984879,-0.301465677,-0.049396973
6_93___soil_core___286,soil_core,POINT (383125.0561422538 3315423.3276016545),43.09851456,-0.224773542,0.129266761,250,1,0,43.10191345,-0.003398895,-0.228172437,0.125867866
6_93___soil_core___287,soil_core,POINT (383125.0561422538 3315423.3276016545),43.09851456,0.104519202,0.356587905,1000,2,441.4138921,43.50449944,-0.405984879,-0.301465677,-0.049396973
6_93___soil_core___287,soil_core,POINT (383125.0561422538 3315423.3276016545),43.09851456,-0.224773542,0.129266761,250,1,0,43.10191345,-0.003398895,-0.228172437,0.125867866
6_93___soil_core___288,soil_core,POINT (383125.0561422538 3315423.3276016545),43.09851456,0.104519202,0.356587905,1000,2,441.4138921,43.50449944,-0.405984879,-0.301465677,-0.049396973
6_93___soil_core___288,soil_core,POINT (383125.0561422538 3315423.3276016545),43.09851456,-0.224773542,0.129266761,250,1,0,43.10191345,-0.003398895,-0.228172437,0.125867866
6_93___soil_core___289,soil_core,POINT (383125.0561422538 3315423.3276016545),43.09851456,0.104519202,0.356587905,1000,2,441.4138921,43.50449944,-0.405984879,-0.301465677,-0.049396973
6_93___soil_core___289,soil_core,POINT (383125.0561422538 3315423.3276016545),43.09851456,-0.224773542,0.129266761,250,1,0,43.10191345,-0.003398895,-0.228172437,0.125867866
6_93___soil_core___290,soil_core,POINT (383125.0561422538 3315423.3276016545),43.09851456,0.104519202,0.356587905,1000,2,441.4138921,43.50449944,-0.405984879,-0.301465677,-0.049396973
6_93___soil_core___290,soil_core,POINT (383125.0561422538 3315423.3276016545),43.09851456,-0.224773542,0.129266761,250,1,0,43.10191345,-0.003398895,-0.228172437,0.125867866
6_93___soil_core___291,soil_core,POINT (383125.0561422538 3315423.3276016545),43.09851456,0.104519202,0.356587905,1000,2,441.4138921,43.50449944,-0.405984879,-0.301465677,-0.049396973
6_93___soil_core___291,soil_core,POINT (383125.0561422538 3315423.3276016545),43.09851456,-0.224773542,0.129266761,250,1,0,43.10191345,-0.003398895,-0.228172437,0.125867866
6_93___soil_core___292,soil_core,POINT (383125.0561422538 3315423.3276016545),43.09851456,0.104519202,0.356587905,1000,2,441.4138921,43.50449944,-0.405984879,-0.301465677,-0.049396973
6_93___soil_core___292,soil_core,POINT (383125.0561422538 3315423.3276016545),43.09851456,-0.224773542,0.129266761,250,1,0,43.10191345,-0.003398895,-0.228172437,0.125867866
6_93___soil_core___293,soil_core,POINT (383125.0561422538 3315423.3276016545),43.09851456,0.104519202,0.356587905,1000,2,441.4138921,43.50449944,-0.405984879,-0.301465677,-0.049396973
6_93___soil_core___293,soil_core,POINT (383125.0561422538 3315423.3276016545),43.09851456,-0.224773542,0.129266761,250,1,0,43.10191345,-0.003398895,-0.228172437,0.125867866
6_93___soil_core___294,soil_core,POINT (383125.0561422538 3315423.3276016545),43.09851456,0.104519202,0.356587905,1000,2,441.4138921,43.50449944,-0.405984879,-0.301465677,-0.049396973
6_93___soil_core___294,soil_core,POINT (383125.0561422538 3315423.3276016545),43.09851456,-0.224773542,0.129266761,250,1,0,43.10191345,-0.003398895,-0.228172437,0.125867866
6_93___soil_core___295,soil_core,POINT (383125.0561422538 3315423.3276016545),43.09851456,0.104519202,0.356587905,1000,2,441.4138921,43.50449944,-0.405984879,-0.301465677,-0.049396973
6_93___soil_core___295,soil_core,POINT (383125.0561422538 3315423.3276016545),43.09851456,-0.224773542,0.129266761,250,1,0,43.10191345,-0.003398895,-0.228172437,0.125867866
6_93___soil_core___296,soil_core,POINT (383125.0561422538 3315423.3276016545),43.09851456,0.104519202,0.356587905,1000,2,441.4138921,43.50449944,-0.405984879,-0.301465677,-0.049396973
6_93___soil_core___296,soil_core,POINT (383125.0561422538 3315423.3276016545),43.09851456,-0.224773542,0.129266761,250,1,0,43.10191345,-0.003398895,-0.228172437,0.125867866
6_93___soil_core___297,soil_core,POINT (383125.0561422538 3315423.3276016545),43.09851456,0.104519202,0.356587905,1000,2,441.4138921,43.50449944,-0.405984879,-0.301465677,-0.049396973
6_93___soil_core___297,soil_core,POINT (383125.0561422538 3315423.3276016545),43.09851456,-0.224773542,0.129266761,250,1,0,43.10191345,-0.003398895,-0.228172437,0.125867866
6_93___soil_core___298,soil_core,POINT (383125.0561422538 3315423.3276016545),43.09851456,0.104519202,0.356587905,1000,2,441.4138921,43.50449944,-0.405984879,-0.301465677,-0.049396973
6_93___soil_core___298,soil_core,POINT (383125.0561422538 3315423.3276016545),43.09851456,-0.224773542,0.129266761,250,1,0,43.10191345,-0.003398895,-0.228172437,0.125867866
6_93___soil_core___299,soil_core,POINT (383125.0561422538 3315423.3276016545),43.09851456,0.104519202,0.356587905,1000,2,441.4138921,43.50449944,-0.405984879,-0.301465677,-0.049396973
6_93___soil_core___299,soil_core,POINT (383125.0561422538 3315423.3276016545),43.09851456,-0.224773542,0.129266761,250,1,0,43.10191345,-0.003398895,-0.228172437,0.125867866
6_93___soil_core___300,soil_core,POINT (383125.0561422538 3315423.3276016545),43.09851456,0.104519202,0.356587905,1000,2,441.4138921,43.50449944,-0.405984879,-0.301465677,-0.049396973
6_93___soil_core___300,soil_core,POINT (383125.0561422538 3315423.3276016545),43.09851456,-0.224773542,0.129266761,250,1,0,43.10191345,-0.003398895,-0.228172437,0.125867866
6_93___soil_core___301,soil_core,POINT (383125.0561422538 3315423.3276016545),43.09851456,0.104519202,0.356587905,1000,2,441.4138921,43.50449944,-0.405984879,-0.301465677,-0.049396973
6_93___soil_core___301,soil_core,POINT (383125.0561422538 3315423.3276016545),43.09851456,-0.224773542,0.129266761,250,1,0,43.10191345,-0.003398895,-0.228172437,0.125867866
6_93___soil_core___302,soil_core,POINT (383125.0561422538 3315423.3276016545),43.09851456,0.104519202,0.356587905,1000,2,441.4138921,43.50449944,-0.405984879,-0.301465677,-0.049396973
6_93___soil_core___302,soil_core,POINT (383125.0561422538 3315423.3276016545),43.09851456,-0.224773542,0.129266761,250,1,0,43.10191345,-0.003398895,-0.228172437,0.125867866
6_93___soil_core___303,soil_core,POINT (383125.0561422538 3315423.3276016545),43.09851456,0.104519202,0.356587905,1000,2,441.4138921,43.50449944,-0.405984879,-0.301465677,-0.049396973
6_93___soil_core___303,soil_core,POINT (383125.0561422538 3315423.3276016545),43.09851456,-0.224773542,0.129266761,250,1,0,43.10191345,-0.003398895,-0.228172437,0.125867866
6_93___soil_core___304,soil_core,POINT (383125.0561422538 3315423.3276016545),43.09851456,0.104519202,0.356587905,1000,2,441.4138921,43.50449944,-0.405984879,-0.301465677,-0.049396973
6_93___soil_core___304,soil_core,POINT (383125.0561422538 3315423.3276016545),43.09851456,-0.224773542,0.129266761,250,1,0,43.10191345,-0.003398895,-0.228172437,0.125867866
6_93___soil_core___305,soil_core,POINT (383125.0561422538 3315423.3276016545),43.09851456,0.104519202,0.356587905,1000,2,441.4138921,43.50449944,-0.405984879,-0.301465677,-0.049396973
6_93___soil_core___305,soil_core,POINT (383125.0561422538 3315423.3276016545),43.09851456,-0.224773542,0.129266761,250,1,0,43.10191345,-0.003398895,-0.228172437,0.125867866
6_93___soil_core___306,soil_core,POINT (383125.0561422538 3315423.3276016545),43.09851456,0.104519202,0.356587905,1000,2,441.4138921,43.50449944,-0.405984879,-0.301465677,-0.049396973
6_93___soil_core___306,soil_core,POINT (383125.0561422538 3315423.3276016545),43.09851456,-0.224773542,0.129266761,250,1,0,43.10191345,-0.003398895,-0.228172437,0.125867866
6_93___soil_core___307,soil_core,POINT (383125.0561422538 3315423.3276016545),43.09851456,0.104519202,0.356587905,1000,2,441.4138921,43.50449944,-0.405984879,-0.301465677,-0.049396973
6_93___soil_core___307,soil_core,POINT (383125.0561422538 3315423.3276016545),43.09851456,-0.224773542,0.129266761,250,1,0,43.10191345,-0.003398895,-0.228172437,0.125867866
6_93___soil_core___308,soil_core,POINT (383125.0561422538 3315423.3276016545),43.09851456,0.104519202,0.356587905,1000,2,441.4138921,43.50449944,-0.405984879,-0.301465677,-0.049396973
6_93___soil_core___308,soil_core,POINT (383125.0561422538 3315423.3276016545),43.09851456,-0.224773542,0.129266761,250,1,0,43.10191345,-0.003398895,-0.228172437,0.125867866
6_93___soil_core___309,soil_core,POINT (383125.0561422538 3315423.3276016545),43.09851456,0.104519202,0.356587905,1000,2,441.4138921,43.50449944,-0.405984879,-0.301465677,-0.049396973
6_93___soil_core___309,soil_core,POINT (383125.0561422538 3315423.3276016545),43.09851456,-0.224773542,0.129266761,250,1,0,43.10191345,-0.003398895,-0.228172437,0.125867866
6_93___soil_core___310,soil_core,POINT (383125.0561422538 3315423.3276016545),43.09851456,0.104519202,0.356587905,1000,2,441.4138921,43.50449944,-0.405984879,-0.301465677,-0.049396973
6_93___soil_core___310,soil_core,POINT (383125.0561422538 3315423.3276016545),43.09851456,-0.224773542,0.129266761,250,1,0,43.10191345,-0.003398895,-0.228172437,0.125867866
6_93___soil_core___311,soil_core,POINT (383125.0561422538 3315423.3276016545),43.09851456,0.104519202,0.356587905,1000,2,441.4138921,43.50449944,-0.405984879,-0.301465677,-0.049396973
6_93___soil_core___311,soil_core,POINT (383125.0561422538 3315423.3276016545),43.09851456,-0.224773542,0.129266761,250,1,0,43.10191345,-0.003398895,-0.228172437,0.125867866
6_93___soil_core___312,soil_core,POINT (383125.0561422538 3315423.3276016545),43.09851456,0.104519202,0.356587905,1000,2,441.4138921,43.50449944,-0.405984879,-0.301465677,-0.049396973
6_93___soil_core___312,soil_core,POINT (383125.0561422538 3315423.3276016545),43.09851456,-0.224773542,0.129266761,250,1,0,43.10191345,-0.003398895,-0.228172437,0.125867866
6_300___AJ_soil_core___313,AJ_soil_core,POINT (382088.49699486216 3316128.9894006844),44.87448883,-0.230396425,-0.098319255,1000,3,544.7832474,44.79589335,0.078595479,-0.151800946,-0.019723776
6_300___AJ_soil_core___313,AJ_soil_core,POINT (382088.49699486216 3316128.9894006844),,,,250,0,,,,,
6_300___AJ_soil_core___314,AJ_soil_core,POINT (382114.01084594213 3316138.9252168983),44.73238373,-0.088291323,0.043785847,1000,3,544.5624634,44.79589335,-0.063509623,-0.151800946,-0.019723776
6_300___AJ_soil_core___314,AJ_soil_core,POINT (382114.01084594213 3316138.9252168983),,,,250,0,,,,,
6_300___AJ_soil_core___315,AJ_soil_core,POINT (382129.62588722794 3316155.3837612183),44.75801849,-0.113926088,0.018151082,1000,3,544.7958742,44.79589335,-0.037874858,-0.151800946,-0.019723776
6_300___AJ_soil_core___315,AJ_soil_core,POINT (382129.62588722794 3316155.3837612183),44.75801849,0.123477564,0.244989147,250,1,243.2129751,44.85041046,-0.092391968,0.031085596,0.152597179
6_300___AJ_soil_core___316,AJ_soil_core,POINT (382115.89048402105 3316152.3159531658),44.7477417,-0.103649294,0.028427876,1000,3,544.4993245,44.79589335,-0.048151652,-0.151800946,-0.019723776
6_300___AJ_soil_core___316,AJ_soil_core,POINT (382115.89048402105 3316152.3159531658),,,,250,0,,,,,
6_300___AJ_soil_core___317,AJ_soil_core,POINT (382088.49699486216 3316128.9894006844),44.87448883,-0.230396425,-0.098319255,1000,3,544.7832474,44.79589335,0.078595479,-0.151800946,-0.019723776
6_300___AJ_soil_core___317,AJ_soil_core,POINT (382088.49699486216 3316128.9894006844),,,,250,0,,,,,
6_300___AJ_soil_core___318,AJ_soil_core,POINT (382114.01084594213 3316138.9252168983),44.73238373,-0.088291323,0.043785847,1000,3,544.5624634,44.79589335,-0.063509623,-0.151800946,-0.019723776
6_300___AJ_soil_core___318,AJ_soil_core,POINT (382114.01084594213 3316138.9252168983),,,,250,0,,,,,
6_300___AJ_soil_core___319,AJ_soil_core,POINT (382129.62588722794 3316155.3837612183),44.75801849,-0.113926088,0.018151082,1000,3,544.7958742,44.79589335,-0.037874858,-0.151800946,-0.019723776
6_300___AJ_soil_core___319,AJ_soil_core,POINT (382129.62588722794 3316155.3837612183),44.75801849,0.123477564,0.244989147,250,1,243.2129751,44.85041046,-0.092391968,0.031085596,0.152597179
6_300___AJ_soil_core___320,AJ_soil_core,POINT (382115.89048402105 3316152.3159531658),44.7477417,-0.103649294,0.028427876,1000,3,544.4993245,44.79589335,-0.048151652,-0.151800946,-0.019723776
6_300___AJ_soil_core___320,AJ_soil_core,POINT (382115.89048402105 3316152.3159531658),,,,250,0,,,,,
6_300___AJ_soil_core___321,AJ_soil_core,POINT (382088.49699486216 3316128.9894006844),44.87448883,-0.230396425,-0.098319255,1000,3,544.7832474,44.79589335,0.078595479,-0.151800946,-0.019723776
6_300___AJ_soil_core___321,AJ_soil_core,POINT (382088.49699486216 3316128.9894006844),,,,250,0,,,,,
6_300___AJ_soil_core___322,AJ_soil_core,POINT (382114.01084594213 3316138.9252168983),44.73238373,-0.088291323,0.043785847,1000,3,544.5624634,44.79589335,-0.063509623,-0.151800946,-0.019723776
6_300___AJ_soil_core___322,AJ_soil_core,POINT (382114.01084594213 3316138.9252168983),,,,250,0,,,,,
6_300___AJ_soil_core___323,AJ_soil_core,POINT (382129.62588722794 3316155.3837612183),44.75801849,-0.113926088,0.018151082,1000,3,544.7958742,44.79589335,-0.037874858,-0.151800946,-0.019723776
6_300___AJ_soil_core___323,AJ_soil_core,POINT (382129.62588722794 3316155.3837612183),44.75801849,0.123477564,0.244989147,250,1,243.2129751,44.85041046,-0.092391968,0.031085596,0.152597179
6_300___AJ_soil_core___324,AJ_soil_core,POINT (382115.89048402105 3316152.3159531658),44.7477417,-0.103649294,0.028427876,1000,3,544.4993245,44.79589335,-0.048151652,-0.151800946,-0.019723776
6_300___AJ_soil_core___324,AJ_soil_core,POINT (382115.89048402105 3316152.3159531658),,,,250,0,,,,,
6_300___AJ_soil_core___325,AJ_soil_core,POINT (382088.49699486216 3316128.9894006844),44.87448883,-0.230396425,-0.098319255,1000,3,544.7832474,44.79589335,0.078595479,-0.151800946,-0.019723776
6_300___AJ_soil_core___325,AJ_soil_core,POINT (382088.49699486216 3316128.9894006844),,,,250,0,,,,,
6_300___AJ_soil_core___326,AJ_soil_core,POINT (382114.01084594213 3316138.9252168983),44.73238373,-0.088291323,0.043785847,1000,3,544.5624634,44.79589335,-0.063509623,-0.151800946,-0.019723776
6_300___AJ_soil_core___326,AJ_soil_core,POINT (382114.01084594213 3316138.9252168983),,,,250,0,,,,,
6_300___AJ_soil_core___327,AJ_soil_core,POINT (382129.62588722794 3316155.3837612183),44.75801849,-0.113926088,0.018151082,1000,3,544.7958742,44.79589335,-0.037874858,-0.151800946,-0.019723776
6_300___AJ_soil_core___327,AJ_soil_core,POINT (382129.62588722794 3316155.3837612183),44.75801849,0.123477564,0.244989147,250,1,243.2129751,44.85041046,-0.092391968,0.031085596,0.152597179
6_300___AJ_soil_core___328,AJ_soil_core,POINT (382115.89048402105 3316152.3159531658),44.7477417,-0.103649294,0.028427876,1000,3,544.4993245,44.79589335,-0.048151652,-0.151800946,-0.019723776
6_300___AJ_soil_core___328,AJ_soil_core,POINT (382115.89048402105 3316152.3159531658),,,,250,0,,,,,
6_300___AJ_soil_core___329,AJ_soil_core,POINT (382088.49699486216 3316128.9894006844),44.87448883,-0.230396425,-0.098319255,1000,3,544.7832474,44.79589335,0.078595479,-0.151800946,-0.019723776
6_300___AJ_soil_core___329,AJ_soil_core,POINT (382088.49699486216 3316128.9894006844),,,,250,0,,,,,
6_300___AJ_soil_core___330,AJ_soil_core,POINT (382114.01084594213 3316138.9252168983),44.73238373,-0.088291323,0.043785847,1000,3,544.5624634,44.79589335,-0.063509623,-0.151800946,-0.019723776
6_300___AJ_soil_core___330,AJ_soil_core,POINT (382114.01084594213 3316138.9252168983),,,,250,0,,,,,
6_300___AJ_soil_core___331,AJ_soil_core,POINT (382129.62588722794 3316155.3837612183),44.75801849,-0.113926088,0.018151082,1000,3,544.7958742,44.79589335,-0.037874858,-0.151800946,-0.019723776
6_300___AJ_soil_core___331,AJ_soil_core,POINT (382129.62588722794 3316155.3837612183),44.75801849,0.123477564,0.244989147,250,1,243.2129751,44.85041046,-0.092391968,0.031085596,0.152597179
6_300___AJ_soil_core___332,AJ_soil_core,POINT (382115.89048402105 3316152.3159531658),44.7477417,-0.103649294,0.028427876,1000,3,544.4993245,44.79589335,-0.048151652,-0.151800946,-0.019723776
6_300___AJ_soil_core___332,AJ_soil_core,POINT (382115.89048402105 3316152.3159531658),,,,250,0,,,,,
6_300___AJ_soil_core___333,AJ_soil_core,POINT (382088.49699486216 3316128.9894006844),44.87448883,-0.230396425,-0.098319255,1000,3,544.7832474,44.79589335,0.078595479,-0.151800946,-0.019723776
6_300___AJ_soil_core___333,AJ_soil_core,POINT (382088.49699486216 3316128.9894006844),,,,250,0,,,,,
6_300___AJ_soil_core___334,AJ_soil_core,POINT (382114.01084594213 3316138.9252168983),44.73238373,-0.088291323,0.043785847,1000,3,544.5624634,44.79589335,-0.063509623,-0.151800946,-0.019723776
6_300___AJ_soil_core___334,AJ_soil_core,POINT (382114.01084594213 3316138.9252168983),,,,250,0,,,,,
6_300___AJ_soil_core___335,AJ_soil_core,POINT (382129.62588722794 3316155.3837612183),44.75801849,-0.113926088,0.018151082,1000,3,544.7958742,44.79589335,-0.037874858,-0.151800946,-0.019723776
6_300___AJ_soil_core___335,AJ_soil_core,POINT (382129.62588722794 3316155.3837612183),44.75801849,0.123477564,0.244989147,250,1,243.2129751,44.85041046,-0.092391968,0.031085596,0.152597179
6_300___AJ_soil_core___336,AJ_soil_core,POINT (382115.89048402105 3316152.3159531658),44.7477417,-0.103649294,0.028427876,1000,3,544.4993245,44.79589335,-0.048151652,-0.151800946,-0.019723776
6_300___AJ_soil_core___336,AJ_soil_core,POINT (382115.89048402105 3316152.3159531658),,,,250,0,,,,,
6_300___AJ_soil_core___337,AJ_soil_core,POINT (382088.49699486216 3316128.9894006844),44.87448883,-0.230396425,-0.098319255,1000,3,544.7832474,44.79589335,0.078595479,-0.151800946,-0.019723776
6_300___AJ_soil_core___337,AJ_soil_core,POINT (382088.49699486216 3316128.9894006844),,,,250,0,,,,,
6_300___AJ_soil_core___338,AJ_soil_core,POINT (382114.01084594213 3316138.9252168983),44.73238373,-0.088291323,0.043785847,1000,3,544.5624634,44.79589335,-0.063509623,-0.151800946,-0.019723776
6_300___AJ_soil_core___338,AJ_soil_core,POINT (382114.01084594213 3316138.9252168983),,,,250,0,,,,,
6_300___AJ_soil_core___339,AJ_soil_core,POINT (382129.62588722794 3316155.3837612183),44.75801849,-0.113926088,0.018151082,1000,3,544.7958742,44.79589335,-0.037874858,-0.151800946,-0.019723776
6_300___AJ_soil_core___339,AJ_soil_core,POINT (382129.62588722794 3316155.3837612183),44.75801849,0.123477564,0.244989147,250,1,243.2129751,44.85041046,-0.092391968,0.031085596,0.152597179
6_300___AJ_soil_core___340,AJ_soil_core,POINT (382115.89048402105 3316152.3159531658),44.7477417,-0.103649294,0.028427876,1000,3,544.4993245,44.79589335,-0.048151652,-0.151800946,-0.019723776
6_300___AJ_soil_core___340,AJ_soil_core,POINT (382115.89048402105 3316152.3159531658),,,,250,0,,,,,
6_20___AJ_soil_core___341,AJ_soil_core,POINT (380892.43247062195 3316290.8828267925),46.18261337,-0.833026763,-0.617026527,1000,2,613.3721699,45.53451157,0.648101807,-0.184924957,0.03107528
6_20___AJ_soil_core___341,AJ_soil_core,POINT (380892.43247062195 3316290.8828267925),,,,250,0,,,,,
6_20___AJ_soil_core___342,AJ_soil_core,POINT (380867.1701267744 3316247.929836364),45.64485168,-0.295265075,-0.079264838,1000,2,637.3192916,45.53451157,0.110340118,-0.184924957,0.03107528
6_20___AJ_soil_core___342,AJ_soil_core,POINT (380867.1701267744 3316247.929836364),,,,250,0,,,,,
6_20___AJ_soil_core___343,AJ_soil_core,POINT (380877.3948382876 3316220.665578005),45.50527954,-0.155692931,0.060307305,1000,2,647.6006411,45.53451157,-0.029232025,-0.184924957,0.03107528
6_20___AJ_soil_core___343,AJ_soil_core,POINT (380877.3948382876 3316220.665578005),,,,250,0,,,,,
6_20___AJ_soil_core___344,AJ_soil_core,POINT (380879.45057443116 3316205.4592805845),45.39012146,-0.04053485,0.175465386,1000,2,654.7677688,45.53451157,-0.144390106,-0.184924957,0.03107528
6_20___AJ_soil_core___344,AJ_soil_core,POINT (380879.45057443116 3316205.4592805845),,,,250,0,,,,,
6_20___AJ_soil_core___345,AJ_soil_core,POINT (380892.43247062195 3316290.8828267925),46.18261337,-0.833026763,-0.617026527,1000,2,613.3721699,45.53451157,0.648101807,-0.184924957,0.03107528
6_20___AJ_soil_core___345,AJ_soil_core,POINT (380892.43247062195 3316290.8828267925),,,,250,0,,,,,
6_20___AJ_soil_core___346,AJ_soil_core,POINT (380867.1701267744 3316247.929836364),45.64485168,-0.295265075,-0.079264838,1000,2,637.3192916,45.53451157,0.110340118,-0.184924957,0.03107528
6_20___AJ_soil_core___346,AJ_soil_core,POINT (380867.1701267744 3316247.929836364),,,,250,0,,,,,
6_20___AJ_soil_core___347,AJ_soil_core,POINT (380877.3948382876 3316220.665578005),45.50527954,-0.155692931,0.060307305,1000,2,647.6006411,45.53451157,-0.029232025,-0.184924957,0.03107528
6_20___AJ_soil_core___347,AJ_soil_core,POINT (380877.3948382876 3316220.665578005),,,,250,0,,,,,
6_20___AJ_soil_core___348,AJ_soil_core,POINT (380879.45057443116 3316205.4592805845),45.39012146,-0.04053485,0.175465386,1000,2,654.7677688,45.53451157,-0.144390106,-0.184924957,0.03107528
6_20___AJ_soil_core___348,AJ_soil_core,POINT (380879.45057443116 3316205.4592805845),,,,250,0,,,,,
6_20___AJ_soil_core___349,AJ_soil_core,POINT (380892.43247062195 3316290.8828267925),46.18261337,-0.833026763,-0.617026527,1000,2,613.3721699,45.53451157,0.648101807,-0.184924957,0.03107528
6_20___AJ_soil_core___349,AJ_soil_core,POINT (380892.43247062195 3316290.8828267925),,,,250,0,,,,,
6_20___AJ_soil_core___350,AJ_soil_core,POINT (380867.1701267744 3316247.929836364),45.64485168,-0.295265075,-0.079264838,1000,2,637.3192916,45.53451157,0.110340118,-0.184924957,0.03107528
6_20___AJ_soil_core___350,AJ_soil_core,POINT (380867.1701267744 3316247.929836364),,,,250,0,,,,,
6_20___AJ_soil_core___351,AJ_soil_core,POINT (380877.3948382876 3316220.665578005),45.50527954,-0.155692931,0.060307305,1000,2,647.6006411,45.53451157,-0.029232025,-0.184924957,0.03107528
6_20___AJ_soil_core___351,AJ_soil_core,POINT (380877.3948382876 3316220.665578005),,,,250,0,,,,,
6_20___AJ_soil_core___352,AJ_soil_core,POINT (380879.45057443116 3316205.4592805845),45.39012146,-0.04053485,0.175465386,1000,2,654.7677688,45.53451157,-0.144390106,-0.184924957,0.03107528
6_20___AJ_soil_core___352,AJ_soil_core,POINT (380879.45057443116 3316205.4592805845),,,,250,0,,,,,
6_20___AJ_soil_core___353,AJ_soil_core,POINT (380892.43247062195 3316290.8828267925),46.18261337,-0.833026763,-0.617026527,1000,2,613.3721699,45.53451157,0.648101807,-0.184924957,0.03107528
6_20___AJ_soil_core___353,AJ_soil_core,POINT (380892.43247062195 3316290.8828267925),,,,250,0,,,,,
6_20___AJ_soil_core___354,AJ_soil_core,POINT (380867.1701267744 3316247.929836364),45.64485168,-0.295265075,-0.079264838,1000,2,637.3192916,45.53451157,0.110340118,-0.184924957,0.03107528
6_20___AJ_soil_core___354,AJ_soil_core,POINT (380867.1701267744 3316247.929836364),,,,250,0,,,,,
6_20___AJ_soil_core___355,AJ_soil_core,POINT (380877.3948382876 3316220.665578005),45.50527954,-0.155692931,0.060307305,1000,2,647.6006411,45.53451157,-0.029232025,-0.184924957,0.03107528
6_20___AJ_soil_core___355,AJ_soil_core,POINT (380877.3948382876 3316220.665578005),,,,250,0,,,,,
6_20___AJ_soil_core___356,AJ_soil_core,POINT (380879.45057443116 3316205.4592805845),45.39012146,-0.04053485,0.175465386,1000,2,654.7677688,45.53451157,-0.144390106,-0.184924957,0.03107528
6_20___AJ_soil_core___356,AJ_soil_core,POINT (380879.45057443116 3316205.4592805845),,,,250,0,,,,,
6_20___AJ_soil_core___357,AJ_soil_core,POINT (380892.43247062195 3316290.8828267925),46.18261337,-0.833026763,-0.617026527,1000,2,613.3721699,45.53451157,0.648101807,-0.184924957,0.03107528
6_20___AJ_soil_core___357,AJ_soil_core,POINT (380892.43247062195 3316290.8828267925),,,,250,0,,,,,
6_20___AJ_soil_core___358,AJ_soil_core,POINT (380867.1701267744 3316247.929836364),45.64485168,-0.295265075,-0.079264838,1000,2,637.3192916,45.53451157,0.110340118,-0.184924957,0.03107528
6_20___AJ_soil_core___358,AJ_soil_core,POINT (380867.1701267744 3316247.929836364),,,,250,0,,,,,
6_20___AJ_soil_core___359,AJ_soil_core,POINT (380877.3948382876 3316220.665578005),45.50527954,-0.155692931,0.060307305,1000,2,647.6006411,45.53451157,-0.029232025,-0.184924957,0.03107528
6_20___AJ_soil_core___359,AJ_soil_core,POINT (380877.3948382876 3316220.665578005),,,,250,0,,,,,
6_20___AJ_soil_core___360,AJ_soil_core,POINT (380879.45057443116 3316205.4592805845),45.39012146,-0.04053485,0.175465386,1000,2,654.7677688,45.53451157,-0.144390106,-0.184924957,0.03107528
6_20___AJ_soil_core___360,AJ_soil_core,POINT (380879.45057443116 3316205.4592805845),,,,250,0,,,,,
6_20___AJ_soil_core___361,AJ_soil_core,POINT (380892.43247062195 3316290.8828267925),46.18261337,-0.833026763,-0.617026527,1000,2,613.3721699,45.53451157,0.648101807,-0.184924957,0.03107528
6_20___AJ_soil_core___361,AJ_soil_core,POINT (380892.43247062195 3316290.8828267925),,,,250,0,,,,,
6_20___AJ_soil_core___362,AJ_soil_core,POINT (380867.1701267744 3316247.929836364),45.64485168,-0.295265075,-0.079264838,1000,2,637.3192916,45.53451157,0.110340118,-0.184924957,0.03107528
6_20___AJ_soil_core___362,AJ_soil_core,POINT (380867.1701267744 3316247.929836364),,,,250,0,,,,,
6_20___AJ_soil_core___363,AJ_soil_core,POINT (380877.3948382876 3316220.665578005),45.50527954,-0.155692931,0.060307305,1000,2,647.6006411,45.53451157,-0.029232025,-0.184924957,0.03107528
6_20___AJ_soil_core___363,AJ_soil_core,POINT (380877.3948382876 3316220.665578005),,,,250,0,,,,,
6_20___AJ_soil_core___364,AJ_soil_core,POINT (380879.45057443116 3316205.4592805845),45.39012146,-0.04053485,0.175465386,1000,2,654.7677688,45.53451157,-0.144390106,-0.184924957,0.03107528
6_20___AJ_soil_core___364,AJ_soil_core,POINT (380879.45057443116 3316205.4592805845),,,,250,0,,,,,
6_20___AJ_soil_core___365,AJ_soil_core,POINT (380892.43247062195 3316290.8828267925),46.18261337,-0.833026763,-0.617026527,1000,2,613.3721699,45.53451157,0.648101807,-0.184924957,0.03107528
6_20___AJ_soil_core___365,AJ_soil_core,POINT (380892.43247062195 3316290.8828267925),,,,250,0,,,,,
6_20___AJ_soil_core___366,AJ_soil_core,POINT (380867.1701267744 3316247.929836364),45.64485168,-0.295265075,-0.079264838,1000,2,637.3192916,45.53451157,0.110340118,-0.184924957,0.03107528
6_20___AJ_soil_core___366,AJ_soil_core,POINT (380867.1701267744 3316247.929836364),,,,250,0,,,,,
6_20___AJ_soil_core___367,AJ_soil_core,POINT (380877.3948382876 3316220.665578005),45.50527954,-0.155692931,0.060307305,1000,2,647.6006411,45.53451157,-0.029232025,-0.184924957,0.03107528
6_20___AJ_soil_core___367,AJ_soil_core,POINT (380877.3948382876 3316220.665578005),,,,250,0,,,,,
6_20___AJ_soil_core___368,AJ_soil_core,POINT (380879.45057443116 3316205.4592805845),45.39012146,-0.04053485,0.175465386,1000,2,654.7677688,45.53451157,-0.144390106,-0.184924957,0.03107528
6_20___AJ_soil_core___368,AJ_soil_core,POINT (380879.45057443116 3316205.4592805845),,,,250,0,,,,,
14_115___AJ_soil_core___369,AJ_soil_core,POINT (374797.63565985096 3310042.3735886714),43.15235138,-0.926669302,-0.823082932,1000,2,386.6743481,42.13227081,1.020080566,0.093411264,0.196997635
14_115___AJ_soil_core___369,AJ_soil_core,POINT (374797.63565985096 3310042.3735886714),43.15235138,-0.070097421,0.03601174,250,1,12.28784338,43.0039711,0.14838028,0.078282858,0.18439202
14_115___AJ_soil_core___370,AJ_soil_core,POINT (374797.48795514996 3310052.2957556993),43.01821136,-0.792529288,-0.688942917,1000,2,382.2115513,42.13227081,0.885940552,0.093411264,0.196997635
14_115___AJ_soil_core___370,AJ_soil_core,POINT (374797.48795514996 3310052.2957556993),43.01821136,0.064042594,0.170151755,250,1,10.25014621,43.0039711,0.014240265,0.078282858,0.18439202
14_115___AJ_soil_core___371,AJ_soil_core,POINT (374793.95441847586 3310060.4524098258),43.29812241,-1.072440329,-0.968853958,1000,2,379.3465597,42.13227081,1.165851593,0.093411264,0.196997635
14_115___AJ_soil_core___371,AJ_soil_core,POINT (374793.95441847586 3310060.4524098258),43.29812241,-0.215868448,-0.109759287,250,1,12.64828204,43.0039711,0.294151306,0.078282858,0.18439202
14_115___AJ_soil_core___372,AJ_soil_core,POINT (374791.02205184416 3310053.012934408),43.0304985,-0.804816428,-0.701230057,1000,2,376.9194567,42.13227081,0.898227692,0.093411264,0.196997635
14_115___AJ_soil_core___372,AJ_soil_core,POINT (374791.02205184416 3310053.012934408),43.0304985,0.051755454,0.157864615,250,1,4.885223113,43.0039711,0.026527405,0.078282858,0.18439202
14_115___AJ_soil_core___373,AJ_soil_core,POINT (374797.63565985096 3310042.3735886714),43.15235138,-0.926669302,-0.823082932,1000,2,386.6743481,42.13227081,1.020080566,0.093411264,0.196997635
14_115___AJ_soil_core___373,AJ_soil_core,POINT (374797.63565985096 3310042.3735886714),43.15235138,-0.070097421,0.03601174,250,1,12.28784338,43.0039711,0.14838028,0.078282858,0.18439202
14_115___AJ_soil_core___374,AJ_soil_core,POINT (374797.48795514996 3310052.2957556993),43.01821136,-0.792529288,-0.688942917,1000,2,382.2115513,42.13227081,0.885940552,0.093411264,0.196997635
14_115___AJ_soil_core___374,AJ_soil_core,POINT (374797.48795514996 3310052.2957556993),43.01821136,0.064042594,0.170151755,250,1,10.25014621,43.0039711,0.014240265,0.078282858,0.18439202
14_115___AJ_soil_core___375,AJ_soil_core,POINT (374793.95441847586 3310060.4524098258),43.29812241,-1.072440329,-0.968853958,1000,2,379.3465597,42.13227081,1.165851593,0.093411264,0.196997635
14_115___AJ_soil_core___375,AJ_soil_core,POINT (374793.95441847586 3310060.4524098258),43.29812241,-0.215868448,-0.109759287,250,1,12.64828204,43.0039711,0.294151306,0.078282858,0.18439202
14_115___AJ_soil_core___376,AJ_soil_core,POINT (374791.02205184416 3310053.012934408),43.0304985,-0.804816428,-0.701230057,1000,2,376.9194567,42.13227081,0.898227692,0.093411264,0.196997635
14_115___AJ_soil_core___376,AJ_soil_core,POINT (374791.02205184416 3310053.012934408),43.0304985,0.051755454,0.157864615,250,1,4.885223113,43.0039711,0.026527405,0.078282858,0.18439202
14_115___AJ_soil_core___377,AJ_soil_core,POINT (374797.63565985096 3310042.3735886714),43.15235138,-0.926669302,-0.823082932,1000,2,386.6743481,42.13227081,1.020080566,0.093411264,0.196997635
14_115___AJ_soil_core___377,AJ_soil_core,POINT (374797.63565985096 3310042.3735886714),43.15235138,-0.070097421,0.03601174,250,1,12.28784338,43.0039711,0.14838028,0.078282858,0.18439202
14_115___AJ_soil_core___378,AJ_soil_core,POINT (374797.48795514996 3310052.2957556993),43.01821136,-0.792529288,-0.688942917,1000,2,382.2115513,42.13227081,0.885940552,0.093411264,0.196997635
14_115___AJ_soil_core___378,AJ_soil_core,POINT (374797.48795514996 3310052.2957556993),43.01821136,0.064042594,0.170151755,250,1,10.25014621,43.0039711,0.014240265,0.078282858,0.18439202
14_115___AJ_soil_core___379,AJ_soil_core,POINT (374793.95441847586 3310060.4524098258),43.29812241,-1.072440329,-0.968853958,1000,2,379.3465597,42.13227081,1.165851593,0.093411264,0.196997635
14_115___AJ_soil_core___379,AJ_soil_core,POINT (374793.95441847586 3310060.4524098258),43.29812241,-0.215868448,-0.109759287,250,1,12.64828204,43.0039711,0.294151306,0.078282858,0.18439202
14_115___AJ_soil_core___380,AJ_soil_core,POINT (374791.02205184416 3310053.012934408),43.0304985,-0.804816428,-0.701230057,1000,2,376.9194567,42.13227081,0.898227692,0.093411264,0.196997635
14_115___AJ_soil_core___380,AJ_soil_core,POINT (374791.02205184416 3310053.012934408),43.0304985,0.051755454,0.157864615,250,1,4.885223113,43.0039711,0.026527405,0.078282858,0.18439202
14_115___AJ_soil_core___381,AJ_soil_core,POINT (374797.63565985096 3310042.3735886714),43.15235138,-0.926669302,-0.823082932,1000,2,386.6743481,42.13227081,1.020080566,0.093411264,0.196997635
14_115___AJ_soil_core___381,AJ_soil_core,POINT (374797.63565985096 3310042.3735886714),43.15235138,-0.070097421,0.03601174,250,1,12.28784338,43.0039711,0.14838028,0.078282858,0.18439202
14_115___AJ_soil_core___382,AJ_soil_core,POINT (374797.48795514996 3310052.2957556993),43.01821136,-0.792529288,-0.688942917,1000,2,382.2115513,42.13227081,0.885940552,0.093411264,0.196997635
14_115___AJ_soil_core___382,AJ_soil_core,POINT (374797.48795514996 3310052.2957556993),43.01821136,0.064042594,0.170151755,250,1,10.25014621,43.0039711,0.014240265,0.078282858,0.18439202
14_115___AJ_soil_core___383,AJ_soil_core,POINT (374793.95441847586 3310060.4524098258),43.29812241,-1.072440329,-0.968853958,1000,2,379.3465597,42.13227081,1.165851593,0.093411264,0.196997635
14_115___AJ_soil_core___383,AJ_soil_core,POINT (374793.95441847586 3310060.4524098258),43.29812241,-0.215868448,-0.109759287,250,1,12.64828204,43.0039711,0.294151306,0.078282858,0.18439202
14_115___AJ_soil_core___384,AJ_soil_core,POINT (374791.02205184416 3310053.012934408),43.0304985,-0.804816428,-0.701230057,1000,2,376.9194567,42.13227081,0.898227692,0.093411264,0.196997635
14_115___AJ_soil_core___384,AJ_soil_core,POINT (374791.02205184416 3310053.012934408),43.0304985,0.051755454,0.157864615,250,1,4.885223113,43.0039711,0.026527405,0.078282858,0.18439202
14_115___AJ_soil_core___385,AJ_soil_core,POINT (374797.63565985096 3310042.3735886714),43.15235138,-0.926669302,-0.823082932,1000,2,386.6743481,42.13227081,1.020080566,0.093411264,0.196997635
14_115___AJ_soil_core___385,AJ_soil_core,POINT (374797.63565985096 3310042.3735886714),43.15235138,-0.070097421,0.03601174,250,1,12.28784338,43.0039711,0.14838028,0.078282858,0.18439202
14_115___AJ_soil_core___386,AJ_soil_core,POINT (374797.48795514996 3310052.2957556993),43.01821136,-0.792529288,-0.688942917,1000,2,382.2115513,42.13227081,0.885940552,0.093411264,0.196997635
14_115___AJ_soil_core___386,AJ_soil_core,POINT (374797.48795514996 3310052.2957556993),43.01821136,0.064042594,0.170151755,250,1,10.25014621,43.0039711,0.014240265,0.078282858,0.18439202
14_115___AJ_soil_core___387,AJ_soil_core,POINT (374793.95441847586 3310060.4524098258),43.29812241,-1.072440329,-0.968853958,1000,2,379.3465597,42.13227081,1.165851593,0.093411264,0.196997635
14_115___AJ_soil_core___387,AJ_soil_core,POINT (374793.95441847586 3310060.4524098258),43.29812241,-0.215868448,-0.109759287,250,1,12.64828204,43.0039711,0.294151306,0.078282858,0.18439202
14_115___AJ_soil_core___388,AJ_soil_core,POINT (374791.02205184416 3310053.012934408),43.0304985,-0.804816428,-0.701230057,1000,2,376.9194567,42.13227081,0.898227692,0.093411264,0.196997635
14_115___AJ_soil_core___388,AJ_soil_core,POINT (374791.02205184416 3310053.012934408),43.0304985,0.051755454,0.157864615,250,1,4.885223113,43.0039711,0.026527405,0.078282858,0.18439202
14_115___AJ_soil_core___389,AJ_soil_core,POINT (374797.63565985096 3310042.3735886714),43.15235138,-0.926669302,-0.823082932,1000,2,386.6743481,42.13227081,1.020080566,0.093411264,0.196997635
14_115___AJ_soil_core___389,AJ_soil_core,POINT (374797.63565985096 3310042.3735886714),43.15235138,-0.070097421,0.03601174,250,1,12.28784338,43.0039711,0.14838028,0.078282858,0.18439202
14_115___AJ_soil_core___390,AJ_soil_core,POINT (374797.48795514996 3310052.2957556993),43.01821136,-0.792529288,-0.688942917,1000,2,382.2115513,42.13227081,0.885940552,0.093411264,0.196997635
14_115___AJ_soil_core___390,AJ_soil_core,POINT (374797.48795514996 3310052.2957556993),43.01821136,0.064042594,0.170151755,250,1,10.25014621,43.0039711,0.014240265,0.078282858,0.18439202
14_115___AJ_soil_core___391,AJ_soil_core,POINT (374793.95441847586 3310060.4524098258),43.29812241,-1.072440329,-0.968853958,1000,2,379.3465597,42.13227081,1.165851593,0.093411264,0.196997635
14_115___AJ_soil_core___391,AJ_soil_core,POINT (374793.95441847586 3310060.4524098258),43.29812241,-0.215868448,-0.109759287,250,1,12.64828204,43.0039711,0.294151306,0.078282858,0.18439202
14_115___AJ_soil_core___392,AJ_soil_core,POINT (374791.02205184416 3310053.012934408),43.0304985,-0.804816428,-0.701230057,1000,2,376.9194567,42.13227081,0.898227692,0.093411264,0.196997635
14_115___AJ_soil_core___392,AJ_soil_core,POINT (374791.02205184416 3310053.012934408),43.0304985,0.051755454,0.157864615,250,1,4.885223113,43.0039711,0.026527405,0.078282858,0.18439202
14_115___AJ_soil_core___393,AJ_soil_core,POINT (374797.63565985096 3310042.3735886714),43.15235138,-0.926669302,-0.823082932,1000,2,386.6743481,42.13227081,1.020080566,0.093411264,0.196997635
14_115___AJ_soil_core___393,AJ_soil_core,POINT (374797.63565985096 3310042.3735886714),43.15235138,-0.070097421,0.03601174,250,1,12.28784338,43.0039711,0.14838028,0.078282858,0.18439202
14_115___AJ_soil_core___394,AJ_soil_core,POINT (374797.48795514996 3310052.2957556993),43.01821136,-0.792529288,-0.688942917,1000,2,382.2115513,42.13227081,0.885940552,0.093411264,0.196997635
14_115___AJ_soil_core___394,AJ_soil_core,POINT (374797.48795514996 3310052.2957556993),43.01821136,0.064042594,0.170151755,250,1,10.25014621,43.0039711,0.014240265,0.078282858,0.18439202
14_115___AJ_soil_core___395,AJ_soil_core,POINT (374793.95441847586 3310060.4524098258),43.29812241,-1.072440329,-0.968853958,1000,2,379.3465597,42.13227081,1.165851593,0.093411264,0.196997635
14_115___AJ_soil_core___395,AJ_soil_core,POINT (374793.95441847586 3310060.4524098258),43.29812241,-0.215868448,-0.109759287,250,1,12.64828204,43.0039711,0.294151306,0.078282858,0.18439202
14_115___AJ_soil_core___396,AJ_soil_core,POINT (374791.02205184416 3310053.012934408),43.0304985,-0.804816428,-0.701230057,1000,2,376.9194567,42.13227081,0.898227692,0.093411264,0.196997635
14_115___AJ_soil_core___396,AJ_soil_core,POINT (374791.02205184416 3310053.012934408),43.0304985,0.051755454,0.157864615,250,1,4.885223113,43.0039711,0.026527405,0.078282858,0.18439202
14_115___AJ_soil_core___397,AJ_soil_core,POINT (374797.63565985096 3310042.3735886714),43.15235138,-0.926669302,-0.823082932,1000,2,386.6743481,42.13227081,1.020080566,0.093411264,0.196997635
14_115___AJ_soil_core___397,AJ_soil_core,POINT (374797.63565985096 3310042.3735886714),43.15235138,-0.070097421,0.03601174,250,1,12.28784338,43.0039711,0.14838028,0.078282858,0.18439202
14_115___AJ_soil_core___398,AJ_soil_core,POINT (374797.48795514996 3310052.2957556993),43.01821136,-0.792529288,-0.688942917,1000,2,382.2115513,42.13227081,0.885940552,0.093411264,0.196997635
14_115___AJ_soil_core___398,AJ_soil_core,POINT (374797.48795514996 3310052.2957556993),43.01821136,0.064042594,0.170151755,250,1,10.25014621,43.0039711,0.014240265,0.078282858,0.18439202
14_115___AJ_soil_core___399,AJ_soil_core,POINT (374793.95441847586 3310060.4524098258),43.29812241,-1.072440329,-0.968853958,1000,2,379.3465597,42.13227081,1.165851593,0.093411264,0.196997635
14_115___AJ_soil_core___399,AJ_soil_core,POINT (374793.95441847586 3310060.4524098258),43.29812241,-0.215868448,-0.109759287,250,1,12.64828204,43.0039711,0.294151306,0.078282858,0.18439202
14_115___AJ_soil_core___400,AJ_soil_core,POINT (374791.02205184416 3310053.012934408),43.0304985,-0.804816428,-0.701230057,1000,2,376.9194567,42.13227081,0.898227692,0.093411264,0.196997635
14_115___AJ_soil_core___400,AJ_soil_core,POINT (374791.02205184416 3310053.012934408),43.0304985,0.051755454,0.157864615,250,1,4.885223113,43.0039711,0.026527405,0.078282858,0.18439202
14_500___AJ_soil_core___401,AJ_soil_core,POINT (374233.8206459111 3310562.13279062),41.66848755,0.557194528,0.660780899,1000,2,382.8206696,42.13227081,-0.463783264,0.093411264,0.196997635
14_500___AJ_soil_core___401,AJ_soil_core,POINT (374233.8206459111 3310562.13279062),41.66848755,-0.299377353,-0.198313772,250,1,10.99451463,41.26057053,0.407917023,0.10853967,0.20960325
14_500___AJ_soil_core___402,AJ_soil_core,POINT (374250.50628103607 3310550.363251486),41.48908615,0.736595926,0.840182297,1000,2,375.1457293,42.13227081,-0.643184662,0.093411264,0.196997635
14_500___AJ_soil_core___402,AJ_soil_core,POINT (374250.50628103607 3310550.363251486),41.48908615,-0.119975955,-0.018912375,250,1,15.87965932,41.26057053,0.228515625,0.10853967,0.20960325
14_500___AJ_soil_core___403,AJ_soil_core,POINT (374243.07475779013 3310557.597604596),41.37900543,0.846676645,0.950263016,1000,2,376.1687712,42.13227081,-0.753265381,0.093411264,0.196997635
14_500___AJ_soil_core___403,AJ_soil_core,POINT (374243.07475779013 3310557.597604596),41.37900543,-0.009895236,0.091168344,250,1,7.556823213,41.26057053,0.118434906,0.10853967,0.20960325
14_500___AJ_soil_core___404,AJ_soil_core,POINT (374244.2089181155 3310564.720453912),41.26629257,0.959389505,1.062975876,1000,2,374.6074048,42.13227081,-0.865978241,0.093411264,0.196997635
14_500___AJ_soil_core___404,AJ_soil_core,POINT (374244.2089181155 3310564.720453912),41.26629257,0.102817624,0.203881204,250,1,0.380172323,41.26057053,0.005722046,0.10853967,0.20960325
14_500___AJ_soil_core___405,AJ_soil_core,POINT (374233.8206459111 3310562.13279062),41.66848755,0.557194528,0.660780899,1000,2,382.8206696,42.13227081,-0.463783264,0.093411264,0.196997635
14_500___AJ_soil_core___405,AJ_soil_core,POINT (374233.8206459111 3310562.13279062),41.66848755,-0.299377353,-0.198313772,250,1,10.99451463,41.26057053,0.407917023,0.10853967,0.20960325
14_500___AJ_soil_core___406,AJ_soil_core,POINT (374250.50628103607 3310550.363251486),41.48908615,0.736595926,0.840182297,1000,2,375.1457293,42.13227081,-0.643184662,0.093411264,0.196997635
14_500___AJ_soil_core___406,AJ_soil_core,POINT (374250.50628103607 3310550.363251486),41.48908615,-0.119975955,-0.018912375,250,1,15.87965932,41.26057053,0.228515625,0.10853967,0.20960325
14_500___AJ_soil_core___407,AJ_soil_core,POINT (374243.07475779013 3310557.597604596),41.37900543,0.846676645,0.950263016,1000,2,376.1687712,42.13227081,-0.753265381,0.093411264,0.196997635
14_500___AJ_soil_core___407,AJ_soil_core,POINT (374243.07475779013 3310557.597604596),41.37900543,-0.009895236,0.091168344,250,1,7.556823213,41.26057053,0.118434906,0.10853967,0.20960325
14_500___AJ_soil_core___408,AJ_soil_core,POINT (374244.2089181155 3310564.720453912),41.26629257,0.959389505,1.062975876,1000,2,374.6074048,42.13227081,-0.865978241,0.093411264,0.196997635
14_500___AJ_soil_core___408,AJ_soil_core,POINT (374244.2089181155 3310564.720453912),41.26629257,0.102817624,0.203881204,250,1,0.380172323,41.26057053,0.005722046,0.10853967,0.20960325
14_500___AJ_soil_core___409,AJ_soil_core,POINT (374233.8206459111 3310562.13279062),41.66848755,0.557194528,0.660780899,1000,2,382.8206696,42.13227081,-0.463783264,0.093411264,0.196997635
14_500___AJ_soil_core___409,AJ_soil_core,POINT (374233.8206459111 3310562.13279062),41.66848755,-0.299377353,-0.198313772,250,1,10.99451463,41.26057053,0.407917023,0.10853967,0.20960325
14_500___AJ_soil_core___410,AJ_soil_core,POINT (374250.50628103607 3310550.363251486),41.48908615,0.736595926,0.840182297,1000,2,375.1457293,42.13227081,-0.643184662,0.093411264,0.196997635
14_500___AJ_soil_core___410,AJ_soil_core,POINT (374250.50628103607 3310550.363251486),41.48908615,-0.119975955,-0.018912375,250,1,15.87965932,41.26057053,0.228515625,0.10853967,0.20960325
14_500___AJ_soil_core___411,AJ_soil_core,POINT (374243.07475779013 3310557.597604596),41.37900543,0.846676645,0.950263016,1000,2,376.1687712,42.13227081,-0.753265381,0.093411264,0.196997635
14_500___AJ_soil_core___411,AJ_soil_core,POINT (374243.07475779013 3310557.597604596),41.37900543,-0.009895236,0.091168344,250,1,7.556823213,41.26057053,0.118434906,0.10853967,0.20960325
14_500___AJ_soil_core___412,AJ_soil_core,POINT (374244.2089181155 3310564.720453912),41.26629257,0.959389505,1.062975876,1000,2,374.6074048,42.13227081,-0.865978241,0.093411264,0.196997635
14_500___AJ_soil_core___412,AJ_soil_core,POINT (374244.2089181155 3310564.720453912),41.26629257,0.102817624,0.203881204,250,1,0.380172323,41.26057053,0.005722046,0.10853967,0.20960325
14_500___AJ_soil_core___413,AJ_soil_core,POINT (374233.8206459111 3310562.13279062),41.66848755,0.557194528,0.660780899,1000,2,382.8206696,42.13227081,-0.463783264,0.093411264,0.196997635
14_500___AJ_soil_core___413,AJ_soil_core,POINT (374233.8206459111 3310562.13279062),41.66848755,-0.299377353,-0.198313772,250,1,10.99451463,41.26057053,0.407917023,0.10853967,0.20960325
14_500___AJ_soil_core___414,AJ_soil_core,POINT (374250.50628103607 3310550.363251486),41.48908615,0.736595926,0.840182297,1000,2,375.1457293,42.13227081,-0.643184662,0.093411264,0.196997635
14_500___AJ_soil_core___414,AJ_soil_core,POINT (374250.50628103607 3310550.363251486),41.48908615,-0.119975955,-0.018912375,250,1,15.87965932,41.26057053,0.228515625,0.10853967,0.20960325
14_500___AJ_soil_core___415,AJ_soil_core,POINT (374243.07475779013 3310557.597604596),41.37900543,0.846676645,0.950263016,1000,2,376.1687712,42.13227081,-0.753265381,0.093411264,0.196997635
14_500___AJ_soil_core___415,AJ_soil_core,POINT (374243.07475779013 3310557.597604596),41.37900543,-0.009895236,0.091168344,250,1,7.556823213,41.26057053,0.118434906,0.10853967,0.20960325
14_500___AJ_soil_core___416,AJ_soil_core,POINT (374244.2089181155 3310564.720453912),41.26629257,0.959389505,1.062975876,1000,2,374.6074048,42.13227081,-0.865978241,0.093411264,0.196997635
14_500___AJ_soil_core___416,AJ_soil_core,POINT (374244.2089181155 3310564.720453912),41.26629257,0.102817624,0.203881204,250,1,0.380172323,41.26057053,0.005722046,0.10853967,0.20960325
14_500___AJ_soil_core___417,AJ_soil_core,POINT (374233.8206459111 3310562.13279062),41.66848755,0.557194528,0.660780899,1000,2,382.8206696,42.13227081,-0.463783264,0.093411264,0.196997635
14_500___AJ_soil_core___417,AJ_soil_core,POINT (374233.8206459111 3310562.13279062),41.66848755,-0.299377353,-0.198313772,250,1,10.99451463,41.26057053,0.407917023,0.10853967,0.20960325
14_500___AJ_soil_core___418,AJ_soil_core,POINT (374250.50628103607 3310550.363251486),41.48908615,0.736595926,0.840182297,1000,2,375.1457293,42.13227081,-0.643184662,0.093411264,0.196997635
14_500___AJ_soil_core___418,AJ_soil_core,POINT (374250.50628103607 3310550.363251486),41.48908615,-0.119975955,-0.018912375,250,1,15.87965932,41.26057053,0.228515625,0.10853967,0.20960325
14_500___AJ_soil_core___419,AJ_soil_core,POINT (374243.07475779013 3310557.597604596),41.37900543,0.846676645,0.950263016,1000,2,376.1687712,42.13227081,-0.753265381,0.093411264,0.196997635
14_500___AJ_soil_core___419,AJ_soil_core,POINT (374243.07475779013 3310557.597604596),41.37900543,-0.009895236,0.091168344,250,1,7.556823213,41.26057053,0.118434906,0.10853967,0.20960325
14_500___AJ_soil_core___420,AJ_soil_core,POINT (374244.2089181155 3310564.720453912),41.26629257,0.959389505,1.062975876,1000,2,374.6074048,42.13227081,-0.865978241,0.093411264,0.196997635
14_500___AJ_soil_core___420,AJ_soil_core,POINT (374244.2089181155 3310564.720453912),41.26629257,0.102817624,0.203881204,250,1,0.380172323,41.26057053,0.005722046,0.10853967,0.20960325
14_500___AJ_soil_core___421,AJ_soil_core,POINT (374233.8206459111 3310562.13279062),41.66848755,0.557194528,0.660780899,1000,2,382.8206696,42.13227081,-0.463783264,0.093411264,0.196997635
14_500___AJ_soil_core___421,AJ_soil_core,POINT (374233.8206459111 3310562.13279062),41.66848755,-0.299377353,-0.198313772,250,1,10.99451463,41.26057053,0.407917023,0.10853967,0.20960325
14_500___AJ_soil_core___422,AJ_soil_core,POINT (374250.50628103607 3310550.363251486),41.48908615,0.736595926,0.840182297,1000,2,375.1457293,42.13227081,-0.643184662,0.093411264,0.196997635
14_500___AJ_soil_core___422,AJ_soil_core,POINT (374250.50628103607 3310550.363251486),41.48908615,-0.119975955,-0.018912375,250,1,15.87965932,41.26057053,0.228515625,0.10853967,0.20960325
14_500___AJ_soil_core___423,AJ_soil_core,POINT (374243.07475779013 3310557.597604596),41.37900543,0.846676645,0.950263016,1000,2,376.1687712,42.13227081,-0.753265381,0.093411264,0.196997635
14_500___AJ_soil_core___423,AJ_soil_core,POINT (374243.07475779013 3310557.597604596),41.37900543,-0.009895236,0.091168344,250,1,7.556823213,41.26057053,0.118434906,0.10853967,0.20960325
14_500___AJ_soil_core___424,AJ_soil_core,POINT (374244.2089181155 3310564.720453912),41.26629257,0.959389505,1.062975876,1000,2,374.6074048,42.13227081,-0.865978241,0.093411264,0.196997635
14_500___AJ_soil_core___424,AJ_soil_core,POINT (374244.2089181155 3310564.720453912),41.26629257,0.102817624,0.203881204,250,1,0.380172323,41.26057053,0.005722046,0.10853967,0.20960325
14_500___AJ_soil_core___425,AJ_soil_core,POINT (374233.8206459111 3310562.13279062),41.66848755,0.557194528,0.660780899,1000,2,382.8206696,42.13227081,-0.463783264,0.093411264,0.196997635
14_500___AJ_soil_core___425,AJ_soil_core,POINT (374233.8206459111 3310562.13279062),41.66848755,-0.299377353,-0.198313772,250,1,10.99451463,41.26057053,0.407917023,0.10853967,0.20960325
14_500___AJ_soil_core___426,AJ_soil_core,POINT (374250.50628103607 3310550.363251486),41.48908615,0.736595926,0.840182297,1000,2,375.1457293,42.13227081,-0.643184662,0.093411264,0.196997635
14_500___AJ_soil_core___426,AJ_soil_core,POINT (374250.50628103607 3310550.363251486),41.48908615,-0.119975955,-0.018912375,250,1,15.87965932,41.26057053,0.228515625,0.10853967,0.20960325
14_500___AJ_soil_core___427,AJ_soil_core,POINT (374243.07475779013 3310557.597604596),41.37900543,0.846676645,0.950263016,1000,2,376.1687712,42.13227081,-0.753265381,0.093411264,0.196997635
14_500___AJ_soil_core___427,AJ_soil_core,POINT (374243.07475779013 3310557.597604596),41.37900543,-0.009895236,0.091168344,250,1,7.556823213,41.26057053,0.118434906,0.10853967,0.20960325
14_500___AJ_soil_core___428,AJ_soil_core,POINT (374244.2089181155 3310564.720453912),41.26629257,0.959389505,1.062975876,1000,2,374.6074048,42.13227081,-0.865978241,0.093411264,0.196997635
14_500___AJ_soil_core___428,AJ_soil_core,POINT (374244.2089181155 3310564.720453912),41.26629257,0.102817624,0.203881204,250,1,0.380172323,41.26057053,0.005722046,0.10853967,0.20960325
14_500___AJ_soil_core___429,AJ_soil_core,POINT (374233.8206459111 3310562.13279062),41.66848755,0.557194528,0.660780899,1000,2,382.8206696,42.13227081,-0.463783264,0.093411264,0.196997635
14_500___AJ_soil_core___429,AJ_soil_core,POINT (374233.8206459111 3310562.13279062),41.66848755,-0.299377353,-0.198313772,250,1,10.99451463,41.26057053,0.407917023,0.10853967,0.20960325
14_500___AJ_soil_core___430,AJ_soil_core,POINT (374250.50628103607 3310550.363251486),41.48908615,0.736595926,0.840182297,1000,2,375.1457293,42.13227081,-0.643184662,0.093411264,0.196997635
14_500___AJ_soil_core___430,AJ_soil_core,POINT (374250.50628103607 3310550.363251486),41.48908615,-0.119975955,-0.018912375,250,1,15.87965932,41.26057053,0.228515625,0.10853967,0.20960325
14_500___AJ_soil_core___431,AJ_soil_core,POINT (374243.07475779013 3310557.597604596),41.37900543,0.846676645,0.950263016,1000,2,376.1687712,42.13227081,-0.753265381,0.093411264,0.196997635
14_500___AJ_soil_core___431,AJ_soil_core,POINT (374243.07475779013 3310557.597604596),41.37900543,-0.009895236,0.091168344,250,1,7.556823213,41.26057053,0.118434906,0.10853967,0.20960325
14_500___AJ_soil_core___432,AJ_soil_core,POINT (374244.2089181155 3310564.720453912),41.26629257,0.959389505,1.062975876,1000,2,374.6074048,42.13227081,-0.865978241,0.093411264,0.196997635
14_500___AJ_soil_core___432,AJ_soil_core,POINT (374244.2089181155 3310564.720453912),41.26629257,0.102817624,0.203881204,250,1,0.380172323,41.26057053,0.005722046,0.10853967,0.20960325
14/9_168___AJ_soil_core___433,AJ_soil_core,POINT (379495.79862247035 3310849.227340137),44.78944397,-0.129756094,-0.038697081,1000,1,43.89726731,44.69190979,0.09753418,-0.032221914,0.058837098
14/9_168___AJ_soil_core___433,AJ_soil_core,POINT (379495.79862247035 3310849.227340137),44.78944397,-0.129756094,-0.038697081,250,1,43.89726731,44.69190979,0.09753418,-0.032221914,0.058837098
14/9_168___AJ_soil_core___434,AJ_soil_core,POINT (379478.3572725278 3310869.2589320187),44.80172348,-0.142035604,-0.050976592,1000,1,30.29842694,44.69190979,0.10981369,-0.032221914,0.058837098
14/9_168___AJ_soil_core___434,AJ_soil_core,POINT (379478.3572725278 3310869.2589320187),44.80172348,-0.142035604,-0.050976592,250,1,30.29842694,44.69190979,0.10981369,-0.032221914,0.058837098
14/9_168___AJ_soil_core___435,AJ_soil_core,POINT (379470.7917569662 3310899.8727088263),44.63485718,0.024830698,0.115889711,1000,1,27.11206084,44.69190979,-0.057052612,-0.032221914,0.058837098
14/9_168___AJ_soil_core___435,AJ_soil_core,POINT (379470.7917569662 3310899.8727088263),44.63485718,0.024830698,0.115889711,250,1,27.11206084,44.69190979,-0.057052612,-0.032221914,0.058837098
14/9_168___AJ_soil_core___436,AJ_soil_core,POINT (379495.79862247035 3310849.227340137),44.78944397,-0.129756094,-0.038697081,1000,1,43.89726731,44.69190979,0.09753418,-0.032221914,0.058837098
14/9_168___AJ_soil_core___436,AJ_soil_core,POINT (379495.79862247035 3310849.227340137),44.78944397,-0.129756094,-0.038697081,250,1,43.89726731,44.69190979,0.09753418,-0.032221914,0.058837098
14/9_168___AJ_soil_core___437,AJ_soil_core,POINT (379478.3572725278 3310869.2589320187),44.80172348,-0.142035604,-0.050976592,1000,1,30.29842694,44.69190979,0.10981369,-0.032221914,0.058837098
14/9_168___AJ_soil_core___437,AJ_soil_core,POINT (379478.3572725278 3310869.2589320187),44.80172348,-0.142035604,-0.050976592,250,1,30.29842694,44.69190979,0.10981369,-0.032221914,0.058837098
14/9_168___AJ_soil_core___438,AJ_soil_core,POINT (379470.7917569662 3310899.8727088263),44.63485718,0.024830698,0.115889711,1000,1,27.11206084,44.69190979,-0.057052612,-0.032221914,0.058837098
14/9_168___AJ_soil_core___438,AJ_soil_core,POINT (379470.7917569662 3310899.8727088263),44.63485718,0.024830698,0.115889711,250,1,27.11206084,44.69190979,-0.057052612,-0.032221914,0.058837098
14/9_168___AJ_soil_core___439,AJ_soil_core,POINT (379495.79862247035 3310849.227340137),44.78944397,-0.129756094,-0.038697081,1000,1,43.89726731,44.69190979,0.09753418,-0.032221914,0.058837098
14/9_168___AJ_soil_core___439,AJ_soil_core,POINT (379495.79862247035 3310849.227340137),44.78944397,-0.129756094,-0.038697081,250,1,43.89726731,44.69190979,0.09753418,-0.032221914,0.058837098
14/9_168___AJ_soil_core___440,AJ_soil_core,POINT (379478.3572725278 3310869.2589320187),44.80172348,-0.142035604,-0.050976592,1000,1,30.29842694,44.69190979,0.10981369,-0.032221914,0.058837098
14/9_168___AJ_soil_core___440,AJ_soil_core,POINT (379478.3572725278 3310869.2589320187),44.80172348,-0.142035604,-0.050976592,250,1,30.29842694,44.69190979,0.10981369,-0.032221914,0.058837098
14/9_168___AJ_soil_core___441,AJ_soil_core,POINT (379470.7917569662 3310899.8727088263),44.63485718,0.024830698,0.115889711,1000,1,27.11206084,44.69190979,-0.057052612,-0.032221914,0.058837098
14/9_168___AJ_soil_core___441,AJ_soil_core,POINT (379470.7917569662 3310899.8727088263),44.63485718,0.024830698,0.115889711,250,1,27.11206084,44.69190979,-0.057052612,-0.032221914,0.058837098
14/9_168___AJ_soil_core___442,AJ_soil_core,POINT (379495.79862247035 3310849.227340137),44.78944397,-0.129756094,-0.038697081,1000,1,43.89726731,44.69190979,0.09753418,-0.032221914,0.058837098
14/9_168___AJ_soil_core___442,AJ_soil_core,POINT (379495.79862247035 3310849.227340137),44.78944397,-0.129756094,-0.038697081,250,1,43.89726731,44.69190979,0.09753418,-0.032221914,0.058837098
14/9_168___AJ_soil_core___443,AJ_soil_core,POINT (379478.3572725278 3310869.2589320187),44.80172348,-0.142035604,-0.050976592,1000,1,30.29842694,44.69190979,0.10981369,-0.032221914,0.058837098
14/9_168___AJ_soil_core___443,AJ_soil_core,POINT (379478.3572725278 3310869.2589320187),44.80172348,-0.142035604,-0.050976592,250,1,30.29842694,44.69190979,0.10981369,-0.032221914,0.058837098
14/9_168___AJ_soil_core___444,AJ_soil_core,POINT (379470.7917569662 3310899.8727088263),44.63485718,0.024830698,0.115889711,1000,1,27.11206084,44.69190979,-0.057052612,-0.032221914,0.058837098
14/9_168___AJ_soil_core___444,AJ_soil_core,POINT (379470.7917569662 3310899.8727088263),44.63485718,0.024830698,0.115889711,250,1,27.11206084,44.69190979,-0.057052612,-0.032221914,0.058837098
14/9_168___AJ_soil_core___445,AJ_soil_core,POINT (379495.79862247035 3310849.227340137),44.78944397,-0.129756094,-0.038697081,1000,1,43.89726731,44.69190979,0.09753418,-0.032221914,0.058837098
14/9_168___AJ_soil_core___445,AJ_soil_core,POINT (379495.79862247035 3310849.227340137),44.78944397,-0.129756094,-0.038697081,250,1,43.89726731,44.69190979,0.09753418,-0.032221914,0.058837098
14/9_168___AJ_soil_core___446,AJ_soil_core,POINT (379478.3572725278 3310869.2589320187),44.80172348,-0.142035604,-0.050976592,1000,1,30.29842694,44.69190979,0.10981369,-0.032221914,0.058837098
14/9_168___AJ_soil_core___446,AJ_soil_core,POINT (379478.3572725278 3310869.2589320187),44.80172348,-0.142035604,-0.050976592,250,1,30.29842694,44.69190979,0.10981369,-0.032221914,0.058837098
14/9_168___AJ_soil_core___447,AJ_soil_core,POINT (379470.7917569662 3310899.8727088263),44.63485718,0.024830698,0.115889711,1000,1,27.11206084,44.69190979,-0.057052612,-0.032221914,0.058837098
14/9_168___AJ_soil_core___447,AJ_soil_core,POINT (379470.7917569662 3310899.8727088263),44.63485718,0.024830698,0.115889711,250,1,27.11206084,44.69190979,-0.057052612,-0.032221914,0.058837098
14/9_168___AJ_soil_core___448,AJ_soil_core,POINT (379495.79862247035 3310849.227340137),44.78944397,-0.129756094,-0.038697081,1000,1,43.89726731,44.69190979,0.09753418,-0.032221914,0.058837098
14/9_168___AJ_soil_core___448,AJ_soil_core,POINT (379495.79862247035 3310849.227340137),44.78944397,-0.129756094,-0.038697081,250,1,43.89726731,44.69190979,0.09753418,-0.032221914,0.058837098
14/9_168___AJ_soil_core___449,AJ_soil_core,POINT (379478.3572725278 3310869.2589320187),44.80172348,-0.142035604,-0.050976592,1000,1,30.29842694,44.69190979,0.10981369,-0.032221914,0.058837098
14/9_168___AJ_soil_core___449,AJ_soil_core,POINT (379478.3572725278 3310869.2589320187),44.80172348,-0.142035604,-0.050976592,250,1,30.29842694,44.69190979,0.10981369,-0.032221914,0.058837098
14/9_168___AJ_soil_core___450,AJ_soil_core,POINT (379470.7917569662 3310899.8727088263),44.63485718,0.024830698,0.115889711,1000,1,27.11206084,44.69190979,-0.057052612,-0.032221914,0.058837098
14/9_168___AJ_soil_core___450,AJ_soil_core,POINT (379470.7917569662 3310899.8727088263),44.63485718,0.024830698,0.115889711,250,1,27.11206084,44.69190979,-0.057052612,-0.032221914,0.058837098
14/9_527___AJ_soil_core___451,AJ_soil_core,POINT (379761.8272666494 3312738.2914578007),45.92404556,-0.525807765,-0.438831088,1000,2,325.7356797,44.97139931,0.952646255,0.42683849,0.513815168
14/9_527___AJ_soil_core___451,AJ_soil_core,POINT (379761.8272666494 3312738.2914578007),45.92404556,-1.06609009,-0.983099974,250,1,56.49149764,44.72052765,1.203517914,0.137427824,0.22041794
14/9_527___AJ_soil_core___452,AJ_soil_core,POINT (379777.5441665278 3312683.8611327913),44.71653748,0.681700322,0.768676999,1000,2,325.0393987,44.97139931,-0.254861832,0.42683849,0.513815168
14/9_527___AJ_soil_core___452,AJ_soil_core,POINT (379777.5441665278 3312683.8611327913),44.71653748,0.141417997,0.224408113,250,1,1.131923971,44.72052765,-0.003990173,0.137427824,0.22041794
14/9_527___AJ_soil_core___453,AJ_soil_core,POINT (379784.02175045596 3312674.741573881),44.59578323,0.802454564,0.889431241,1000,2,335.5802222,44.97139931,-0.375616074,0.42683849,0.513815168
14/9_527___AJ_soil_core___453,AJ_soil_core,POINT (379784.02175045596 3312674.741573881),44.59578323,0.262172239,0.345162355,250,1,11.03679533,44.72052765,-0.124744415,0.137427824,0.22041794
14/9_527___AJ_soil_core___454,AJ_soil_core,POINT (379790.38821083546 3312670.948026385),44.54256439,0.855673406,0.942650083,1000,2,342.3223598,44.97139931,-0.428834915,0.42683849,0.513815168
14/9_527___AJ_soil_core___454,AJ_soil_core,POINT (379790.38821083546 3312670.948026385),44.54256439,0.315391081,0.398381197,250,1,17.8592629,44.72052765,-0.177963257,0.137427824,0.22041794
14/9_527___AJ_soil_core___455,AJ_soil_core,POINT (379761.8272666494 3312738.2914578007),45.92404556,-0.525807765,-0.438831088,1000,2,325.7356797,44.97139931,0.952646255,0.42683849,0.513815168
14/9_527___AJ_soil_core___455,AJ_soil_core,POINT (379761.8272666494 3312738.2914578007),45.92404556,-1.06609009,-0.983099974,250,1,56.49149764,44.72052765,1.203517914,0.137427824,0.22041794
14/9_527___AJ_soil_core___456,AJ_soil_core,POINT (379777.5441665278 3312683.8611327913),44.71653748,0.681700322,0.768676999,1000,2,325.0393987,44.97139931,-0.254861832,0.42683849,0.513815168
14/9_527___AJ_soil_core___456,AJ_soil_core,POINT (379777.5441665278 3312683.8611327913),44.71653748,0.141417997,0.224408113,250,1,1.131923971,44.72052765,-0.003990173,0.137427824,0.22041794
14/9_527___AJ_soil_core___457,AJ_soil_core,POINT (379784.02175045596 3312674.741573881),44.59578323,0.802454564,0.889431241,1000,2,335.5802222,44.97139931,-0.375616074,0.42683849,0.513815168
14/9_527___AJ_soil_core___457,AJ_soil_core,POINT (379784.02175045596 3312674.741573881),44.59578323,0.262172239,0.345162355,250,1,11.03679533,44.72052765,-0.124744415,0.137427824,0.22041794
14/9_527___AJ_soil_core___458,AJ_soil_core,POINT (379790.38821083546 3312670.948026385),44.54256439,0.855673406,0.942650083,1000,2,342.3223598,44.97139931,-0.428834915,0.42683849,0.513815168
14/9_527___AJ_soil_core___458,AJ_soil_core,POINT (379790.38821083546 3312670.948026385),44.54256439,0.315391081,0.398381197,250,1,17.8592629,44.72052765,-0.177963257,0.137427824,0.22041794
14/9_527___AJ_soil_core___459,AJ_soil_core,POINT (379761.8272666494 3312738.2914578007),45.92404556,-0.525807765,-0.438831088,1000,2,325.7356797,44.97139931,0.952646255,0.42683849,0.513815168
14/9_527___AJ_soil_core___459,AJ_soil_core,POINT (379761.8272666494 3312738.2914578007),45.92404556,-1.06609009,-0.983099974,250,1,56.49149764,44.72052765,1.203517914,0.137427824,0.22041794
14/9_527___AJ_soil_core___460,AJ_soil_core,POINT (379777.5441665278 3312683.8611327913),44.71653748,0.681700322,0.768676999,1000,2,325.0393987,44.97139931,-0.254861832,0.42683849,0.513815168
14/9_527___AJ_soil_core___460,AJ_soil_core,POINT (379777.5441665278 3312683.8611327913),44.71653748,0.141417997,0.224408113,250,1,1.131923971,44.72052765,-0.003990173,0.137427824,0.22041794
14/9_527___AJ_soil_core___461,AJ_soil_core,POINT (379784.02175045596 3312674.741573881),44.59578323,0.802454564,0.889431241,1000,2,335.5802222,44.97139931,-0.375616074,0.42683849,0.513815168
14/9_527___AJ_soil_core___461,AJ_soil_core,POINT (379784.02175045596 3312674.741573881),44.59578323,0.262172239,0.345162355,250,1,11.03679533,44.72052765,-0.124744415,0.137427824,0.22041794
14/9_527___AJ_soil_core___462,AJ_soil_core,POINT (379790.38821083546 3312670.948026385),44.54256439,0.855673406,0.942650083,1000,2,342.3223598,44.97139931,-0.428834915,0.42683849,0.513815168
14/9_527___AJ_soil_core___462,AJ_soil_core,POINT (379790.38821083546 3312670.948026385),44.54256439,0.315391081,0.398381197,250,1,17.8592629,44.72052765,-0.177963257,0.137427824,0.22041794
14/9_527___AJ_soil_core___463,AJ_soil_core,POINT (379761.8272666494 3312738.2914578007),45.92404556,-0.525807765,-0.438831088,1000,2,325.7356797,44.97139931,0.952646255,0.42683849,0.513815168
14/9_527___AJ_soil_core___463,AJ_soil_core,POINT (379761.8272666494 3312738.2914578007),45.92404556,-1.06609009,-0.983099974,250,1,56.49149764,44.72052765,1.203517914,0.137427824,0.22041794
14/9_527___AJ_soil_core___464,AJ_soil_core,POINT (379777.5441665278 3312683.8611327913),44.71653748,0.681700322,0.768676999,1000,2,325.0393987,44.97139931,-0.254861832,0.42683849,0.513815168
14/9_527___AJ_soil_core___464,AJ_soil_core,POINT (379777.5441665278 3312683.8611327913),44.71653748,0.141417997,0.224408113,250,1,1.131923971,44.72052765,-0.003990173,0.137427824,0.22041794
14/9_527___AJ_soil_core___465,AJ_soil_core,POINT (379784.02175045596 3312674.741573881),44.59578323,0.802454564,0.889431241,1000,2,335.5802222,44.97139931,-0.375616074,0.42683849,0.513815168
14/9_527___AJ_soil_core___465,AJ_soil_core,POINT (379784.02175045596 3312674.741573881),44.59578323,0.262172239,0.345162355,250,1,11.03679533,44.72052765,-0.124744415,0.137427824,0.22041794
14/9_527___AJ_soil_core___466,AJ_soil_core,POINT (379790.38821083546 3312670.948026385),44.54256439,0.855673406,0.942650083,1000,2,342.3223598,44.97139931,-0.428834915,0.42683849,0.513815168
14/9_527___AJ_soil_core___466,AJ_soil_core,POINT (379790.38821083546 3312670.948026385),44.54256439,0.315391081,0.398381197,250,1,17.8592629,44.72052765,-0.177963257,0.137427824,0.22041794
14/9_527___AJ_soil_core___467,AJ_soil_core,POINT (379761.8272666494 3312738.2914578007),45.92404556,-0.525807765,-0.438831088,1000,2,325.7356797,44.97139931,0.952646255,0.42683849,0.513815168
14/9_527___AJ_soil_core___467,AJ_soil_core,POINT (379761.8272666494 3312738.2914578007),45.92404556,-1.06609009,-0.983099974,250,1,56.49149764,44.72052765,1.203517914,0.137427824,0.22041794
14/9_527___AJ_soil_core___468,AJ_soil_core,POINT (379777.5441665278 3312683.8611327913),44.71653748,0.681700322,0.768676999,1000,2,325.0393987,44.97139931,-0.254861832,0.42683849,0.513815168
14/9_527___AJ_soil_core___468,AJ_soil_core,POINT (379777.5441665278 3312683.8611327913),44.71653748,0.141417997,0.224408113,250,1,1.131923971,44.72052765,-0.003990173,0.137427824,0.22041794
14/9_527___AJ_soil_core___469,AJ_soil_core,POINT (379784.02175045596 3312674.741573881),44.59578323,0.802454564,0.889431241,1000,2,335.5802222,44.97139931,-0.375616074,0.42683849,0.513815168
14/9_527___AJ_soil_core___469,AJ_soil_core,POINT (379784.02175045596 3312674.741573881),44.59578323,0.262172239,0.345162355,250,1,11.03679533,44.72052765,-0.124744415,0.137427824,0.22041794
14/9_527___AJ_soil_core___470,AJ_soil_core,POINT (379790.38821083546 3312670.948026385),44.54256439,0.855673406,0.942650083,1000,2,342.3223598,44.97139931,-0.428834915,0.42683849,0.513815168
14/9_527___AJ_soil_core___470,AJ_soil_core,POINT (379790.38821083546 3312670.948026385),44.54256439,0.315391081,0.398381197,250,1,17.8592629,44.72052765,-0.177963257,0.137427824,0.22041794
14/9_601___AJ_soil_core___471,AJ_soil_core,POINT (377185.3419750959 3309405.78580327),45.20126343,0.173220221,0.248856816,1000,3,516.8106245,45.04294713,0.158316294,0.331536516,0.40717311
14/9_601___AJ_soil_core___471,AJ_soil_core,POINT (377185.3419750959 3309405.78580327),45.20126343,-0.342072807,-0.261263483,250,1,19.54001625,44.53709412,0.664169312,0.322096505,0.402905828
14/9_601___AJ_soil_core___472,AJ_soil_core,POINT (377242.0377955097 3309403.612185341),45.05358124,0.320902411,0.396539006,1000,3,523.3373195,45.04294713,0.010634104,0.331536516,0.40717311
14/9_601___AJ_soil_core___472,AJ_soil_core,POINT (377242.0377955097 3309403.612185341),45.05358124,-0.194390617,-0.113581293,250,1,37.25671239,44.53709412,0.516487122,0.322096505,0.402905828
14/9_601___AJ_soil_core___473,AJ_soil_core,POINT (377189.8175003106 3309482.526692638),44.63702011,0.737463538,0.813100133,1000,3,543.5759044,45.04294713,-0.405927022,0.331536516,0.40717311
14/9_601___AJ_soil_core___473,AJ_soil_core,POINT (377189.8175003106 3309482.526692638),44.63702011,0.22217051,0.302979834,250,1,80.12879597,44.53709412,0.099925995,0.322096505,0.402905828
14/9_601___AJ_soil_core___474,AJ_soil_core,POINT (377183.9471220636 3309490.322232372),44.48708725,0.887396399,0.963032994,1000,3,547.2996615,45.04294713,-0.555859884,0.331536516,0.40717311
14/9_601___AJ_soil_core___474,AJ_soil_core,POINT (377183.9471220636 3309490.322232372),44.48708725,0.372103371,0.452912695,250,1,88.98798555,44.53709412,-0.050006866,0.322096505,0.402905828
14/9_601___AJ_soil_core___475,AJ_soil_core,POINT (377185.3419750959 3309405.78580327),45.20126343,0.173220221,0.248856816,1000,3,516.8106245,45.04294713,0.158316294,0.331536516,0.40717311
14/9_601___AJ_soil_core___475,AJ_soil_core,POINT (377185.3419750959 3309405.78580327),45.20126343,-0.342072807,-0.261263483,250,1,19.54001625,44.53709412,0.664169312,0.322096505,0.402905828
14/9_601___AJ_soil_core___476,AJ_soil_core,POINT (377242.0377955097 3309403.612185341),45.05358124,0.320902411,0.396539006,1000,3,523.3373195,45.04294713,0.010634104,0.331536516,0.40717311
14/9_601___AJ_soil_core___476,AJ_soil_core,POINT (377242.0377955097 3309403.612185341),45.05358124,-0.194390617,-0.113581293,250,1,37.25671239,44.53709412,0.516487122,0.322096505,0.402905828
14/9_601___AJ_soil_core___477,AJ_soil_core,POINT (377189.8175003106 3309482.526692638),44.63702011,0.737463538,0.813100133,1000,3,543.5759044,45.04294713,-0.405927022,0.331536516,0.40717311
14/9_601___AJ_soil_core___477,AJ_soil_core,POINT (377189.8175003106 3309482.526692638),44.63702011,0.22217051,0.302979834,250,1,80.12879597,44.53709412,0.099925995,0.322096505,0.402905828
14/9_601___AJ_soil_core___478,AJ_soil_core,POINT (377183.9471220636 3309490.322232372),44.48708725,0.887396399,0.963032994,1000,3,547.2996615,45.04294713,-0.555859884,0.331536516,0.40717311
14/9_601___AJ_soil_core___478,AJ_soil_core,POINT (377183.9471220636 3309490.322232372),44.48708725,0.372103371,0.452912695,250,1,88.98798555,44.53709412,-0.050006866,0.322096505,0.402905828
14/9_601___AJ_soil_core___479,AJ_soil_core,POINT (377185.3419750959 3309405.78580327),45.20126343,0.173220221,0.248856816,1000,3,516.8106245,45.04294713,0.158316294,0.331536516,0.40717311
14/9_601___AJ_soil_core___479,AJ_soil_core,POINT (377185.3419750959 3309405.78580327),45.20126343,-0.342072807,-0.261263483,250,1,19.54001625,44.53709412,0.664169312,0.322096505,0.402905828
14/9_601___AJ_soil_core___480,AJ_soil_core,POINT (377242.0377955097 3309403.612185341),45.05358124,0.320902411,0.396539006,1000,3,523.3373195,45.04294713,0.010634104,0.331536516,0.40717311
14/9_601___AJ_soil_core___480,AJ_soil_core,POINT (377242.0377955097 3309403.612185341),45.05358124,-0.194390617,-0.113581293,250,1,37.25671239,44.53709412,0.516487122,0.322096505,0.402905828
14/9_601___AJ_soil_core___481,AJ_soil_core,POINT (377189.8175003106 3309482.526692638),44.63702011,0.737463538,0.813100133,1000,3,543.5759044,45.04294713,-0.405927022,0.331536516,0.40717311
14/9_601___AJ_soil_core___481,AJ_soil_core,POINT (377189.8175003106 3309482.526692638),44.63702011,0.22217051,0.302979834,250,1,80.12879597,44.53709412,0.099925995,0.322096505,0.402905828
14/9_601___AJ_soil_core___482,AJ_soil_core,POINT (377183.9471220636 3309490.322232372),44.48708725,0.887396399,0.963032994,1000,3,547.2996615,45.04294713,-0.555859884,0.331536516,0.40717311
14/9_601___AJ_soil_core___482,AJ_soil_core,POINT (377183.9471220636 3309490.322232372),44.48708725,0.372103371,0.452912695,250,1,88.98798555,44.53709412,-0.050006866,0.322096505,0.402905828
14/9_601___AJ_soil_core___483,AJ_soil_core,POINT (377185.3419750959 3309405.78580327),45.20126343,0.173220221,0.248856816,1000,3,516.8106245,45.04294713,0.158316294,0.331536516,0.40717311
14/9_601___AJ_soil_core___483,AJ_soil_core,POINT (377185.3419750959 3309405.78580327),45.20126343,-0.342072807,-0.261263483,250,1,19.54001625,44.53709412,0.664169312,0.322096505,0.402905828
14/9_601___AJ_soil_core___484,AJ_soil_core,POINT (377242.0377955097 3309403.612185341),45.05358124,0.320902411,0.396539006,1000,3,523.3373195,45.04294713,0.010634104,0.331536516,0.40717311
14/9_601___AJ_soil_core___484,AJ_soil_core,POINT (377242.0377955097 3309403.612185341),45.05358124,-0.194390617,-0.113581293,250,1,37.25671239,44.53709412,0.516487122,0.322096505,0.402905828
14/9_601___AJ_soil_core___485,AJ_soil_core,POINT (377189.8175003106 3309482.526692638),44.63702011,0.737463538,0.813100133,1000,3,543.5759044,45.04294713,-0.405927022,0.331536516,0.40717311
14/9_601___AJ_soil_core___485,AJ_soil_core,POINT (377189.8175003106 3309482.526692638),44.63702011,0.22217051,0.302979834,250,1,80.12879597,44.53709412,0.099925995,0.322096505,0.402905828
14/9_601___AJ_soil_core___486,AJ_soil_core,POINT (377183.9471220636 3309490.322232372),44.48708725,0.887396399,0.963032994,1000,3,547.2996615,45.04294713,-0.555859884,0.331536516,0.40717311
14/9_601___AJ_soil_core___486,AJ_soil_core,POINT (377183.9471220636 3309490.322232372),44.48708725,0.372103371,0.452912695,250,1,88.98798555,44.53709412,-0.050006866,0.322096505,0.402905828
14/9_601___AJ_soil_core___487,AJ_soil_core,POINT (377185.3419750959 3309405.78580327),45.20126343,0.173220221,0.248856816,1000,3,516.8106245,45.04294713,0.158316294,0.331536516,0.40717311
14/9_601___AJ_soil_core___487,AJ_soil_core,POINT (377185.3419750959 3309405.78580327),45.20126343,-0.342072807,-0.261263483,250,1,19.54001625,44.53709412,0.664169312,0.322096505,0.402905828
14/9_601___AJ_soil_core___488,AJ_soil_core,POINT (377242.0377955097 3309403.612185341),45.05358124,0.320902411,0.396539006,1000,3,523.3373195,45.04294713,0.010634104,0.331536516,0.40717311
14/9_601___AJ_soil_core___488,AJ_soil_core,POINT (377242.0377955097 3309403.612185341),45.05358124,-0.194390617,-0.113581293,250,1,37.25671239,44.53709412,0.516487122,0.322096505,0.402905828
14/9_601___AJ_soil_core___489,AJ_soil_core,POINT (377189.8175003106 3309482.526692638),44.63702011,0.737463538,0.813100133,1000,3,543.5759044,45.04294713,-0.405927022,0.331536516,0.40717311
14/9_601___AJ_soil_core___489,AJ_soil_core,POINT (377189.8175003106 3309482.526692638),44.63702011,0.22217051,0.302979834,250,1,80.12879597,44.53709412,0.099925995,0.322096505,0.402905828
14/9_601___AJ_soil_core___490,AJ_soil_core,POINT (377183.9471220636 3309490.322232372),44.48708725,0.887396399,0.963032994,1000,3,547.2996615,45.04294713,-0.555859884,0.331536516,0.40717311
14/9_601___AJ_soil_core___490,AJ_soil_core,POINT (377183.9471220636 3309490.322232372),44.48708725,0.372103371,0.452912695,250,1,88.98798555,44.53709412,-0.050006866,0.322096505,0.402905828
15_4___AJ_soil_core___491,AJ_soil_core,POINT (375162.52651221934 3308288.895456611),45.71332932,-1.651560304,-1.405401202,1000,3,402.3598964,44.14997737,1.563351949,-0.088208355,0.157950747
15_4___AJ_soil_core___491,AJ_soil_core,POINT (375162.52651221934 3308288.895456611),45.71332932,-0.755829674,-0.250762503,250,1,20.08632525,45.29248428,0.420845032,-0.334984642,0.170082528
15_4___AJ_soil_core___492,AJ_soil_core,POINT (375168.0391616591 3308306.788660547),45.29963684,-1.23786783,-0.991708727,1000,3,395.6888279,44.14997737,1.149659475,-0.088208355,0.157950747
15_4___AJ_soil_core___492,AJ_soil_core,POINT (375168.0391616591 3308306.788660547),45.29963684,-0.3421372,0.162929971,250,1,2.374926171,45.29248428,0.007152557,-0.334984642,0.170082528
15_4___AJ_soil_core___493,AJ_soil_core,POINT (375170.70227127254 3308322.042802031),45.3495903,-1.287821291,-1.041662188,1000,3,398.0946644,44.14997737,1.199612935,-0.088208355,0.157950747
15_4___AJ_soil_core___493,AJ_soil_core,POINT (375170.70227127254 3308322.042802031),45.3495903,-0.39209066,0.11297651,250,1,14.10003922,45.29248428,0.057106018,-0.334984642,0.170082528
15_4___AJ_soil_core___494,AJ_soil_core,POINT (375170.33436009206 3308339.1265562056),45.65911102,-1.597342012,-1.351182909,1000,3,400.3164753,44.14997737,1.509133657,-0.088208355,0.157950747
15_4___AJ_soil_core___494,AJ_soil_core,POINT (375170.33436009206 3308339.1265562056),45.65911102,-0.701611382,-0.196544211,250,1,30.78058007,45.29248428,0.36662674,-0.334984642,0.170082528
15_4___AJ_soil_core___495,AJ_soil_core,POINT (375162.52651221934 3308288.895456611),45.71332932,-1.651560304,-1.405401202,1000,3,402.3598964,44.14997737,1.563351949,-0.088208355,0.157950747
15_4___AJ_soil_core___495,AJ_soil_core,POINT (375162.52651221934 3308288.895456611),45.71332932,-0.755829674,-0.250762503,250,1,20.08632525,45.29248428,0.420845032,-0.334984642,0.170082528
15_4___AJ_soil_core___496,AJ_soil_core,POINT (375168.0391616591 3308306.788660547),45.29963684,-1.23786783,-0.991708727,1000,3,395.6888279,44.14997737,1.149659475,-0.088208355,0.157950747
15_4___AJ_soil_core___496,AJ_soil_core,POINT (375168.0391616591 3308306.788660547),45.29963684,-0.3421372,0.162929971,250,1,2.374926171,45.29248428,0.007152557,-0.334984642,0.170082528
15_4___AJ_soil_core___497,AJ_soil_core,POINT (375170.70227127254 3308322.042802031),45.3495903,-1.287821291,-1.041662188,1000,3,398.0946644,44.14997737,1.199612935,-0.088208355,0.157950747
15_4___AJ_soil_core___497,AJ_soil_core,POINT (375170.70227127254 3308322.042802031),45.3495903,-0.39209066,0.11297651,250,1,14.10003922,45.29248428,0.057106018,-0.334984642,0.170082528
15_4___AJ_soil_core___498,AJ_soil_core,POINT (375170.33436009206 3308339.1265562056),45.65911102,-1.597342012,-1.351182909,1000,3,400.3164753,44.14997737,1.509133657,-0.088208355,0.157950747
15_4___AJ_soil_core___498,AJ_soil_core,POINT (375170.33436009206 3308339.1265562056),45.65911102,-0.701611382,-0.196544211,250,1,30.78058007,45.29248428,0.36662674,-0.334984642,0.170082528
15_4___AJ_soil_core___499,AJ_soil_core,POINT (375162.52651221934 3308288.895456611),45.71332932,-1.651560304,-1.405401202,1000,3,402.3598964,44.14997737,1.563351949,-0.088208355,0.157950747
15_4___AJ_soil_core___499,AJ_soil_core,POINT (375162.52651221934 3308288.895456611),45.71332932,-0.755829674,-0.250762503,250,1,20.08632525,45.29248428,0.420845032,-0.334984642,0.170082528
15_4___AJ_soil_core___500,AJ_soil_core,POINT (375168.0391616591 3308306.788660547),45.29963684,-1.23786783,-0.991708727,1000,3,395.6888279,44.14997737,1.149659475,-0.088208355,0.157950747
15_4___AJ_soil_core___500,AJ_soil_core,POINT (375168.0391616591 3308306.788660547),45.29963684,-0.3421372,0.162929971,250,1,2.374926171,45.29248428,0.007152557,-0.334984642,0.170082528
15_4___AJ_soil_core___501,AJ_soil_core,POINT (375170.70227127254 3308322.042802031),45.3495903,-1.287821291,-1.041662188,1000,3,398.0946644,44.14997737,1.199612935,-0.088208355,0.157950747
15_4___AJ_soil_core___501,AJ_soil_core,POINT (375170.70227127254 3308322.042802031),45.3495903,-0.39209066,0.11297651,250,1,14.10003922,45.29248428,0.057106018,-0.334984642,0.170082528
15_4___AJ_soil_core___502,AJ_soil_core,POINT (375170.33436009206 3308339.1265562056),45.65911102,-1.597342012,-1.351182909,1000,3,400.3164753,44.14997737,1.509133657,-0.088208355,0.157950747
15_4___AJ_soil_core___502,AJ_soil_core,POINT (375170.33436009206 3308339.1265562056),45.65911102,-0.701611382,-0.196544211,250,1,30.78058007,45.29248428,0.36662674,-0.334984642,0.170082528
15_4___AJ_soil_core___503,AJ_soil_core,POINT (375162.52651221934 3308288.895456611),45.71332932,-1.651560304,-1.405401202,1000,3,402.3598964,44.14997737,1.563351949,-0.088208355,0.157950747
15_4___AJ_soil_core___503,AJ_soil_core,POINT (375162.52651221934 3308288.895456611),45.71332932,-0.755829674,-0.250762503,250,1,20.08632525,45.29248428,0.420845032,-0.334984642,0.170082528
15_4___AJ_soil_core___504,AJ_soil_core,POINT (375168.0391616591 3308306.788660547),45.29963684,-1.23786783,-0.991708727,1000,3,395.6888279,44.14997737,1.149659475,-0.088208355,0.157950747
15_4___AJ_soil_core___504,AJ_soil_core,POINT (375168.0391616591 3308306.788660547),45.29963684,-0.3421372,0.162929971,250,1,2.374926171,45.29248428,0.007152557,-0.334984642,0.170082528
15_4___AJ_soil_core___505,AJ_soil_core,POINT (375170.70227127254 3308322.042802031),45.3495903,-1.287821291,-1.041662188,1000,3,398.0946644,44.14997737,1.199612935,-0.088208355,0.157950747
15_4___AJ_soil_core___505,AJ_soil_core,POINT (375170.70227127254 3308322.042802031),45.3495903,-0.39209066,0.11297651,250,1,14.10003922,45.29248428,0.057106018,-0.334984642,0.170082528
15_4___AJ_soil_core___506,AJ_soil_core,POINT (375170.33436009206 3308339.1265562056),45.65911102,-1.597342012,-1.351182909,1000,3,400.3164753,44.14997737,1.509133657,-0.088208355,0.157950747
15_4___AJ_soil_core___506,AJ_soil_core,POINT (375170.33436009206 3308339.1265562056),45.65911102,-0.701611382,-0.196544211,250,1,30.78058007,45.29248428,0.36662674,-0.334984642,0.170082528
15_4___AJ_soil_core___507,AJ_soil_core,POINT (375162.52651221934 3308288.895456611),45.71332932,-1.651560304,-1.405401202,1000,3,402.3598964,44.14997737,1.563351949,-0.088208355,0.157950747
15_4___AJ_soil_core___507,AJ_soil_core,POINT (375162.52651221934 3308288.895456611),45.71332932,-0.755829674,-0.250762503,250,1,20.08632525,45.29248428,0.420845032,-0.334984642,0.170082528
15_4___AJ_soil_core___508,AJ_soil_core,POINT (375168.0391616591 3308306.788660547),45.29963684,-1.23786783,-0.991708727,1000,3,395.6888279,44.14997737,1.149659475,-0.088208355,0.157950747
15_4___AJ_soil_core___508,AJ_soil_core,POINT (375168.0391616591 3308306.788660547),45.29963684,-0.3421372,0.162929971,250,1,2.374926171,45.29248428,0.007152557,-0.334984642,0.170082528
15_4___AJ_soil_core___509,AJ_soil_core,POINT (375170.70227127254 3308322.042802031),45.3495903,-1.287821291,-1.041662188,1000,3,398.0946644,44.14997737,1.199612935,-0.088208355,0.157950747
15_4___AJ_soil_core___509,AJ_soil_core,POINT (375170.70227127254 3308322.042802031),45.3495903,-0.39209066,0.11297651,250,1,14.10003922,45.29248428,0.057106018,-0.334984642,0.170082528
15_4___AJ_soil_core___510,AJ_soil_core,POINT (375170.33436009206 3308339.1265562056),45.65911102,-1.597342012,-1.351182909,1000,3,400.3164753,44.14997737,1.509133657,-0.088208355,0.157950747
15_4___AJ_soil_core___510,AJ_soil_core,POINT (375170.33436009206 3308339.1265562056),45.65911102,-0.701611382,-0.196544211,250,1,30.78058007,45.29248428,0.36662674,-0.334984642,0.170082528
15_4___AJ_soil_core___511,AJ_soil_core,POINT (375162.52651221934 3308288.895456611),45.71332932,-1.651560304,-1.405401202,1000,3,402.3598964,44.14997737,1.563351949,-0.088208355,0.157950747
15_4___AJ_soil_core___511,AJ_soil_core,POINT (375162.52651221934 3308288.895456611),45.71332932,-0.755829674,-0.250762503,250,1,20.08632525,45.29248428,0.420845032,-0.334984642,0.170082528
15_4___AJ_soil_core___512,AJ_soil_core,POINT (375168.0391616591 3308306.788660547),45.29963684,-1.23786783,-0.991708727,1000,3,395.6888279,44.14997737,1.149659475,-0.088208355,0.157950747
15_4___AJ_soil_core___512,AJ_soil_core,POINT (375168.0391616591 3308306.788660547),45.29963684,-0.3421372,0.162929971,250,1,2.374926171,45.29248428,0.007152557,-0.334984642,0.170082528
15_4___AJ_soil_core___513,AJ_soil_core,POINT (375170.70227127254 3308322.042802031),45.3495903,-1.287821291,-1.041662188,1000,3,398.0946644,44.14997737,1.199612935,-0.088208355,0.157950747
15_4___AJ_soil_core___513,AJ_soil_core,POINT (375170.70227127254 3308322.042802031),45.3495903,-0.39209066,0.11297651,250,1,14.10003922,45.29248428,0.057106018,-0.334984642,0.170082528
15_4___AJ_soil_core___514,AJ_soil_core,POINT (375170.33436009206 3308339.1265562056),45.65911102,-1.597342012,-1.351182909,1000,3,400.3164753,44.14997737,1.509133657,-0.088208355,0.157950747
15_4___AJ_soil_core___514,AJ_soil_core,POINT (375170.33436009206 3308339.1265562056),45.65911102,-0.701611382,-0.196544211,250,1,30.78058007,45.29248428,0.36662674,-0.334984642,0.170082528
15_4___AJ_soil_core___515,AJ_soil_core,POINT (375162.52651221934 3308288.895456611),45.71332932,-1.651560304,-1.405401202,1000,3,402.3598964,44.14997737,1.563351949,-0.088208355,0.157950747
15_4___AJ_soil_core___515,AJ_soil_core,POINT (375162.52651221934 3308288.895456611),45.71332932,-0.755829674,-0.250762503,250,1,20.08632525,45.29248428,0.420845032,-0.334984642,0.170082528
15_4___AJ_soil_core___516,AJ_soil_core,POINT (375168.0391616591 3308306.788660547),45.29963684,-1.23786783,-0.991708727,1000,3,395.6888279,44.14997737,1.149659475,-0.088208355,0.157950747
15_4___AJ_soil_core___516,AJ_soil_core,POINT (375168.0391616591 3308306.788660547),45.29963684,-0.3421372,0.162929971,250,1,2.374926171,45.29248428,0.007152557,-0.334984642,0.170082528
15_4___AJ_soil_core___517,AJ_soil_core,POINT (375170.70227127254 3308322.042802031),45.3495903,-1.287821291,-1.041662188,1000,3,398.0946644,44.14997737,1.199612935,-0.088208355,0.157950747
15_4___AJ_soil_core___517,AJ_soil_core,POINT (375170.70227127254 3308322.042802031),45.3495903,-0.39209066,0.11297651,250,1,14.10003922,45.29248428,0.057106018,-0.334984642,0.170082528
15_4___AJ_soil_core___518,AJ_soil_core,POINT (375170.33436009206 3308339.1265562056),45.65911102,-1.597342012,-1.351182909,1000,3,400.3164753,44.14997737,1.509133657,-0.088208355,0.157950747
15_4___AJ_soil_core___518,AJ_soil_core,POINT (375170.33436009206 3308339.1265562056),45.65911102,-0.701611382,-0.196544211,250,1,30.78058007,45.29248428,0.36662674,-0.334984642,0.170082528
15_4___AJ_soil_core___519,AJ_soil_core,POINT (375162.52651221934 3308288.895456611),45.71332932,-1.651560304,-1.405401202,1000,3,402.3598964,44.14997737,1.563351949,-0.088208355,0.157950747
15_4___AJ_soil_core___519,AJ_soil_core,POINT (375162.52651221934 3308288.895456611),45.71332932,-0.755829674,-0.250762503,250,1,20.08632525,45.29248428,0.420845032,-0.334984642,0.170082528
15_4___AJ_soil_core___520,AJ_soil_core,POINT (375168.0391616591 3308306.788660547),45.29963684,-1.23786783,-0.991708727,1000,3,395.6888279,44.14997737,1.149659475,-0.088208355,0.157950747
15_4___AJ_soil_core___520,AJ_soil_core,POINT (375168.0391616591 3308306.788660547),45.29963684,-0.3421372,0.162929971,250,1,2.374926171,45.29248428,0.007152557,-0.334984642,0.170082528
15_4___AJ_soil_core___521,AJ_soil_core,POINT (375170.70227127254 3308322.042802031),45.3495903,-1.287821291,-1.041662188,1000,3,398.0946644,44.14997737,1.199612935,-0.088208355,0.157950747
15_4___AJ_soil_core___521,AJ_soil_core,POINT (375170.70227127254 3308322.042802031),45.3495903,-0.39209066,0.11297651,250,1,14.10003922,45.29248428,0.057106018,-0.334984642,0.170082528
15_4___AJ_soil_core___522,AJ_soil_core,POINT (375170.33436009206 3308339.1265562056),45.65911102,-1.597342012,-1.351182909,1000,3,400.3164753,44.14997737,1.509133657,-0.088208355,0.157950747
15_4___AJ_soil_core___522,AJ_soil_core,POINT (375170.33436009206 3308339.1265562056),45.65911102,-0.701611382,-0.196544211,250,1,30.78058007,45.29248428,0.36662674,-0.334984642,0.170082528
15_409___AJ_soil_core___523,AJ_soil_core,POINT (374411.4902576721 3308774.291600978),43.47344589,0.588323118,0.834482221,1000,3,519.9302961,44.14997737,-0.676531474,-0.088208355,0.157950747
15_409___AJ_soil_core___523,AJ_soil_core,POINT (374411.4902576721 3308774.291600978),43.47344589,-0.314283835,-0.164879168,250,1,29.78558796,43.12937927,0.34406662,0.029782785,0.179187451
15_409___AJ_soil_core___524,AJ_soil_core,POINT (374412.6123405674 3308784.697395976),43.33055115,0.731217863,0.977376966,1000,3,520.235905,44.14997737,-0.819426219,-0.088208355,0.157950747
15_409___AJ_soil_core___524,AJ_soil_core,POINT (374412.6123405674 3308784.697395976),43.33055115,-0.17138909,-0.021984424,250,1,19.79128451,43.12937927,0.201171875,0.029782785,0.179187451
15_409___AJ_soil_core___525,AJ_soil_core,POINT (374416.26259149925 3308788.9675675365),43.22460938,0.837159636,1.083318739,1000,3,518.2857757,44.14997737,-0.925367991,-0.088208355,0.157950747
15_409___AJ_soil_core___525,AJ_soil_core,POINT (374416.26259149925 3308788.9675675365),43.22460938,-0.065447318,0.083957349,250,1,14.37499439,43.12937927,0.095230103,0.029782785,0.179187451
15_409___AJ_soil_core___526,AJ_soil_core,POINT (374419.3939824932 3308798.5858613807),43.16971588,0.892053129,1.138212232,1000,3,517.3323194,44.14997737,-0.980261485,-0.088208355,0.157950747
15_409___AJ_soil_core___526,AJ_soil_core,POINT (374419.3939824932 3308798.5858613807),43.16971588,-0.010553824,0.138850842,250,1,4.357769025,43.12937927,0.040336609,0.029782785,0.179187451
15_409___AJ_soil_core___527,AJ_soil_core,POINT (374411.4902576721 3308774.291600978),43.47344589,0.588323118,0.834482221,1000,3,519.9302961,44.14997737,-0.676531474,-0.088208355,0.157950747
15_409___AJ_soil_core___527,AJ_soil_core,POINT (374411.4902576721 3308774.291600978),43.47344589,-0.314283835,-0.164879168,250,1,29.78558796,43.12937927,0.34406662,0.029782785,0.179187451
15_409___AJ_soil_core___528,AJ_soil_core,POINT (374412.6123405674 3308784.697395976),43.33055115,0.731217863,0.977376966,1000,3,520.235905,44.14997737,-0.819426219,-0.088208355,0.157950747
15_409___AJ_soil_core___528,AJ_soil_core,POINT (374412.6123405674 3308784.697395976),43.33055115,-0.17138909,-0.021984424,250,1,19.79128451,43.12937927,0.201171875,0.029782785,0.179187451
15_409___AJ_soil_core___529,AJ_soil_core,POINT (374416.26259149925 3308788.9675675365),43.22460938,0.837159636,1.083318739,1000,3,518.2857757,44.14997737,-0.925367991,-0.088208355,0.157950747
15_409___AJ_soil_core___529,AJ_soil_core,POINT (374416.26259149925 3308788.9675675365),43.22460938,-0.065447318,0.083957349,250,1,14.37499439,43.12937927,0.095230103,0.029782785,0.179187451
15_409___AJ_soil_core___530,AJ_soil_core,POINT (374419.3939824932 3308798.5858613807),43.16971588,0.892053129,1.138212232,1000,3,517.3323194,44.14997737,-0.980261485,-0.088208355,0.157950747
15_409___AJ_soil_core___530,AJ_soil_core,POINT (374419.3939824932 3308798.5858613807),43.16971588,-0.010553824,0.138850842,250,1,4.357769025,43.12937927,0.040336609,0.029782785,0.179187451
15_409___AJ_soil_core___531,AJ_soil_core,POINT (374411.4902576721 3308774.291600978),43.47344589,0.588323118,0.834482221,1000,3,519.9302961,44.14997737,-0.676531474,-0.088208355,0.157950747
15_409___AJ_soil_core___531,AJ_soil_core,POINT (374411.4902576721 3308774.291600978),43.47344589,-0.314283835,-0.164879168,250,1,29.78558796,43.12937927,0.34406662,0.029782785,0.179187451
15_409___AJ_soil_core___532,AJ_soil_core,POINT (374412.6123405674 3308784.697395976),43.33055115,0.731217863,0.977376966,1000,3,520.235905,44.14997737,-0.819426219,-0.088208355,0.157950747
15_409___AJ_soil_core___532,AJ_soil_core,POINT (374412.6123405674 3308784.697395976),43.33055115,-0.17138909,-0.021984424,250,1,19.79128451,43.12937927,0.201171875,0.029782785,0.179187451
15_409___AJ_soil_core___533,AJ_soil_core,POINT (374416.26259149925 3308788.9675675365),43.22460938,0.837159636,1.083318739,1000,3,518.2857757,44.14997737,-0.925367991,-0.088208355,0.157950747
15_409___AJ_soil_core___533,AJ_soil_core,POINT (374416.26259149925 3308788.9675675365),43.22460938,-0.065447318,0.083957349,250,1,14.37499439,43.12937927,0.095230103,0.029782785,0.179187451
15_409___AJ_soil_core___534,AJ_soil_core,POINT (374419.3939824932 3308798.5858613807),43.16971588,0.892053129,1.138212232,1000,3,517.3323194,44.14997737,-0.980261485,-0.088208355,0.157950747
15_409___AJ_soil_core___534,AJ_soil_core,POINT (374419.3939824932 3308798.5858613807),43.16971588,-0.010553824,0.138850842,250,1,4.357769025,43.12937927,0.040336609,0.029782785,0.179187451
15_409___AJ_soil_core___535,AJ_soil_core,POINT (374411.4902576721 3308774.291600978),43.47344589,0.588323118,0.834482221,1000,3,519.9302961,44.14997737,-0.676531474,-0.088208355,0.157950747
15_409___AJ_soil_core___535,AJ_soil_core,POINT (374411.4902576721 3308774.291600978),43.47344589,-0.314283835,-0.164879168,250,1,29.78558796,43.12937927,0.34406662,0.029782785,0.179187451
15_409___AJ_soil_core___536,AJ_soil_core,POINT (374412.6123405674 3308784.697395976),43.33055115,0.731217863,0.977376966,1000,3,520.235905,44.14997737,-0.819426219,-0.088208355,0.157950747
15_409___AJ_soil_core___536,AJ_soil_core,POINT (374412.6123405674 3308784.697395976),43.33055115,-0.17138909,-0.021984424,250,1,19.79128451,43.12937927,0.201171875,0.029782785,0.179187451
15_409___AJ_soil_core___537,AJ_soil_core,POINT (374416.26259149925 3308788.9675675365),43.22460938,0.837159636,1.083318739,1000,3,518.2857757,44.14997737,-0.925367991,-0.088208355,0.157950747
15_409___AJ_soil_core___537,AJ_soil_core,POINT (374416.26259149925 3308788.9675675365),43.22460938,-0.065447318,0.083957349,250,1,14.37499439,43.12937927,0.095230103,0.029782785,0.179187451
15_409___AJ_soil_core___538,AJ_soil_core,POINT (374419.3939824932 3308798.5858613807),43.16971588,0.892053129,1.138212232,1000,3,517.3323194,44.14997737,-0.980261485,-0.088208355,0.157950747
15_409___AJ_soil_core___538,AJ_soil_core,POINT (374419.3939824932 3308798.5858613807),43.16971588,-0.010553824,0.138850842,250,1,4.357769025,43.12937927,0.040336609,0.029782785,0.179187451
15_409___AJ_soil_core___539,AJ_soil_core,POINT (374411.4902576721 3308774.291600978),43.47344589,0.588323118,0.834482221,1000,3,519.9302961,44.14997737,-0.676531474,-0.088208355,0.157950747
15_409___AJ_soil_core___539,AJ_soil_core,POINT (374411.4902576721 3308774.291600978),43.47344589,-0.314283835,-0.164879168,250,1,29.78558796,43.12937927,0.34406662,0.029782785,0.179187451
15_409___AJ_soil_core___540,AJ_soil_core,POINT (374412.6123405674 3308784.697395976),43.33055115,0.731217863,0.977376966,1000,3,520.235905,44.14997737,-0.819426219,-0.088208355,0.157950747
15_409___AJ_soil_core___540,AJ_soil_core,POINT (374412.6123405674 3308784.697395976),43.33055115,-0.17138909,-0.021984424,250,1,19.79128451,43.12937927,0.201171875,0.029782785,0.179187451
15_409___AJ_soil_core___541,AJ_soil_core,POINT (374416.26259149925 3308788.9675675365),43.22460938,0.837159636,1.083318739,1000,3,518.2857757,44.14997737,-0.925367991,-0.088208355,0.157950747
15_409___AJ_soil_core___541,AJ_soil_core,POINT (374416.26259149925 3308788.9675675365),43.22460938,-0.065447318,0.083957349,250,1,14.37499439,43.12937927,0.095230103,0.029782785,0.179187451
15_409___AJ_soil_core___542,AJ_soil_core,POINT (374419.3939824932 3308798.5858613807),43.16971588,0.892053129,1.138212232,1000,3,517.3323194,44.14997737,-0.980261485,-0.088208355,0.157950747
15_409___AJ_soil_core___542,AJ_soil_core,POINT (374419.3939824932 3308798.5858613807),43.16971588,-0.010553824,0.138850842,250,1,4.357769025,43.12937927,0.040336609,0.029782785,0.179187451
15_409___AJ_soil_core___543,AJ_soil_core,POINT (374411.4902576721 3308774.291600978),43.47344589,0.588323118,0.834482221,1000,3,519.9302961,44.14997737,-0.676531474,-0.088208355,0.157950747
15_409___AJ_soil_core___543,AJ_soil_core,POINT (374411.4902576721 3308774.291600978),43.47344589,-0.314283835,-0.164879168,250,1,29.78558796,43.12937927,0.34406662,0.029782785,0.179187451
15_409___AJ_soil_core___544,AJ_soil_core,POINT (374412.6123405674 3308784.697395976),43.33055115,0.731217863,0.977376966,1000,3,520.235905,44.14997737,-0.819426219,-0.088208355,0.157950747
15_409___AJ_soil_core___544,AJ_soil_core,POINT (374412.6123405674 3308784.697395976),43.33055115,-0.17138909,-0.021984424,250,1,19.79128451,43.12937927,0.201171875,0.029782785,0.179187451
15_409___AJ_soil_core___545,AJ_soil_core,POINT (374416.26259149925 3308788.9675675365),43.22460938,0.837159636,1.083318739,1000,3,518.2857757,44.14997737,-0.925367991,-0.088208355,0.157950747
15_409___AJ_soil_core___545,AJ_soil_core,POINT (374416.26259149925 3308788.9675675365),43.22460938,-0.065447318,0.083957349,250,1,14.37499439,43.12937927,0.095230103,0.029782785,0.179187451
15_409___AJ_soil_core___546,AJ_soil_core,POINT (374419.3939824932 3308798.5858613807),43.16971588,0.892053129,1.138212232,1000,3,517.3323194,44.14997737,-0.980261485,-0.088208355,0.157950747
15_409___AJ_soil_core___546,AJ_soil_core,POINT (374419.3939824932 3308798.5858613807),43.16971588,-0.010553824,0.138850842,250,1,4.357769025,43.12937927,0.040336609,0.029782785,0.179187451
15_409___AJ_soil_core___547,AJ_soil_core,POINT (374411.4902576721 3308774.291600978),43.47344589,0.588323118,0.834482221,1000,3,519.9302961,44.14997737,-0.676531474,-0.088208355,0.157950747
15_409___AJ_soil_core___547,AJ_soil_core,POINT (374411.4902576721 3308774.291600978),43.47344589,-0.314283835,-0.164879168,250,1,29.78558796,43.12937927,0.34406662,0.029782785,0.179187451
15_409___AJ_soil_core___548,AJ_soil_core,POINT (374412.6123405674 3308784.697395976),43.33055115,0.731217863,0.977376966,1000,3,520.235905,44.14997737,-0.819426219,-0.088208355,0.157950747
15_409___AJ_soil_core___548,AJ_soil_core,POINT (374412.6123405674 3308784.697395976),43.33055115,-0.17138909,-0.021984424,250,1,19.79128451,43.12937927,0.201171875,0.029782785,0.179187451
15_409___AJ_soil_core___549,AJ_soil_core,POINT (374416.26259149925 3308788.9675675365),43.22460938,0.837159636,1.083318739,1000,3,518.2857757,44.14997737,-0.925367991,-0.088208355,0.157950747
15_409___AJ_soil_core___549,AJ_soil_core,POINT (374416.26259149925 3308788.9675675365),43.22460938,-0.065447318,0.083957349,250,1,14.37499439,43.12937927,0.095230103,0.029782785,0.179187451
15_409___AJ_soil_core___550,AJ_soil_core,POINT (374419.3939824932 3308798.5858613807),43.16971588,0.892053129,1.138212232,1000,3,517.3323194,44.14997737,-0.980261485,-0.088208355,0.157950747
15_409___AJ_soil_core___550,AJ_soil_core,POINT (374419.3939824932 3308798.5858613807),43.16971588,-0.010553824,0.138850842,250,1,4.357769025,43.12937927,0.040336609,0.029782785,0.179187451
15_409___AJ_soil_core___551,AJ_soil_core,POINT (374411.4902576721 3308774.291600978),43.47344589,0.588323118,0.834482221,1000,3,519.9302961,44.14997737,-0.676531474,-0.088208355,0.157950747
15_409___AJ_soil_core___551,AJ_soil_core,POINT (374411.4902576721 3308774.291600978),43.47344589,-0.314283835,-0.164879168,250,1,29.78558796,43.12937927,0.34406662,0.029782785,0.179187451
15_409___AJ_soil_core___552,AJ_soil_core,POINT (374412.6123405674 3308784.697395976),43.33055115,0.731217863,0.977376966,1000,3,520.235905,44.14997737,-0.819426219,-0.088208355,0.157950747
15_409___AJ_soil_core___552,AJ_soil_core,POINT (374412.6123405674 3308784.697395976),43.33055115,-0.17138909,-0.021984424,250,1,19.79128451,43.12937927,0.201171875,0.029782785,0.179187451
15_409___AJ_soil_core___553,AJ_soil_core,POINT (374416.26259149925 3308788.9675675365),43.22460938,0.837159636,1.083318739,1000,3,518.2857757,44.14997737,-0.925367991,-0.088208355,0.157950747
15_409___AJ_soil_core___553,AJ_soil_core,POINT (374416.26259149925 3308788.9675675365),43.22460938,-0.065447318,0.083957349,250,1,14.37499439,43.12937927,0.095230103,0.029782785,0.179187451
15_409___AJ_soil_core___554,AJ_soil_core,POINT (374419.3939824932 3308798.5858613807),43.16971588,0.892053129,1.138212232,1000,3,517.3323194,44.14997737,-0.980261485,-0.088208355,0.157950747
15_409___AJ_soil_core___554,AJ_soil_core,POINT (374419.3939824932 3308798.5858613807),43.16971588,-0.010553824,0.138850842,250,1,4.357769025,43.12937927,0.040336609,0.029782785,0.179187451
15_268___AJ_soil_core___555,AJ_soil_core,POINT (372869.89286204445 3308194.3790517985),40.83672333,-0.364697954,-0.195157741,1000,2,46.41287902,40.65161133,0.185112,-0.179585954,-0.010045742
15_268___AJ_soil_core___555,AJ_soil_core,POINT (372869.89286204445 3308194.3790517985),40.83672333,-0.364697954,-0.195157741,250,2,46.41287902,40.65161133,0.185112,-0.179585954,-0.010045742
15_268___AJ_soil_core___556,AJ_soil_core,POINT (372847.11813906784 3308165.51945462),40.55615616,-0.084130785,0.085409428,1000,2,10.48340198,40.65161133,-0.09545517,-0.179585954,-0.010045742
15_268___AJ_soil_core___556,AJ_soil_core,POINT (372847.11813906784 3308165.51945462),40.55615616,-0.084130785,0.085409428,250,2,10.48340198,40.65161133,-0.09545517,-0.179585954,-0.010045742
15_268___AJ_soil_core___557,AJ_soil_core,POINT (372843.61726664775 3308157.5018078582),40.52337646,-0.051351091,0.118189121,1000,2,2.890305407,40.65161133,-0.128234863,-0.179585954,-0.010045742
15_268___AJ_soil_core___557,AJ_soil_core,POINT (372843.61726664775 3308157.5018078582),40.52337646,-0.051351091,0.118189121,250,2,2.890305407,40.65161133,-0.128234863,-0.179585954,-0.010045742
15_268___AJ_soil_core___558,AJ_soil_core,POINT (372869.89286204445 3308194.3790517985),40.83672333,-0.364697954,-0.195157741,1000,2,46.41287902,40.65161133,0.185112,-0.179585954,-0.010045742
15_268___AJ_soil_core___558,AJ_soil_core,POINT (372869.89286204445 3308194.3790517985),40.83672333,-0.364697954,-0.195157741,250,2,46.41287902,40.65161133,0.185112,-0.179585954,-0.010045742
15_268___AJ_soil_core___559,AJ_soil_core,POINT (372847.11813906784 3308165.51945462),40.55615616,-0.084130785,0.085409428,1000,2,10.48340198,40.65161133,-0.09545517,-0.179585954,-0.010045742
15_268___AJ_soil_core___559,AJ_soil_core,POINT (372847.11813906784 3308165.51945462),40.55615616,-0.084130785,0.085409428,250,2,10.48340198,40.65161133,-0.09545517,-0.179585954,-0.010045742
15_268___AJ_soil_core___560,AJ_soil_core,POINT (372843.61726664775 3308157.5018078582),40.52337646,-0.051351091,0.118189121,1000,2,2.890305407,40.65161133,-0.128234863,-0.179585954,-0.010045742
15_268___AJ_soil_core___560,AJ_soil_core,POINT (372843.61726664775 3308157.5018078582),40.52337646,-0.051351091,0.118189121,250,2,2.890305407,40.65161133,-0.128234863,-0.179585954,-0.010045742
15_268___AJ_soil_core___561,AJ_soil_core,POINT (372869.89286204445 3308194.3790517985),40.83672333,-0.364697954,-0.195157741,1000,2,46.41287902,40.65161133,0.185112,-0.179585954,-0.010045742
15_268___AJ_soil_core___561,AJ_soil_core,POINT (372869.89286204445 3308194.3790517985),40.83672333,-0.364697954,-0.195157741,250,2,46.41287902,40.65161133,0.185112,-0.179585954,-0.010045742
15_268___AJ_soil_core___562,AJ_soil_core,POINT (372847.11813906784 3308165.51945462),40.55615616,-0.084130785,0.085409428,1000,2,10.48340198,40.65161133,-0.09545517,-0.179585954,-0.010045742
15_268___AJ_soil_core___562,AJ_soil_core,POINT (372847.11813906784 3308165.51945462),40.55615616,-0.084130785,0.085409428,250,2,10.48340198,40.65161133,-0.09545517,-0.179585954,-0.010045742
15_268___AJ_soil_core___563,AJ_soil_core,POINT (372843.61726664775 3308157.5018078582),40.52337646,-0.051351091,0.118189121,1000,2,2.890305407,40.65161133,-0.128234863,-0.179585954,-0.010045742
15_268___AJ_soil_core___563,AJ_soil_core,POINT (372843.61726664775 3308157.5018078582),40.52337646,-0.051351091,0.118189121,250,2,2.890305407,40.65161133,-0.128234863,-0.179585954,-0.010045742
15_268___AJ_soil_core___564,AJ_soil_core,POINT (372869.89286204445 3308194.3790517985),40.83672333,-0.364697954,-0.195157741,1000,2,46.41287902,40.65161133,0.185112,-0.179585954,-0.010045742
15_268___AJ_soil_core___564,AJ_soil_core,POINT (372869.89286204445 3308194.3790517985),40.83672333,-0.364697954,-0.195157741,250,2,46.41287902,40.65161133,0.185112,-0.179585954,-0.010045742
15_268___AJ_soil_core___565,AJ_soil_core,POINT (372847.11813906784 3308165.51945462),40.55615616,-0.084130785,0.085409428,1000,2,10.48340198,40.65161133,-0.09545517,-0.179585954,-0.010045742
15_268___AJ_soil_core___565,AJ_soil_core,POINT (372847.11813906784 3308165.51945462),40.55615616,-0.084130785,0.085409428,250,2,10.48340198,40.65161133,-0.09545517,-0.179585954,-0.010045742
15_268___AJ_soil_core___566,AJ_soil_core,POINT (372843.61726664775 3308157.5018078582),40.52337646,-0.051351091,0.118189121,1000,2,2.890305407,40.65161133,-0.128234863,-0.179585954,-0.010045742
15_268___AJ_soil_core___566,AJ_soil_core,POINT (372843.61726664775 3308157.5018078582),40.52337646,-0.051351091,0.118189121,250,2,2.890305407,40.65161133,-0.128234863,-0.179585954,-0.010045742
15_268___AJ_soil_core___567,AJ_soil_core,POINT (372869.89286204445 3308194.3790517985),40.83672333,-0.364697954,-0.195157741,1000,2,46.41287902,40.65161133,0.185112,-0.179585954,-0.010045742
15_268___AJ_soil_core___567,AJ_soil_core,POINT (372869.89286204445 3308194.3790517985),40.83672333,-0.364697954,-0.195157741,250,2,46.41287902,40.65161133,0.185112,-0.179585954,-0.010045742
15_268___AJ_soil_core___568,AJ_soil_core,POINT (372847.11813906784 3308165.51945462),40.55615616,-0.084130785,0.085409428,1000,2,10.48340198,40.65161133,-0.09545517,-0.179585954,-0.010045742
15_268___AJ_soil_core___568,AJ_soil_core,POINT (372847.11813906784 3308165.51945462),40.55615616,-0.084130785,0.085409428,250,2,10.48340198,40.65161133,-0.09545517,-0.179585954,-0.010045742
15_268___AJ_soil_core___569,AJ_soil_core,POINT (372843.61726664775 3308157.5018078582),40.52337646,-0.051351091,0.118189121,1000,2,2.890305407,40.65161133,-0.128234863,-0.179585954,-0.010045742
15_268___AJ_soil_core___569,AJ_soil_core,POINT (372843.61726664775 3308157.5018078582),40.52337646,-0.051351091,0.118189121,250,2,2.890305407,40.65161133,-0.128234863,-0.179585954,-0.010045742
15_268___AJ_soil_core___570,AJ_soil_core,POINT (372869.89286204445 3308194.3790517985),40.83672333,-0.364697954,-0.195157741,1000,2,46.41287902,40.65161133,0.185112,-0.179585954,-0.010045742
15_268___AJ_soil_core___570,AJ_soil_core,POINT (372869.89286204445 3308194.3790517985),40.83672333,-0.364697954,-0.195157741,250,2,46.41287902,40.65161133,0.185112,-0.179585954,-0.010045742
15_268___AJ_soil_core___571,AJ_soil_core,POINT (372847.11813906784 3308165.51945462),40.55615616,-0.084130785,0.085409428,1000,2,10.48340198,40.65161133,-0.09545517,-0.179585954,-0.010045742
15_268___AJ_soil_core___571,AJ_soil_core,POINT (372847.11813906784 3308165.51945462),40.55615616,-0.084130785,0.085409428,250,2,10.48340198,40.65161133,-0.09545517,-0.179585954,-0.010045742
15_268___AJ_soil_core___572,AJ_soil_core,POINT (372843.61726664775 3308157.5018078582),40.52337646,-0.051351091,0.118189121,1000,2,2.890305407,40.65161133,-0.128234863,-0.179585954,-0.010045742
15_268___AJ_soil_core___572,AJ_soil_core,POINT (372843.61726664775 3308157.5018078582),40.52337646,-0.051351091,0.118189121,250,2,2.890305407,40.65161133,-0.128234863,-0.179585954,-0.010045742
15_268___AJ_soil_core___573,AJ_soil_core,POINT (372869.89286204445 3308194.3790517985),40.83672333,-0.364697954,-0.195157741,1000,2,46.41287902,40.65161133,0.185112,-0.179585954,-0.010045742
15_268___AJ_soil_core___573,AJ_soil_core,POINT (372869.89286204445 3308194.3790517985),40.83672333,-0.364697954,-0.195157741,250,2,46.41287902,40.65161133,0.185112,-0.179585954,-0.010045742
15_268___AJ_soil_core___574,AJ_soil_core,POINT (372847.11813906784 3308165.51945462),40.55615616,-0.084130785,0.085409428,1000,2,10.48340198,40.65161133,-0.09545517,-0.179585954,-0.010045742
15_268___AJ_soil_core___574,AJ_soil_core,POINT (372847.11813906784 3308165.51945462),40.55615616,-0.084130785,0.085409428,250,2,10.48340198,40.65161133,-0.09545517,-0.179585954,-0.010045742
15_268___AJ_soil_core___575,AJ_soil_core,POINT (372843.61726664775 3308157.5018078582),40.52337646,-0.051351091,0.118189121,1000,2,2.890305407,40.65161133,-0.128234863,-0.179585954,-0.010045742
15_268___AJ_soil_core___575,AJ_soil_core,POINT (372843.61726664775 3308157.5018078582),40.52337646,-0.051351091,0.118189121,250,2,2.890305407,40.65161133,-0.128234863,-0.179585954,-0.010045742
15_268___AJ_soil_core___576,AJ_soil_core,POINT (372869.89286204445 3308194.3790517985),40.83672333,-0.364697954,-0.195157741,1000,2,46.41287902,40.65161133,0.185112,-0.179585954,-0.010045742
15_268___AJ_soil_core___576,AJ_soil_core,POINT (372869.89286204445 3308194.3790517985),40.83672333,-0.364697954,-0.195157741,250,2,46.41287902,40.65161133,0.185112,-0.179585954,-0.010045742
15_268___AJ_soil_core___577,AJ_soil_core,POINT (372847.11813906784 3308165.51945462),40.55615616,-0.084130785,0.085409428,1000,2,10.48340198,40.65161133,-0.09545517,-0.179585954,-0.010045742
15_268___AJ_soil_core___577,AJ_soil_core,POINT (372847.11813906784 3308165.51945462),40.55615616,-0.084130785,0.085409428,250,2,10.48340198,40.65161133,-0.09545517,-0.179585954,-0.010045742
15_268___AJ_soil_core___578,AJ_soil_core,POINT (372843.61726664775 3308157.5018078582),40.52337646,-0.051351091,0.118189121,1000,2,2.890305407,40.65161133,-0.128234863,-0.179585954,-0.010045742
15_268___AJ_soil_core___578,AJ_soil_core,POINT (372843.61726664775 3308157.5018078582),40.52337646,-0.051351091,0.118189121,250,2,2.890305407,40.65161133,-0.128234863,-0.179585954,-0.010045742
13_410___AJ_soil_core___579,AJ_soil_core,POINT (385941.16710668756 3307056.930885617),44.26670074,0.027660463,0.102832678,1000,2,233.9189048,44.40093613,-0.134235382,-0.106574919,-0.031402704
13_410___AJ_soil_core___579,AJ_soil_core,POINT (385941.16710668756 3307056.930885617),44.26670074,-0.279688092,-0.204820447,250,1,6.969196262,44.14917755,0.117523193,-0.162164899,-0.087297254
13_410___AJ_soil_core___580,AJ_soil_core,POINT (385952.92281691445 3307044.951326214),44.11936569,0.174995515,0.25016773,1000,2,245.0956275,44.40093613,-0.281570435,-0.106574919,-0.031402704
13_410___AJ_soil_core___580,AJ_soil_core,POINT (385952.92281691445 3307044.951326214),44.11936569,-0.13235304,-0.057485395,250,1,12.60261571,44.14917755,-0.029811859,-0.162164899,-0.087297254
13_410___AJ_soil_core___581,AJ_soil_core,POINT (385941.1282528517 3307056.9091188908),44.26670074,0.027660463,0.102832678,1000,2,233.9047148,44.40093613,-0.134235382,-0.106574919,-0.031402704
13_410___AJ_soil_core___581,AJ_soil_core,POINT (385941.1282528517 3307056.9091188908),44.26670074,-0.279688092,-0.204820447,250,1,6.948626033,44.14917755,0.117523193,-0.162164899,-0.087297254
13_410___AJ_soil_core___582,AJ_soil_core,POINT (385964.1930559497 3307013.914060221),43.82197952,0.472381685,0.5475539,1000,2,275.7460074,44.40093613,-0.578956604,-0.106574919,-0.031402704
13_410___AJ_soil_core___582,AJ_soil_core,POINT (385964.1930559497 3307013.914060221),43.82197952,0.16503313,0.239900775,250,1,42.67278028,44.14917755,-0.327198029,-0.162164899,-0.087297254
13_410___AJ_soil_core___583,AJ_soil_core,POINT (385941.16710668756 3307056.930885617),44.26670074,0.027660463,0.102832678,1000,2,233.9189048,44.40093613,-0.134235382,-0.106574919,-0.031402704
13_410___AJ_soil_core___583,AJ_soil_core,POINT (385941.16710668756 3307056.930885617),44.26670074,-0.279688092,-0.204820447,250,1,6.969196262,44.14917755,0.117523193,-0.162164899,-0.087297254
13_410___AJ_soil_core___584,AJ_soil_core,POINT (385952.92281691445 3307044.951326214),44.11936569,0.174995515,0.25016773,1000,2,245.0956275,44.40093613,-0.281570435,-0.106574919,-0.031402704
13_410___AJ_soil_core___584,AJ_soil_core,POINT (385952.92281691445 3307044.951326214),44.11936569,-0.13235304,-0.057485395,250,1,12.60261571,44.14917755,-0.029811859,-0.162164899,-0.087297254
13_410___AJ_soil_core___585,AJ_soil_core,POINT (385941.1282528517 3307056.9091188908),44.26670074,0.027660463,0.102832678,1000,2,233.9047148,44.40093613,-0.134235382,-0.106574919,-0.031402704
13_410___AJ_soil_core___585,AJ_soil_core,POINT (385941.1282528517 3307056.9091188908),44.26670074,-0.279688092,-0.204820447,250,1,6.948626033,44.14917755,0.117523193,-0.162164899,-0.087297254
13_410___AJ_soil_core___586,AJ_soil_core,POINT (385964.1930559497 3307013.914060221),43.82197952,0.472381685,0.5475539,1000,2,275.7460074,44.40093613,-0.578956604,-0.106574919,-0.031402704
13_410___AJ_soil_core___586,AJ_soil_core,POINT (385964.1930559497 3307013.914060221),43.82197952,0.16503313,0.239900775,250,1,42.67278028,44.14917755,-0.327198029,-0.162164899,-0.087297254
13_410___AJ_soil_core___587,AJ_soil_core,POINT (385941.16710668756 3307056.930885617),44.26670074,0.027660463,0.102832678,1000,2,233.9189048,44.40093613,-0.134235382,-0.106574919,-0.031402704
13_410___AJ_soil_core___587,AJ_soil_core,POINT (385941.16710668756 3307056.930885617),44.26670074,-0.279688092,-0.204820447,250,1,6.969196262,44.14917755,0.117523193,-0.162164899,-0.087297254
13_410___AJ_soil_core___588,AJ_soil_core,POINT (385952.92281691445 3307044.951326214),44.11936569,0.174995515,0.25016773,1000,2,245.0956275,44.40093613,-0.281570435,-0.106574919,-0.031402704
13_410___AJ_soil_core___588,AJ_soil_core,POINT (385952.92281691445 3307044.951326214),44.11936569,-0.13235304,-0.057485395,250,1,12.60261571,44.14917755,-0.029811859,-0.162164899,-0.087297254
13_410___AJ_soil_core___589,AJ_soil_core,POINT (385941.1282528517 3307056.9091188908),44.26670074,0.027660463,0.102832678,1000,2,233.9047148,44.40093613,-0.134235382,-0.106574919,-0.031402704
13_410___AJ_soil_core___589,AJ_soil_core,POINT (385941.1282528517 3307056.9091188908),44.26670074,-0.279688092,-0.204820447,250,1,6.948626033,44.14917755,0.117523193,-0.162164899,-0.087297254
13_410___AJ_soil_core___590,AJ_soil_core,POINT (385964.1930559497 3307013.914060221),43.82197952,0.472381685,0.5475539,1000,2,275.7460074,44.40093613,-0.578956604,-0.106574919,-0.031402704
13_410___AJ_soil_core___590,AJ_soil_core,POINT (385964.1930559497 3307013.914060221),43.82197952,0.16503313,0.239900775,250,1,42.67278028,44.14917755,-0.327198029,-0.162164899,-0.087297254
13_410___AJ_soil_core___591,AJ_soil_core,POINT (385941.16710668756 3307056.930885617),44.26670074,0.027660463,0.102832678,1000,2,233.9189048,44.40093613,-0.134235382,-0.106574919,-0.031402704
13_410___AJ_soil_core___591,AJ_soil_core,POINT (385941.16710668756 3307056.930885617),44.26670074,-0.279688092,-0.204820447,250,1,6.969196262,44.14917755,0.117523193,-0.162164899,-0.087297254
13_410___AJ_soil_core___592,AJ_soil_core,POINT (385952.92281691445 3307044.951326214),44.11936569,0.174995515,0.25016773,1000,2,245.0956275,44.40093613,-0.281570435,-0.106574919,-0.031402704
13_410___AJ_soil_core___592,AJ_soil_core,POINT (385952.92281691445 3307044.951326214),44.11936569,-0.13235304,-0.057485395,250,1,12.60261571,44.14917755,-0.029811859,-0.162164899,-0.087297254
13_410___AJ_soil_core___593,AJ_soil_core,POINT (385941.1282528517 3307056.9091188908),44.26670074,0.027660463,0.102832678,1000,2,233.9047148,44.40093613,-0.134235382,-0.106574919,-0.031402704
13_410___AJ_soil_core___593,AJ_soil_core,POINT (385941.1282528517 3307056.9091188908),44.26670074,-0.279688092,-0.204820447,250,1,6.948626033,44.14917755,0.117523193,-0.162164899,-0.087297254
13_410___AJ_soil_core___594,AJ_soil_core,POINT (385964.1930559497 3307013.914060221),43.82197952,0.472381685,0.5475539,1000,2,275.7460074,44.40093613,-0.578956604,-0.106574919,-0.031402704
13_410___AJ_soil_core___594,AJ_soil_core,POINT (385964.1930559497 3307013.914060221),43.82197952,0.16503313,0.239900775,250,1,42.67278028,44.14917755,-0.327198029,-0.162164899,-0.087297254
13_410___AJ_soil_core___595,AJ_soil_core,POINT (385941.16710668756 3307056.930885617),44.26670074,0.027660463,0.102832678,1000,2,233.9189048,44.40093613,-0.134235382,-0.106574919,-0.031402704
13_410___AJ_soil_core___595,AJ_soil_core,POINT (385941.16710668756 3307056.930885617),44.26670074,-0.279688092,-0.204820447,250,1,6.969196262,44.14917755,0.117523193,-0.162164899,-0.087297254
13_410___AJ_soil_core___596,AJ_soil_core,POINT (385952.92281691445 3307044.951326214),44.11936569,0.174995515,0.25016773,1000,2,245.0956275,44.40093613,-0.281570435,-0.106574919,-0.031402704
13_410___AJ_soil_core___596,AJ_soil_core,POINT (385952.92281691445 3307044.951326214),44.11936569,-0.13235304,-0.057485395,250,1,12.60261571,44.14917755,-0.029811859,-0.162164899,-0.087297254
13_410___AJ_soil_core___597,AJ_soil_core,POINT (385941.1282528517 3307056.9091188908),44.26670074,0.027660463,0.102832678,1000,2,233.9047148,44.40093613,-0.134235382,-0.106574919,-0.031402704
13_410___AJ_soil_core___597,AJ_soil_core,POINT (385941.1282528517 3307056.9091188908),44.26670074,-0.279688092,-0.204820447,250,1,6.948626033,44.14917755,0.117523193,-0.162164899,-0.087297254
13_410___AJ_soil_core___598,AJ_soil_core,POINT (385964.1930559497 3307013.914060221),43.82197952,0.472381685,0.5475539,1000,2,275.7460074,44.40093613,-0.578956604,-0.106574919,-0.031402704
13_410___AJ_soil_core___598,AJ_soil_core,POINT (385964.1930559497 3307013.914060221),43.82197952,0.16503313,0.239900775,250,1,42.67278028,44.14917755,-0.327198029,-0.162164899,-0.087297254
13_410___AJ_soil_core___599,AJ_soil_core,POINT (385941.16710668756 3307056.930885617),44.26670074,0.027660463,0.102832678,1000,2,233.9189048,44.40093613,-0.134235382,-0.106574919,-0.031402704
13_410___AJ_soil_core___599,AJ_soil_core,POINT (385941.16710668756 3307056.930885617),44.26670074,-0.279688092,-0.204820447,250,1,6.969196262,44.14917755,0.117523193,-0.162164899,-0.087297254
13_410___AJ_soil_core___600,AJ_soil_core,POINT (385952.92281691445 3307044.951326214),44.11936569,0.174995515,0.25016773,1000,2,245.0956275,44.40093613,-0.281570435,-0.106574919,-0.031402704
13_410___AJ_soil_core___600,AJ_soil_core,POINT (385952.92281691445 3307044.951326214),44.11936569,-0.13235304,-0.057485395,250,1,12.60261571,44.14917755,-0.029811859,-0.162164899,-0.087297254
13_410___AJ_soil_core___601,AJ_soil_core,POINT (385941.1282528517 3307056.9091188908),44.26670074,0.027660463,0.102832678,1000,2,233.9047148,44.40093613,-0.134235382,-0.106574919,-0.031402704
13_410___AJ_soil_core___601,AJ_soil_core,POINT (385941.1282528517 3307056.9091188908),44.26670074,-0.279688092,-0.204820447,250,1,6.948626033,44.14917755,0.117523193,-0.162164899,-0.087297254
13_410___AJ_soil_core___602,AJ_soil_core,POINT (385964.1930559497 3307013.914060221),43.82197952,0.472381685,0.5475539,1000,2,275.7460074,44.40093613,-0.578956604,-0.106574919,-0.031402704
13_410___AJ_soil_core___602,AJ_soil_core,POINT (385964.1930559497 3307013.914060221),43.82197952,0.16503313,0.239900775,250,1,42.67278028,44.14917755,-0.327198029,-0.162164899,-0.087297254
13_410___AJ_soil_core___603,AJ_soil_core,POINT (385941.16710668756 3307056.930885617),44.26670074,0.027660463,0.102832678,1000,2,233.9189048,44.40093613,-0.134235382,-0.106574919,-0.031402704
13_410___AJ_soil_core___603,AJ_soil_core,POINT (385941.16710668756 3307056.930885617),44.26670074,-0.279688092,-0.204820447,250,1,6.969196262,44.14917755,0.117523193,-0.162164899,-0.087297254
13_410___AJ_soil_core___604,AJ_soil_core,POINT (385952.92281691445 3307044.951326214),44.11936569,0.174995515,0.25016773,1000,2,245.0956275,44.40093613,-0.281570435,-0.106574919,-0.031402704
13_410___AJ_soil_core___604,AJ_soil_core,POINT (385952.92281691445 3307044.951326214),44.11936569,-0.13235304,-0.057485395,250,1,12.60261571,44.14917755,-0.029811859,-0.162164899,-0.087297254
13_410___AJ_soil_core___605,AJ_soil_core,POINT (385941.1282528517 3307056.9091188908),44.26670074,0.027660463,0.102832678,1000,2,233.9047148,44.40093613,-0.134235382,-0.106574919,-0.031402704
13_410___AJ_soil_core___605,AJ_soil_core,POINT (385941.1282528517 3307056.9091188908),44.26670074,-0.279688092,-0.204820447,250,1,6.948626033,44.14917755,0.117523193,-0.162164899,-0.087297254
13_410___AJ_soil_core___606,AJ_soil_core,POINT (385964.1930559497 3307013.914060221),43.82197952,0.472381685,0.5475539,1000,2,275.7460074,44.40093613,-0.578956604,-0.106574919,-0.031402704
13_410___AJ_soil_core___606,AJ_soil_core,POINT (385964.1930559497 3307013.914060221),43.82197952,0.16503313,0.239900775,250,1,42.67278028,44.14917755,-0.327198029,-0.162164899,-0.087297254
13_410___AJ_soil_core___607,AJ_soil_core,POINT (385941.16710668756 3307056.930885617),44.26670074,0.027660463,0.102832678,1000,2,233.9189048,44.40093613,-0.134235382,-0.106574919,-0.031402704
13_410___AJ_soil_core___607,AJ_soil_core,POINT (385941.16710668756 3307056.930885617),44.26670074,-0.279688092,-0.204820447,250,1,6.969196262,44.14917755,0.117523193,-0.162164899,-0.087297254
13_410___AJ_soil_core___608,AJ_soil_core,POINT (385952.92281691445 3307044.951326214),44.11936569,0.174995515,0.25016773,1000,2,245.0956275,44.40093613,-0.281570435,-0.106574919,-0.031402704
13_410___AJ_soil_core___608,AJ_soil_core,POINT (385952.92281691445 3307044.951326214),44.11936569,-0.13235304,-0.057485395,250,1,12.60261571,44.14917755,-0.029811859,-0.162164899,-0.087297254
13_410___AJ_soil_core___609,AJ_soil_core,POINT (385941.1282528517 3307056.9091188908),44.26670074,0.027660463,0.102832678,1000,2,233.9047148,44.40093613,-0.134235382,-0.106574919,-0.031402704
13_410___AJ_soil_core___609,AJ_soil_core,POINT (385941.1282528517 3307056.9091188908),44.26670074,-0.279688092,-0.204820447,250,1,6.948626033,44.14917755,0.117523193,-0.162164899,-0.087297254
13_410___AJ_soil_core___610,AJ_soil_core,POINT (385964.1930559497 3307013.914060221),43.82197952,0.472381685,0.5475539,1000,2,275.7460074,44.40093613,-0.578956604,-0.106574919,-0.031402704
13_410___AJ_soil_core___610,AJ_soil_core,POINT (385964.1930559497 3307013.914060221),43.82197952,0.16503313,0.239900775,250,1,42.67278028,44.14917755,-0.327198029,-0.162164899,-0.087297254
13_274___AJ_soil_core___611,AJ_soil_core,POINT (385633.558695143 3307430.3783455403),44.75838089,-0.464019682,-0.388847468,1000,2,256.1595357,44.40093613,0.357444763,-0.106574919,-0.031402704
13_274___AJ_soil_core___611,AJ_soil_core,POINT (385633.558695143 3307430.3783455403),44.75838089,-0.156671127,-0.081194343,250,1,22.97611346,44.6526947,0.105686188,-0.050984939,0.024491845
13_274___AJ_soil_core___612,AJ_soil_core,POINT (385642.4779719779 3307414.9919207157),44.59106064,-0.296699431,-0.221527216,1000,2,239.2076849,44.40093613,0.190124512,-0.106574919,-0.031402704
13_274___AJ_soil_core___612,AJ_soil_core,POINT (385642.4779719779 3307414.9919207157),44.59106064,0.010649124,0.086125909,250,1,6.636108953,44.6526947,-0.061634064,-0.050984939,0.024491845
13_274___AJ_soil_core___613,AJ_soil_core,POINT (385662.71696657804 3307382.86441069),44.52864075,-0.234279539,-0.159107325,1000,2,233.7601341,44.40093613,0.12770462,-0.106574919,-0.031402704
13_274___AJ_soil_core___613,AJ_soil_core,POINT (385662.71696657804 3307382.86441069),44.52864075,0.073069016,0.1485458,250,1,33.39532947,44.6526947,-0.124053955,-0.050984939,0.024491845
13_274___AJ_soil_core___614,AJ_soil_core,POINT (385666.95176999905 3307353.340042323),44.55684662,-0.262485411,-0.187313196,1000,2,235.8264843,44.40093613,0.155910492,-0.106574919,-0.031402704
13_274___AJ_soil_core___614,AJ_soil_core,POINT (385666.95176999905 3307353.340042323),44.55684662,0.044863144,0.120339928,250,1,62.58480945,44.6526947,-0.095848083,-0.050984939,0.024491845
13_274___AJ_soil_core___615,AJ_soil_core,POINT (385633.558695143 3307430.3783455403),44.75838089,-0.464019682,-0.388847468,1000,2,256.1595357,44.40093613,0.357444763,-0.106574919,-0.031402704
13_274___AJ_soil_core___615,AJ_soil_core,POINT (385633.558695143 3307430.3783455403),44.75838089,-0.156671127,-0.081194343,250,1,22.97611346,44.6526947,0.105686188,-0.050984939,0.024491845
13_274___AJ_soil_core___616,AJ_soil_core,POINT (385642.4779719779 3307414.9919207157),44.59106064,-0.296699431,-0.221527216,1000,2,239.2076849,44.40093613,0.190124512,-0.106574919,-0.031402704
13_274___AJ_soil_core___616,AJ_soil_core,POINT (385642.4779719779 3307414.9919207157),44.59106064,0.010649124,0.086125909,250,1,6.636108953,44.6526947,-0.061634064,-0.050984939,0.024491845
13_274___AJ_soil_core___617,AJ_soil_core,POINT (385662.71696657804 3307382.86441069),44.52864075,-0.234279539,-0.159107325,1000,2,233.7601341,44.40093613,0.12770462,-0.106574919,-0.031402704
13_274___AJ_soil_core___617,AJ_soil_core,POINT (385662.71696657804 3307382.86441069),44.52864075,0.073069016,0.1485458,250,1,33.39532947,44.6526947,-0.124053955,-0.050984939,0.024491845
13_274___AJ_soil_core___618,AJ_soil_core,POINT (385666.95176999905 3307353.340042323),44.55684662,-0.262485411,-0.187313196,1000,2,235.8264843,44.40093613,0.155910492,-0.106574919,-0.031402704
13_274___AJ_soil_core___618,AJ_soil_core,POINT (385666.95176999905 3307353.340042323),44.55684662,0.044863144,0.120339928,250,1,62.58480945,44.6526947,-0.095848083,-0.050984939,0.024491845
13_274___AJ_soil_core___619,AJ_soil_core,POINT (385633.558695143 3307430.3783455403),44.75838089,-0.464019682,-0.388847468,1000,2,256.1595357,44.40093613,0.357444763,-0.106574919,-0.031402704
13_274___AJ_soil_core___619,AJ_soil_core,POINT (385633.558695143 3307430.3783455403),44.75838089,-0.156671127,-0.081194343,250,1,22.97611346,44.6526947,0.105686188,-0.050984939,0.024491845
13_274___AJ_soil_core___620,AJ_soil_core,POINT (385642.4779719779 3307414.9919207157),44.59106064,-0.296699431,-0.221527216,1000,2,239.2076849,44.40093613,0.190124512,-0.106574919,-0.031402704
13_274___AJ_soil_core___620,AJ_soil_core,POINT (385642.4779719779 3307414.9919207157),44.59106064,0.010649124,0.086125909,250,1,6.636108953,44.6526947,-0.061634064,-0.050984939,0.024491845
13_274___AJ_soil_core___621,AJ_soil_core,POINT (385662.71696657804 3307382.86441069),44.52864075,-0.234279539,-0.159107325,1000,2,233.7601341,44.40093613,0.12770462,-0.106574919,-0.031402704
13_274___AJ_soil_core___621,AJ_soil_core,POINT (385662.71696657804 3307382.86441069),44.52864075,0.073069016,0.1485458,250,1,33.39532947,44.6526947,-0.124053955,-0.050984939,0.024491845
13_274___AJ_soil_core___622,AJ_soil_core,POINT (385666.95176999905 3307353.340042323),44.55684662,-0.262485411,-0.187313196,1000,2,235.8264843,44.40093613,0.155910492,-0.106574919,-0.031402704
13_274___AJ_soil_core___622,AJ_soil_core,POINT (385666.95176999905 3307353.340042323),44.55684662,0.044863144,0.120339928,250,1,62.58480945,44.6526947,-0.095848083,-0.050984939,0.024491845
13_274___AJ_soil_core___623,AJ_soil_core,POINT (385633.558695143 3307430.3783455403),44.75838089,-0.464019682,-0.388847468,1000,2,256.1595357,44.40093613,0.357444763,-0.106574919,-0.031402704
13_274___AJ_soil_core___623,AJ_soil_core,POINT (385633.558695143 3307430.3783455403),44.75838089,-0.156671127,-0.081194343,250,1,22.97611346,44.6526947,0.105686188,-0.050984939,0.024491845
13_274___AJ_soil_core___624,AJ_soil_core,POINT (385642.4779719779 3307414.9919207157),44.59106064,-0.296699431,-0.221527216,1000,2,239.2076849,44.40093613,0.190124512,-0.106574919,-0.031402704
13_274___AJ_soil_core___624,AJ_soil_core,POINT (385642.4779719779 3307414.9919207157),44.59106064,0.010649124,0.086125909,250,1,6.636108953,44.6526947,-0.061634064,-0.050984939,0.024491845
13_274___AJ_soil_core___625,AJ_soil_core,POINT (385662.71696657804 3307382.86441069),44.52864075,-0.234279539,-0.159107325,1000,2,233.7601341,44.40093613,0.12770462,-0.106574919,-0.031402704
13_274___AJ_soil_core___625,AJ_soil_core,POINT (385662.71696657804 3307382.86441069),44.52864075,0.073069016,0.1485458,250,1,33.39532947,44.6526947,-0.124053955,-0.050984939,0.024491845
13_274___AJ_soil_core___626,AJ_soil_core,POINT (385666.95176999905 3307353.340042323),44.55684662,-0.262485411,-0.187313196,1000,2,235.8264843,44.40093613,0.155910492,-0.106574919,-0.031402704
13_274___AJ_soil_core___626,AJ_soil_core,POINT (385666.95176999905 3307353.340042323),44.55684662,0.044863144,0.120339928,250,1,62.58480945,44.6526947,-0.095848083,-0.050984939,0.024491845
13_274___AJ_soil_core___627,AJ_soil_core,POINT (385633.558695143 3307430.3783455403),44.75838089,-0.464019682,-0.388847468,1000,2,256.1595357,44.40093613,0.357444763,-0.106574919,-0.031402704
13_274___AJ_soil_core___627,AJ_soil_core,POINT (385633.558695143 3307430.3783455403),44.75838089,-0.156671127,-0.081194343,250,1,22.97611346,44.6526947,0.105686188,-0.050984939,0.024491845
13_274___AJ_soil_core___628,AJ_soil_core,POINT (385642.4779719779 3307414.9919207157),44.59106064,-0.296699431,-0.221527216,1000,2,239.2076849,44.40093613,0.190124512,-0.106574919,-0.031402704
13_274___AJ_soil_core___628,AJ_soil_core,POINT (385642.4779719779 3307414.9919207157),44.59106064,0.010649124,0.086125909,250,1,6.636108953,44.6526947,-0.061634064,-0.050984939,0.024491845
13_274___AJ_soil_core___629,AJ_soil_core,POINT (385662.71696657804 3307382.86441069),44.52864075,-0.234279539,-0.159107325,1000,2,233.7601341,44.40093613,0.12770462,-0.106574919,-0.031402704
13_274___AJ_soil_core___629,AJ_soil_core,POINT (385662.71696657804 3307382.86441069),44.52864075,0.073069016,0.1485458,250,1,33.39532947,44.6526947,-0.124053955,-0.050984939,0.024491845
13_274___AJ_soil_core___630,AJ_soil_core,POINT (385666.95176999905 3307353.340042323),44.55684662,-0.262485411,-0.187313196,1000,2,235.8264843,44.40093613,0.155910492,-0.106574919,-0.031402704
13_274___AJ_soil_core___630,AJ_soil_core,POINT (385666.95176999905 3307353.340042323),44.55684662,0.044863144,0.120339928,250,1,62.58480945,44.6526947,-0.095848083,-0.050984939,0.024491845
13_274___AJ_soil_core___631,AJ_soil_core,POINT (385633.558695143 3307430.3783455403),44.75838089,-0.464019682,-0.388847468,1000,2,256.1595357,44.40093613,0.357444763,-0.106574919,-0.031402704
13_274___AJ_soil_core___631,AJ_soil_core,POINT (385633.558695143 3307430.3783455403),44.75838089,-0.156671127,-0.081194343,250,1,22.97611346,44.6526947,0.105686188,-0.050984939,0.024491845
13_274___AJ_soil_core___632,AJ_soil_core,POINT (385642.4779719779 3307414.9919207157),44.59106064,-0.296699431,-0.221527216,1000,2,239.2076849,44.40093613,0.190124512,-0.106574919,-0.031402704
13_274___AJ_soil_core___632,AJ_soil_core,POINT (385642.4779719779 3307414.9919207157),44.59106064,0.010649124,0.086125909,250,1,6.636108953,44.6526947,-0.061634064,-0.050984939,0.024491845
13_274___AJ_soil_core___633,AJ_soil_core,POINT (385662.71696657804 3307382.86441069),44.52864075,-0.234279539,-0.159107325,1000,2,233.7601341,44.40093613,0.12770462,-0.106574919,-0.031402704
13_274___AJ_soil_core___633,AJ_soil_core,POINT (385662.71696657804 3307382.86441069),44.52864075,0.073069016,0.1485458,250,1,33.39532947,44.6526947,-0.124053955,-0.050984939,0.024491845
13_274___AJ_soil_core___634,AJ_soil_core,POINT (385666.95176999905 3307353.340042323),44.55684662,-0.262485411,-0.187313196,1000,2,235.8264843,44.40093613,0.155910492,-0.106574919,-0.031402704
13_274___AJ_soil_core___634,AJ_soil_core,POINT (385666.95176999905 3307353.340042323),44.55684662,0.044863144,0.120339928,250,1,62.58480945,44.6526947,-0.095848083,-0.050984939,0.024491845
13_274___AJ_soil_core___635,AJ_soil_core,POINT (385633.558695143 3307430.3783455403),44.75838089,-0.464019682,-0.388847468,1000,2,256.1595357,44.40093613,0.357444763,-0.106574919,-0.031402704
13_274___AJ_soil_core___635,AJ_soil_core,POINT (385633.558695143 3307430.3783455403),44.75838089,-0.156671127,-0.081194343,250,1,22.97611346,44.6526947,0.105686188,-0.050984939,0.024491845
13_274___AJ_soil_core___636,AJ_soil_core,POINT (385642.4779719779 3307414.9919207157),44.59106064,-0.296699431,-0.221527216,1000,2,239.2076849,44.40093613,0.190124512,-0.106574919,-0.031402704
13_274___AJ_soil_core___636,AJ_soil_core,POINT (385642.4779719779 3307414.9919207157),44.59106064,0.010649124,0.086125909,250,1,6.636108953,44.6526947,-0.061634064,-0.050984939,0.024491845
13_274___AJ_soil_core___637,AJ_soil_core,POINT (385662.71696657804 3307382.86441069),44.52864075,-0.234279539,-0.159107325,1000,2,233.7601341,44.40093613,0.12770462,-0.106574919,-0.031402704
13_274___AJ_soil_core___637,AJ_soil_core,POINT (385662.71696657804 3307382.86441069),44.52864075,0.073069016,0.1485458,250,1,33.39532947,44.6526947,-0.124053955,-0.050984939,0.024491845
13_274___AJ_soil_core___638,AJ_soil_core,POINT (385666.95176999905 3307353.340042323),44.55684662,-0.262485411,-0.187313196,1000,2,235.8264843,44.40093613,0.155910492,-0.106574919,-0.031402704
13_274___AJ_soil_core___638,AJ_soil_core,POINT (385666.95176999905 3307353.340042323),44.55684662,0.044863144,0.120339928,250,1,62.58480945,44.6526947,-0.095848083,-0.050984939,0.024491845
9_332___AJ_soil_core___639,AJ_soil_core,POINT (380677.6365404944 3311966.344066938),45.38015747,-0.548363961,-0.362710968,1000,3,497.9754097,44.84925207,0.530905406,-0.017458555,0.168194437
9_332___AJ_soil_core___639,AJ_soil_core,POINT (380677.6365404944 3311966.344066938),45.38015747,-0.646841934,-0.516446819,250,1,157.3169148,44.61320496,0.766952515,0.120110581,0.250505696
9_332___AJ_soil_core___640,AJ_soil_core,POINT (380659.7456876238 3311882.048868846),45.09944153,-0.267648019,-0.081995026,1000,3,425.6501419,44.84925207,0.250189463,-0.017458555,0.168194437
9_332___AJ_soil_core___640,AJ_soil_core,POINT (380659.7456876238 3311882.048868846),45.09944153,-0.366125991,-0.235730876,250,1,79.66259896,44.61320496,0.486236572,0.120110581,0.250505696
9_332___AJ_soil_core___641,AJ_soil_core,POINT (380640.78018471005 3311859.7229287867),44.82985306,0.001940452,0.187593444,1000,3,407.1023855,44.84925207,-0.019399007,-0.017458555,0.168194437
9_332___AJ_soil_core___641,AJ_soil_core,POINT (380640.78018471005 3311859.7229287867),44.82985306,-0.096537521,0.033857594,250,1,50.88127585,44.61320496,0.216648102,0.120110581,0.250505696
9_332___AJ_soil_core___642,AJ_soil_core,POINT (380621.9312801354 3311848.22757502),44.74759674,0.084196769,0.269849762,1000,3,397.4225288,44.84925207,-0.101655324,-0.017458555,0.168194437
9_332___AJ_soil_core___642,AJ_soil_core,POINT (380621.9312801354 3311848.22757502),44.74759674,-0.014281204,0.116113911,250,1,28.94059766,44.61320496,0.134391785,0.120110581,0.250505696
9_332___AJ_soil_core___643,AJ_soil_core,POINT (380677.6365404944 3311966.344066938),45.38015747,-0.548363961,-0.362710968,1000,3,497.9754097,44.84925207,0.530905406,-0.017458555,0.168194437
9_332___AJ_soil_core___643,AJ_soil_core,POINT (380677.6365404944 3311966.344066938),45.38015747,-0.646841934,-0.516446819,250,1,157.3169148,44.61320496,0.766952515,0.120110581,0.250505696
9_332___AJ_soil_core___644,AJ_soil_core,POINT (380659.7456876238 3311882.048868846),45.09944153,-0.267648019,-0.081995026,1000,3,425.6501419,44.84925207,0.250189463,-0.017458555,0.168194437
9_332___AJ_soil_core___644,AJ_soil_core,POINT (380659.7456876238 3311882.048868846),45.09944153,-0.366125991,-0.235730876,250,1,79.66259896,44.61320496,0.486236572,0.120110581,0.250505696
9_332___AJ_soil_core___645,AJ_soil_core,POINT (380640.78018471005 3311859.7229287867),44.82985306,0.001940452,0.187593444,1000,3,407.1023855,44.84925207,-0.019399007,-0.017458555,0.168194437
9_332___AJ_soil_core___645,AJ_soil_core,POINT (380640.78018471005 3311859.7229287867),44.82985306,-0.096537521,0.033857594,250,1,50.88127585,44.61320496,0.216648102,0.120110581,0.250505696
9_332___AJ_soil_core___646,AJ_soil_core,POINT (380621.9312801354 3311848.22757502),44.74759674,0.084196769,0.269849762,1000,3,397.4225288,44.84925207,-0.101655324,-0.017458555,0.168194437
9_332___AJ_soil_core___646,AJ_soil_core,POINT (380621.9312801354 3311848.22757502),44.74759674,-0.014281204,0.116113911,250,1,28.94059766,44.61320496,0.134391785,0.120110581,0.250505696
9_332___AJ_soil_core___647,AJ_soil_core,POINT (380677.6365404944 3311966.344066938),45.38015747,-0.548363961,-0.362710968,1000,3,497.9754097,44.84925207,0.530905406,-0.017458555,0.168194437
9_332___AJ_soil_core___647,AJ_soil_core,POINT (380677.6365404944 3311966.344066938),45.38015747,-0.646841934,-0.516446819,250,1,157.3169148,44.61320496,0.766952515,0.120110581,0.250505696
9_332___AJ_soil_core___648,AJ_soil_core,POINT (380659.7456876238 3311882.048868846),45.09944153,-0.267648019,-0.081995026,1000,3,425.6501419,44.84925207,0.250189463,-0.017458555,0.168194437
9_332___AJ_soil_core___648,AJ_soil_core,POINT (380659.7456876238 3311882.048868846),45.09944153,-0.366125991,-0.235730876,250,1,79.66259896,44.61320496,0.486236572,0.120110581,0.250505696
9_332___AJ_soil_core___649,AJ_soil_core,POINT (380640.78018471005 3311859.7229287867),44.82985306,0.001940452,0.187593444,1000,3,407.1023855,44.84925207,-0.019399007,-0.017458555,0.168194437
9_332___AJ_soil_core___649,AJ_soil_core,POINT (380640.78018471005 3311859.7229287867),44.82985306,-0.096537521,0.033857594,250,1,50.88127585,44.61320496,0.216648102,0.120110581,0.250505696
9_332___AJ_soil_core___650,AJ_soil_core,POINT (380621.9312801354 3311848.22757502),44.74759674,0.084196769,0.269849762,1000,3,397.4225288,44.84925207,-0.101655324,-0.017458555,0.168194437
9_332___AJ_soil_core___650,AJ_soil_core,POINT (380621.9312801354 3311848.22757502),44.74759674,-0.014281204,0.116113911,250,1,28.94059766,44.61320496,0.134391785,0.120110581,0.250505696
9_332___AJ_soil_core___651,AJ_soil_core,POINT (380677.6365404944 3311966.344066938),45.38015747,-0.548363961,-0.362710968,1000,3,497.9754097,44.84925207,0.530905406,-0.017458555,0.168194437
9_332___AJ_soil_core___651,AJ_soil_core,POINT (380677.6365404944 3311966.344066938),45.38015747,-0.646841934,-0.516446819,250,1,157.3169148,44.61320496,0.766952515,0.120110581,0.250505696
9_332___AJ_soil_core___652,AJ_soil_core,POINT (380659.7456876238 3311882.048868846),45.09944153,-0.267648019,-0.081995026,1000,3,425.6501419,44.84925207,0.250189463,-0.017458555,0.168194437
9_332___AJ_soil_core___652,AJ_soil_core,POINT (380659.7456876238 3311882.048868846),45.09944153,-0.366125991,-0.235730876,250,1,79.66259896,44.61320496,0.486236572,0.120110581,0.250505696
9_332___AJ_soil_core___653,AJ_soil_core,POINT (380640.78018471005 3311859.7229287867),44.82985306,0.001940452,0.187593444,1000,3,407.1023855,44.84925207,-0.019399007,-0.017458555,0.168194437
9_332___AJ_soil_core___653,AJ_soil_core,POINT (380640.78018471005 3311859.7229287867),44.82985306,-0.096537521,0.033857594,250,1,50.88127585,44.61320496,0.216648102,0.120110581,0.250505696
9_332___AJ_soil_core___654,AJ_soil_core,POINT (380621.9312801354 3311848.22757502),44.74759674,0.084196769,0.269849762,1000,3,397.4225288,44.84925207,-0.101655324,-0.017458555,0.168194437
9_332___AJ_soil_core___654,AJ_soil_core,POINT (380621.9312801354 3311848.22757502),44.74759674,-0.014281204,0.116113911,250,1,28.94059766,44.61320496,0.134391785,0.120110581,0.250505696
9_332___AJ_soil_core___655,AJ_soil_core,POINT (380677.6365404944 3311966.344066938),45.38015747,-0.548363961,-0.362710968,1000,3,497.9754097,44.84925207,0.530905406,-0.017458555,0.168194437
9_332___AJ_soil_core___655,AJ_soil_core,POINT (380677.6365404944 3311966.344066938),45.38015747,-0.646841934,-0.516446819,250,1,157.3169148,44.61320496,0.766952515,0.120110581,0.250505696
9_332___AJ_soil_core___656,AJ_soil_core,POINT (380659.7456876238 3311882.048868846),45.09944153,-0.267648019,-0.081995026,1000,3,425.6501419,44.84925207,0.250189463,-0.017458555,0.168194437
9_332___AJ_soil_core___656,AJ_soil_core,POINT (380659.7456876238 3311882.048868846),45.09944153,-0.366125991,-0.235730876,250,1,79.66259896,44.61320496,0.486236572,0.120110581,0.250505696
9_332___AJ_soil_core___657,AJ_soil_core,POINT (380640.78018471005 3311859.7229287867),44.82985306,0.001940452,0.187593444,1000,3,407.1023855,44.84925207,-0.019399007,-0.017458555,0.168194437
9_332___AJ_soil_core___657,AJ_soil_core,POINT (380640.78018471005 3311859.7229287867),44.82985306,-0.096537521,0.033857594,250,1,50.88127585,44.61320496,0.216648102,0.120110581,0.250505696
9_332___AJ_soil_core___658,AJ_soil_core,POINT (380621.9312801354 3311848.22757502),44.74759674,0.084196769,0.269849762,1000,3,397.4225288,44.84925207,-0.101655324,-0.017458555,0.168194437
9_332___AJ_soil_core___658,AJ_soil_core,POINT (380621.9312801354 3311848.22757502),44.74759674,-0.014281204,0.116113911,250,1,28.94059766,44.61320496,0.134391785,0.120110581,0.250505696
9_332___AJ_soil_core___659,AJ_soil_core,POINT (380677.6365404944 3311966.344066938),45.38015747,-0.548363961,-0.362710968,1000,3,497.9754097,44.84925207,0.530905406,-0.017458555,0.168194437
9_332___AJ_soil_core___659,AJ_soil_core,POINT (380677.6365404944 3311966.344066938),45.38015747,-0.646841934,-0.516446819,250,1,157.3169148,44.61320496,0.766952515,0.120110581,0.250505696
9_332___AJ_soil_core___660,AJ_soil_core,POINT (380659.7456876238 3311882.048868846),45.09944153,-0.267648019,-0.081995026,1000,3,425.6501419,44.84925207,0.250189463,-0.017458555,0.168194437
9_332___AJ_soil_core___660,AJ_soil_core,POINT (380659.7456876238 3311882.048868846),45.09944153,-0.366125991,-0.235730876,250,1,79.66259896,44.61320496,0.486236572,0.120110581,0.250505696
9_332___AJ_soil_core___661,AJ_soil_core,POINT (380640.78018471005 3311859.7229287867),44.82985306,0.001940452,0.187593444,1000,3,407.1023855,44.84925207,-0.019399007,-0.017458555,0.168194437
9_332___AJ_soil_core___661,AJ_soil_core,POINT (380640.78018471005 3311859.7229287867),44.82985306,-0.096537521,0.033857594,250,1,50.88127585,44.61320496,0.216648102,0.120110581,0.250505696
9_332___AJ_soil_core___662,AJ_soil_core,POINT (380621.9312801354 3311848.22757502),44.74759674,0.084196769,0.269849762,1000,3,397.4225288,44.84925207,-0.101655324,-0.017458555,0.168194437
9_332___AJ_soil_core___662,AJ_soil_core,POINT (380621.9312801354 3311848.22757502),44.74759674,-0.014281204,0.116113911,250,1,28.94059766,44.61320496,0.134391785,0.120110581,0.250505696
9_332___AJ_soil_core___663,AJ_soil_core,POINT (380677.6365404944 3311966.344066938),45.38015747,-0.548363961,-0.362710968,1000,3,497.9754097,44.84925207,0.530905406,-0.017458555,0.168194437
9_332___AJ_soil_core___663,AJ_soil_core,POINT (380677.6365404944 3311966.344066938),45.38015747,-0.646841934,-0.516446819,250,1,157.3169148,44.61320496,0.766952515,0.120110581,0.250505696
9_332___AJ_soil_core___664,AJ_soil_core,POINT (380659.7456876238 3311882.048868846),45.09944153,-0.267648019,-0.081995026,1000,3,425.6501419,44.84925207,0.250189463,-0.017458555,0.168194437
9_332___AJ_soil_core___664,AJ_soil_core,POINT (380659.7456876238 3311882.048868846),45.09944153,-0.366125991,-0.235730876,250,1,79.66259896,44.61320496,0.486236572,0.120110581,0.250505696
9_332___AJ_soil_core___665,AJ_soil_core,POINT (380640.78018471005 3311859.7229287867),44.82985306,0.001940452,0.187593444,1000,3,407.1023855,44.84925207,-0.019399007,-0.017458555,0.168194437
9_332___AJ_soil_core___665,AJ_soil_core,POINT (380640.78018471005 3311859.7229287867),44.82985306,-0.096537521,0.033857594,250,1,50.88127585,44.61320496,0.216648102,0.120110581,0.250505696
9_332___AJ_soil_core___666,AJ_soil_core,POINT (380621.9312801354 3311848.22757502),44.74759674,0.084196769,0.269849762,1000,3,397.4225288,44.84925207,-0.101655324,-0.017458555,0.168194437
9_332___AJ_soil_core___666,AJ_soil_core,POINT (380621.9312801354 3311848.22757502),44.74759674,-0.014281204,0.116113911,250,1,28.94059766,44.61320496,0.134391785,0.120110581,0.250505696
3_34___AJ_soil_core___667,AJ_soil_core,POINT (384003.5486485528 3318166.648538433),44.19244385,-0.76315159,-0.579018989,1000,3,532.0319445,43.52420425,0.668239594,-0.094911997,0.089220605
3_34___AJ_soil_core___667,AJ_soil_core,POINT (384003.5486485528 3318166.648538433),44.19244385,-0.37092462,-0.204765578,250,1,77.81616704,43.96671677,0.225727081,-0.145197539,0.020961503
3_34___AJ_soil_core___668,AJ_soil_core,POINT (383993.88440866896 3318158.124468942),44.07913589,-0.649843637,-0.465711036,1000,3,525.2112636,43.52420425,0.554931641,-0.094911997,0.089220605
3_34___AJ_soil_core___668,AJ_soil_core,POINT (383993.88440866896 3318158.124468942),44.07913589,-0.257616667,-0.091457625,250,1,70.16370745,43.96671677,0.112419128,-0.145197539,0.020961503
3_34___AJ_soil_core___669,AJ_soil_core,POINT (384013.1272732606 3318142.345208139),44.06158829,-0.63229603,-0.448163429,1000,3,521.0888988,43.52420425,0.537384033,-0.094911997,0.089220605
3_34___AJ_soil_core___669,AJ_soil_core,POINT (384013.1272732606 3318142.345208139),44.06158829,-0.240069059,-0.073910018,250,1,54.11421467,43.96671677,0.094871521,-0.145197539,0.020961503
3_34___AJ_soil_core___670,AJ_soil_core,POINT (384023.65865408233 3318147.1911615985),44.05131149,-0.622019235,-0.437886634,1000,3,527.1770846,43.52420425,0.527107239,-0.094911997,0.089220605
3_34___AJ_soil_core___670,AJ_soil_core,POINT (384023.65865408233 3318147.1911615985),44.05131149,-0.229792265,-0.063633223,250,1,61.25826255,43.96671677,0.084594727,-0.145197539,0.020961503
3_34___AJ_soil_core___671,AJ_soil_core,POINT (384003.5486485528 3318166.648538433),44.19244385,-0.76315159,-0.579018989,1000,3,532.0319445,43.52420425,0.668239594,-0.094911997,0.089220605
3_34___AJ_soil_core___671,AJ_soil_core,POINT (384003.5486485528 3318166.648538433),44.19244385,-0.37092462,-0.204765578,250,1,77.81616704,43.96671677,0.225727081,-0.145197539,0.020961503
3_34___AJ_soil_core___672,AJ_soil_core,POINT (383993.88440866896 3318158.124468942),44.07913589,-0.649843637,-0.465711036,1000,3,525.2112636,43.52420425,0.554931641,-0.094911997,0.089220605
3_34___AJ_soil_core___672,AJ_soil_core,POINT (383993.88440866896 3318158.124468942),44.07913589,-0.257616667,-0.091457625,250,1,70.16370745,43.96671677,0.112419128,-0.145197539,0.020961503
3_34___AJ_soil_core___673,AJ_soil_core,POINT (384013.1272732606 3318142.345208139),44.06158829,-0.63229603,-0.448163429,1000,3,521.0888988,43.52420425,0.537384033,-0.094911997,0.089220605
3_34___AJ_soil_core___673,AJ_soil_core,POINT (384013.1272732606 3318142.345208139),44.06158829,-0.240069059,-0.073910018,250,1,54.11421467,43.96671677,0.094871521,-0.145197539,0.020961503
3_34___AJ_soil_core___674,AJ_soil_core,POINT (384023.65865408233 3318147.1911615985),44.05131149,-0.622019235,-0.437886634,1000,3,527.1770846,43.52420425,0.527107239,-0.094911997,0.089220605
3_34___AJ_soil_core___674,AJ_soil_core,POINT (384023.65865408233 3318147.1911615985),44.05131149,-0.229792265,-0.063633223,250,1,61.25826255,43.96671677,0.084594727,-0.145197539,0.020961503
3_34___AJ_soil_core___675,AJ_soil_core,POINT (384003.5486485528 3318166.648538433),44.19244385,-0.76315159,-0.579018989,1000,3,532.0319445,43.52420425,0.668239594,-0.094911997,0.089220605
3_34___AJ_soil_core___675,AJ_soil_core,POINT (384003.5486485528 3318166.648538433),44.19244385,-0.37092462,-0.204765578,250,1,77.81616704,43.96671677,0.225727081,-0.145197539,0.020961503
3_34___AJ_soil_core___676,AJ_soil_core,POINT (383993.88440866896 3318158.124468942),44.07913589,-0.649843637,-0.465711036,1000,3,525.2112636,43.52420425,0.554931641,-0.094911997,0.089220605
3_34___AJ_soil_core___676,AJ_soil_core,POINT (383993.88440866896 3318158.124468942),44.07913589,-0.257616667,-0.091457625,250,1,70.16370745,43.96671677,0.112419128,-0.145197539,0.020961503
3_34___AJ_soil_core___677,AJ_soil_core,POINT (384013.1272732606 3318142.345208139),44.06158829,-0.63229603,-0.448163429,1000,3,521.0888988,43.52420425,0.537384033,-0.094911997,0.089220605
3_34___AJ_soil_core___677,AJ_soil_core,POINT (384013.1272732606 3318142.345208139),44.06158829,-0.240069059,-0.073910018,250,1,54.11421467,43.96671677,0.094871521,-0.145197539,0.020961503
3_34___AJ_soil_core___678,AJ_soil_core,POINT (384023.65865408233 3318147.1911615985),44.05131149,-0.622019235,-0.437886634,1000,3,527.1770846,43.52420425,0.527107239,-0.094911997,0.089220605
3_34___AJ_soil_core___678,AJ_soil_core,POINT (384023.65865408233 3318147.1911615985),44.05131149,-0.229792265,-0.063633223,250,1,61.25826255,43.96671677,0.084594727,-0.145197539,0.020961503
3_34___AJ_soil_core___679,AJ_soil_core,POINT (384003.5486485528 3318166.648538433),44.19244385,-0.76315159,-0.579018989,1000,3,532.0319445,43.52420425,0.668239594,-0.094911997,0.089220605
3_34___AJ_soil_core___679,AJ_soil_core,POINT (384003.5486485528 3318166.648538433),44.19244385,-0.37092462,-0.204765578,250,1,77.81616704,43.96671677,0.225727081,-0.145197539,0.020961503
3_34___AJ_soil_core___680,AJ_soil_core,POINT (383993.88440866896 3318158.124468942),44.07913589,-0.649843637,-0.465711036,1000,3,525.2112636,43.52420425,0.554931641,-0.094911997,0.089220605
3_34___AJ_soil_core___680,AJ_soil_core,POINT (383993.88440866896 3318158.124468942),44.07913589,-0.257616667,-0.091457625,250,1,70.16370745,43.96671677,0.112419128,-0.145197539,0.020961503
3_34___AJ_soil_core___681,AJ_soil_core,POINT (384013.1272732606 3318142.345208139),44.06158829,-0.63229603,-0.448163429,1000,3,521.0888988,43.52420425,0.537384033,-0.094911997,0.089220605
3_34___AJ_soil_core___681,AJ_soil_core,POINT (384013.1272732606 3318142.345208139),44.06158829,-0.240069059,-0.073910018,250,1,54.11421467,43.96671677,0.094871521,-0.145197539,0.020961503
3_34___AJ_soil_core___682,AJ_soil_core,POINT (384023.65865408233 3318147.1911615985),44.05131149,-0.622019235,-0.437886634,1000,3,527.1770846,43.52420425,0.527107239,-0.094911997,0.089220605
3_34___AJ_soil_core___682,AJ_soil_core,POINT (384023.65865408233 3318147.1911615985),44.05131149,-0.229792265,-0.063633223,250,1,61.25826255,43.96671677,0.084594727,-0.145197539,0.020961503
3_34___AJ_soil_core___683,AJ_soil_core,POINT (384003.5486485528 3318166.648538433),44.19244385,-0.76315159,-0.579018989,1000,3,532.0319445,43.52420425,0.668239594,-0.094911997,0.089220605
3_34___AJ_soil_core___683,AJ_soil_core,POINT (384003.5486485528 3318166.648538433),44.19244385,-0.37092462,-0.204765578,250,1,77.81616704,43.96671677,0.225727081,-0.145197539,0.020961503
3_34___AJ_soil_core___684,AJ_soil_core,POINT (383993.88440866896 3318158.124468942),44.07913589,-0.649843637,-0.465711036,1000,3,525.2112636,43.52420425,0.554931641,-0.094911997,0.089220605
3_34___AJ_soil_core___684,AJ_soil_core,POINT (383993.88440866896 3318158.124468942),44.07913589,-0.257616667,-0.091457625,250,1,70.16370745,43.96671677,0.112419128,-0.145197539,0.020961503
3_34___AJ_soil_core___685,AJ_soil_core,POINT (384013.1272732606 3318142.345208139),44.06158829,-0.63229603,-0.448163429,1000,3,521.0888988,43.52420425,0.537384033,-0.094911997,0.089220605
3_34___AJ_soil_core___685,AJ_soil_core,POINT (384013.1272732606 3318142.345208139),44.06158829,-0.240069059,-0.073910018,250,1,54.11421467,43.96671677,0.094871521,-0.145197539,0.020961503
3_34___AJ_soil_core___686,AJ_soil_core,POINT (384023.65865408233 3318147.1911615985),44.05131149,-0.622019235,-0.437886634,1000,3,527.1770846,43.52420425,0.527107239,-0.094911997,0.089220605
3_34___AJ_soil_core___686,AJ_soil_core,POINT (384023.65865408233 3318147.1911615985),44.05131149,-0.229792265,-0.063633223,250,1,61.25826255,43.96671677,0.084594727,-0.145197539,0.020961503
3_34___AJ_soil_core___687,AJ_soil_core,POINT (384003.5486485528 3318166.648538433),44.19244385,-0.76315159,-0.579018989,1000,3,532.0319445,43.52420425,0.668239594,-0.094911997,0.089220605
3_34___AJ_soil_core___687,AJ_soil_core,POINT (384003.5486485528 3318166.648538433),44.19244385,-0.37092462,-0.204765578,250,1,77.81616704,43.96671677,0.225727081,-0.145197539,0.020961503
3_34___AJ_soil_core___688,AJ_soil_core,POINT (383993.88440866896 3318158.124468942),44.07913589,-0.649843637,-0.465711036,1000,3,525.2112636,43.52420425,0.554931641,-0.094911997,0.089220605
3_34___AJ_soil_core___688,AJ_soil_core,POINT (383993.88440866896 3318158.124468942),44.07913589,-0.257616667,-0.091457625,250,1,70.16370745,43.96671677,0.112419128,-0.145197539,0.020961503
3_34___AJ_soil_core___689,AJ_soil_core,POINT (384013.1272732606 3318142.345208139),44.06158829,-0.63229603,-0.448163429,1000,3,521.0888988,43.52420425,0.537384033,-0.094911997,0.089220605
3_34___AJ_soil_core___689,AJ_soil_core,POINT (384013.1272732606 3318142.345208139),44.06158829,-0.240069059,-0.073910018,250,1,54.11421467,43.96671677,0.094871521,-0.145197539,0.020961503
3_34___AJ_soil_core___690,AJ_soil_core,POINT (384023.65865408233 3318147.1911615985),44.05131149,-0.622019235,-0.437886634,1000,3,527.1770846,43.52420425,0.527107239,-0.094911997,0.089220605
3_34___AJ_soil_core___690,AJ_soil_core,POINT (384023.65865408233 3318147.1911615985),44.05131149,-0.229792265,-0.063633223,250,1,61.25826255,43.96671677,0.084594727,-0.145197539,0.020961503
3_34___AJ_soil_core___691,AJ_soil_core,POINT (384003.5486485528 3318166.648538433),44.19244385,-0.76315159,-0.579018989,1000,3,532.0319445,43.52420425,0.668239594,-0.094911997,0.089220605
3_34___AJ_soil_core___691,AJ_soil_core,POINT (384003.5486485528 3318166.648538433),44.19244385,-0.37092462,-0.204765578,250,1,77.81616704,43.96671677,0.225727081,-0.145197539,0.020961503
3_34___AJ_soil_core___692,AJ_soil_core,POINT (383993.88440866896 3318158.124468942),44.07913589,-0.649843637,-0.465711036,1000,3,525.2112636,43.52420425,0.554931641,-0.094911997,0.089220605
3_34___AJ_soil_core___692,AJ_soil_core,POINT (383993.88440866896 3318158.124468942),44.07913589,-0.257616667,-0.091457625,250,1,70.16370745,43.96671677,0.112419128,-0.145197539,0.020961503
3_34___AJ_soil_core___693,AJ_soil_core,POINT (384013.1272732606 3318142.345208139),44.06158829,-0.63229603,-0.448163429,1000,3,521.0888988,43.52420425,0.537384033,-0.094911997,0.089220605
3_34___AJ_soil_core___693,AJ_soil_core,POINT (384013.1272732606 3318142.345208139),44.06158829,-0.240069059,-0.073910018,250,1,54.11421467,43.96671677,0.094871521,-0.145197539,0.020961503
3_34___AJ_soil_core___694,AJ_soil_core,POINT (384023.65865408233 3318147.1911615985),44.05131149,-0.622019235,-0.437886634,1000,3,527.1770846,43.52420425,0.527107239,-0.094911997,0.089220605
3_34___AJ_soil_core___694,AJ_soil_core,POINT (384023.65865408233 3318147.1911615985),44.05131149,-0.229792265,-0.063633223,250,1,61.25826255,43.96671677,0.084594727,-0.145197539,0.020961503
3_34___AJ_soil_core___695,AJ_soil_core,POINT (384003.5486485528 3318166.648538433),44.19244385,-0.76315159,-0.579018989,1000,3,532.0319445,43.52420425,0.668239594,-0.094911997,0.089220605
3_34___AJ_soil_core___695,AJ_soil_core,POINT (384003.5486485528 3318166.648538433),44.19244385,-0.37092462,-0.204765578,250,1,77.81616704,43.96671677,0.225727081,-0.145197539,0.020961503
3_34___AJ_soil_core___696,AJ_soil_core,POINT (383993.88440866896 3318158.124468942),44.07913589,-0.649843637,-0.465711036,1000,3,525.2112636,43.52420425,0.554931641,-0.094911997,0.089220605
3_34___AJ_soil_core___696,AJ_soil_core,POINT (383993.88440866896 3318158.124468942),44.07913589,-0.257616667,-0.091457625,250,1,70.16370745,43.96671677,0.112419128,-0.145197539,0.020961503
3_34___AJ_soil_core___697,AJ_soil_core,POINT (384013.1272732606 3318142.345208139),44.06158829,-0.63229603,-0.448163429,1000,3,521.0888988,43.52420425,0.537384033,-0.094911997,0.089220605
3_34___AJ_soil_core___697,AJ_soil_core,POINT (384013.1272732606 3318142.345208139),44.06158829,-0.240069059,-0.073910018,250,1,54.11421467,43.96671677,0.094871521,-0.145197539,0.020961503
3_34___AJ_soil_core___698,AJ_soil_core,POINT (384023.65865408233 3318147.1911615985),44.05131149,-0.622019235,-0.437886634,1000,3,527.1770846,43.52420425,0.527107239,-0.094911997,0.089220605
3_34___AJ_soil_core___698,AJ_soil_core,POINT (384023.65865408233 3318147.1911615985),44.05131149,-0.229792265,-0.063633223,250,1,61.25826255,43.96671677,0.084594727,-0.145197539,0.020961503
3_311___AJ_soil_core___699,AJ_soil_core,POINT (381930.92345307465 3317319.880046791),44.90167999,-0.394988549,-0.23855199,1000,1,26.54326975,44.3549614,0.546718597,0.151730049,0.308166607
3_311___AJ_soil_core___699,AJ_soil_core,POINT (381930.92345307465 3317319.880046791),44.90167999,-0.394988549,-0.23855199,250,1,26.54326975,44.3549614,0.546718597,0.151730049,0.308166607
3_311___AJ_soil_core___700,AJ_soil_core,POINT (381935.0717369941 3317338.7619029377),44.48052979,0.026161659,0.182598217,1000,1,7.216398452,44.3549614,0.12556839,0.151730049,0.308166607
3_311___AJ_soil_core___700,AJ_soil_core,POINT (381935.0717369941 3317338.7619029377),44.48052979,0.026161659,0.182598217,250,1,7.216398452,44.3549614,0.12556839,0.151730049,0.308166607
3_311___AJ_soil_core___701,AJ_soil_core,POINT (381941.45628554624 3317342.87809054),44.45847321,0.048218239,0.204654797,1000,1,5.347465745,44.3549614,0.10351181,0.151730049,0.308166607
3_311___AJ_soil_core___701,AJ_soil_core,POINT (381941.45628554624 3317342.87809054),44.45847321,0.048218239,0.204654797,250,1,5.347465745,44.3549614,0.10351181,0.151730049,0.308166607
3_311___AJ_soil_core___702,AJ_soil_core,POINT (381949.6010559344 3317360.365384684),44.13069153,0.375999916,0.532436474,1000,1,19.35243873,44.3549614,-0.224269867,0.151730049,0.308166607
3_311___AJ_soil_core___702,AJ_soil_core,POINT (381949.6010559344 3317360.365384684),44.13069153,0.375999916,0.532436474,250,1,19.35243873,44.3549614,-0.224269867,0.151730049,0.308166607
3_311___AJ_soil_core___703,AJ_soil_core,POINT (381930.92345307465 3317319.880046791),44.90167999,-0.394988549,-0.23855199,1000,1,26.54326975,44.3549614,0.546718597,0.151730049,0.308166607
3_311___AJ_soil_core___703,AJ_soil_core,POINT (381930.92345307465 3317319.880046791),44.90167999,-0.394988549,-0.23855199,250,1,26.54326975,44.3549614,0.546718597,0.151730049,0.308166607
3_311___AJ_soil_core___704,AJ_soil_core,POINT (381935.0717369941 3317338.7619029377),44.48052979,0.026161659,0.182598217,1000,1,7.216398452,44.3549614,0.12556839,0.151730049,0.308166607
3_311___AJ_soil_core___704,AJ_soil_core,POINT (381935.0717369941 3317338.7619029377),44.48052979,0.026161659,0.182598217,250,1,7.216398452,44.3549614,0.12556839,0.151730049,0.308166607
3_311___AJ_soil_core___705,AJ_soil_core,POINT (381941.45628554624 3317342.87809054),44.45847321,0.048218239,0.204654797,1000,1,5.347465745,44.3549614,0.10351181,0.151730049,0.308166607
3_311___AJ_soil_core___705,AJ_soil_core,POINT (381941.45628554624 3317342.87809054),44.45847321,0.048218239,0.204654797,250,1,5.347465745,44.3549614,0.10351181,0.151730049,0.308166607
3_311___AJ_soil_core___706,AJ_soil_core,POINT (381949.6010559344 3317360.365384684),44.13069153,0.375999916,0.532436474,1000,1,19.35243873,44.3549614,-0.224269867,0.151730049,0.308166607
3_311___AJ_soil_core___706,AJ_soil_core,POINT (381949.6010559344 3317360.365384684),44.13069153,0.375999916,0.532436474,250,1,19.35243873,44.3549614,-0.224269867,0.151730049,0.308166607
3_311___AJ_soil_core___707,AJ_soil_core,POINT (381930.92345307465 3317319.880046791),44.90167999,-0.394988549,-0.23855199,1000,1,26.54326975,44.3549614,0.546718597,0.151730049,0.308166607
3_311___AJ_soil_core___707,AJ_soil_core,POINT (381930.92345307465 3317319.880046791),44.90167999,-0.394988549,-0.23855199,250,1,26.54326975,44.3549614,0.546718597,0.151730049,0.308166607
3_311___AJ_soil_core___708,AJ_soil_core,POINT (381935.0717369941 3317338.7619029377),44.48052979,0.026161659,0.182598217,1000,1,7.216398452,44.3549614,0.12556839,0.151730049,0.308166607
3_311___AJ_soil_core___708,AJ_soil_core,POINT (381935.0717369941 3317338.7619029377),44.48052979,0.026161659,0.182598217,250,1,7.216398452,44.3549614,0.12556839,0.151730049,0.308166607
3_311___AJ_soil_core___709,AJ_soil_core,POINT (381941.45628554624 3317342.87809054),44.45847321,0.048218239,0.204654797,1000,1,5.347465745,44.3549614,0.10351181,0.151730049,0.308166607
3_311___AJ_soil_core___709,AJ_soil_core,POINT (381941.45628554624 3317342.87809054),44.45847321,0.048218239,0.204654797,250,1,5.347465745,44.3549614,0.10351181,0.151730049,0.308166607
3_311___AJ_soil_core___710,AJ_soil_core,POINT (381949.6010559344 3317360.365384684),44.13069153,0.375999916,0.532436474,1000,1,19.35243873,44.3549614,-0.224269867,0.151730049,0.308166607
3_311___AJ_soil_core___710,AJ_soil_core,POINT (381949.6010559344 3317360.365384684),44.13069153,0.375999916,0.532436474,250,1,19.35243873,44.3549614,-0.224269867,0.151730049,0.308166607
3_311___AJ_soil_core___711,AJ_soil_core,POINT (381930.92345307465 3317319.880046791),44.90167999,-0.394988549,-0.23855199,1000,1,26.54326975,44.3549614,0.546718597,0.151730049,0.308166607
3_311___AJ_soil_core___711,AJ_soil_core,POINT (381930.92345307465 3317319.880046791),44.90167999,-0.394988549,-0.23855199,250,1,26.54326975,44.3549614,0.546718597,0.151730049,0.308166607
3_311___AJ_soil_core___712,AJ_soil_core,POINT (381935.0717369941 3317338.7619029377),44.48052979,0.026161659,0.182598217,1000,1,7.216398452,44.3549614,0.12556839,0.151730049,0.308166607
3_311___AJ_soil_core___712,AJ_soil_core,POINT (381935.0717369941 3317338.7619029377),44.48052979,0.026161659,0.182598217,250,1,7.216398452,44.3549614,0.12556839,0.151730049,0.308166607
3_311___AJ_soil_core___713,AJ_soil_core,POINT (381941.45628554624 3317342.87809054),44.45847321,0.048218239,0.204654797,1000,1,5.347465745,44.3549614,0.10351181,0.151730049,0.308166607
3_311___AJ_soil_core___713,AJ_soil_core,POINT (381941.45628554624 3317342.87809054),44.45847321,0.048218239,0.204654797,250,1,5.347465745,44.3549614,0.10351181,0.151730049,0.308166607
3_311___AJ_soil_core___714,AJ_soil_core,POINT (381949.6010559344 3317360.365384684),44.13069153,0.375999916,0.532436474,1000,1,19.35243873,44.3549614,-0.224269867,0.151730049,0.308166607
3_311___AJ_soil_core___714,AJ_soil_core,POINT (381949.6010559344 3317360.365384684),44.13069153,0.375999916,0.532436474,250,1,19.35243873,44.3549614,-0.224269867,0.151730049,0.308166607
3_311___AJ_soil_core___715,AJ_soil_core,POINT (381930.92345307465 3317319.880046791),44.90167999,-0.394988549,-0.23855199,1000,1,26.54326975,44.3549614,0.546718597,0.151730049,0.308166607
3_311___AJ_soil_core___715,AJ_soil_core,POINT (381930.92345307465 3317319.880046791),44.90167999,-0.394988549,-0.23855199,250,1,26.54326975,44.3549614,0.546718597,0.151730049,0.308166607
3_311___AJ_soil_core___716,AJ_soil_core,POINT (381935.0717369941 3317338.7619029377),44.48052979,0.026161659,0.182598217,1000,1,7.216398452,44.3549614,0.12556839,0.151730049,0.308166607
3_311___AJ_soil_core___716,AJ_soil_core,POINT (381935.0717369941 3317338.7619029377),44.48052979,0.026161659,0.182598217,250,1,7.216398452,44.3549614,0.12556839,0.151730049,0.308166607
3_311___AJ_soil_core___717,AJ_soil_core,POINT (381941.45628554624 3317342.87809054),44.45847321,0.048218239,0.204654797,1000,1,5.347465745,44.3549614,0.10351181,0.151730049,0.308166607
3_311___AJ_soil_core___717,AJ_soil_core,POINT (381941.45628554624 3317342.87809054),44.45847321,0.048218239,0.204654797,250,1,5.347465745,44.3549614,0.10351181,0.151730049,0.308166607
3_311___AJ_soil_core___718,AJ_soil_core,POINT (381949.6010559344 3317360.365384684),44.13069153,0.375999916,0.532436474,1000,1,19.35243873,44.3549614,-0.224269867,0.151730049,0.308166607
3_311___AJ_soil_core___718,AJ_soil_core,POINT (381949.6010559344 3317360.365384684),44.13069153,0.375999916,0.532436474,250,1,19.35243873,44.3549614,-0.224269867,0.151730049,0.308166607
3_311___AJ_soil_core___719,AJ_soil_core,POINT (381930.92345307465 3317319.880046791),44.90167999,-0.394988549,-0.23855199,1000,1,26.54326975,44.3549614,0.546718597,0.151730049,0.308166607
3_311___AJ_soil_core___719,AJ_soil_core,POINT (381930.92345307465 3317319.880046791),44.90167999,-0.394988549,-0.23855199,250,1,26.54326975,44.3549614,0.546718597,0.151730049,0.308166607
3_311___AJ_soil_core___720,AJ_soil_core,POINT (381935.0717369941 3317338.7619029377),44.48052979,0.026161659,0.182598217,1000,1,7.216398452,44.3549614,0.12556839,0.151730049,0.308166607
3_311___AJ_soil_core___720,AJ_soil_core,POINT (381935.0717369941 3317338.7619029377),44.48052979,0.026161659,0.182598217,250,1,7.216398452,44.3549614,0.12556839,0.151730049,0.308166607
3_311___AJ_soil_core___721,AJ_soil_core,POINT (381941.45628554624 3317342.87809054),44.45847321,0.048218239,0.204654797,1000,1,5.347465745,44.3549614,0.10351181,0.151730049,0.308166607
3_311___AJ_soil_core___721,AJ_soil_core,POINT (381941.45628554624 3317342.87809054),44.45847321,0.048218239,0.204654797,250,1,5.347465745,44.3549614,0.10351181,0.151730049,0.308166607
3_311___AJ_soil_core___722,AJ_soil_core,POINT (381949.6010559344 3317360.365384684),44.13069153,0.375999916,0.532436474,1000,1,19.35243873,44.3549614,-0.224269867,0.151730049,0.308166607
3_311___AJ_soil_core___722,AJ_soil_core,POINT (381949.6010559344 3317360.365384684),44.13069153,0.375999916,0.532436474,250,1,19.35243873,44.3549614,-0.224269867,0.151730049,0.308166607
3_311___AJ_soil_core___723,AJ_soil_core,POINT (381930.92345307465 3317319.880046791),44.90167999,-0.394988549,-0.23855199,1000,1,26.54326975,44.3549614,0.546718597,0.151730049,0.308166607
3_311___AJ_soil_core___723,AJ_soil_core,POINT (381930.92345307465 3317319.880046791),44.90167999,-0.394988549,-0.23855199,250,1,26.54326975,44.3549614,0.546718597,0.151730049,0.308166607
3_311___AJ_soil_core___724,AJ_soil_core,POINT (381935.0717369941 3317338.7619029377),44.48052979,0.026161659,0.182598217,1000,1,7.216398452,44.3549614,0.12556839,0.151730049,0.308166607
3_311___AJ_soil_core___724,AJ_soil_core,POINT (381935.0717369941 3317338.7619029377),44.48052979,0.026161659,0.182598217,250,1,7.216398452,44.3549614,0.12556839,0.151730049,0.308166607
3_311___AJ_soil_core___725,AJ_soil_core,POINT (381941.45628554624 3317342.87809054),44.45847321,0.048218239,0.204654797,1000,1,5.347465745,44.3549614,0.10351181,0.151730049,0.308166607
3_311___AJ_soil_core___725,AJ_soil_core,POINT (381941.45628554624 3317342.87809054),44.45847321,0.048218239,0.204654797,250,1,5.347465745,44.3549614,0.10351181,0.151730049,0.308166607
3_311___AJ_soil_core___726,AJ_soil_core,POINT (381949.6010559344 3317360.365384684),44.13069153,0.375999916,0.532436474,1000,1,19.35243873,44.3549614,-0.224269867,0.151730049,0.308166607
3_311___AJ_soil_core___726,AJ_soil_core,POINT (381949.6010559344 3317360.365384684),44.13069153,0.375999916,0.532436474,250,1,19.35243873,44.3549614,-0.224269867,0.151730049,0.308166607
3_311___AJ_soil_core___727,AJ_soil_core,POINT (381930.92345307465 3317319.880046791),44.90167999,-0.394988549,-0.23855199,1000,1,26.54326975,44.3549614,0.546718597,0.151730049,0.308166607
3_311___AJ_soil_core___727,AJ_soil_core,POINT (381930.92345307465 3317319.880046791),44.90167999,-0.394988549,-0.23855199,250,1,26.54326975,44.3549614,0.546718597,0.151730049,0.308166607
3_311___AJ_soil_core___728,AJ_soil_core,POINT (381935.0717369941 3317338.7619029377),44.48052979,0.026161659,0.182598217,1000,1,7.216398452,44.3549614,0.12556839,0.151730049,0.308166607
3_311___AJ_soil_core___728,AJ_soil_core,POINT (381935.0717369941 3317338.7619029377),44.48052979,0.026161659,0.182598217,250,1,7.216398452,44.3549614,0.12556839,0.151730049,0.308166607
3_311___AJ_soil_core___729,AJ_soil_core,POINT (381941.45628554624 3317342.87809054),44.45847321,0.048218239,0.204654797,1000,1,5.347465745,44.3549614,0.10351181,0.151730049,0.308166607
3_311___AJ_soil_core___729,AJ_soil_core,POINT (381941.45628554624 3317342.87809054),44.45847321,0.048218239,0.204654797,250,1,5.347465745,44.3549614,0.10351181,0.151730049,0.308166607
3_311___AJ_soil_core___730,AJ_soil_core,POINT (381949.6010559344 3317360.365384684),44.13069153,0.375999916,0.532436474,1000,1,19.35243873,44.3549614,-0.224269867,0.151730049,0.308166607
3_311___AJ_soil_core___730,AJ_soil_core,POINT (381949.6010559344 3317360.365384684),44.13069153,0.375999916,0.532436474,250,1,19.35243873,44.3549614,-0.224269867,0.151730049,0.308166607
5_161___AJ_soil_core___731,AJ_soil_core,MISSING COORDS,,,,,,,,,,
5_161___AJ_soil_core___732,AJ_soil_core,MISSING COORDS,,,,,,,,,,
5_161___AJ_soil_core___733,AJ_soil_core,MISSING COORDS,,,,,,,,,,
5_161___AJ_soil_core___734,AJ_soil_core,MISSING COORDS,,,,,,,,,,
5_161___AJ_soil_core___735,AJ_soil_core,MISSING COORDS,,,,,,,,,,
9_609___AJ_soil_core___736,AJ_soil_core,POINT (380197.89961206453 3311193.2484036456),45.10411453,-0.315347431,-0.153342934,1000,4,681.8003196,44.8099165,0.294198036,-0.021149395,0.140855103
9_609___AJ_soil_core___736,AJ_soil_core,POINT (380197.89961206453 3311193.2484036456),,,,250,0,,,,,
9_609___AJ_soil_core___737,AJ_soil_core,POINT (380202.79396604805 3311202.8570724116),45.04553223,-0.256765125,-0.094760628,1000,4,678.1337553,44.8099165,0.23561573,-0.021149395,0.140855103
9_609___AJ_soil_core___737,AJ_soil_core,POINT (380202.79396604805 3311202.8570724116),,,,250,0,,,,,
9_609___AJ_soil_core___738,AJ_soil_core,POINT (380209.4130223717 3311210.3215522314),45.0161705,-0.2274034,-0.065398903,1000,4,674.2787016,44.8099165,0.206254005,-0.021149395,0.140855103
9_609___AJ_soil_core___738,AJ_soil_core,POINT (380209.4130223717 3311210.3215522314),,,,250,0,,,,,
9_609___AJ_soil_core___739,AJ_soil_core,POINT (380215.2977808651 3311215.73283508),44.81545258,-0.026685474,0.135319023,1000,4,671.1083537,44.8099165,0.005536079,-0.021149395,0.140855103
9_609___AJ_soil_core___739,AJ_soil_core,POINT (380215.2977808651 3311215.73283508),,,,250,0,,,,,
9_609___AJ_soil_core___740,AJ_soil_core,POINT (380197.89961206453 3311193.2484036456),45.10411453,-0.315347431,-0.153342934,1000,4,681.8003196,44.8099165,0.294198036,-0.021149395,0.140855103
9_609___AJ_soil_core___740,AJ_soil_core,POINT (380197.89961206453 3311193.2484036456),,,,250,0,,,,,
9_609___AJ_soil_core___741,AJ_soil_core,POINT (380202.79396604805 3311202.8570724116),45.04553223,-0.256765125,-0.094760628,1000,4,678.1337553,44.8099165,0.23561573,-0.021149395,0.140855103
9_609___AJ_soil_core___741,AJ_soil_core,POINT (380202.79396604805 3311202.8570724116),,,,250,0,,,,,
9_609___AJ_soil_core___742,AJ_soil_core,POINT (380209.4130223717 3311210.3215522314),45.0161705,-0.2274034,-0.065398903,1000,4,674.2787016,44.8099165,0.206254005,-0.021149395,0.140855103
9_609___AJ_soil_core___742,AJ_soil_core,POINT (380209.4130223717 3311210.3215522314),,,,250,0,,,,,
9_609___AJ_soil_core___743,AJ_soil_core,POINT (380215.2977808651 3311215.73283508),44.81545258,-0.026685474,0.135319023,1000,4,671.1083537,44.8099165,0.005536079,-0.021149395,0.140855103
9_609___AJ_soil_core___743,AJ_soil_core,POINT (380215.2977808651 3311215.73283508),,,,250,0,,,,,
9_609___AJ_soil_core___744,AJ_soil_core,POINT (380197.89961206453 3311193.2484036456),45.10411453,-0.315347431,-0.153342934,1000,4,681.8003196,44.8099165,0.294198036,-0.021149395,0.140855103
9_609___AJ_soil_core___744,AJ_soil_core,POINT (380197.89961206453 3311193.2484036456),,,,250,0,,,,,
9_609___AJ_soil_core___745,AJ_soil_core,POINT (380202.79396604805 3311202.8570724116),45.04553223,-0.256765125,-0.094760628,1000,4,678.1337553,44.8099165,0.23561573,-0.021149395,0.140855103
9_609___AJ_soil_core___745,AJ_soil_core,POINT (380202.79396604805 3311202.8570724116),,,,250,0,,,,,
9_609___AJ_soil_core___746,AJ_soil_core,POINT (380209.4130223717 3311210.3215522314),45.0161705,-0.2274034,-0.065398903,1000,4,674.2787016,44.8099165,0.206254005,-0.021149395,0.140855103
9_609___AJ_soil_core___746,AJ_soil_core,POINT (380209.4130223717 3311210.3215522314),,,,250,0,,,,,
9_609___AJ_soil_core___747,AJ_soil_core,POINT (380215.2977808651 3311215.73283508),44.81545258,-0.026685474,0.135319023,1000,4,671.1083537,44.8099165,0.005536079,-0.021149395,0.140855103
9_609___AJ_soil_core___747,AJ_soil_core,POINT (380215.2977808651 3311215.73283508),,,,250,0,,,,,
9_609___AJ_soil_core___748,AJ_soil_core,POINT (380197.89961206453 3311193.2484036456),45.10411453,-0.315347431,-0.153342934,1000,4,681.8003196,44.8099165,0.294198036,-0.021149395,0.140855103
9_609___AJ_soil_core___748,AJ_soil_core,POINT (380197.89961206453 3311193.2484036456),,,,250,0,,,,,
9_609___AJ_soil_core___749,AJ_soil_core,POINT (380202.79396604805 3311202.8570724116),45.04553223,-0.256765125,-0.094760628,1000,4,678.1337553,44.8099165,0.23561573,-0.021149395,0.140855103
9_609___AJ_soil_core___749,AJ_soil_core,POINT (380202.79396604805 3311202.8570724116),,,,250,0,,,,,
9_609___AJ_soil_core___750,AJ_soil_core,POINT (380209.4130223717 3311210.3215522314),45.0161705,-0.2274034,-0.065398903,1000,4,674.2787016,44.8099165,0.206254005,-0.021149395,0.140855103
9_609___AJ_soil_core___750,AJ_soil_core,POINT (380209.4130223717 3311210.3215522314),,,,250,0,,,,,
9_609___AJ_soil_core___751,AJ_soil_core,POINT (380215.2977808651 3311215.73283508),44.81545258,-0.026685474,0.135319023,1000,4,671.1083537,44.8099165,0.005536079,-0.021149395,0.140855103
9_609___AJ_soil_core___751,AJ_soil_core,POINT (380215.2977808651 3311215.73283508),,,,250,0,,,,,
9_609___AJ_soil_core___752,AJ_soil_core,POINT (380197.89961206453 3311193.2484036456),45.10411453,-0.315347431,-0.153342934,1000,4,681.8003196,44.8099165,0.294198036,-0.021149395,0.140855103
9_609___AJ_soil_core___752,AJ_soil_core,POINT (380197.89961206453 3311193.2484036456),,,,250,0,,,,,
9_609___AJ_soil_core___753,AJ_soil_core,POINT (380202.79396604805 3311202.8570724116),45.04553223,-0.256765125,-0.094760628,1000,4,678.1337553,44.8099165,0.23561573,-0.021149395,0.140855103
9_609___AJ_soil_core___753,AJ_soil_core,POINT (380202.79396604805 3311202.8570724116),,,,250,0,,,,,
9_609___AJ_soil_core___754,AJ_soil_core,POINT (380209.4130223717 3311210.3215522314),45.0161705,-0.2274034,-0.065398903,1000,4,674.2787016,44.8099165,0.206254005,-0.021149395,0.140855103
9_609___AJ_soil_core___754,AJ_soil_core,POINT (380209.4130223717 3311210.3215522314),,,,250,0,,,,,
9_609___AJ_soil_core___755,AJ_soil_core,POINT (380215.2977808651 3311215.73283508),44.81545258,-0.026685474,0.135319023,1000,4,671.1083537,44.8099165,0.005536079,-0.021149395,0.140855103
9_609___AJ_soil_core___755,AJ_soil_core,POINT (380215.2977808651 3311215.73283508),,,,250,0,,,,,
9_609___AJ_soil_core___756,AJ_soil_core,POINT (380197.89961206453 3311193.2484036456),45.10411453,-0.315347431,-0.153342934,1000,4,681.8003196,44.8099165,0.294198036,-0.021149395,0.140855103
9_609___AJ_soil_core___756,AJ_soil_core,POINT (380197.89961206453 3311193.2484036456),,,,250,0,,,,,
9_609___AJ_soil_core___757,AJ_soil_core,POINT (380202.79396604805 3311202.8570724116),45.04553223,-0.256765125,-0.094760628,1000,4,678.1337553,44.8099165,0.23561573,-0.021149395,0.140855103
9_609___AJ_soil_core___757,AJ_soil_core,POINT (380202.79396604805 3311202.8570724116),,,,250,0,,,,,
9_609___AJ_soil_core___758,AJ_soil_core,POINT (380209.4130223717 3311210.3215522314),45.0161705,-0.2274034,-0.065398903,1000,4,674.2787016,44.8099165,0.206254005,-0.021149395,0.140855103
9_609___AJ_soil_core___758,AJ_soil_core,POINT (380209.4130223717 3311210.3215522314),,,,250,0,,,,,
9_609___AJ_soil_core___759,AJ_soil_core,POINT (380215.2977808651 3311215.73283508),44.81545258,-0.026685474,0.135319023,1000,4,671.1083537,44.8099165,0.005536079,-0.021149395,0.140855103
9_609___AJ_soil_core___759,AJ_soil_core,POINT (380215.2977808651 3311215.73283508),,,,250,0,,,,,
9_609___AJ_soil_core___760,AJ_soil_core,POINT (380197.89961206453 3311193.2484036456),45.10411453,-0.315347431,-0.153342934,1000,4,681.8003196,44.8099165,0.294198036,-0.021149395,0.140855103
9_609___AJ_soil_core___760,AJ_soil_core,POINT (380197.89961206453 3311193.2484036456),,,,250,0,,,,,
9_609___AJ_soil_core___761,AJ_soil_core,POINT (380202.79396604805 3311202.8570724116),45.04553223,-0.256765125,-0.094760628,1000,4,678.1337553,44.8099165,0.23561573,-0.021149395,0.140855103
9_609___AJ_soil_core___761,AJ_soil_core,POINT (380202.79396604805 3311202.8570724116),,,,250,0,,,,,
9_609___AJ_soil_core___762,AJ_soil_core,POINT (380209.4130223717 3311210.3215522314),45.0161705,-0.2274034,-0.065398903,1000,4,674.2787016,44.8099165,0.206254005,-0.021149395,0.140855103
9_609___AJ_soil_core___762,AJ_soil_core,POINT (380209.4130223717 3311210.3215522314),,,,250,0,,,,,
9_609___AJ_soil_core___763,AJ_soil_core,POINT (380215.2977808651 3311215.73283508),44.81545258,-0.026685474,0.135319023,1000,4,671.1083537,44.8099165,0.005536079,-0.021149395,0.140855103
9_609___AJ_soil_core___763,AJ_soil_core,POINT (380215.2977808651 3311215.73283508),,,,250,0,,,,,
9_609___AJ_soil_core___764,AJ_soil_core,POINT (380197.89961206453 3311193.2484036456),45.10411453,-0.315347431,-0.153342934,1000,4,681.8003196,44.8099165,0.294198036,-0.021149395,0.140855103
9_609___AJ_soil_core___764,AJ_soil_core,POINT (380197.89961206453 3311193.2484036456),,,,250,0,,,,,
9_609___AJ_soil_core___765,AJ_soil_core,POINT (380202.79396604805 3311202.8570724116),45.04553223,-0.256765125,-0.094760628,1000,4,678.1337553,44.8099165,0.23561573,-0.021149395,0.140855103
9_609___AJ_soil_core___765,AJ_soil_core,POINT (380202.79396604805 3311202.8570724116),,,,250,0,,,,,
9_609___AJ_soil_core___766,AJ_soil_core,POINT (380209.4130223717 3311210.3215522314),45.0161705,-0.2274034,-0.065398903,1000,4,674.2787016,44.8099165,0.206254005,-0.021149395,0.140855103
9_609___AJ_soil_core___766,AJ_soil_core,POINT (380209.4130223717 3311210.3215522314),,,,250,0,,,,,
9_609___AJ_soil_core___767,AJ_soil_core,POINT (380215.2977808651 3311215.73283508),44.81545258,-0.026685474,0.135319023,1000,4,671.1083537,44.8099165,0.005536079,-0.021149395,0.140855103
9_609___AJ_soil_core___767,AJ_soil_core,POINT (380215.2977808651 3311215.73283508),,,,250,0,,,,,
