Wetland.area,PERCENTAGE,ID
105276.5544,65.21290726,3
2479877.72,13.45849758,5
1015223.294,32.68425964,7
5100744.775,27.2438148,9
2761290.359,28.87505903,6
2325321.881,8.557826423,13
1255450.382,27.64754584,6a
77550.8777,8.927766239,15
