OID_,OBJECTID,FID,Id,gridcode,Shape_Leng,Shape_Area_overlay,Basin,sqkm,Note,SHAPE_Length,SHAPE_Area
1,174,9,39.000000000000000,5.000000000000000,38417.168756400002167,15324785.606100000441074,5,15.324785606100001,Area value excludes 5a,404.457687877243586,8686.326764979596192
2,249,9,39.000000000000000,5.000000000000000,38417.168756400002167,15324785.606100000441074,5,15.324785606100001,Area value excludes 5a,2231.106026978208774,142576.447521983733168
3,706,5,24.000000000000000,9.000000000000000,43407.765956800001732,22547918.114199999719858,9,22.547918114200002,,222.657781720963555,2766.106190071516721
4,437,5,24.000000000000000,9.000000000000000,43407.765956800001732,22547918.114199999719858,9,22.547918114200002,,133.897698228733333,1017.835241305431282
5,312,7,33.000000000000000,55.000000000000000,7430.779563520000011,1042212.871580000035465,5a,1.042212871580000,,132.541393787174570,589.466119581342696
6,64,9,39.000000000000000,5.000000000000000,38417.168756400002167,15324785.606100000441074,5,15.324785606100001,Area value excludes 5a,108.483651299386423,753.142797441753032
7,381,6,32.000000000000000,15.000000000000000,15838.729836300000898,3425378.536429999861866,15,3.425378536430000,,164.204258540256262,1352.996667890462049
8,564,5,24.000000000000000,9.000000000000000,43407.765956800001732,22547918.114199999719858,9,22.547918114200002,,380.795180003791984,5715.011070983574427
9,74,9,39.000000000000000,5.000000000000000,38417.168756400002167,15324785.606100000441074,5,15.324785606100001,Area value excludes 5a,557.273523817577711,16886.131543424249685
10,427,5,24.000000000000000,9.000000000000000,43407.765956800001732,22547918.114199999719858,9,22.547918114200002,,270.201067084140675,2818.976618876423800
11,616,5,24.000000000000000,9.000000000000000,43407.765956800001732,22547918.114199999719858,9,22.547918114200002,,108.638104103025881,701.234425387819101
12,379,9,39.000000000000000,5.000000000000000,38417.168756400002167,15324785.606100000441074,5,15.324785606100001,Area value excludes 5a,2571.441770837507192,94233.275586506322725
13,116,8,38.000000000000000,13.000000000000000,18101.212222400001338,4330684.347210000269115,13,4.330684347210000,,3686.509798992995457,131303.479486696654931
14,931,2,14.000000000000000,6.000000000000000,33450.878361299997778,13842321.921199999749660,6,13.842321921200000,,938.308574777074568,25036.222437919022923
15,551,5,24.000000000000000,9.000000000000000,43407.765956800001732,22547918.114199999719858,9,22.547918114200002,,293.604239310274920,4018.519787576528870
16,44,9,39.000000000000000,5.000000000000000,38417.168756400002167,15324785.606100000441074,5,15.324785606100001,Area value excludes 5a,350.277169230101833,7048.811415422570462
17,88,8,38.000000000000000,13.000000000000000,18101.212222400001338,4330684.347210000269115,13,4.330684347210000,,2717.186948806132932,160890.648698093049461
18,681,3,16.000000000000000,66.000000000000000,15417.337116400000014,4375909.612429999746382,6a,4.375909612430000,,129.035781339174434,992.398089661057043
19,685,3,16.000000000000000,66.000000000000000,15417.337116400000014,4375909.612429999746382,6a,4.375909612430000,,430.856018135140914,7204.866157752184336
20,991,1,12.000000000000000,7.000000000000000,22937.526127599998290,3834022.149100000038743,7,3.834022149100000,,142.449801423823004,1119.089551111881974
21,911,2,14.000000000000000,6.000000000000000,33450.878361299997778,13842321.921199999749660,6,13.842321921200000,,336.520961369196471,5579.886775291163758
22,896,2,14.000000000000000,6.000000000000000,33450.878361299997778,13842321.921199999749660,6,13.842321921200000,,6467.764308974265987,111707.155533032768290
23,677,5,24.000000000000000,9.000000000000000,43407.765956800001732,22547918.114199999719858,9,22.547918114200002,,760.900626028728311,17619.736687948028703
24,403,6,32.000000000000000,15.000000000000000,15838.729836300000898,3425378.536429999861866,15,3.425378536430000,,376.518204954097939,5393.881253839407691
25,1149,0,9.000000000000000,3.000000000000000,17575.639693699999043,4664374.411940000019968,3,4.664374411940000,,364.065822738220277,5275.773052160159750
26,776,5,24.000000000000000,9.000000000000000,43407.765956800001732,22547918.114199999719858,9,22.547918114200002,,494.213597195572731,8321.612335135389003
27,939,2,14.000000000000000,6.000000000000000,33450.878361299997778,13842321.921199999749660,6,13.842321921200000,,173.131777509306374,1136.311648721888787
28,420,5,24.000000000000000,9.000000000000000,43407.765956800001732,22547918.114199999719858,9,22.547918114200002,,167.828078494691766,1726.722360992871927
29,1098,0,9.000000000000000,3.000000000000000,17575.639693699999043,4664374.411940000019968,3,4.664374411940000,,1401.729813247899983,33654.142269078256504
30,418,5,24.000000000000000,9.000000000000000,43407.765956800001732,22547918.114199999719858,9,22.547918114200002,,179.218992915963582,1553.505174267126449
31,576,5,24.000000000000000,9.000000000000000,43407.765956800001732,22547918.114199999719858,9,22.547918114200002,,423.194324207600516,5484.735098752168597
32,988,1,12.000000000000000,7.000000000000000,22937.526127599998290,3834022.149100000038743,7,3.834022149100000,,196.167795904128695,1757.936786797939249
33,109,9,39.000000000000000,5.000000000000000,38417.168756400002167,15324785.606100000441074,5,15.324785606100001,Area value excludes 5a,227.484456488310883,2224.485485807891109
34,145,8,38.000000000000000,13.000000000000000,18101.212222400001338,4330684.347210000269115,13,4.330684347210000,,946.223779769204498,53845.246722772732028
35,749,2,14.000000000000000,6.000000000000000,33450.878361299997778,13842321.921199999749660,6,13.842321921200000,,460.242308590773348,8869.742646986967884
36,93,9,39.000000000000000,5.000000000000000,38417.168756400002167,15324785.606100000441074,5,15.324785606100001,Area value excludes 5a,136.294103281711529,1153.997668760176794
37,549,4,21.000000000000000,14.000000000000000,17914.438427400000364,5594663.401320000179112,14,5.594663401320000,,241.637814129465909,3616.571509203126425
38,531,5,24.000000000000000,9.000000000000000,43407.765956800001732,22547918.114199999719858,9,22.547918114200002,,236.501947766841056,3459.015051124562433
39,540,5,24.000000000000000,9.000000000000000,43407.765956800001732,22547918.114199999719858,9,22.547918114200002,,130.602902261619022,1016.176568889852092
40,970,2,14.000000000000000,6.000000000000000,33450.878361299997778,13842321.921199999749660,6,13.842321921200000,,747.418437630491894,21646.062296733591211
41,17,8,38.000000000000000,13.000000000000000,18101.212222400001338,4330684.347210000269115,13,4.330684347210000,,265.208363112658219,4385.356434768297731
42,761,2,14.000000000000000,6.000000000000000,33450.878361299997778,13842321.921199999749660,6,13.842321921200000,,909.384993930738347,10549.467379209949286
43,505,5,24.000000000000000,9.000000000000000,43407.765956800001732,22547918.114199999719858,9,22.547918114200002,,491.687444513374658,13647.465059202690099
44,910,2,14.000000000000000,6.000000000000000,33450.878361299997778,13842321.921199999749660,6,13.842321921200000,,382.244447154363968,8296.759306696405474
45,416,5,24.000000000000000,9.000000000000000,43407.765956800001732,22547918.114199999719858,9,22.547918114200002,,293.481950067335731,4467.481462168159851
46,350,5,24.000000000000000,9.000000000000000,43407.765956800001732,22547918.114199999719858,9,22.547918114200002,,625.245616404416751,19442.101349937045597
47,555,5,24.000000000000000,9.000000000000000,43407.765956800001732,22547918.114199999719858,9,22.547918114200002,,1471.337757547131559,108580.140407281680382
48,258,9,39.000000000000000,5.000000000000000,38417.168756400002167,15324785.606100000441074,5,15.324785606100001,Area value excludes 5a,165.587050214575015,1605.650900023064651
49,975,3,16.000000000000000,66.000000000000000,15417.337116400000014,4375909.612429999746382,6a,4.375909612430000,,232.223054323664314,3024.882434086264766
50,573,4,21.000000000000000,14.000000000000000,17914.438427400000364,5594663.401320000179112,14,5.594663401320000,,304.156453400730697,4595.775049127814782
51,8,9,39.000000000000000,5.000000000000000,38417.168756400002167,15324785.606100000441074,5,15.324785606100001,Area value excludes 5a,150.878546603923269,1418.302793470276583
52,597,4,21.000000000000000,14.000000000000000,17914.438427400000364,5594663.401320000179112,14,5.594663401320000,,364.120509453038153,7455.717696831675312
53,650,5,24.000000000000000,9.000000000000000,43407.765956800001732,22547918.114199999719858,9,22.547918114200002,,164.999696555985622,1635.339348306020838
54,201,9,39.000000000000000,5.000000000000000,38417.168756400002167,15324785.606100000441074,5,15.324785606100001,Area value excludes 5a,582.199253210503002,10445.445183774752877
55,95,8,38.000000000000000,13.000000000000000,18101.212222400001338,4330684.347210000269115,13,4.330684347210000,,213.396895051299396,2315.503534935794960
56,777,2,14.000000000000000,6.000000000000000,33450.878361299997778,13842321.921199999749660,6,13.842321921200000,,764.617401425977846,28968.709378022645978
57,328,5,24.000000000000000,9.000000000000000,43407.765956800001732,22547918.114199999719858,9,22.547918114200002,,164.030740765087330,1547.769334620966902
58,521,5,24.000000000000000,9.000000000000000,43407.765956800001732,22547918.114199999719858,9,22.547918114200002,,3554.989595062309490,178034.890413173154229
59,698,5,24.000000000000000,9.000000000000000,43407.765956800001732,22547918.114199999719858,9,22.547918114200002,,153.312275621532962,1439.527298130932877
60,533,5,24.000000000000000,9.000000000000000,43407.765956800001732,22547918.114199999719858,9,22.547918114200002,,196.689350552010893,1942.156772317964169
61,360,6,32.000000000000000,15.000000000000000,15838.729836300000898,3425378.536429999861866,15,3.425378536430000,,380.481087260104630,7704.860565175116790
62,645,5,24.000000000000000,9.000000000000000,43407.765956800001732,22547918.114199999719858,9,22.547918114200002,,310.861410677871447,5538.116589531866339
63,690,5,24.000000000000000,9.000000000000000,43407.765956800001732,22547918.114199999719858,9,22.547918114200002,,145.465444998308953,1257.614762474014469
64,493,5,24.000000000000000,9.000000000000000,43407.765956800001732,22547918.114199999719858,9,22.547918114200002,,111.621723707128936,652.707473280319959
65,402,5,24.000000000000000,9.000000000000000,43407.765956800001732,22547918.114199999719858,9,22.547918114200002,,143.742824365006868,1269.743979351290818
66,639,4,21.000000000000000,14.000000000000000,17914.438427400000364,5594663.401320000179112,14,5.594663401320000,,122.515412882201701,948.178140394297770
67,867,1,12.000000000000000,7.000000000000000,22937.526127599998290,3834022.149100000038743,7,3.834022149100000,,358.553401762816407,7358.936104582192456
68,655,4,21.000000000000000,14.000000000000000,17914.438427400000364,5594663.401320000179112,14,5.594663401320000,,175.433190133278828,1737.563618506931334
69,494,4,21.000000000000000,14.000000000000000,17914.438427400000364,5594663.401320000179112,14,5.594663401320000,,178.738695994000864,1936.115468929200460
70,477,5,24.000000000000000,9.000000000000000,43407.765956800001732,22547918.114199999719858,9,22.547918114200002,,396.520395681079833,7098.884207557782247
71,1004,1,12.000000000000000,7.000000000000000,22937.526127599998290,3834022.149100000038743,7,3.834022149100000,,294.680154000181290,2757.136568176815217
72,901,2,14.000000000000000,6.000000000000000,33450.878361299997778,13842321.921199999749660,6,13.842321921200000,,216.104595881115330,2862.846959349526514
73,634,4,21.000000000000000,14.000000000000000,17914.438427400000364,5594663.401320000179112,14,5.594663401320000,,723.774430174217287,24669.158103122947068
74,1159,0,9.000000000000000,3.000000000000000,17575.639693699999043,4664374.411940000019968,3,4.664374411940000,,219.827610332257052,2730.720635217911877
75,915,3,16.000000000000000,66.000000000000000,15417.337116400000014,4375909.612429999746382,6a,4.375909612430000,,152.881345400223665,1229.308230477025063
76,704,5,24.000000000000000,9.000000000000000,43407.765956800001732,22547918.114199999719858,9,22.547918114200002,,240.380381501165886,3440.975952796261481
77,857,3,16.000000000000000,66.000000000000000,15417.337116400000014,4375909.612429999746382,6a,4.375909612430000,,113.191020423724936,769.490388050216552
78,1140,0,9.000000000000000,3.000000000000000,17575.639693699999043,4664374.411940000019968,3,4.664374411940000,,690.393792445253212,18397.561014362709102
79,2,9,39.000000000000000,5.000000000000000,38417.168756400002167,15324785.606100000441074,5,15.324785606100001,Area value excludes 5a,148.293946620923805,1385.996262872421084
80,627,5,24.000000000000000,9.000000000000000,43407.765956800001732,22547918.114199999719858,9,22.547918114200002,,4887.607096766991162,360256.626300434349105
81,994,2,14.000000000000000,6.000000000000000,33450.878361299997778,13842321.921199999749660,6,13.842321921200000,,242.978372133433282,3579.182388221721794
82,861,3,16.000000000000000,66.000000000000000,15417.337116400000014,4375909.612429999746382,6a,4.375909612430000,,276.151516046577740,3316.803767000572407
83,1069,0,9.000000000000000,3.000000000000000,17575.639693699999043,4664374.411940000019968,3,4.664374411940000,,786.935680204599635,11248.557937854740885
84,740,3,16.000000000000000,66.000000000000000,15417.337116400000014,4375909.612429999746382,6a,4.375909612430000,,100.530385169653584,608.097243964800214
85,217,6,32.000000000000000,15.000000000000000,15838.729836300000898,3425378.536429999861866,15,3.425378536430000,,156.843440423348909,1428.246782114319103
86,333,9,39.000000000000000,5.000000000000000,38417.168756400002167,15324785.606100000441074,5,15.324785606100001,Area value excludes 5a,375.017871950040160,5710.197345464410319
87,316,5,24.000000000000000,9.000000000000000,43407.765956800001732,22547918.114199999719858,9,22.547918114200002,,348.940886205810784,6205.108491025430340
88,653,5,24.000000000000000,9.000000000000000,43407.765956800001732,22547918.114199999719858,9,22.547918114200002,,124.944598600621177,722.395198456014214
89,125,9,39.000000000000000,5.000000000000000,38417.168756400002167,15324785.606100000441074,5,15.324785606100001,Area value excludes 5a,149.957903278690480,1279.688731281590890
90,424,5,24.000000000000000,9.000000000000000,43407.765956800001732,22547918.114199999719858,9,22.547918114200002,,265.602194429005181,4209.516735859346227
91,852,2,14.000000000000000,6.000000000000000,33450.878361299997778,13842321.921199999749660,6,13.842321921200000,,769.616775529149550,21157.088505625753896
92,317,5,24.000000000000000,9.000000000000000,43407.765956800001732,22547918.114199999719858,9,22.547918114200002,,199.674934533539357,2458.636047038562538
93,984,2,14.000000000000000,6.000000000000000,33450.878361299997778,13842321.921199999749660,6,13.842321921200000,,252.809455094049724,2934.190737219633320
94,733,3,16.000000000000000,66.000000000000000,15417.337116400000014,4375909.612429999746382,6a,4.375909612430000,,251.640177187902680,3957.579133168994304
95,439,5,24.000000000000000,9.000000000000000,43407.765956800001732,22547918.114199999719858,9,22.547918114200002,,585.535829369903581,20334.132179036449088
96,875,2,14.000000000000000,6.000000000000000,33450.878361299997778,13842321.921199999749660,6,13.842321921200000,,173.707996407378147,1857.687622732497402
97,908,2,14.000000000000000,6.000000000000000,33450.878361299997778,13842321.921199999749660,6,13.842321921200000,,695.521547230934630,11342.864455617194835
98,669,5,24.000000000000000,9.000000000000000,43407.765956800001732,22547918.114199999719858,9,22.547918114200002,,776.280063981056742,25120.386325635259709
99,865,3,16.000000000000000,66.000000000000000,15417.337116400000014,4375909.612429999746382,6a,4.375909612430000,,171.551735753837818,1855.593180534001476
100,26,8,38.000000000000000,13.000000000000000,18101.212222400001338,4330684.347210000269115,13,4.330684347210000,,204.617899739188232,2126.080313637362451
101,1139,0,9.000000000000000,3.000000000000000,17575.639693699999043,4664374.411940000019968,3,4.664374411940000,,205.949984045285220,2402.761258283535426
102,379,5,24.000000000000000,9.000000000000000,43407.765956800001732,22547918.114199999719858,9,22.547918114200002,,4097.211887215831666,243361.348239017592277
103,181,8,38.000000000000000,13.000000000000000,18101.212222400001338,4330684.347210000269115,13,4.330684347210000,,284.618615630800662,4809.042599137696016
104,1005,1,12.000000000000000,7.000000000000000,22937.526127599998290,3834022.149100000038743,7,3.834022149100000,,399.427358663230621,5912.272811526559963
105,1028,2,14.000000000000000,6.000000000000000,33450.878361299997778,13842321.921199999749660,6,13.842321921200000,,298.669791192806088,2896.176447781610023
106,832,3,16.000000000000000,66.000000000000000,15417.337116400000014,4375909.612429999746382,6a,4.375909612430000,,224.722111228578171,2971.193961901272360
107,70,8,38.000000000000000,13.000000000000000,18101.212222400001338,4330684.347210000269115,13,4.330684347210000,,187.708118465862412,2059.686745288856400
108,571,5,24.000000000000000,9.000000000000000,43407.765956800001732,22547918.114199999719858,9,22.547918114200002,,428.053289728066204,7799.608932310504315
109,1083,0,9.000000000000000,3.000000000000000,17575.639693699999043,4664374.411940000019968,3,4.664374411940000,,404.637054211055215,7340.913747358519686
110,1145,0,9.000000000000000,3.000000000000000,17575.639693699999043,4664374.411940000019968,3,4.664374411940000,,681.711168022907941,14540.011915576540559
111,560,5,24.000000000000000,9.000000000000000,43407.765956800001732,22547918.114199999719858,9,22.547918114200002,,167.707121127531849,1736.684866282422945
112,10,8,38.000000000000000,13.000000000000000,18101.212222400001338,4330684.347210000269115,13,4.330684347210000,,1120.342033758869547,27191.038478216618387
113,275,7,33.000000000000000,55.000000000000000,7430.779563520000011,1042212.871580000035465,5a,1.042212871580000,,333.694786370174768,6016.625735681059268
114,794,2,14.000000000000000,6.000000000000000,33450.878361299997778,13842321.921199999749660,6,13.842321921200000,,389.769283035395745,3921.417852034920998
115,870,1,12.000000000000000,7.000000000000000,22937.526127599998290,3834022.149100000038743,7,3.834022149100000,,216.631316415412982,2208.193379767084480
116,576,4,21.000000000000000,14.000000000000000,17914.438427400000364,5594663.401320000179112,14,5.594663401320000,,40.171091172014883,33.987170853067440
117,336,9,39.000000000000000,5.000000000000000,38417.168756400002167,15324785.606100000441074,5,15.324785606100001,Area value excludes 5a,177.553381830160902,1898.595584216709312
118,91,8,38.000000000000000,13.000000000000000,18101.212222400001338,4330684.347210000269115,13,4.330684347210000,,450.760215809464000,5669.954859921785101
119,236,5,24.000000000000000,9.000000000000000,43407.765956800001732,22547918.114199999719858,9,22.547918114200002,,269.596435946905387,2686.530992168701687
120,824,2,14.000000000000000,6.000000000000000,33450.878361299997778,13842321.921199999749660,6,13.842321921200000,,171.390375276748784,1457.517309117075456
121,827,1,12.000000000000000,7.000000000000000,22937.526127599998290,3834022.149100000038743,7,3.834022149100000,,208.446324736339875,2239.069467431894736
122,115,9,39.000000000000000,5.000000000000000,38417.168756400002167,15324785.606100000441074,5,15.324785606100001,Area value excludes 5a,162.203421107605607,1560.993326937957818
123,150,9,39.000000000000000,5.000000000000000,38417.168756400002167,15324785.606100000441074,5,15.324785606100001,Area value excludes 5a,145.275496452476375,1296.466356466560001
124,951,2,14.000000000000000,6.000000000000000,33450.878361299997778,13842321.921199999749660,6,13.842321921200000,,5358.798246143524011,194641.765142737101996
125,7,9,39.000000000000000,5.000000000000000,38417.168756400002167,15324785.606100000441074,5,15.324785606100001,Area value excludes 5a,161.276772221701407,1450.469262536536462
126,71,8,38.000000000000000,13.000000000000000,18101.212222400001338,4330684.347210000269115,13,4.330684347210000,,393.410566320988551,6957.364644101073281
127,795,2,14.000000000000000,6.000000000000000,33450.878361299997778,13842321.921199999749660,6,13.842321921200000,,1762.755498783353005,41572.689117387708393
128,902,2,14.000000000000000,6.000000000000000,33450.878361299997778,13842321.921199999749660,6,13.842321921200000,,307.633983875412412,3682.551909673179580
129,1009,2,14.000000000000000,6.000000000000000,33450.878361299997778,13842321.921199999749660,6,13.842321921200000,,395.094592112705243,4934.764572356311874
130,725,2,14.000000000000000,6.000000000000000,33450.878361299997778,13842321.921199999749660,6,13.842321921200000,,167.068366756356596,1487.437546205881517
131,594,5,24.000000000000000,9.000000000000000,43407.765956800001732,22547918.114199999719858,9,22.547918114200002,,8941.763291186722199,333507.214029197057243
132,810,2,14.000000000000000,6.000000000000000,33450.878361299997778,13842321.921199999749660,6,13.842321921200000,,302.474363063517103,2599.773424523246376
133,987,2,14.000000000000000,6.000000000000000,33450.878361299997778,13842321.921199999749660,6,13.842321921200000,,210.858526999351682,2261.147494062883197
134,24,8,38.000000000000000,13.000000000000000,18101.212222400001338,4330684.347210000269115,13,4.330684347210000,,219.673395057888058,2947.631499984783659
135,789,2,14.000000000000000,6.000000000000000,33450.878361299997778,13842321.921199999749660,6,13.842321921200000,,2841.418169551895062,70456.672503390916972
136,1062,0,9.000000000000000,3.000000000000000,17575.639693699999043,4664374.411940000019968,3,4.664374411940000,,196.583130101485693,2090.024893887572034
137,981,1,12.000000000000000,7.000000000000000,22937.526127599998290,3834022.149100000038743,7,3.834022149100000,,125.942803319458093,789.785469898578299
138,708,5,24.000000000000000,9.000000000000000,43407.765956800001732,22547918.114199999719858,9,22.547918114200002,,173.862943954163455,1811.776623114629047
139,632,5,24.000000000000000,9.000000000000000,43407.765956800001732,22547918.114199999719858,9,22.547918114200002,,625.759174693404816,18093.292903233534162
140,198,7,33.000000000000000,55.000000000000000,7430.779563520000011,1042212.871580000035465,5a,1.042212871580000,,381.860310097817546,6960.494284238900036
141,625,4,21.000000000000000,14.000000000000000,17914.438427400000364,5594663.401320000179112,14,5.594663401320000,,386.157097404122510,6706.777070062410530
142,1116,0,9.000000000000000,3.000000000000000,17575.639693699999043,4664374.411940000019968,3,4.664374411940000,,264.562286479420209,2726.869968910223633
143,563,5,24.000000000000000,9.000000000000000,43407.765956800001732,22547918.114199999719858,9,22.547918114200002,,272.742892208993396,4519.084930627125686
144,700,5,24.000000000000000,9.000000000000000,43407.765956800001732,22547918.114199999719858,9,22.547918114200002,,185.000188839158227,2154.341345775951140
145,310,6,32.000000000000000,15.000000000000000,15838.729836300000898,3425378.536429999861866,15,3.425378536430000,,203.747854350557361,2357.613722438252807
146,745,2,14.000000000000000,6.000000000000000,33450.878361299997778,13842321.921199999749660,6,13.842321921200000,,325.881666961966800,2393.784945227715070
147,218,5,24.000000000000000,9.000000000000000,43407.765956800001732,22547918.114199999719858,9,22.547918114200002,,567.093265133373848,17005.918357986076444
148,1141,0,9.000000000000000,3.000000000000000,17575.639693699999043,4664374.411940000019968,3,4.664374411940000,,245.530941076909471,2949.441254103467600
149,121,8,38.000000000000000,13.000000000000000,18101.212222400001338,4330684.347210000269115,13,4.330684347210000,,185.124139419313110,2042.383339418152673
150,547,5,24.000000000000000,9.000000000000000,43407.765956800001732,22547918.114199999719858,9,22.547918114200002,,145.034977762445209,1291.396534650989452
151,817,1,12.000000000000000,7.000000000000000,22937.526127599998290,3834022.149100000038743,7,3.834022149100000,,796.616531922290164,21116.480250626780617
152,716,3,16.000000000000000,66.000000000000000,15417.337116400000014,4375909.612429999746382,6a,4.375909612430000,,159.277252306041390,1437.469497453597342
153,753,2,14.000000000000000,6.000000000000000,33450.878361299997778,13842321.921199999749660,6,13.842321921200000,,139.466456946670093,1226.616027505620877
154,1000,1,12.000000000000000,7.000000000000000,22937.526127599998290,3834022.149100000038743,7,3.834022149100000,,6601.873961782149308,288253.907492125988938
155,130,9,39.000000000000000,5.000000000000000,38417.168756400002167,15324785.606100000441074,5,15.324785606100001,Area value excludes 5a,311.807124045637124,5885.565991618102998
156,936,1,12.000000000000000,7.000000000000000,22937.526127599998290,3834022.149100000038743,7,3.834022149100000,,135.738565241051816,1057.735410249366623
157,4,9,39.000000000000000,5.000000000000000,38417.168756400002167,15324785.606100000441074,5,15.324785606100001,Area value excludes 5a,450.497053663186307,6933.725692067834643
158,849,3,16.000000000000000,66.000000000000000,15417.337116400000014,4375909.612429999746382,6a,4.375909612430000,,391.377895985968280,8794.312207845316152
159,724,3,16.000000000000000,66.000000000000000,15417.337116400000014,4375909.612429999746382,6a,4.375909612430000,,298.430653443171991,5148.897193713947672
160,68,9,39.000000000000000,5.000000000000000,38417.168756400002167,15324785.606100000441074,5,15.324785606100001,Area value excludes 5a,311.758734100141680,5588.609712926508109
161,398,5,24.000000000000000,9.000000000000000,43407.765956800001732,22547918.114199999719858,9,22.547918114200002,,126.172703286138244,949.958614557958867
162,25,9,39.000000000000000,5.000000000000000,38417.168756400002167,15324785.606100000441074,5,15.324785606100001,Area value excludes 5a,230.501117605445017,2763.012466755485548
163,589,5,24.000000000000000,9.000000000000000,43407.765956800001732,22547918.114199999719858,9,22.547918114200002,,517.055919297245509,13076.954950177345381
164,54,8,38.000000000000000,13.000000000000000,18101.212222400001338,4330684.347210000269115,13,4.330684347210000,,181.277838242658731,1989.470209649409071
165,661,5,24.000000000000000,9.000000000000000,43407.765956800001732,22547918.114199999719858,9,22.547918114200002,,214.859450595340576,2677.151828861593458
166,710,5,24.000000000000000,9.000000000000000,43407.765956800001732,22547918.114199999719858,9,22.547918114200002,,181.445437849492976,1685.461219157128426
167,307,6,32.000000000000000,15.000000000000000,15838.729836300000898,3425378.536429999861866,15,3.425378536430000,,278.706638729952829,3407.063592413377137
168,957,2,14.000000000000000,6.000000000000000,33450.878361299997778,13842321.921199999749660,6,13.842321921200000,,163.397104069993787,1623.502996134325258
169,961,2,14.000000000000000,6.000000000000000,33450.878361299997778,13842321.921199999749660,6,13.842321921200000,,155.982805616438384,1430.813637465837246
170,202,9,39.000000000000000,5.000000000000000,38417.168756400002167,15324785.606100000441074,5,15.324785606100001,Area value excludes 5a,453.345702672924631,11980.262875344826170
171,649,5,24.000000000000000,9.000000000000000,43407.765956800001732,22547918.114199999719858,9,22.547918114200002,,724.050943244302971,18411.324955667994800
172,667,5,24.000000000000000,9.000000000000000,43407.765956800001732,22547918.114199999719858,9,22.547918114200002,,427.028499200177009,9691.093080050100980
173,50,9,39.000000000000000,5.000000000000000,38417.168756400002167,15324785.606100000441074,5,15.324785606100001,Area value excludes 5a,328.929990631574299,4104.213001202692794
174,405,5,24.000000000000000,9.000000000000000,43407.765956800001732,22547918.114199999719858,9,22.547918114200002,,759.365673635780581,19971.807538306238712
175,106,9,39.000000000000000,5.000000000000000,38417.168756400002167,15324785.606100000441074,5,15.324785606100001,Area value excludes 5a,782.441348433372127,27319.501365410444123
176,293,6,32.000000000000000,15.000000000000000,15838.729836300000898,3425378.536429999861866,15,3.425378536430000,,284.743277849981837,4982.085188298496178
177,140,9,39.000000000000000,5.000000000000000,38417.168756400002167,15324785.606100000441074,5,15.324785606100001,Area value excludes 5a,381.072639235461168,5519.140238022048834
178,822,1,12.000000000000000,7.000000000000000,22937.526127599998290,3834022.149100000038743,7,3.834022149100000,,313.330618556737704,5168.395218445043611
179,1115,0,9.000000000000000,3.000000000000000,17575.639693699999043,4664374.411940000019968,3,4.664374411940000,,145.034403145714833,1262.395833344727635
180,530,5,24.000000000000000,9.000000000000000,43407.765956800001732,22547918.114199999719858,9,22.547918114200002,,699.534283238863964,15776.263044653216639
181,327,5,24.000000000000000,9.000000000000000,43407.765956800001732,22547918.114199999719858,9,22.547918114200002,,439.633174297685741,8521.148461255574148
182,1038,2,14.000000000000000,6.000000000000000,33450.878361299997778,13842321.921199999749660,6,13.842321921200000,,276.497847442238196,4573.815398841185015
183,5,9,39.000000000000000,5.000000000000000,38417.168756400002167,15324785.606100000441074,5,15.324785606100001,Area value excludes 5a,453.957634046232897,7444.636822535074316
184,726,5,24.000000000000000,9.000000000000000,43407.765956800001732,22547918.114199999719858,9,22.547918114200002,,222.688795679812813,2898.154462608564245
185,877,2,14.000000000000000,6.000000000000000,33450.878361299997778,13842321.921199999749660,6,13.842321921200000,,581.558428254489399,7458.173652524371391
186,174,7,33.000000000000000,55.000000000000000,7430.779563520000011,1042212.871580000035465,5a,1.042212871580000,,38.061160817354690,26.540295897035616
187,469,5,24.000000000000000,9.000000000000000,43407.765956800001732,22547918.114199999719858,9,22.547918114200002,,182.690147929711458,1964.159572936098584
188,791,2,14.000000000000000,6.000000000000000,33450.878361299997778,13842321.921199999749660,6,13.842321921200000,,200.931411682990671,2409.230016213210092
189,323,6,32.000000000000000,15.000000000000000,15838.729836300000898,3425378.536429999861866,15,3.425378536430000,,184.845328732897144,1956.246933677592779
190,805,2,14.000000000000000,6.000000000000000,33450.878361299997778,13842321.921199999749660,6,13.842321921200000,,336.586967331120889,6724.992311174431052
191,445,4,21.000000000000000,14.000000000000000,17914.438427400000364,5594663.401320000179112,14,5.594663401320000,,2469.831412378283858,131124.462835448910482
192,971,3,16.000000000000000,66.000000000000000,15417.337116400000014,4375909.612429999746382,6a,4.375909612430000,,382.215848662355882,4928.627433592984744
193,488,5,24.000000000000000,9.000000000000000,43407.765956800001732,22547918.114199999719858,9,22.547918114200002,,4086.584001138578969,175960.912953493563691
194,995,2,14.000000000000000,6.000000000000000,33450.878361299997778,13842321.921199999749660,6,13.842321921200000,,298.313567041482031,5345.869727060259720
195,314,6,32.000000000000000,15.000000000000000,15838.729836300000898,3425378.536429999861866,15,3.425378536430000,,284.468712788299513,4754.960423749641450
196,58,8,38.000000000000000,13.000000000000000,18101.212222400001338,4330684.347210000269115,13,4.330684347210000,,168.689814069058627,1587.158112787564733
197,569,5,24.000000000000000,9.000000000000000,43407.765956800001732,22547918.114199999719858,9,22.547918114200002,,540.623164507465731,13874.735686140598773
198,273,6,32.000000000000000,15.000000000000000,15838.729836300000898,3425378.536429999861866,15,3.425378536430000,,226.445544365921052,3054.066511269463263
199,195,9,39.000000000000000,5.000000000000000,38417.168756400002167,15324785.606100000441074,5,15.324785606100001,Area value excludes 5a,140.448156772645831,1241.084770867485076
200,97,9,39.000000000000000,5.000000000000000,38417.168756400002167,15324785.606100000441074,5,15.324785606100001,Area value excludes 5a,340.984959354718001,4773.158803987535066
201,382,5,24.000000000000000,9.000000000000000,43407.765956800001732,22547918.114199999719858,9,22.547918114200002,,326.433911248331526,4746.905966756763519
202,821,2,14.000000000000000,6.000000000000000,33450.878361299997778,13842321.921199999749660,6,13.842321921200000,,204.965179192103136,2592.282678834027138
203,59,8,38.000000000000000,13.000000000000000,18101.212222400001338,4330684.347210000269115,13,4.330684347210000,,132.329327047559019,980.054882999953747
204,337,9,39.000000000000000,5.000000000000000,38417.168756400002167,15324785.606100000441074,5,15.324785606100001,Area value excludes 5a,581.146219452011906,11897.892741679259416
205,872,3,16.000000000000000,66.000000000000000,15417.337116400000014,4375909.612429999746382,6a,4.375909612430000,,1731.843660688944283,47026.655421396877500
206,811,2,14.000000000000000,6.000000000000000,33450.878361299997778,13842321.921199999749660,6,13.842321921200000,,912.685846868402223,15919.282172587525565
207,454,5,24.000000000000000,9.000000000000000,43407.765956800001732,22547918.114199999719858,9,22.547918114200002,,131.579355588939563,846.661456569310531
208,76,8,38.000000000000000,13.000000000000000,18101.212222400001338,4330684.347210000269115,13,4.330684347210000,,209.085826708855137,2753.318356935148131
209,137,9,39.000000000000000,5.000000000000000,38417.168756400002167,15324785.606100000441074,5,15.324785606100001,Area value excludes 5a,134.603589199551095,1095.178510004590180
210,1063,0,9.000000000000000,3.000000000000000,17575.639693699999043,4664374.411940000019968,3,4.664374411940000,,363.726175924206188,6304.234795269768256
211,108,9,39.000000000000000,5.000000000000000,38417.168756400002167,15324785.606100000441074,5,15.324785606100001,Area value excludes 5a,176.342237861184969,1908.954071331536397
212,462,5,24.000000000000000,9.000000000000000,43407.765956800001732,22547918.114199999719858,9,22.547918114200002,,186.966506000225024,2120.284601591877163
213,73,8,38.000000000000000,13.000000000000000,18101.212222400001338,4330684.347210000269115,13,4.330684347210000,,158.293803123290473,1526.996369812095509
214,847,2,14.000000000000000,6.000000000000000,33450.878361299997778,13842321.921199999749660,6,13.842321921200000,,559.650541366001335,12022.183308352488893
215,699,5,24.000000000000000,9.000000000000000,43407.765956800001732,22547918.114199999719858,9,22.547918114200002,,253.914739919096093,2096.704023854080788
216,1103,0,9.000000000000000,3.000000000000000,17575.639693699999043,4664374.411940000019968,3,4.664374411940000,,323.663928831758994,3472.586851749756988
217,1022,0,9.000000000000000,3.000000000000000,17575.639693699999043,4664374.411940000019968,3,4.664374411940000,,157.926937978185236,875.866389354112016
218,128,9,39.000000000000000,5.000000000000000,38417.168756400002167,15324785.606100000441074,5,15.324785606100001,Area value excludes 5a,138.016773809475950,1186.867252085802193
219,1108,0,9.000000000000000,3.000000000000000,17575.639693699999043,4664374.411940000019968,3,4.664374411940000,,394.202640111738845,7171.726488884965875
220,1017,2,14.000000000000000,6.000000000000000,33450.878361299997778,13842321.921199999749660,6,13.842321921200000,,2241.988434449886427,48551.724830476821808
221,92,9,39.000000000000000,5.000000000000000,38417.168756400002167,15324785.606100000441074,5,15.324785606100001,Area value excludes 5a,180.690924610217735,1910.160103653376382
222,49,8,38.000000000000000,13.000000000000000,18101.212222400001338,4330684.347210000269115,13,4.330684347210000,,1025.336596101750956,34322.771255951760395
223,792,3,16.000000000000000,66.000000000000000,15417.337116400000014,4375909.612429999746382,6a,4.375909612430000,,413.116024453892180,8856.086902218768955
224,978,1,12.000000000000000,7.000000000000000,22937.526127599998290,3834022.149100000038743,7,3.834022149100000,,152.019103393424928,1405.871842896822727
225,609,5,24.000000000000000,9.000000000000000,43407.765956800001732,22547918.114199999719858,9,22.547918114200002,,188.966513449006726,2178.284023092432108
226,415,5,24.000000000000000,9.000000000000000,43407.765956800001732,22547918.114199999719858,9,22.547918114200002,,160.492931531820659,1186.035201292313104
227,933,2,14.000000000000000,6.000000000000000,33450.878361299997778,13842321.921199999749660,6,13.842321921200000,,205.291154960520572,2304.372796518910036
228,322,9,39.000000000000000,5.000000000000000,38417.168756400002167,15324785.606100000441074,5,15.324785606100001,Area value excludes 5a,1119.511628383285597,35168.852373505724245
229,388,5,24.000000000000000,9.000000000000000,43407.765956800001732,22547918.114199999719858,9,22.547918114200002,,302.600439213963512,4010.894308342491058
230,543,5,24.000000000000000,9.000000000000000,43407.765956800001732,22547918.114199999719858,9,22.547918114200002,,709.772054690021946,14064.178757978457725
231,253,7,33.000000000000000,55.000000000000000,7430.779563520000011,1042212.871580000035465,5a,1.042212871580000,,229.292091851596126,2608.374170599817717
232,78,8,38.000000000000000,13.000000000000000,18101.212222400001338,4330684.347210000269115,13,4.330684347210000,,205.708617684564558,2661.688248988905798
233,63,8,38.000000000000000,13.000000000000000,18101.212222400001338,4330684.347210000269115,13,4.330684347210000,,100.362667282458972,612.106907619735239
234,3,9,39.000000000000000,5.000000000000000,38417.168756400002167,15324785.606100000441074,5,15.324785606100001,Area value excludes 5a,254.499923789311936,3987.009643346214943
235,1050,2,14.000000000000000,6.000000000000000,33450.878361299997778,13842321.921199999749660,6,13.842321921200000,,163.740717070586300,1628.739610849610017
236,245,5,24.000000000000000,9.000000000000000,43407.765956800001732,22547918.114199999719858,9,22.547918114200002,,1108.021767439628775,39724.863730609613413
237,964,2,14.000000000000000,6.000000000000000,33450.878361299997778,13842321.921199999749660,6,13.842321921200000,,829.472714840353206,18064.891850476185937
238,812,2,14.000000000000000,6.000000000000000,33450.878361299997778,13842321.921199999749660,6,13.842321921200000,,172.527658570762014,1027.078961270816762
239,240,7,33.000000000000000,55.000000000000000,7430.779563520000011,1042212.871580000035465,5a,1.042212871580000,,152.960568483577561,674.300632918002520
240,960,3,16.000000000000000,66.000000000000000,15417.337116400000014,4375909.612429999746382,6a,4.375909612430000,,236.135117613754801,2903.885111433539805
241,6,9,39.000000000000000,5.000000000000000,38417.168756400002167,15324785.606100000441074,5,15.324785606100001,Area value excludes 5a,834.640903021964050,19116.587474864722026
242,954,2,14.000000000000000,6.000000000000000,33450.878361299997778,13842321.921199999749660,6,13.842321921200000,,210.434537622025772,1291.862222620351531
243,522,4,21.000000000000000,14.000000000000000,17914.438427400000364,5594663.401320000179112,14,5.594663401320000,,333.412985388697166,6379.370080528693506
244,897,2,14.000000000000000,6.000000000000000,33450.878361299997778,13842321.921199999749660,6,13.842321921200000,,147.069945899236586,796.341269474898922
245,414,5,24.000000000000000,9.000000000000000,43407.765956800001732,22547918.114199999719858,9,22.547918114200002,,521.912014203876993,10109.418971529263217
246,1048,1,12.000000000000000,7.000000000000000,22937.526127599998290,3834022.149100000038743,7,3.834022149100000,,742.548820818814875,16140.523877402005382
247,385,5,24.000000000000000,9.000000000000000,43407.765956800001732,22547918.114199999719858,9,22.547918114200002,,113.100376410836134,776.487127889276053
248,764,1,12.000000000000000,7.000000000000000,22937.526127599998290,3834022.149100000038743,7,3.834022149100000,,113.622616644000971,629.709327014623682
249,451,5,24.000000000000000,9.000000000000000,43407.765956800001732,22547918.114199999719858,9,22.547918114200002,,566.507825023767396,12492.747428597984253
250,1100,1,12.000000000000000,7.000000000000000,22937.526127599998290,3834022.149100000038743,7,3.834022149100000,,44.770440504369681,35.528863982573341
251,883,2,14.000000000000000,6.000000000000000,33450.878361299997778,13842321.921199999749660,6,13.842321921200000,,551.912296447271501,10685.405167174538292
252,252,5,24.000000000000000,9.000000000000000,43407.765956800001732,22547918.114199999719858,9,22.547918114200002,,171.278506476031339,1689.472382114042148
253,81,8,38.000000000000000,13.000000000000000,18101.212222400001338,4330684.347210000269115,13,4.330684347210000,,172.016381596744850,1868.865482877074101
254,575,5,24.000000000000000,9.000000000000000,43407.765956800001732,22547918.114199999719858,9,22.547918114200002,,251.518196710518197,3200.540493858755781
255,741,3,16.000000000000000,66.000000000000000,15417.337116400000014,4375909.612429999746382,6a,4.375909612430000,,163.429609115890486,1434.555767560089635
256,760,5,24.000000000000000,9.000000000000000,43407.765956800001732,22547918.114199999719858,9,22.547918114200002,,999.569615475590695,13238.080952337009876
257,587,5,24.000000000000000,9.000000000000000,43407.765956800001732,22547918.114199999719858,9,22.547918114200002,,133.897690481763760,943.835397619302739
258,277,6,32.000000000000000,15.000000000000000,15838.729836300000898,3425378.536429999861866,15,3.425378536430000,,1414.805522695268792,63506.963845401754952
259,887,2,14.000000000000000,6.000000000000000,33450.878361299997778,13842321.921199999749660,6,13.842321921200000,,6266.156877775966677,88248.300860707284301
260,175,9,39.000000000000000,5.000000000000000,38417.168756400002167,15324785.606100000441074,5,15.324785606100001,Area value excludes 5a,702.399718598984009,18034.531758732417074
261,485,5,24.000000000000000,9.000000000000000,43407.765956800001732,22547918.114199999719858,9,22.547918114200002,,109.931132503757226,781.887359109910562
262,155,8,38.000000000000000,13.000000000000000,18101.212222400001338,4330684.347210000269115,13,4.330684347210000,,1737.223333804849744,111749.979402270357241
263,638,5,24.000000000000000,9.000000000000000,43407.765956800001732,22547918.114199999719858,9,22.547918114200002,,142.292460746493077,1278.994268714449618
264,644,4,21.000000000000000,14.000000000000000,17914.438427400000364,5594663.401320000179112,14,5.594663401320000,,312.082357790892615,4560.694185726163596
265,919,1,12.000000000000000,7.000000000000000,22937.526127599998290,3834022.149100000038743,7,3.834022149100000,,356.852699432200950,3494.111813557512050
266,673,3,16.000000000000000,66.000000000000000,15417.337116400000014,4375909.612429999746382,6a,4.375909612430000,,329.413133579238718,6466.370349511790664
267,215,7,33.000000000000000,55.000000000000000,7430.779563520000011,1042212.871580000035465,5a,1.042212871580000,,110.328320967098733,698.052038195743762
268,118,8,38.000000000000000,13.000000000000000,18101.212222400001338,4330684.347210000269115,13,4.330684347210000,,103.464997328364959,663.612559925440110
269,729,2,14.000000000000000,6.000000000000000,33450.878361299997778,13842321.921199999749660,6,13.842321921200000,,153.359990308211280,1458.482525636716446
270,1037,2,14.000000000000000,6.000000000000000,33450.878361299997778,13842321.921199999749660,6,13.842321921200000,,598.827452807358100,17258.746749218433251
271,372,5,24.000000000000000,9.000000000000000,43407.765956800001732,22547918.114199999719858,9,22.547918114200002,,182.568317089524953,1990.120455240802130
272,916,1,12.000000000000000,7.000000000000000,22937.526127599998290,3834022.149100000038743,7,3.834022149100000,,193.737628366124881,2153.719747503148938
273,419,5,24.000000000000000,9.000000000000000,43407.765956800001732,22547918.114199999719858,9,22.547918114200002,,205.121691974339598,2480.378002677097356
274,715,5,24.000000000000000,9.000000000000000,43407.765956800001732,22547918.114199999719858,9,22.547918114200002,,3050.489603352050835,190689.284965641854797
275,262,5,24.000000000000000,9.000000000000000,43407.765956800001732,22547918.114199999719858,9,22.547918114200002,,178.568545270749382,1928.120810866500051
276,683,5,24.000000000000000,9.000000000000000,43407.765956800001732,22547918.114199999719858,9,22.547918114200002,,142.173603961033194,1223.962604264936090
277,19,9,39.000000000000000,5.000000000000000,38417.168756400002167,15324785.606100000441074,5,15.324785606100001,Area value excludes 5a,170.292880200893165,1840.994315261248175
278,937,2,14.000000000000000,6.000000000000000,33450.878361299997778,13842321.921199999749660,6,13.842321921200000,,162.137227125088685,1576.901106498097988
279,1099,0,9.000000000000000,3.000000000000000,17575.639693699999043,4664374.411940000019968,3,4.664374411940000,,881.225022202144942,44275.529496092858608
280,703,5,24.000000000000000,9.000000000000000,43407.765956800001732,22547918.114199999719858,9,22.547918114200002,,2192.974224818843140,133713.485167161154095
281,955,1,12.000000000000000,7.000000000000000,22937.526127599998290,3834022.149100000038743,7,3.834022149100000,,388.062742154548289,4201.753520557558659
282,481,5,24.000000000000000,9.000000000000000,43407.765956800001732,22547918.114199999719858,9,22.547918114200002,,6530.279596798585771,204400.693884979904396
283,952,3,16.000000000000000,66.000000000000000,15417.337116400000014,4375909.612429999746382,6a,4.375909612430000,,766.658131250202928,19859.513175167263398
284,367,5,24.000000000000000,9.000000000000000,43407.765956800001732,22547918.114199999719858,9,22.547918114200002,,273.364287423211294,4677.448036005976974
285,1094,0,9.000000000000000,3.000000000000000,17575.639693699999043,4664374.411940000019968,3,4.664374411940000,,166.725957525138284,1497.216914172249972
286,892,2,14.000000000000000,6.000000000000000,33450.878361299997778,13842321.921199999749660,6,13.842321921200000,,102.793489862133441,680.324489694720910
287,873,2,14.000000000000000,6.000000000000000,33450.878361299997778,13842321.921199999749660,6,13.842321921200000,,174.138317904638427,1569.903535913013684
288,265,6,32.000000000000000,15.000000000000000,15838.729836300000898,3425378.536429999861866,15,3.425378536430000,,558.410890281925276,8856.694016281626318
289,506,5,24.000000000000000,9.000000000000000,43407.765956800001732,22547918.114199999719858,9,22.547918114200002,,129.621497748383177,995.706997935695654
290,585,5,24.000000000000000,9.000000000000000,43407.765956800001732,22547918.114199999719858,9,22.547918114200002,,446.649593073924109,10148.813173698763421
291,61,9,39.000000000000000,5.000000000000000,38417.168756400002167,15324785.606100000441074,5,15.324785606100001,Area value excludes 5a,660.773899326599803,10968.488429548347995
292,89,8,38.000000000000000,13.000000000000000,18101.212222400001338,4330684.347210000269115,13,4.330684347210000,,588.900037306352147,14902.861270186880574
293,878,2,14.000000000000000,6.000000000000000,33450.878361299997778,13842321.921199999749660,6,13.842321921200000,,249.250696803879038,1934.232338417766869
294,302,5,24.000000000000000,9.000000000000000,43407.765956800001732,22547918.114199999719858,9,22.547918114200002,,161.084521555921128,727.005748121357783
295,631,4,21.000000000000000,14.000000000000000,17914.438427400000364,5594663.401320000179112,14,5.594663401320000,,325.480096013006516,5617.478222326001742
296,578,4,21.000000000000000,14.000000000000000,17914.438427400000364,5594663.401320000179112,14,5.594663401320000,,380.552406507947694,8695.937234517963589
297,1178,0,9.000000000000000,3.000000000000000,17575.639693699999043,4664374.411940000019968,3,4.664374411940000,,1734.078266440790912,60294.804001820404665
298,747,3,16.000000000000000,66.000000000000000,15417.337116400000014,4375909.612429999746382,6a,4.375909612430000,,1031.021669240035635,35864.722397338475275
299,329,6,32.000000000000000,15.000000000000000,15838.729836300000898,3425378.536429999861866,15,3.425378536430000,,603.871293732095978,14099.336630370333296
300,466,5,24.000000000000000,9.000000000000000,43407.765956800001732,22547918.114199999719858,9,22.547918114200002,,255.088099309310167,4048.324390958860931
301,1033,2,14.000000000000000,6.000000000000000,33450.878361299997778,13842321.921199999749660,6,13.842321921200000,,181.202653166522424,1592.386639511149269
302,760,1,12.000000000000000,7.000000000000000,22937.526127599998290,3834022.149100000038743,7,3.834022149100000,,578.880020037167014,18290.595029914860788
303,737,2,14.000000000000000,6.000000000000000,33450.878361299997778,13842321.921199999749660,6,13.842321921200000,,168.569656624180595,1793.123552921323380
304,529,5,24.000000000000000,9.000000000000000,43407.765956800001732,22547918.114199999719858,9,22.547918114200002,,487.512809956818046,10707.251394316122969
305,303,5,24.000000000000000,9.000000000000000,43407.765956800001732,22547918.114199999719858,9,22.547918114200002,,703.534746244384678,24188.088262107892660
306,46,8,38.000000000000000,13.000000000000000,18101.212222400001338,4330684.347210000269115,13,4.330684347210000,,260.533261389550375,3402.050242863228505
307,882,2,14.000000000000000,6.000000000000000,33450.878361299997778,13842321.921199999749660,6,13.842321921200000,,857.673383058057539,38360.996490622252168
308,1148,0,9.000000000000000,3.000000000000000,17575.639693699999043,4664374.411940000019968,3,4.664374411940000,,296.702341258270565,4254.057247642209404
309,189,6,32.000000000000000,15.000000000000000,15838.729836300000898,3425378.536429999861866,15,3.425378536430000,,258.568229116155919,3443.794549861092491
310,890,2,14.000000000000000,6.000000000000000,33450.878361299997778,13842321.921199999749660,6,13.842321921200000,,187.618580187539749,1816.687929436880722
311,1036,0,9.000000000000000,3.000000000000000,17575.639693699999043,4664374.411940000019968,3,4.664374411940000,,254.038514420056856,3734.745841631149233
312,100,9,39.000000000000000,5.000000000000000,38417.168756400002167,15324785.606100000441074,5,15.324785606100001,Area value excludes 5a,461.984829378070742,8336.485037482643747
313,962,1,12.000000000000000,7.000000000000000,22937.526127599998290,3834022.149100000038743,7,3.834022149100000,,331.734942407787798,4085.449518761855416
314,943,2,14.000000000000000,6.000000000000000,33450.878361299997778,13842321.921199999749660,6,13.842321921200000,,855.080196505076742,40794.711789675195178
315,435,5,24.000000000000000,9.000000000000000,43407.765956800001732,22547918.114199999719858,9,22.547918114200002,,649.769994982620005,9568.351048534765141
316,732,2,14.000000000000000,6.000000000000000,33450.878361299997778,13842321.921199999749660,6,13.842321921200000,,166.292474188711623,1556.994153973918174
317,785,3,16.000000000000000,66.000000000000000,15417.337116400000014,4375909.612429999746382,6a,4.375909612430000,,554.308854189618387,11228.582827580416051
318,787,2,14.000000000000000,6.000000000000000,33450.878361299997778,13842321.921199999749660,6,13.842321921200000,,293.020082801947126,4035.214661622444510
319,1127,0,9.000000000000000,3.000000000000000,17575.639693699999043,4664374.411940000019968,3,4.664374411940000,,765.835940523278850,14895.939381180378405
320,36,8,38.000000000000000,13.000000000000000,18101.212222400001338,4330684.347210000269115,13,4.330684347210000,,144.879809590254098,1284.304815247913211
321,854,3,16.000000000000000,66.000000000000000,15417.337116400000014,4375909.612429999746382,6a,4.375909612430000,,257.927001693235070,3328.602174922164522
322,582,5,24.000000000000000,9.000000000000000,43407.765956800001732,22547918.114199999719858,9,22.547918114200002,,631.723907977655244,19180.232286747010221
323,705,3,16.000000000000000,66.000000000000000,15417.337116400000014,4375909.612429999746382,6a,4.375909612430000,,321.844670839830485,5618.588150960734311
324,684,3,16.000000000000000,66.000000000000000,15417.337116400000014,4375909.612429999746382,6a,4.375909612430000,,199.242166735004133,2385.411507111289666
325,834,3,16.000000000000000,66.000000000000000,15417.337116400000014,4375909.612429999746382,6a,4.375909612430000,,1228.931574071070600,56676.313860319278319
326,324,9,39.000000000000000,5.000000000000000,38417.168756400002167,15324785.606100000441074,5,15.324785606100001,Area value excludes 5a,247.208475226809639,3318.358796416522637
327,250,6,32.000000000000000,15.000000000000000,15838.729836300000898,3425378.536429999861866,15,3.425378536430000,,3356.290068736229841,108415.626258583753952
328,1114,0,9.000000000000000,3.000000000000000,17575.639693699999043,4664374.411940000019968,3,4.664374411940000,,177.155314297951207,1847.432522299661514
329,989,2,14.000000000000000,6.000000000000000,33450.878361299997778,13842321.921199999749660,6,13.842321921200000,,262.896697480834064,4117.172652702585765
330,345,6,32.000000000000000,15.000000000000000,15838.729836300000898,3425378.536429999861866,15,3.425378536430000,,428.795599770726426,7895.011614510898653
331,905,2,14.000000000000000,6.000000000000000,33450.878361299997778,13842321.921199999749660,6,13.842321921200000,,183.983246685989286,2096.813827331378434
332,1154,0,9.000000000000000,3.000000000000000,17575.639693699999043,4664374.411940000019968,3,4.664374411940000,,629.607511644504712,10335.110789335732989
333,668,5,24.000000000000000,9.000000000000000,43407.765956800001732,22547918.114199999719858,9,22.547918114200002,,177.982349562693145,1685.812426925433556
334,1024,2,14.000000000000000,6.000000000000000,33450.878361299997778,13842321.921199999749660,6,13.842321921200000,,260.621214598938252,2767.043839336414294
335,768,1,12.000000000000000,7.000000000000000,22937.526127599998290,3834022.149100000038743,7,3.834022149100000,,103.069045329640829,231.086414443370018
336,296,6,32.000000000000000,15.000000000000000,15838.729836300000898,3425378.536429999861866,15,3.425378536430000,,337.618730583234367,5752.423156154828575
337,96,8,38.000000000000000,13.000000000000000,18101.212222400001338,4330684.347210000269115,13,4.330684347210000,,1254.401411822455430,52187.901727127806225
338,98,9,39.000000000000000,5.000000000000000,38417.168756400002167,15324785.606100000441074,5,15.324785606100001,Area value excludes 5a,285.915619536510405,4302.704406426034438
339,829,2,14.000000000000000,6.000000000000000,33450.878361299997778,13842321.921199999749660,6,13.842321921200000,,155.433560225194043,1274.563487783160781
340,1023,2,14.000000000000000,6.000000000000000,33450.878361299997778,13842321.921199999749660,6,13.842321921200000,,232.680675147165061,1999.150867738183933
341,123,8,38.000000000000000,13.000000000000000,18101.212222400001338,4330684.347210000269115,13,4.330684347210000,,197.240948450854802,2178.409280164432857
342,930,2,14.000000000000000,6.000000000000000,33450.878361299997778,13842321.921199999749660,6,13.842321921200000,,253.223615187471353,3137.721044590531164
343,600,4,21.000000000000000,14.000000000000000,17914.438427400000364,5594663.401320000179112,14,5.594663401320000,,475.590853846218920,13531.341480655464693
344,1031,1,12.000000000000000,7.000000000000000,22937.526127599998290,3834022.149100000038743,7,3.834022149100000,,282.164583605814187,4069.172349551804928
345,850,3,16.000000000000000,66.000000000000000,15417.337116400000014,4375909.612429999746382,6a,4.375909612430000,,252.669802919468509,2075.005443414689580
346,833,1,12.000000000000000,7.000000000000000,22937.526127599998290,3834022.149100000038743,7,3.834022149100000,,120.328575249921712,849.052041475882220
347,45,8,38.000000000000000,13.000000000000000,18101.212222400001338,4330684.347210000269115,13,4.330684347210000,,472.011505892103628,12047.992213210438422
348,859,2,14.000000000000000,6.000000000000000,33450.878361299997778,13842321.921199999749660,6,13.842321921200000,,2813.654006878021391,229574.274576641939348
349,400,5,24.000000000000000,9.000000000000000,43407.765956800001732,22547918.114199999719858,9,22.547918114200002,,4310.015828371048883,144197.621560616302304
350,190,6,32.000000000000000,15.000000000000000,15838.729836300000898,3425378.536429999861866,15,3.425378536430000,,989.344133786541079,50973.659851955868362
351,742,3,16.000000000000000,66.000000000000000,15417.337116400000014,4375909.612429999746382,6a,4.375909612430000,,617.535144279039741,14610.089574905234258
352,526,5,24.000000000000000,9.000000000000000,43407.765956800001732,22547918.114199999719858,9,22.547918114200002,,256.943330586612831,3279.128447389516168
353,237,5,24.000000000000000,9.000000000000000,43407.765956800001732,22547918.114199999719858,9,22.547918114200002,,204.666668513368222,1784.250876150991417
354,131,9,39.000000000000000,5.000000000000000,38417.168756400002167,15324785.606100000441074,5,15.324785606100001,Area value excludes 5a,312.743841003910404,5613.086377302922301
355,391,5,24.000000000000000,9.000000000000000,43407.765956800001732,22547918.114199999719858,9,22.547918114200002,,238.413275598253875,3542.015153928030031
356,1015,0,9.000000000000000,3.000000000000000,17575.639693699999043,4664374.411940000019968,3,4.664374411940000,,617.080746218060654,12338.900267408600484
357,622,4,21.000000000000000,14.000000000000000,17914.438427400000364,5594663.401320000179112,14,5.594663401320000,,262.310509251645271,4164.862897397402776
358,779,3,16.000000000000000,66.000000000000000,15417.337116400000014,4375909.612429999746382,6a,4.375909612430000,,260.381983758737590,4124.980812234078257
359,507,4,21.000000000000000,14.000000000000000,17914.438427400000364,5594663.401320000179112,14,5.594663401320000,,306.118335957559793,4811.752322716690287
360,348,5,24.000000000000000,9.000000000000000,43407.765956800001732,22547918.114199999719858,9,22.547918114200002,,151.155925471996795,1495.431144634509337
361,525,4,21.000000000000000,14.000000000000000,17914.438427400000364,5594663.401320000179112,14,5.594663401320000,,237.940434683723879,3469.451868174692208
362,31,8,38.000000000000000,13.000000000000000,18101.212222400001338,4330684.347210000269115,13,4.330684347210000,,256.380140273650625,3683.975833825305926
363,94,8,38.000000000000000,13.000000000000000,18101.212222400001338,4330684.347210000269115,13,4.330684347210000,,135.466760115652050,1171.616957925486304
364,516,4,21.000000000000000,14.000000000000000,17914.438427400000364,5594663.401320000179112,14,5.594663401320000,,409.895165680224295,10052.550320115322393
365,712,2,14.000000000000000,6.000000000000000,33450.878361299997778,13842321.921199999749660,6,13.842321921200000,,254.501699365585353,3481.014675369042834
366,1096,0,9.000000000000000,3.000000000000000,17575.639693699999043,4664374.411940000019968,3,4.664374411940000,,335.098259086039604,5176.204061173682021
367,718,3,16.000000000000000,66.000000000000000,15417.337116400000014,4375909.612429999746382,6a,4.375909612430000,,474.259868778050361,9542.623798361417357
368,620,5,24.000000000000000,9.000000000000000,43407.765956800001732,22547918.114199999719858,9,22.547918114200002,,2040.070813584834468,97557.083147978730267
369,561,5,24.000000000000000,9.000000000000000,43407.765956800001732,22547918.114199999719858,9,22.547918114200002,,1352.609095317771562,60144.919949757910217
370,924,1,12.000000000000000,7.000000000000000,22937.526127599998290,3834022.149100000038743,7,3.834022149100000,,142.747630669830443,815.260236454993901
371,144,9,39.000000000000000,5.000000000000000,38417.168756400002167,15324785.606100000441074,5,15.324785606100001,Area value excludes 5a,229.645949317044796,2675.503691917016567
372,283,7,33.000000000000000,55.000000000000000,7430.779563520000011,1042212.871580000035465,5a,1.042212871580000,,803.352581386680185,33339.073572595494625
373,556,4,21.000000000000000,14.000000000000000,17914.438427400000364,5594663.401320000179112,14,5.594663401320000,,438.296645323609880,10962.684351172689276
374,580,4,21.000000000000000,14.000000000000000,17914.438427400000364,5594663.401320000179112,14,5.594663401320000,,750.768616815616383,21071.568171617338521
375,912,1,12.000000000000000,7.000000000000000,22937.526127599998290,3834022.149100000038743,7,3.834022149100000,,3473.925538631665859,150223.350156427244656
376,69,9,39.000000000000000,5.000000000000000,38417.168756400002167,15324785.606100000441074,5,15.324785606100001,Area value excludes 5a,403.982409973473864,9696.533958403531869
377,809,1,12.000000000000000,7.000000000000000,22937.526127599998290,3834022.149100000038743,7,3.834022149100000,,1524.692078480887403,46362.672291558614234
378,755,3,16.000000000000000,66.000000000000000,15417.337116400000014,4375909.612429999746382,6a,4.375909612430000,,315.019142352228585,5487.212383167991902
379,711,3,16.000000000000000,66.000000000000000,15417.337116400000014,4375909.612429999746382,6a,4.375909612430000,,166.413078359094669,1725.029123431588459
380,552,5,24.000000000000000,9.000000000000000,43407.765956800001732,22547918.114199999719858,9,22.547918114200002,,163.277849172190088,1659.470218404479510
381,1097,0,9.000000000000000,3.000000000000000,17575.639693699999043,4664374.411940000019968,3,4.664374411940000,,285.188864037061023,2761.359599526329475
382,772,1,12.000000000000000,7.000000000000000,22937.526127599998290,3834022.149100000038743,7,3.834022149100000,,155.788113080173815,1279.694769325073821
383,880,2,14.000000000000000,6.000000000000000,33450.878361299997778,13842321.921199999749660,6,13.842321921200000,,189.752084192221503,1495.636790293952572
384,192,9,39.000000000000000,5.000000000000000,38417.168756400002167,15324785.606100000441074,5,15.324785606100001,Area value excludes 5a,1072.150505024545964,35910.114179417971172
385,186,9,39.000000000000000,5.000000000000000,38417.168756400002167,15324785.606100000441074,5,15.324785606100001,Area value excludes 5a,253.602663768375550,3595.516453485113743
386,83,9,39.000000000000000,5.000000000000000,38417.168756400002167,15324785.606100000441074,5,15.324785606100001,Area value excludes 5a,228.032546343425139,2190.772775442895181
387,766,3,16.000000000000000,66.000000000000000,15417.337116400000014,4375909.612429999746382,6a,4.375909612430000,,142.358807610563190,1210.085944505982070
388,590,5,24.000000000000000,9.000000000000000,43407.765956800001732,22547918.114199999719858,9,22.547918114200002,,500.299903446866495,13748.591346135450294
389,510,5,24.000000000000000,9.000000000000000,43407.765956800001732,22547918.114199999719858,9,22.547918114200002,,1454.518097702034083,66872.912434112076880
390,35,8,38.000000000000000,13.000000000000000,18101.212222400001338,4330684.347210000269115,13,4.330684347210000,,197.619655375102440,2130.689591767950333
391,862,1,12.000000000000000,7.000000000000000,22937.526127599998290,3834022.149100000038743,7,3.834022149100000,,1136.622722174551882,28677.136715677293978
392,229,5,24.000000000000000,9.000000000000000,43407.765956800001732,22547918.114199999719858,9,22.547918114200002,,1828.754224505135880,33310.542096549921553
393,842,2,14.000000000000000,6.000000000000000,33450.878361299997778,13842321.921199999749660,6,13.842321921200000,,1604.583490009571278,57330.555815749532485
394,1028,0,9.000000000000000,3.000000000000000,17575.639693699999043,4664374.411940000019968,3,4.664374411940000,,588.259372188966495,17247.682202476338716
395,734,2,14.000000000000000,6.000000000000000,33450.878361299997778,13842321.921199999749660,6,13.842321921200000,,403.647238085765082,3973.381138271319742
396,27,8,38.000000000000000,13.000000000000000,18101.212222400001338,4330684.347210000269115,13,4.330684347210000,,1491.183348628160047,39222.950743038061773
397,958,1,12.000000000000000,7.000000000000000,22937.526127599998290,3834022.149100000038743,7,3.834022149100000,,373.159734771282615,7613.076056685387812
398,736,2,14.000000000000000,6.000000000000000,33450.878361299997778,13842321.921199999749660,6,13.842321921200000,,1137.860346093125372,28978.846458071617235
399,239,7,33.000000000000000,55.000000000000000,7430.779563520000011,1042212.871580000035465,5a,1.042212871580000,,384.157756986485253,9087.775105152482865
400,187,9,39.000000000000000,5.000000000000000,38417.168756400002167,15324785.606100000441074,5,15.324785606100001,Area value excludes 5a,111.464973930729244,774.611786756897459
401,674,5,24.000000000000000,9.000000000000000,43407.765956800001732,22547918.114199999719858,9,22.547918114200002,,1123.105468024073161,41850.544856340449769
402,920,1,12.000000000000000,7.000000000000000,22937.526127599998290,3834022.149100000038743,7,3.834022149100000,,1554.664074509914599,86312.049024597683456
403,758,3,16.000000000000000,66.000000000000000,15417.337116400000014,4375909.612429999746382,6a,4.375909612430000,,270.653725550523689,4260.082978925978750
404,652,5,24.000000000000000,9.000000000000000,43407.765956800001732,22547918.114199999719858,9,22.547918114200002,,223.986249931209471,2311.819724214229609
405,444,5,24.000000000000000,9.000000000000000,43407.765956800001732,22547918.114199999719858,9,22.547918114200002,,365.809106095545758,6113.532304488195223
406,909,2,14.000000000000000,6.000000000000000,33450.878361299997778,13842321.921199999749660,6,13.842321921200000,,497.013252338107804,10912.923676637024982
407,1025,1,12.000000000000000,7.000000000000000,22937.526127599998290,3834022.149100000038743,7,3.834022149100000,,255.872499230181688,3709.656690572799562
408,243,5,24.000000000000000,9.000000000000000,43407.765956800001732,22547918.114199999719858,9,22.547918114200002,,342.502828699924180,4963.016392720024669
409,387,5,24.000000000000000,9.000000000000000,43407.765956800001732,22547918.114199999719858,9,22.547918114200002,,124.482810549578033,978.142202959583301
410,346,5,24.000000000000000,9.000000000000000,43407.765956800001732,22547918.114199999719858,9,22.547918114200002,,539.996139922258749,13602.394481582985463
411,15,9,39.000000000000000,5.000000000000000,38417.168756400002167,15324785.606100000441074,5,15.324785606100001,Area value excludes 5a,171.120328648265627,1840.375509271131932
412,886,2,14.000000000000000,6.000000000000000,33450.878361299997778,13842321.921199999749660,6,13.842321921200000,,571.176906322471154,13424.991208685263700
413,593,4,21.000000000000000,14.000000000000000,17914.438427400000364,5594663.401320000179112,14,5.594663401320000,,227.636671597813034,3085.571235828965200
414,223,7,33.000000000000000,55.000000000000000,7430.779563520000011,1042212.871580000035465,5a,1.042212871580000,,158.510827501072981,1100.741907216167647
415,500,5,24.000000000000000,9.000000000000000,43407.765956800001732,22547918.114199999719858,9,22.547918114200002,,120.173807394656023,900.961721341148632
416,375,5,24.000000000000000,9.000000000000000,43407.765956800001732,22547918.114199999719858,9,22.547918114200002,,151.310464598907885,1400.520602384933909
417,640,5,24.000000000000000,9.000000000000000,43407.765956800001732,22547918.114199999719858,9,22.547918114200002,,199.396797852579539,2246.503560676926554
418,860,3,16.000000000000000,66.000000000000000,15417.337116400000014,4375909.612429999746382,6a,4.375909612430000,,186.964876910787837,2152.283129327731785
419,193,9,39.000000000000000,5.000000000000000,38417.168756400002167,15324785.606100000441074,5,15.324785606100001,Area value excludes 5a,191.827733278527546,2046.719007065390088
420,659,5,24.000000000000000,9.000000000000000,43407.765956800001732,22547918.114199999719858,9,22.547918114200002,,543.190290781398858,11318.847715956995671
421,778,1,12.000000000000000,7.000000000000000,22937.526127599998290,3834022.149100000038743,7,3.834022149100000,,355.291796302253658,5217.331980283545818
422,660,5,24.000000000000000,9.000000000000000,43407.765956800001732,22547918.114199999719858,9,22.547918114200002,,207.638938121005793,2413.576764283824559
423,1035,2,14.000000000000000,6.000000000000000,33450.878361299997778,13842321.921199999749660,6,13.842321921200000,,667.829582747618474,18363.406506528684986
424,535,5,24.000000000000000,9.000000000000000,43407.765956800001732,22547918.114199999719858,9,22.547918114200002,,5273.721241135753189,96756.795768117604894
425,37,9,39.000000000000000,5.000000000000000,38417.168756400002167,15324785.606100000441074,5,15.324785606100001,Area value excludes 5a,695.318525795153391,15270.815487944817505
426,517,5,24.000000000000000,9.000000000000000,43407.765956800001732,22547918.114199999719858,9,22.547918114200002,,1961.601376877780467,147261.968268692929996
427,598,4,21.000000000000000,14.000000000000000,17914.438427400000364,5594663.401320000179112,14,5.594663401320000,,207.362587500527980,2535.448961948654869
428,559,5,24.000000000000000,9.000000000000000,43407.765956800001732,22547918.114199999719858,9,22.547918114200002,,485.615278670319242,13833.139549384530255
429,104,9,39.000000000000000,5.000000000000000,38417.168756400002167,15324785.606100000441074,5,15.324785606100001,Area value excludes 5a,1052.006437314806590,24577.731294774897833
430,754,5,24.000000000000000,9.000000000000000,43407.765956800001732,22547918.114199999719858,9,22.547918114200002,,1928.983907261971808,131286.600363288191147
431,305,6,32.000000000000000,15.000000000000000,15838.729836300000898,3425378.536429999861866,15,3.425378536430000,,177.619331667586977,1559.689426975483002
432,143,9,39.000000000000000,5.000000000000000,38417.168756400002167,15324785.606100000441074,5,15.324785606100001,Area value excludes 5a,1660.361028139622249,30556.323736679791182
433,1110,1,12.000000000000000,7.000000000000000,22937.526127599998290,3834022.149100000038743,7,3.834022149100000,,480.221188196388198,7903.600495870055965
434,497,5,24.000000000000000,9.000000000000000,43407.765956800001732,22547918.114199999719858,9,22.547918114200002,,217.517422529620859,2919.538216179445044
435,300,5,24.000000000000000,9.000000000000000,43407.765956800001732,22547918.114199999719858,9,22.547918114200002,,474.426874851851608,10488.862790910405238
436,1112,0,9.000000000000000,3.000000000000000,17575.639693699999043,4664374.411940000019968,3,4.664374411940000,,204.571356810940074,2538.126638833886318
437,101,9,39.000000000000000,5.000000000000000,38417.168756400002167,15324785.606100000441074,5,15.324785606100001,Area value excludes 5a,321.914637671267258,5753.703671784391190
438,117,9,39.000000000000000,5.000000000000000,38417.168756400002167,15324785.606100000441074,5,15.324785606100001,Area value excludes 5a,328.477794016741996,5681.853171413680684
439,856,2,14.000000000000000,6.000000000000000,33450.878361299997778,13842321.921199999749660,6,13.842321921200000,,271.913496382692415,4340.699521815369735
440,553,5,24.000000000000000,9.000000000000000,43407.765956800001732,22547918.114199999719858,9,22.547918114200002,,122.639290842437063,913.236742703507957
441,617,4,21.000000000000000,14.000000000000000,17914.438427400000364,5594663.401320000179112,14,5.594663401320000,,265.758891561466498,4242.609741936164028
442,751,5,24.000000000000000,9.000000000000000,43407.765956800001732,22547918.114199999719858,9,22.547918114200002,,224.497553021664771,3062.006260817151087
443,730,3,16.000000000000000,66.000000000000000,15417.337116400000014,4375909.612429999746382,6a,4.375909612430000,,170.965520641244979,1593.284149558739955
444,1128,0,9.000000000000000,3.000000000000000,17575.639693699999043,4664374.411940000019968,3,4.664374411940000,,985.437340723937609,18892.782034414249210
445,246,9,39.000000000000000,5.000000000000000,38417.168756400002167,15324785.606100000441074,5,15.324785606100001,Area value excludes 5a,131.432694978384234,1017.562117371714749
446,567,5,24.000000000000000,9.000000000000000,43407.765956800001732,22547918.114199999719858,9,22.547918114200002,,420.393989825607093,9394.824986050611187
447,618,4,21.000000000000000,14.000000000000000,17914.438427400000364,5594663.401320000179112,14,5.594663401320000,,287.878662368931202,5074.644656923816001
448,276,7,33.000000000000000,55.000000000000000,7430.779563520000011,1042212.871580000035465,5a,1.042212871580000,,155.277548845485939,1365.471671211782450
449,412,5,24.000000000000000,9.000000000000000,43407.765956800001732,22547918.114199999719858,9,22.547918114200002,,633.550924088016359,12428.148505686020144
450,894,2,14.000000000000000,6.000000000000000,33450.878361299997778,13842321.921199999749660,6,13.842321921200000,,174.891163470729651,1765.202426842190789
451,942,2,14.000000000000000,6.000000000000000,33450.878361299997778,13842321.921199999749660,6,13.842321921200000,,996.577931585598662,13745.228605197227807
452,830,2,14.000000000000000,6.000000000000000,33450.878361299997778,13842321.921199999749660,6,13.842321921200000,,234.654533777483067,3458.099427700285560
453,1040,2,14.000000000000000,6.000000000000000,33450.878361299997778,13842321.921199999749660,6,13.842321921200000,,389.381223565051982,7769.317420817300444
454,1042,1,12.000000000000000,7.000000000000000,22937.526127599998290,3834022.149100000038743,7,3.834022149100000,,218.705626016909235,2315.064199070582617
455,800,2,14.000000000000000,6.000000000000000,33450.878361299997778,13842321.921199999749660,6,13.842321921200000,,211.590616509455032,1209.544140213876062
456,828,2,14.000000000000000,6.000000000000000,33450.878361299997778,13842321.921199999749660,6,13.842321921200000,,471.131866212039313,4036.934438149301968
457,354,5,24.000000000000000,9.000000000000000,43407.765956800001732,22547918.114199999719858,9,22.547918114200002,,237.207078545711738,3439.354763326432476
458,826,1,12.000000000000000,7.000000000000000,22937.526127599998290,3834022.149100000038743,7,3.834022149100000,,232.977486152981413,3341.181748104726466
459,286,5,24.000000000000000,9.000000000000000,43407.765956800001732,22547918.114199999719858,9,22.547918114200002,,196.690856118054171,2334.160535753074328
460,227,6,32.000000000000000,15.000000000000000,15838.729836300000898,3425378.536429999861866,15,3.425378536430000,,191.982739632204584,2301.808443738501865
461,119,9,39.000000000000000,5.000000000000000,38417.168756400002167,15324785.606100000441074,5,15.324785606100001,Area value excludes 5a,169.600194589432448,1572.553597090401126
462,771,2,14.000000000000000,6.000000000000000,33450.878361299997778,13842321.921199999749660,6,13.842321921200000,,298.080838183776848,3689.690054725450864
463,29,9,39.000000000000000,5.000000000000000,38417.168756400002167,15324785.606100000441074,5,15.324785606100001,Area value excludes 5a,308.471668784402652,3848.868503835636147
464,521,4,21.000000000000000,14.000000000000000,17914.438427400000364,5594663.401320000179112,14,5.594663401320000,,3147.558667726524618,223502.313366272428539
465,728,3,16.000000000000000,66.000000000000000,15417.337116400000014,4375909.612429999746382,6a,4.375909612430000,,261.408997105883998,3766.401980942708633
466,841,2,14.000000000000000,6.000000000000000,33450.878361299997778,13842321.921199999749660,6,13.842321921200000,,599.686400216941479,5647.338820865416892
467,945,2,14.000000000000000,6.000000000000000,33450.878361299997778,13842321.921199999749660,6,13.842321921200000,,1071.476415881478260,44490.556710235803621
468,524,5,24.000000000000000,9.000000000000000,43407.765956800001732,22547918.114199999719858,9,22.547918114200002,,178.138659540047371,1770.903046765729414
469,334,6,32.000000000000000,15.000000000000000,15838.729836300000898,3425378.536429999861866,15,3.425378536430000,,896.817682332571735,18921.472477500210516
470,180,8,38.000000000000000,13.000000000000000,18101.212222400001338,4330684.347210000269115,13,4.330684347210000,,379.980719801985458,7548.478465173257973
471,898,2,14.000000000000000,6.000000000000000,33450.878361299997778,13842321.921199999749660,6,13.842321921200000,,629.297136646878357,19037.022753146440664
472,925,2,14.000000000000000,6.000000000000000,33450.878361299997778,13842321.921199999749660,6,13.842321921200000,,405.272690976102467,5784.182127451672386
473,12,8,38.000000000000000,13.000000000000000,18101.212222400001338,4330684.347210000269115,13,4.330684347210000,,228.378217786361517,3045.970485001003908
474,932,3,16.000000000000000,66.000000000000000,15417.337116400000014,4375909.612429999746382,6a,4.375909612430000,,176.448436889842895,1751.086799259244799
475,51,9,39.000000000000000,5.000000000000000,38417.168756400002167,15324785.606100000441074,5,15.324785606100001,Area value excludes 5a,324.829000370670087,5673.064533328585640
476,562,4,21.000000000000000,14.000000000000000,17914.438427400000364,5594663.401320000179112,14,5.594663401320000,,225.152123831394391,2887.412102036404121
477,577,5,24.000000000000000,9.000000000000000,43407.765956800001732,22547918.114199999719858,9,22.547918114200002,,180.461436471230400,1770.984993393624109
478,921,1,12.000000000000000,7.000000000000000,22937.526127599998290,3834022.149100000038743,7,3.834022149100000,,172.927103410571362,1705.258447813645262
479,394,5,24.000000000000000,9.000000000000000,43407.765956800001732,22547918.114199999719858,9,22.547918114200002,,429.467151944300326,10369.300362362502710
480,926,1,12.000000000000000,7.000000000000000,22937.526127599998290,3834022.149100000038743,7,3.834022149100000,,172.479371232822558,1676.120906621943959
481,871,2,14.000000000000000,6.000000000000000,33450.878361299997778,13842321.921199999749660,6,13.842321921200000,,446.104529140074362,6568.570935959127382
482,979,2,14.000000000000000,6.000000000000000,33450.878361299997778,13842321.921199999749660,6,13.842321921200000,,203.087131404519340,2456.320420051995370
483,1009,0,9.000000000000000,3.000000000000000,17575.639693699999043,4664374.411940000019968,3,4.664374411940000,,315.573008293961777,2271.273211321958115
484,626,5,24.000000000000000,9.000000000000000,43407.765956800001732,22547918.114199999719858,9,22.547918114200002,,281.724976544418496,4846.553430696211763
485,441,4,21.000000000000000,14.000000000000000,17914.438427400000364,5594663.401320000179112,14,5.594663401320000,,211.650311013897095,2588.724035109133183
486,1090,0,9.000000000000000,3.000000000000000,17575.639693699999043,4664374.411940000019968,3,4.664374411940000,,203.829167055117438,2417.724199017785395
487,1089,2,14.000000000000000,6.000000000000000,33450.878361299997778,13842321.921199999749660,6,13.842321921200000,,5799.330938735753989,323926.856084391882177
488,498,5,24.000000000000000,9.000000000000000,43407.765956800001732,22547918.114199999719858,9,22.547918114200002,,163.553776929907769,1574.599105856884989
489,523,4,21.000000000000000,14.000000000000000,17914.438427400000364,5594663.401320000179112,14,5.594663401320000,,1083.441593922462062,43854.626699286942312
490,1006,1,12.000000000000000,7.000000000000000,22937.526127599998290,3834022.149100000038743,7,3.834022149100000,,231.518524525366104,2940.540198710415098
491,774,3,16.000000000000000,66.000000000000000,15417.337116400000014,4375909.612429999746382,6a,4.375909612430000,,243.517325602896449,2863.538741117251448
492,267,9,39.000000000000000,5.000000000000000,38417.168756400002167,15324785.606100000441074,5,15.324785606100001,Area value excludes 5a,302.741517774798751,4747.081665271382008
493,256,6,32.000000000000000,15.000000000000000,15838.729836300000898,3425378.536429999861866,15,3.425378536430000,,198.060190151835627,2313.801668777491614
494,604,4,21.000000000000000,14.000000000000000,17914.438427400000364,5594663.401320000179112,14,5.594663401320000,,109.343968587544083,725.577125447505068
495,717,2,14.000000000000000,6.000000000000000,33450.878361299997778,13842321.921199999749660,6,13.842321921200000,,1233.688563996049197,48447.887902109512652
496,1122,0,9.000000000000000,3.000000000000000,17575.639693699999043,4664374.411940000019968,3,4.664374411940000,,118.757034757979213,819.264249806321118
497,602,4,21.000000000000000,14.000000000000000,17914.438427400000364,5594663.401320000179112,14,5.594663401320000,,188.725165940602324,2165.216118455134165
498,977,2,14.000000000000000,6.000000000000000,33450.878361299997778,13842321.921199999749660,6,13.842321921200000,,202.104654107014966,2037.850224413109345
499,831,3,16.000000000000000,66.000000000000000,15417.337116400000014,4375909.612429999746382,6a,4.375909612430000,,295.449869114203182,4751.430869846441055
500,60,9,39.000000000000000,5.000000000000000,38417.168756400002167,15324785.606100000441074,5,15.324785606100001,Area value excludes 5a,162.569174558024542,1561.122694351048267
501,990,2,14.000000000000000,6.000000000000000,33450.878361299997778,13842321.921199999749660,6,13.842321921200000,,432.925836948484971,9290.940959934276179
502,347,5,24.000000000000000,9.000000000000000,43407.765956800001732,22547918.114199999719858,9,22.547918114200002,,174.137997514790470,1805.902630668688289
503,538,5,24.000000000000000,9.000000000000000,43407.765956800001732,22547918.114199999719858,9,22.547918114200002,,195.242020580036211,2255.412361009694905
504,421,5,24.000000000000000,9.000000000000000,43407.765956800001732,22547918.114199999719858,9,22.547918114200002,,296.465759046130472,5158.953955793822388
505,47,8,38.000000000000000,13.000000000000000,18101.212222400001338,4330684.347210000269115,13,4.330684347210000,,176.414487364623085,1638.032332517399482
506,893,2,14.000000000000000,6.000000000000000,33450.878361299997778,13842321.921199999749660,6,13.842321921200000,,719.835610302392524,14992.303345917069237
507,798,2,14.000000000000000,6.000000000000000,33450.878361299997778,13842321.921199999749660,6,13.842321921200000,,1593.754567771150050,21352.541829916295683
508,967,1,12.000000000000000,7.000000000000000,22937.526127599998290,3834022.149100000038743,7,3.834022149100000,,570.195311725934630,12783.460645641960582
509,114,9,39.000000000000000,5.000000000000000,38417.168756400002167,15324785.606100000441074,5,15.324785606100001,Area value excludes 5a,146.876321906959504,687.637030989901632
510,124,9,39.000000000000000,5.000000000000000,38417.168756400002167,15324785.606100000441074,5,15.324785606100001,Area value excludes 5a,428.086768250642479,9088.662051767843877
511,48,9,39.000000000000000,5.000000000000000,38417.168756400002167,15324785.606100000441074,5,15.324785606100001,Area value excludes 5a,930.049158922247557,21941.299268953149294
512,34,8,38.000000000000000,13.000000000000000,18101.212222400001338,4330684.347210000269115,13,4.330684347210000,,185.120775904192897,2084.376711936980428
513,20,8,38.000000000000000,13.000000000000000,18101.212222400001338,4330684.347210000269115,13,4.330684347210000,,151.860314527861732,1435.773104794765231
514,592,4,21.000000000000000,14.000000000000000,17914.438427400000364,5594663.401320000179112,14,5.594663401320000,,173.990222080256217,1125.727552525969031
515,966,2,14.000000000000000,6.000000000000000,33450.878361299997778,13842321.921199999749660,6,13.842321921200000,,343.293676880334999,6267.337744405695958
516,855,3,16.000000000000000,66.000000000000000,15417.337116400000014,4375909.612429999746382,6a,4.375909612430000,,133.513990529881937,923.570946165307760
517,974,2,14.000000000000000,6.000000000000000,33450.878361299997778,13842321.921199999749660,6,13.842321921200000,,224.536395765755657,3099.070528389837364
518,407,5,24.000000000000000,9.000000000000000,43407.765956800001732,22547918.114199999719858,9,22.547918114200002,,589.420381613454197,12872.908818914387666
519,949,2,14.000000000000000,6.000000000000000,33450.878361299997778,13842321.921199999749660,6,13.842321921200000,,251.840242852206444,3016.621783862252414
520,301,6,32.000000000000000,15.000000000000000,15838.729836300000898,3425378.536429999861866,15,3.425378536430000,,142.790797257115003,1204.305322377802440
521,146,9,39.000000000000000,5.000000000000000,38417.168756400002167,15324785.606100000441074,5,15.324785606100001,Area value excludes 5a,181.958295795166947,1383.692061216393995
522,197,9,39.000000000000000,5.000000000000000,38417.168756400002167,15324785.606100000441074,5,15.324785606100001,Area value excludes 5a,403.964142537885948,8764.620507168052427
523,184,9,39.000000000000000,5.000000000000000,38417.168756400002167,15324785.606100000441074,5,15.324785606100001,Area value excludes 5a,337.932895802414407,6263.574387705100889
524,697,3,16.000000000000000,66.000000000000000,15417.337116400000014,4375909.612429999746382,6a,4.375909612430000,,937.916848327511389,45109.054554984795686
525,586,4,21.000000000000000,14.000000000000000,17914.438427400000364,5594663.401320000179112,14,5.594663401320000,,165.586104048706630,1683.650450240073496
526,282,6,32.000000000000000,15.000000000000000,15838.729836300000898,3425378.536429999861866,15,3.425378536430000,,702.064578658780420,13603.420692704783505
527,1093,0,9.000000000000000,3.000000000000000,17575.639693699999043,4664374.411940000019968,3,4.664374411940000,,291.208604987221634,4783.360554159839012
528,528,5,24.000000000000000,9.000000000000000,43407.765956800001732,22547918.114199999719858,9,22.547918114200002,,168.724529488380227,1664.214105961819314
529,225,5,24.000000000000000,9.000000000000000,43407.765956800001732,22547918.114199999719858,9,22.547918114200002,,240.703698089907761,3308.059643580736974
530,308,5,24.000000000000000,9.000000000000000,43407.765956800001732,22547918.114199999719858,9,22.547918114200002,,342.346800382847277,6167.808157569174909
531,339,9,39.000000000000000,5.000000000000000,38417.168756400002167,15324785.606100000441074,5,15.324785606100001,Area value excludes 5a,221.827330117405836,2918.718355591640830
532,797,1,12.000000000000000,7.000000000000000,22937.526127599998290,3834022.149100000038743,7,3.834022149100000,,486.040130180893073,7383.369644415081893
533,248,6,32.000000000000000,15.000000000000000,15838.729836300000898,3425378.536429999861866,15,3.425378536430000,,242.891071872707812,3379.189819313504813
534,487,5,24.000000000000000,9.000000000000000,43407.765956800001732,22547918.114199999719858,9,22.547918114200002,,282.224114416954933,4230.883132156588545
535,75,8,38.000000000000000,13.000000000000000,18101.212222400001338,4330684.347210000269115,13,4.330684347210000,,513.120642457769122,10538.197704141401118
536,459,5,24.000000000000000,9.000000000000000,43407.765956800001732,22547918.114199999719858,9,22.547918114200002,,145.742462537331505,1038.743740495106749
537,1054,1,12.000000000000000,7.000000000000000,22937.526127599998290,3834022.149100000038743,7,3.834022149100000,,172.295734619024500,1311.999933403440536
538,1138,0,9.000000000000000,3.000000000000000,17575.639693699999043,4664374.411940000019968,3,4.664374411940000,,204.129076045598907,1894.895473533529184
539,473,5,24.000000000000000,9.000000000000000,43407.765956800001732,22547918.114199999719858,9,22.547918114200002,,3754.910748070111367,315511.444044241507072
540,647,5,24.000000000000000,9.000000000000000,43407.765956800001732,22547918.114199999719858,9,22.547918114200002,,11443.539635311441089,442552.027571379789151
541,572,5,24.000000000000000,9.000000000000000,43407.765956800001732,22547918.114199999719858,9,22.547918114200002,,1161.451535694700397,50049.418578400262049
542,319,5,24.000000000000000,9.000000000000000,43407.765956800001732,22547918.114199999719858,9,22.547918114200002,,244.501503674106175,3643.013730990233853
543,1049,2,14.000000000000000,6.000000000000000,33450.878361299997778,13842321.921199999749660,6,13.842321921200000,,1191.695607420967235,28838.266222680784267
544,464,5,24.000000000000000,9.000000000000000,43407.765956800001732,22547918.114199999719858,9,22.547918114200002,,1897.132024909589745,62334.699046445995918
545,1133,0,9.000000000000000,3.000000000000000,17575.639693699999043,4664374.411940000019968,3,4.664374411940000,,221.671457773669090,3067.628549986263806
546,913,2,14.000000000000000,6.000000000000000,33450.878361299997778,13842321.921199999749660,6,13.842321921200000,,134.100675960316948,1054.882574693753895
547,335,5,24.000000000000000,9.000000000000000,43407.765956800001732,22547918.114199999719858,9,22.547918114200002,,314.432109186899027,4812.899408036401837
548,165,7,33.000000000000000,55.000000000000000,7430.779563520000011,1042212.871580000035465,5a,1.042212871580000,,189.983775948147155,2272.812610985760784
549,845,2,14.000000000000000,6.000000000000000,33450.878361299997778,13842321.921199999749660,6,13.842321921200000,,881.197308194422362,21303.462179997408384
550,397,6,32.000000000000000,15.000000000000000,15838.729836300000898,3425378.536429999861866,15,3.425378536430000,,148.359329907835388,1291.086841156164610
551,200,9,39.000000000000000,5.000000000000000,38417.168756400002167,15324785.606100000441074,5,15.324785606100001,Area value excludes 5a,326.688967855398460,5618.142126242184531
552,1123,1,12.000000000000000,7.000000000000000,22937.526127599998290,3834022.149100000038743,7,3.834022149100000,,408.063852492756894,6896.756118497370153
553,534,4,21.000000000000000,14.000000000000000,17914.438427400000364,5594663.401320000179112,14,5.594663401320000,,1027.187153348899528,46284.132993156323209
554,263,6,32.000000000000000,15.000000000000000,15838.729836300000898,3425378.536429999861866,15,3.425378536430000,,188.569651184660728,2077.123297231470133
555,222,7,33.000000000000000,55.000000000000000,7430.779563520000011,1042212.871580000035465,5a,1.042212871580000,,284.742072802894313,4911.082852677838673
556,320,5,24.000000000000000,9.000000000000000,43407.765956800001732,22547918.114199999719858,9,22.547918114200002,,374.985060944651025,5710.157520782248866
557,233,6,32.000000000000000,15.000000000000000,15838.729836300000898,3425378.536429999861866,15,3.425378536430000,,256.897367464507170,3964.175826780085117
558,656,5,24.000000000000000,9.000000000000000,43407.765956800001732,22547918.114199999719858,9,22.547918114200002,,1153.036324028298623,38965.310010828339728
559,566,5,24.000000000000000,9.000000000000000,43407.765956800001732,22547918.114199999719858,9,22.547918114200002,,270.897717943802149,4287.176054126144663
560,312,9,39.000000000000000,5.000000000000000,38417.168756400002167,15324785.606100000441074,5,15.324785606100001,Area value excludes 5a,397.365748941416484,7838.355046742592094
561,1084,0,9.000000000000000,3.000000000000000,17575.639693699999043,4664374.411940000019968,3,4.664374411940000,,966.858868777430303,23588.427897832156305
562,513,5,24.000000000000000,9.000000000000000,43407.765956800001732,22547918.114199999719858,9,22.547918114200002,,127.189508912271776,1033.485576481735961
563,558,5,24.000000000000000,9.000000000000000,43407.765956800001732,22547918.114199999719858,9,22.547918114200002,,1074.669137502559806,43520.340295505877293
564,399,5,24.000000000000000,9.000000000000000,43407.765956800001732,22547918.114199999719858,9,22.547918114200002,,854.017939857860483,33047.231085287465248
565,380,6,32.000000000000000,15.000000000000000,15838.729836300000898,3425378.536429999861866,15,3.425378536430000,,144.066415391519257,1127.827943235590510
566,584,4,21.000000000000000,14.000000000000000,17914.438427400000364,5594663.401320000179112,14,5.594663401320000,,169.705874924322387,1714.683617950932103
567,501,5,24.000000000000000,9.000000000000000,43407.765956800001732,22547918.114199999719858,9,22.547918114200002,,171.673039081051172,1747.631638646944339
568,518,5,24.000000000000000,9.000000000000000,43407.765956800001732,22547918.114199999719858,9,22.547918114200002,,284.742108360678628,4980.083265551143086
569,1010,2,14.000000000000000,6.000000000000000,33450.878361299997778,13842321.921199999749660,6,13.842321921200000,,201.950935659820033,2396.762212985093356
570,630,4,21.000000000000000,14.000000000000000,17914.438427400000364,5594663.401320000179112,14,5.594663401320000,,144.790865174790383,914.306913300715678
571,1126,1,12.000000000000000,7.000000000000000,22937.526127599998290,3834022.149100000038743,7,3.834022149100000,,691.842770295124978,9507.951595050264586
572,813,1,12.000000000000000,7.000000000000000,22937.526127599998290,3834022.149100000038743,7,3.834022149100000,,1.737074589907312,0.071430949729818
573,434,5,24.000000000000000,9.000000000000000,43407.765956800001732,22547918.114199999719858,9,22.547918114200002,,109.621618787572231,713.707368870353321
574,56,9,39.000000000000000,5.000000000000000,38417.168756400002167,15324785.606100000441074,5,15.324785606100001,Area value excludes 5a,275.949528469692439,4043.758462090106605
575,1067,0,9.000000000000000,3.000000000000000,17575.639693699999043,4664374.411940000019968,3,4.664374411940000,,272.101758474722544,3015.831268544249269
576,694,5,24.000000000000000,9.000000000000000,43407.765956800001732,22547918.114199999719858,9,22.547918114200002,,1006.460862102545320,41320.033400079002604
577,938,1,12.000000000000000,7.000000000000000,22937.526127599998290,3834022.149100000038743,7,3.834022149100000,,215.889524056275519,2485.579304958364901
578,744,2,14.000000000000000,6.000000000000000,33450.878361299997778,13842321.921199999749660,6,13.842321921200000,,654.116928394532920,7776.249867371917389
579,545,5,24.000000000000000,9.000000000000000,43407.765956800001732,22547918.114199999719858,9,22.547918114200002,,115.622173846742243,757.708300070361247
580,557,5,24.000000000000000,9.000000000000000,43407.765956800001732,22547918.114199999719858,9,22.547918114200002,,410.963992296456865,9569.999668564685635
581,848,3,16.000000000000000,66.000000000000000,15417.337116400000014,4375909.612429999746382,6a,4.375909612430000,,143.035101089100237,1194.397535665303167
582,807,2,14.000000000000000,6.000000000000000,33450.878361299997778,13842321.921199999749660,6,13.842321921200000,,267.221322223180323,4121.259256936695238
583,1163,0,9.000000000000000,3.000000000000000,17575.639693699999043,4664374.411940000019968,3,4.664374411940000,,129.740946343439873,1061.739966240159220
584,479,4,21.000000000000000,14.000000000000000,17914.438427400000364,5594663.401320000179112,14,5.594663401320000,,154.017234317078589,894.868338980114004
585,635,5,24.000000000000000,9.000000000000000,43407.765956800001732,22547918.114199999719858,9,22.547918114200002,,131.741797091740779,1023.741573225669526
586,369,5,24.000000000000000,9.000000000000000,43407.765956800001732,22547918.114199999719858,9,22.547918114200002,,367.965453567483507,8193.624083295220771
587,1071,0,9.000000000000000,3.000000000000000,17575.639693699999043,4664374.411940000019968,3,4.664374411940000,,2010.134691344058410,59995.333766856994771
588,686,5,24.000000000000000,9.000000000000000,43407.765956800001732,22547918.114199999719858,9,22.547918114200002,,342.119593498858762,6336.715021154861461
589,23,9,39.000000000000000,5.000000000000000,38417.168756400002167,15324785.606100000441074,5,15.324785606100001,Area value excludes 5a,674.431742289797285,15795.582536215355503
590,759,2,14.000000000000000,6.000000000000000,33450.878361299997778,13842321.921199999749660,6,13.842321921200000,,726.645774366358182,7688.666075907618506
591,722,3,16.000000000000000,66.000000000000000,15417.337116400000014,4375909.612429999746382,6a,4.375909612430000,,103.069693042300955,621.453277823970097
592,548,5,24.000000000000000,9.000000000000000,43407.765956800001732,22547918.114199999719858,9,22.547918114200002,,255.640248688392433,3996.576704433264240
593,275,9,39.000000000000000,5.000000000000000,38417.168756400002167,15324785.606100000441074,5,15.324785606100001,Area value excludes 5a,840.198465772191867,15676.687971124680189
594,1011,2,14.000000000000000,6.000000000000000,33450.878361299997778,13842321.921199999749660,6,13.842321921200000,,274.778483305106420,4299.141799174154585
595,188,9,39.000000000000000,5.000000000000000,38417.168756400002167,15324785.606100000441074,5,15.324785606100001,Area value excludes 5a,551.704751175053730,10544.362115802456174
596,914,2,14.000000000000000,6.000000000000000,33450.878361299997778,13842321.921199999749660,6,13.842321921200000,,200.102851213099200,2083.844579295620861
597,42,8,38.000000000000000,13.000000000000000,18101.212222400001338,4330684.347210000269115,13,4.330684347210000,,202.356003190506669,2326.065985073647880
598,353,6,32.000000000000000,15.000000000000000,15838.729836300000898,3425378.536429999861866,15,3.425378536430000,,319.356244445394168,3788.195195581567532
599,32,8,38.000000000000000,13.000000000000000,18101.212222400001338,4330684.347210000269115,13,4.330684347210000,,369.450214945284301,6771.430463522275204
600,129,8,38.000000000000000,13.000000000000000,18101.212222400001338,4330684.347210000269115,13,4.330684347210000,,348.583561263190688,6301.971677227544205
601,869,1,12.000000000000000,7.000000000000000,22937.526127599998290,3834022.149100000038743,7,3.834022149100000,,1911.939873205215463,55060.370168709763675
602,79,9,39.000000000000000,5.000000000000000,38417.168756400002167,15324785.606100000441074,5,15.324785606100001,Area value excludes 5a,239.240754080378025,3560.410421902636699
603,601,5,24.000000000000000,9.000000000000000,43407.765956800001732,22547918.114199999719858,9,22.547918114200002,,166.725151013406162,1598.214102618926745
604,161,9,39.000000000000000,5.000000000000000,38417.168756400002167,15324785.606100000441074,5,15.324785606100001,Area value excludes 5a,550.171367680127560,14459.624936510659609
605,1081,0,9.000000000000000,3.000000000000000,17575.639693699999043,4664374.411940000019968,3,4.664374411940000,,267.051669869820614,4233.263176726972233
606,1032,1,12.000000000000000,7.000000000000000,22937.526127599998290,3834022.149100000038743,7,3.834022149100000,,893.282211594715818,25938.730336054592044
607,1046,2,14.000000000000000,6.000000000000000,33450.878361299997778,13842321.921199999749660,6,13.842321921200000,,132.359693387083013,1037.087831315928497
608,255,9,39.000000000000000,5.000000000000000,38417.168756400002167,15324785.606100000441074,5,15.324785606100001,Area value excludes 5a,115.687821892906641,747.798806331104288
609,299,5,24.000000000000000,9.000000000000000,43407.765956800001732,22547918.114199999719858,9,22.547918114200002,,192.105023013733643,1245.988840409879458
610,85,9,39.000000000000000,5.000000000000000,38417.168756400002167,15324785.606100000441074,5,15.324785606100001,Area value excludes 5a,979.084113267920202,46230.403243588443729
611,1078,1,12.000000000000000,7.000000000000000,22937.526127599998290,3834022.149100000038743,7,3.834022149100000,,394.551498835897974,9028.932446031903964
612,999,1,12.000000000000000,7.000000000000000,22937.526127599998290,3834022.149100000038743,7,3.834022149100000,,266.966476076170352,3301.273720985133423
613,338,5,24.000000000000000,9.000000000000000,43407.765956800001732,22547918.114199999719858,9,22.547918114200002,,106.529809937701998,682.096461424089512
614,343,5,24.000000000000000,9.000000000000000,43407.765956800001732,22547918.114199999719858,9,22.547918114200002,,116.052359553238645,840.924619140758637
615,313,5,24.000000000000000,9.000000000000000,43407.765956800001732,22547918.114199999719858,9,22.547918114200002,,286.430238115952648,4346.896652483853359
616,102,9,39.000000000000000,5.000000000000000,38417.168756400002167,15324785.606100000441074,5,15.324785606100001,Area value excludes 5a,297.483846733767791,5371.484621156612775
617,158,9,39.000000000000000,5.000000000000000,38417.168756400002167,15324785.606100000441074,5,15.324785606100001,Area value excludes 5a,255.794730464428540,3934.666739863481325
618,735,2,14.000000000000000,6.000000000000000,33450.878361299997778,13842321.921199999749660,6,13.842321921200000,,141.356957204274124,1079.476758026585912
619,903,1,12.000000000000000,7.000000000000000,22937.526127599998290,3834022.149100000038743,7,3.834022149100000,,313.670438621661219,4710.612391456175828
620,899,2,14.000000000000000,6.000000000000000,33450.878361299997778,13842321.921199999749660,6,13.842321921200000,,431.681752410652507,8642.245155735156004
621,608,4,21.000000000000000,14.000000000000000,17914.438427400000364,5594663.401320000179112,14,5.594663401320000,,103.895113763981499,666.829181974308767
622,126,8,38.000000000000000,13.000000000000000,18101.212222400001338,4330684.347210000269115,13,4.330684347210000,,219.828283495230721,3026.720812510790438
623,611,4,21.000000000000000,14.000000000000000,17914.438427400000364,5594663.401320000179112,14,5.594663401320000,,117.376796367781182,753.615631828576284
624,935,1,12.000000000000000,7.000000000000000,22937.526127599998290,3834022.149100000038743,7,3.834022149100000,,1481.926536000968099,57604.559211504201812
625,315,5,24.000000000000000,9.000000000000000,43407.765956800001732,22547918.114199999719858,9,22.547918114200002,,116.980556903177202,845.451869396674283
626,232,6,32.000000000000000,15.000000000000000,15838.729836300000898,3425378.536429999861866,15,3.425378536430000,,86.124181671451453,147.134440579289333
627,1030,0,9.000000000000000,3.000000000000000,17575.639693699999043,4664374.411940000019968,3,4.664374411940000,,126.097622094563604,881.875883943991198
628,122,8,38.000000000000000,13.000000000000000,18101.212222400001338,4330684.347210000269115,13,4.330684347210000,,154.724749742509687,1341.214825830884365
629,727,5,24.000000000000000,9.000000000000000,43407.765956800001732,22547918.114199999719858,9,22.547918114200002,,1494.084206009601758,81182.452182321212604
630,872,2,14.000000000000000,6.000000000000000,33450.878361299997778,13842321.921199999749660,6,13.842321921200000,,39.075117675497225,89.269553539895455
631,21,9,39.000000000000000,5.000000000000000,38417.168756400002167,15324785.606100000441074,5,15.324785606100001,Area value excludes 5a,223.398092097372682,3036.502865448884677
632,1008,2,14.000000000000000,6.000000000000000,33450.878361299997778,13842321.921199999749660,6,13.842321921200000,,369.294012260340594,8036.338835841877881
633,959,2,14.000000000000000,6.000000000000000,33450.878361299997778,13842321.921199999749660,6,13.842321921200000,,409.225697356769444,9478.227844885583181
634,623,5,24.000000000000000,9.000000000000000,43407.765956800001732,22547918.114199999719858,9,22.547918114200002,,425.468027017742372,9441.301106439936120
635,769,2,14.000000000000000,6.000000000000000,33450.878361299997778,13842321.921199999749660,6,13.842321921200000,,225.518553644556334,3069.541227934174458
636,18,9,39.000000000000000,5.000000000000000,38417.168756400002167,15324785.606100000441074,5,15.324785606100001,Area value excludes 5a,193.948966433890519,2339.757023685672721
637,107,9,39.000000000000000,5.000000000000000,38417.168756400002167,15324785.606100000441074,5,15.324785606100001,Area value excludes 5a,315.817275139041953,5736.463019413668007
638,285,9,39.000000000000000,5.000000000000000,38417.168756400002167,15324785.606100000441074,5,15.324785606100001,Area value excludes 5a,562.461297258250283,15751.666524562908307
639,216,6,32.000000000000000,15.000000000000000,15838.729836300000898,3425378.536429999861866,15,3.425378536430000,,934.808362292141396,27613.090482226540189
640,13,9,39.000000000000000,5.000000000000000,38417.168756400002167,15324785.606100000441074,5,15.324785606100001,Area value excludes 5a,262.777997006356941,4392.140058603402395
641,318,9,39.000000000000000,5.000000000000000,38417.168756400002167,15324785.606100000441074,5,15.324785606100001,Area value excludes 5a,186.846286173769784,1507.250015889522501
642,1021,2,14.000000000000000,6.000000000000000,33450.878361299997778,13842321.921199999749660,6,13.842321921200000,,518.931234264674572,12778.911336435574412
643,982,2,14.000000000000000,6.000000000000000,33450.878361299997778,13842321.921199999749660,6,13.842321921200000,,1786.294645343156617,103788.488521060950006
644,539,5,24.000000000000000,9.000000000000000,43407.765956800001732,22547918.114199999719858,9,22.547918114200002,,291.962599138043231,5152.656976784002836
645,482,5,24.000000000000000,9.000000000000000,43407.765956800001732,22547918.114199999719858,9,22.547918114200002,,185.432049494655615,1761.556554623722604
646,689,3,16.000000000000000,66.000000000000000,15417.337116400000014,4375909.612429999746382,6a,4.375909612430000,,258.822940687438461,3833.093004753876812
647,455,5,24.000000000000000,9.000000000000000,43407.765956800001732,22547918.114199999719858,9,22.547918114200002,,1068.182279819463020,42028.977127899874176
648,922,1,12.000000000000000,7.000000000000000,22937.526127599998290,3834022.149100000038743,7,3.834022149100000,,288.549670268199009,4755.971414369399099
649,986,1,12.000000000000000,7.000000000000000,22937.526127599998290,3834022.149100000038743,7,3.834022149100000,,159.706977412791218,1408.686601360633404
650,164,9,39.000000000000000,5.000000000000000,38417.168756400002167,15324785.606100000441074,5,15.324785606100001,Area value excludes 5a,318.633824465347118,6161.944434900024135
651,168,9,39.000000000000000,5.000000000000000,38417.168756400002167,15324785.606100000441074,5,15.324785606100001,Area value excludes 5a,573.328986997416223,19703.074079418780457
652,271,9,39.000000000000000,5.000000000000000,38417.168756400002167,15324785.606100000441074,5,15.324785606100001,Area value excludes 5a,587.530767597191698,18584.121826743059501
653,383,6,32.000000000000000,15.000000000000000,15838.729836300000898,3425378.536429999861866,15,3.425378536430000,,330.586184760674541,6585.989781463296822
654,642,5,24.000000000000000,9.000000000000000,43407.765956800001732,22547918.114199999719858,9,22.547918114200002,,292.898084188183077,4895.177047115616006
655,746,2,14.000000000000000,6.000000000000000,33450.878361299997778,13842321.921199999749660,6,13.842321921200000,,407.924941075099355,5088.275289611241533
656,1001,1,12.000000000000000,7.000000000000000,22937.526127599998290,3834022.149100000038743,7,3.834022149100000,,160.019795502268323,1270.872160828160304
657,782,1,12.000000000000000,7.000000000000000,22937.526127599998290,3834022.149100000038743,7,3.834022149100000,,190.833310058216398,1969.025456401044266
658,1059,1,12.000000000000000,7.000000000000000,22937.526127599998290,3834022.149100000038743,7,3.834022149100000,,372.217380817458888,3906.520481229790221
659,714,5,24.000000000000000,9.000000000000000,43407.765956800001732,22547918.114199999719858,9,22.547918114200002,,603.123826710187814,10088.050392909386574
660,340,5,24.000000000000000,9.000000000000000,43407.765956800001732,22547918.114199999719858,9,22.547918114200002,,300.983483143508067,4309.155570877819628
661,816,2,14.000000000000000,6.000000000000000,33450.878361299997778,13842321.921199999749660,6,13.842321921200000,,357.192294449111841,3946.114242206201652
662,976,2,14.000000000000000,6.000000000000000,33450.878361299997778,13842321.921199999749660,6,13.842321921200000,,460.931048446314094,12171.909521489031249
663,1157,0,9.000000000000000,3.000000000000000,17575.639693699999043,4664374.411940000019968,3,4.664374411940000,,184.135057003346731,1218.898759923408534
664,351,5,24.000000000000000,9.000000000000000,43407.765956800001732,22547918.114199999719858,9,22.547918114200002,,329.259650376315960,5590.282193603726228
665,588,4,21.000000000000000,14.000000000000000,17914.438427400000364,5594663.401320000179112,14,5.594663401320000,,416.052196438543149,10702.606336346447279
666,287,6,32.000000000000000,15.000000000000000,15838.729836300000898,3425378.536429999861866,15,3.425378536430000,,124.881116558617634,950.309002340425877
667,1168,0,9.000000000000000,3.000000000000000,17575.639693699999043,4664374.411940000019968,3,4.664374411940000,,5035.657821477580910,264145.181341839255765
668,344,5,24.000000000000000,9.000000000000000,43407.765956800001732,22547918.114199999719858,9,22.547918114200002,,213.924846508332536,2460.848059449142511
669,272,6,32.000000000000000,15.000000000000000,15838.729836300000898,3425378.536429999861866,15,3.425378536430000,,1482.300179389830191,43481.638342378639209
670,906,2,14.000000000000000,6.000000000000000,33450.878361299997778,13842321.921199999749660,6,13.842321921200000,,399.354775824528588,7905.192863497288272
671,818,2,14.000000000000000,6.000000000000000,33450.878361299997778,13842321.921199999749660,6,13.842321921200000,,2647.873822427274717,46562.676439251707052
672,38,8,38.000000000000000,13.000000000000000,18101.212222400001338,4330684.347210000269115,13,4.330684347210000,,175.000952895437422,1892.338363583620776
673,16,8,38.000000000000000,13.000000000000000,18101.212222400001338,4330684.347210000269115,13,4.330684347210000,,256.427572351462686,3491.932530608561592
674,169,9,39.000000000000000,5.000000000000000,38417.168756400002167,15324785.606100000441074,5,15.324785606100001,Area value excludes 5a,1282.611250496817092,47154.023563307811855
675,941,2,14.000000000000000,6.000000000000000,33450.878361299997778,13842321.921199999749660,6,13.842321921200000,,233.517410510514992,3328.536954386588604
676,884,1,12.000000000000000,7.000000000000000,22937.526127599998290,3834022.149100000038743,7,3.834022149100000,,193.942310199930205,1552.770628117524211
677,738,3,16.000000000000000,66.000000000000000,15417.337116400000014,4375909.612429999746382,6a,4.375909612430000,,1408.328514334445345,53040.820813924241520
678,956,3,16.000000000000000,66.000000000000000,15417.337116400000014,4375909.612429999746382,6a,4.375909612430000,,1139.537172575689510,32627.703690078906220
679,934,2,14.000000000000000,6.000000000000000,33450.878361299997778,13842321.921199999749660,6,13.842321921200000,,143.155610359160363,1290.431945721942839
680,948,2,14.000000000000000,6.000000000000000,33450.878361299997778,13842321.921199999749660,6,13.842321921200000,,315.244373829156018,2330.443581686082780
681,244,9,39.000000000000000,5.000000000000000,38417.168756400002167,15324785.606100000441074,5,15.324785606100001,Area value excludes 5a,461.407114030828325,8158.121346791588621
682,1026,2,14.000000000000000,6.000000000000000,33450.878361299997778,13842321.921199999749660,6,13.842321921200000,,154.160809470471975,750.950509123172310
683,666,3,16.000000000000000,66.000000000000000,15417.337116400000014,4375909.612429999746382,6a,4.375909612430000,,324.115897478450336,5270.747268624365461
684,489,5,24.000000000000000,9.000000000000000,43407.765956800001732,22547918.114199999719858,9,22.547918114200002,,147.927947188344461,755.557809682772472
685,579,5,24.000000000000000,9.000000000000000,43407.765956800001732,22547918.114199999719858,9,22.547918114200002,,575.808343799614704,12787.502429742999084
686,614,4,21.000000000000000,14.000000000000000,17914.438427400000364,5594663.401320000179112,14,5.594663401320000,,172.570141990764768,1619.125292795971745
687,321,6,32.000000000000000,15.000000000000000,15838.729836300000898,3425378.536429999861866,15,3.425378536430000,,157.163738831763737,1355.349035547401854
688,291,9,39.000000000000000,5.000000000000000,38417.168756400002167,15324785.606100000441074,5,15.324785606100001,Area value excludes 5a,419.186551404539046,9312.189274035963535
689,264,7,33.000000000000000,55.000000000000000,7430.779563520000011,1042212.871580000035465,5a,1.042212871580000,,386.328095317517011,5531.734694041132570
690,43,9,39.000000000000000,5.000000000000000,38417.168756400002167,15324785.606100000441074,5,15.324785606100001,Area value excludes 5a,1418.325384379546904,107144.805087592918426
691,1184,0,9.000000000000000,3.000000000000000,17575.639693699999043,4664374.411940000019968,3,4.664374411940000,,107.434366812151822,384.912161538292764
692,374,5,24.000000000000000,9.000000000000000,43407.765956800001732,22547918.114199999719858,9,22.547918114200002,,6378.794751742803783,257959.521125087077962
693,646,5,24.000000000000000,9.000000000000000,43407.765956800001732,22547918.114199999719858,9,22.547918114200002,,152.294669292109575,1372.997989197236166
694,1003,1,12.000000000000000,7.000000000000000,22937.526127599998290,3834022.149100000038743,7,3.834022149100000,,151.342281576413001,1218.558880778643925
695,220,5,24.000000000000000,9.000000000000000,43407.765956800001732,22547918.114199999719858,9,22.547918114200002,,227.243623780094765,3067.416599739436151
696,768,5,24.000000000000000,9.000000000000000,43407.765956800001732,22547918.114199999719858,9,22.547918114200002,,1043.171666477474218,25282.467178512826649
697,606,5,24.000000000000000,9.000000000000000,43407.765956800001732,22547918.114199999719858,9,22.547918114200002,,241.517066874424074,3629.537361590320870
698,583,5,24.000000000000000,9.000000000000000,43407.765956800001732,22547918.114199999719858,9,22.547918114200002,,190.461852032630190,1930.987454690726508
699,1089,0,9.000000000000000,3.000000000000000,17575.639693699999043,4664374.411940000019968,3,4.664374411940000,,10924.211320044158128,626840.247976778773591
700,928,2,14.000000000000000,6.000000000000000,33450.878361299997778,13842321.921199999749660,6,13.842321921200000,,1995.016495469193842,46873.560961928225879
701,11,8,38.000000000000000,13.000000000000000,18101.212222400001338,4330684.347210000269115,13,4.330684347210000,,191.274912000803795,2157.466395810190988
702,213,9,39.000000000000000,5.000000000000000,38417.168756400002167,15324785.606100000441074,5,15.324785606100001,Area value excludes 5a,233.549571462679324,3367.576118020097510
703,825,2,14.000000000000000,6.000000000000000,33450.878361299997778,13842321.921199999749660,6,13.842321921200000,,593.016793068336028,11710.431381806523859
704,1109,0,9.000000000000000,3.000000000000000,17575.639693699999043,4664374.411940000019968,3,4.664374411940000,,167.081871698060382,1695.349768847110226
705,1020,1,12.000000000000000,7.000000000000000,22937.526127599998290,3834022.149100000038743,7,3.834022149100000,,145.429730183741384,1197.555143216228544
706,134,9,39.000000000000000,5.000000000000000,38417.168756400002167,15324785.606100000441074,5,15.324785606100001,Area value excludes 5a,1946.166116056625242,117874.202536569820950
707,110,8,38.000000000000000,13.000000000000000,18101.212222400001338,4330684.347210000269115,13,4.330684347210000,,212.658142813779079,2748.106928291564145
708,111,9,39.000000000000000,5.000000000000000,38417.168756400002167,15324785.606100000441074,5,15.324785606100001,Area value excludes 5a,136.016859912707417,1135.866087617204812
709,874,1,12.000000000000000,7.000000000000000,22937.526127599998290,3834022.149100000038743,7,3.834022149100000,,274.272675962871403,3800.840825778864200
710,688,5,24.000000000000000,9.000000000000000,43407.765956800001732,22547918.114199999719858,9,22.547918114200002,,142.018499495169607,1252.870484606238506
711,406,5,24.000000000000000,9.000000000000000,43407.765956800001732,22547918.114199999719858,9,22.547918114200002,,382.862144137013615,5326.116948613278510
712,603,4,21.000000000000000,14.000000000000000,17914.438427400000364,5594663.401320000179112,14,5.594663401320000,,1214.245639876144196,32598.786046960583917
713,261,5,24.000000000000000,9.000000000000000,43407.765956800001732,22547918.114199999719858,9,22.547918114200002,,273.606654192972428,4448.525589971375666
714,1065,2,14.000000000000000,6.000000000000000,33450.878361299997778,13842321.921199999749660,6,13.842321921200000,,951.590259382933596,22520.007890206958109
715,993,2,14.000000000000000,6.000000000000000,33450.878361299997778,13842321.921199999749660,6,13.842321921200000,,1063.195450435001931,27418.542846331478358
716,992,1,12.000000000000000,7.000000000000000,22937.526127599998290,3834022.149100000038743,7,3.834022149100000,,1199.680378520248951,29531.678411070824950
717,22,8,38.000000000000000,13.000000000000000,18101.212222400001338,4330684.347210000269115,13,4.330684347210000,,723.539167805901570,19951.098969666534686
718,612,4,21.000000000000000,14.000000000000000,17914.438427400000364,5594663.401320000179112,14,5.594663401320000,,165.276201257665122,1722.467315348110560
719,373,5,24.000000000000000,9.000000000000000,43407.765956800001732,22547918.114199999719858,9,22.547918114200002,,167.862062938808634,1666.776238526958878
720,392,4,21.000000000000000,14.000000000000000,17914.438427400000364,5594663.401320000179112,14,5.594663401320000,,254.668525108241596,2376.002285855684022
721,707,2,14.000000000000000,6.000000000000000,33450.878361299997778,13842321.921199999749660,6,13.842321921200000,,641.451776282241326,24163.104210302266438
722,851,2,14.000000000000000,6.000000000000000,33450.878361299997778,13842321.921199999749660,6,13.842321921200000,,234.499315847100064,3348.008780534517882
723,52,9,39.000000000000000,5.000000000000000,38417.168756400002167,15324785.606100000441074,5,15.324785606100001,Area value excludes 5a,776.341152453478230,11230.316237106906556
724,302,9,39.000000000000000,5.000000000000000,38417.168756400002167,15324785.606100000441074,5,15.324785606100001,Area value excludes 5a,932.234740143610452,33420.744313722010702
725,280,7,33.000000000000000,55.000000000000000,7430.779563520000011,1042212.871580000035465,5a,1.042212871580000,,303.963599936825460,4782.660653850818562
726,135,9,39.000000000000000,5.000000000000000,38417.168756400002167,15324785.606100000441074,5,15.324785606100001,Area value excludes 5a,288.686852544385033,4481.125462147747385
727,568,4,21.000000000000000,14.000000000000000,17914.438427400000364,5594663.401320000179112,14,5.594663401320000,,225.241071132336543,2438.412536602087130
728,927,3,16.000000000000000,66.000000000000000,15417.337116400000014,4375909.612429999746382,6a,4.375909612430000,,1709.688850067085923,66570.231580429943278
729,693,3,16.000000000000000,66.000000000000000,15417.337116400000014,4375909.612429999746382,6a,4.375909612430000,,159.277838426836041,839.471709641861025
730,757,2,14.000000000000000,6.000000000000000,33450.878361299997778,13842321.921199999749660,6,13.842321921200000,,251.815098155122286,1815.497221342694274
731,206,9,39.000000000000000,5.000000000000000,38417.168756400002167,15324785.606100000441074,5,15.324785606100001,Area value excludes 5a,260.658638298285553,3001.108300756542576
732,113,8,38.000000000000000,13.000000000000000,18101.212222400001338,4330684.347210000269115,13,4.330684347210000,,256.621498311835865,3863.048627465453137
733,596,5,24.000000000000000,9.000000000000000,43407.765956800001732,22547918.114199999719858,9,22.547918114200002,,671.795627076281789,12877.338926953016198
734,330,5,24.000000000000000,9.000000000000000,43407.765956800001732,22547918.114199999719858,9,22.547918114200002,,595.491123097796731,17170.096149695684289
735,605,5,24.000000000000000,9.000000000000000,43407.765956800001732,22547918.114199999719858,9,22.547918114200002,,298.219234196613854,4784.861009978595575
736,731,2,14.000000000000000,6.000000000000000,33450.878361299997778,13842321.921199999749660,6,13.842321921200000,,203.516204438195956,1309.674851451471568
737,480,5,24.000000000000000,9.000000000000000,43407.765956800001732,22547918.114199999719858,9,22.547918114200002,,3817.134608150666281,117276.104018827754771
738,203,9,39.000000000000000,5.000000000000000,38417.168756400002167,15324785.606100000441074,5,15.324785606100001,Area value excludes 5a,183.276785063849218,1992.469111762655530
739,1119,0,9.000000000000000,3.000000000000000,17575.639693699999043,4664374.411940000019968,3,4.664374411940000,,504.274985901445689,9439.468106940939833
740,762,1,12.000000000000000,7.000000000000000,22937.526127599998290,3834022.149100000038743,7,3.834022149100000,,239.792402803093466,3304.663650464334296
741,1052,2,14.000000000000000,6.000000000000000,33450.878361299997778,13842321.921199999749660,6,13.842321921200000,,200.258765414390695,2089.939555378804016
742,290,6,32.000000000000000,15.000000000000000,15838.729836300000898,3425378.536429999861866,15,3.425378536430000,,132.805727554933640,989.223836608861461
743,66,8,38.000000000000000,13.000000000000000,18101.212222400001338,4330684.347210000269115,13,4.330684347210000,,409.570848115267722,8847.465125984932456
744,84,9,39.000000000000000,5.000000000000000,38417.168756400002167,15324785.606100000441074,5,15.324785606100001,Area value excludes 5a,454.019086704042650,11446.546955593297753
745,973,1,12.000000000000000,7.000000000000000,22937.526127599998290,3834022.149100000038743,7,3.834022149100000,,622.936844836390492,18361.810794357272243
746,357,5,24.000000000000000,9.000000000000000,43407.765956800001732,22547918.114199999719858,9,22.547918114200002,,358.892460927216177,6598.151676489633246
747,331,5,24.000000000000000,9.000000000000000,43407.765956800001732,22547918.114199999719858,9,22.547918114200002,,174.724684005941640,1867.214760035996051
748,456,5,24.000000000000000,9.000000000000000,43407.765956800001732,22547918.114199999719858,9,22.547918114200002,,264.743528462582901,4301.086438096517668
749,624,5,24.000000000000000,9.000000000000000,43407.765956800001732,22547918.114199999719858,9,22.547918114200002,,171.863634555772080,1824.779195638876899
750,806,3,16.000000000000000,66.000000000000000,15417.337116400000014,4375909.612429999746382,6a,4.375909612430000,,357.813813328941876,7371.541039602734600
751,595,4,21.000000000000000,14.000000000000000,17914.438427400000364,5594663.401320000179112,14,5.594663401320000,,822.066458494453741,28145.118340293342044
752,819,2,14.000000000000000,6.000000000000000,33450.878361299997778,13842321.921199999749660,6,13.842321921200000,,159.908895877021763,1358.730330911315377
753,281,6,32.000000000000000,15.000000000000000,15838.729836300000898,3425378.536429999861866,15,3.425378536430000,,116.328590510720502,771.053434949816960
754,235,9,39.000000000000000,5.000000000000000,38417.168756400002167,15324785.606100000441074,5,15.324785606100001,Area value excludes 5a,232.599335014273038,3108.154016843043792
755,702,3,16.000000000000000,66.000000000000000,15417.337116400000014,4375909.612429999746382,6a,4.375909612430000,,708.528999888539147,15859.485004833475614
756,881,2,14.000000000000000,6.000000000000000,33450.878361299997778,13842321.921199999749660,6,13.842321921200000,,106.482082237020236,710.138720912462645
757,820,3,16.000000000000000,66.000000000000000,15417.337116400000014,4375909.612429999746382,6a,4.375909612430000,,151.002468232459108,1395.345636622480924
758,185,9,39.000000000000000,5.000000000000000,38417.168756400002167,15324785.606100000441074,5,15.324785606100001,Area value excludes 5a,159.432354099231702,1592.561150742073778
759,9,9,39.000000000000000,5.000000000000000,38417.168756400002167,15324785.606100000441074,5,15.324785606100001,Area value excludes 5a,694.602023666573814,25935.575250164551107
760,804,2,14.000000000000000,6.000000000000000,33450.878361299997778,13842321.921199999749660,6,13.842321921200000,,355.888757657381859,4824.254016863145807
761,30,9,39.000000000000000,5.000000000000000,38417.168756400002167,15324785.606100000441074,5,15.324785606100001,Area value excludes 5a,178.414872683691812,1869.033841511306946
762,228,9,39.000000000000000,5.000000000000000,38417.168756400002167,15324785.606100000441074,5,15.324785606100001,Area value excludes 5a,153.424312854146535,1347.571149800739022
763,1113,0,9.000000000000000,3.000000000000000,17575.639693699999043,4664374.411940000019968,3,4.664374411940000,,154.845616330474684,1019.248970079277569
764,28,9,39.000000000000000,5.000000000000000,38417.168756400002167,15324785.606100000441074,5,15.324785606100001,Area value excludes 5a,251.483448777271519,3851.481718183795692
765,1007,0,9.000000000000000,3.000000000000000,17575.639693699999043,4664374.411940000019968,3,4.664374411940000,,118.914509769062320,842.362415168280563
766,484,4,21.000000000000000,14.000000000000000,17914.438427400000364,5594663.401320000179112,14,5.594663401320000,,131.741445302549778,1007.740928011121923
767,365,5,24.000000000000000,9.000000000000000,43407.765956800001732,22547918.114199999719858,9,22.547918114200002,,257.724073193643164,3798.552895792638992
768,433,5,24.000000000000000,9.000000000000000,43407.765956800001732,22547918.114199999719858,9,22.547918114200002,,502.379376653226814,11110.658954448754230
769,259,7,33.000000000000000,55.000000000000000,7430.779563520000011,1042212.871580000035465,5a,1.042212871580000,,243.916171827089215,3472.706085570060168
770,835,2,14.000000000000000,6.000000000000000,33450.878361299997778,13842321.921199999749660,6,13.842321921200000,,266.412845402407527,2432.704205617614207
771,1043,1,12.000000000000000,7.000000000000000,22937.526127599998290,3834022.149100000038743,7,3.834022149100000,,169.706066624985795,1715.684308974902251
772,231,9,39.000000000000000,5.000000000000000,38417.168756400002167,15324785.606100000441074,5,15.324785606100001,Area value excludes 5a,2569.590328853516894,113141.691737606786774
773,90,9,39.000000000000000,5.000000000000000,38417.168756400002167,15324785.606100000441074,5,15.324785606100001,Area value excludes 5a,280.589358926678983,4696.997848717749548
774,511,4,21.000000000000000,14.000000000000000,17914.438427400000364,5594663.401320000179112,14,5.594663401320000,,103.343147743241062,626.575051183280834
775,980,2,14.000000000000000,6.000000000000000,33450.878361299997778,13842321.921199999749660,6,13.842321921200000,,191.170295651956707,2082.334501440490840
776,615,5,24.000000000000000,9.000000000000000,43407.765956800001732,22547918.114199999719858,9,22.547918114200002,,634.399998625000421,17864.532408284871053
777,311,5,24.000000000000000,9.000000000000000,43407.765956800001732,22547918.114199999719858,9,22.547918114200002,,218.069207819150705,2879.792916974504806
778,39,9,39.000000000000000,5.000000000000000,38417.168756400002167,15324785.606100000441074,5,15.324785606100001,Area value excludes 5a,519.496283127991546,8619.065247406962953
779,238,7,33.000000000000000,55.000000000000000,7430.779563520000011,1042212.871580000035465,5a,1.042212871580000,,1051.841573377142140,32740.974039338012517
780,384,5,24.000000000000000,9.000000000000000,43407.765956800001732,22547918.114199999719858,9,22.547918114200002,,358.689316620802401,5222.878923741504877
781,739,3,16.000000000000000,66.000000000000000,15417.337116400000014,4375909.612429999746382,6a,4.375909612430000,,1.357540634847540,0.079949114771107
782,983,2,14.000000000000000,6.000000000000000,33450.878361299997778,13842321.921199999749660,6,13.842321921200000,,496.637606884177558,12026.914553248891025
783,133,8,38.000000000000000,13.000000000000000,18101.212222400001338,4330684.347210000269115,13,4.330684347210000,,245.241386964486338,3170.408728252603851
784,127,9,39.000000000000000,5.000000000000000,38417.168756400002167,15324785.606100000441074,5,15.324785606100001,Area value excludes 5a,267.686734587181832,3724.532329591030702
785,985,2,14.000000000000000,6.000000000000000,33450.878361299997778,13842321.921199999749660,6,13.842321921200000,,671.344907607530445,21343.122171791808796
786,87,9,39.000000000000000,5.000000000000000,38417.168756400002167,15324785.606100000441074,5,15.324785606100001,Area value excludes 5a,105.776414958084089,651.797174655377717
787,120,9,39.000000000000000,5.000000000000000,38417.168756400002167,15324785.606100000441074,5,15.324785606100001,Area value excludes 5a,682.949909447804430,14688.781222230283674
788,229,9,39.000000000000000,5.000000000000000,38417.168756400002167,15324785.606100000441074,5,15.324785606100001,Area value excludes 5a,230.526028997881554,1693.971281799684448
789,701,5,24.000000000000000,9.000000000000000,43407.765956800001732,22547918.114199999719858,9,22.547918114200002,,1451.862827173738197,64518.783498072873044
790,223,9,39.000000000000000,5.000000000000000,38417.168756400002167,15324785.606100000441074,5,15.324785606100001,Area value excludes 5a,22.265645774151050,23.303407944256588
791,695,3,16.000000000000000,66.000000000000000,15417.337116400000014,4375909.612429999746382,6a,4.375909612430000,,130.651557259389392,1050.135147825872309
792,813,5,24.000000000000000,9.000000000000000,43407.765956800001732,22547918.114199999719858,9,22.547918114200002,,1365.956602697438257,56045.661453335218539
793,77,8,38.000000000000000,13.000000000000000,18101.212222400001338,4330684.347210000269115,13,4.330684347210000,,506.306851643417701,11494.579818849410003
794,288,9,39.000000000000000,5.000000000000000,38417.168756400002167,15324785.606100000441074,5,15.324785606100001,Area value excludes 5a,137.311875645562225,1173.526021311655995
795,41,8,38.000000000000000,13.000000000000000,18101.212222400001338,4330684.347210000269115,13,4.330684347210000,,134.326346564604620,1080.047387055544959
796,581,4,21.000000000000000,14.000000000000000,17914.438427400000364,5594663.401320000179112,14,5.594663401320000,,221.950389000579463,3014.762082404020475
797,864,2,14.000000000000000,6.000000000000000,33450.878361299997778,13842321.921199999749660,6,13.842321921200000,,235.483295725525636,3194.483193901871346
798,663,5,24.000000000000000,9.000000000000000,43407.765956800001732,22547918.114199999719858,9,22.547918114200002,,219.950865859521087,2809.761057956624427
799,468,5,24.000000000000000,9.000000000000000,43407.765956800001732,22547918.114199999719858,9,22.547918114200002,,196.847785408828031,2219.254279555666926
800,53,8,38.000000000000000,13.000000000000000,18101.212222400001338,4330684.347210000269115,13,4.330684347210000,,112.484190837586340,781.142963313060932
801,294,5,24.000000000000000,9.000000000000000,43407.765956800001732,22547918.114199999719858,9,22.547918114200002,,142.016508694229287,1268.865859626577958
802,509,5,24.000000000000000,9.000000000000000,43407.765956800001732,22547918.114199999719858,9,22.547918114200002,,246.931943557608236,3505.231553128779069
803,173,8,38.000000000000000,13.000000000000000,18101.212222400001338,4330684.347210000269115,13,4.330684347210000,,719.085486442213096,21263.970757054856222
804,1039,2,14.000000000000000,6.000000000000000,33450.878361299997778,13842321.921199999749660,6,13.842321921200000,,168.306278868048992,1692.895703666402142
805,675,5,24.000000000000000,9.000000000000000,43407.765956800001732,22547918.114199999719858,9,22.547918114200002,,556.581861619275514,10116.704155575869663
806,763,2,14.000000000000000,6.000000000000000,33450.878361299997778,13842321.921199999749660,6,13.842321921200000,,585.047819748047118,15396.979778819659259
807,868,2,14.000000000000000,6.000000000000000,33450.878361299997778,13842321.921199999749660,6,13.842321921200000,,942.744916671168653,13907.304355552532797
808,679,5,24.000000000000000,9.000000000000000,43407.765956800001732,22547918.114199999719858,9,22.547918114200002,,205.519134751193121,2622.542560104680433
809,461,5,24.000000000000000,9.000000000000000,43407.765956800001732,22547918.114199999719858,9,22.547918114200002,,152.791653977366167,1280.308382755495359
810,1016,2,14.000000000000000,6.000000000000000,33450.878361299997778,13842321.921199999749660,6,13.842321921200000,,4957.718193946496285,345165.715901632444002
811,297,7,33.000000000000000,55.000000000000000,7430.779563520000011,1042212.871580000035465,5a,1.042212871580000,,177.599999761020399,1619.552242718233401
812,968,2,14.000000000000000,6.000000000000000,33450.878361299997778,13842321.921199999749660,6,13.842321921200000,,102.053520233219444,609.927032405126511
813,426,5,24.000000000000000,9.000000000000000,43407.765956800001732,22547918.114199999719858,9,22.547918114200002,,254.898635263430862,3957.177724546198988
814,565,5,24.000000000000000,9.000000000000000,43407.765956800001732,22547918.114199999719858,9,22.547918114200002,,203.708725933622077,2451.688356903866406
815,423,5,24.000000000000000,9.000000000000000,43407.765956800001732,22547918.114199999719858,9,22.547918114200002,,276.600012183088097,3893.143225942073514
816,176,9,39.000000000000000,5.000000000000000,38417.168756400002167,15324785.606100000441074,5,15.324785606100001,Area value excludes 5a,994.805118099217680,56334.567161471008149
817,648,5,24.000000000000000,9.000000000000000,43407.765956800001732,22547918.114199999719858,9,22.547918114200002,,563.016188920070590,14178.929731224678108
818,86,9,39.000000000000000,5.000000000000000,38417.168756400002167,15324785.606100000441074,5,15.324785606100001,Area value excludes 5a,430.529603730988640,10483.775873024493194
819,404,5,24.000000000000000,9.000000000000000,43407.765956800001732,22547918.114199999719858,9,22.547918114200002,,205.444534730640896,2624.459090268832369
820,997,2,14.000000000000000,6.000000000000000,33450.878361299997778,13842321.921199999749660,6,13.842321921200000,,2123.714319370574231,96235.968157587034511
821,496,4,21.000000000000000,14.000000000000000,17914.438427400000364,5594663.401320000179112,14,5.594663401320000,,389.311804694536704,7613.206951227380159
822,541,5,24.000000000000000,9.000000000000000,43407.765956800001732,22547918.114199999719858,9,22.547918114200002,,166.414979794342628,1474.031823359128111
823,112,8,38.000000000000000,13.000000000000000,18101.212222400001338,4330684.347210000269115,13,4.330684347210000,,840.125198629333454,28352.384960594376025
824,247,7,33.000000000000000,55.000000000000000,7430.779563520000011,1042212.871580000035465,5a,1.042212871580000,,288.385628765848878,1743.889125723190091
825,475,5,24.000000000000000,9.000000000000000,43407.765956800001732,22547918.114199999719858,9,22.547918114200002,,418.141034237682561,6077.592567117695580
826,963,2,14.000000000000000,6.000000000000000,33450.878361299997778,13842321.921199999749660,6,13.842321921200000,,342.829520808172163,2614.822339939375070
827,658,5,24.000000000000000,9.000000000000000,43407.765956800001732,22547918.114199999719858,9,22.547918114200002,,183.706920804742850,2118.685416776199872
828,40,8,38.000000000000000,13.000000000000000,18101.212222400001338,4330684.347210000269115,13,4.330684347210000,,342.985053540606486,6291.155638448497484
829,364,5,24.000000000000000,9.000000000000000,43407.765956800001732,22547918.114199999719858,9,22.547918114200002,,228.704256479509354,3110.060925779492209
830,1155,0,9.000000000000000,3.000000000000000,17575.639693699999043,4664374.411940000019968,3,4.664374411940000,,309.171190633349795,4177.297717159341119
831,306,6,32.000000000000000,15.000000000000000,15838.729836300000898,3425378.536429999861866,15,3.425378536430000,,350.574886896591408,5877.980384046169092
832,750,2,14.000000000000000,6.000000000000000,33450.878361299997778,13842321.921199999749660,6,13.842321921200000,,208.465483973802208,1444.895553985572633
833,279,5,24.000000000000000,9.000000000000000,43407.765956800001732,22547918.114199999719858,9,22.547918114200002,,682.748352335493792,13003.679014537214243
834,355,5,24.000000000000000,9.000000000000000,43407.765956800001732,22547918.114199999719858,9,22.547918114200002,,596.613751921803328,11826.728764377481639
835,637,5,24.000000000000000,9.000000000000000,43407.765956800001732,22547918.114199999719858,9,22.547918114200002,,179.001864922441428,1849.344528836471000
836,654,5,24.000000000000000,9.000000000000000,43407.765956800001732,22547918.114199999719858,9,22.547918114200002,,149.545146937262899,1059.607652209523849
837,969,2,14.000000000000000,6.000000000000000,33450.878361299997778,13842321.921199999749660,6,13.842321921200000,,131.313127545823733,1071.528901066518074
838,33,8,38.000000000000000,13.000000000000000,18101.212222400001338,4330684.347210000269115,13,4.330684347210000,,498.140952080474051,13512.589981142957186
839,613,4,21.000000000000000,14.000000000000000,17914.438427400000364,5594663.401320000179112,14,5.594663401320000,,154.412677167299847,1448.027509126918176
840,80,8,38.000000000000000,13.000000000000000,18101.212222400001338,4330684.347210000269115,13,4.330684347210000,,232.734992188915299,2932.096405953187059
841,1012,1,12.000000000000000,7.000000000000000,22937.526127599998290,3834022.149100000038743,7,3.834022149100000,,379.114823880419124,6799.859051087381886
842,879,2,14.000000000000000,6.000000000000000,33450.878361299997778,13842321.921199999749660,6,13.842321921200000,,344.348093679946885,2347.827940062025846
843,1107,0,9.000000000000000,3.000000000000000,17575.639693699999043,4664374.411940000019968,3,4.664374411940000,,684.617516409818563,23875.708031384823698
844,944,3,16.000000000000000,66.000000000000000,15417.337116400000014,4375909.612429999746382,6a,4.375909612430000,,1470.799190664005437,50662.957955181009311
845,844,2,14.000000000000000,6.000000000000000,33450.878361299997778,13842321.921199999749660,6,13.842321921200000,,769.589040387838622,8232.558331946249382
846,532,4,21.000000000000000,14.000000000000000,17914.438427400000364,5594663.401320000179112,14,5.594663401320000,,220.931939800128418,2242.231049444346809
847,889,2,14.000000000000000,6.000000000000000,33450.878361299997778,13842321.921199999749660,6,13.842321921200000,,314.910530379656166,3755.077095792496948
848,950,1,12.000000000000000,7.000000000000000,22937.526127599998290,3834022.149100000038743,7,3.834022149100000,,296.034029199355871,4266.736333829374416
849,802,3,16.000000000000000,66.000000000000000,15417.337116400000014,4375909.612429999746382,6a,4.375909612430000,,11313.355382133511739,507240.982147274829913
850,996,1,12.000000000000000,7.000000000000000,22937.526127599998290,3834022.149100000038743,7,3.834022149100000,,415.703052197985244,7712.398421079356012
851,472,5,24.000000000000000,9.000000000000000,43407.765956800001732,22547918.114199999719858,9,22.547918114200002,,163.012557411744467,1703.503056048455619
852,1142,0,9.000000000000000,3.000000000000000,17575.639693699999043,4664374.411940000019968,3,4.664374411940000,,805.231543831126032,15115.782206623180173
853,544,5,24.000000000000000,9.000000000000000,43407.765956800001732,22547918.114199999719858,9,22.547918114200002,,207.794395348573687,2624.667527445265478
854,72,8,38.000000000000000,13.000000000000000,18101.212222400001338,4330684.347210000269115,13,4.330684347210000,,169.036231944784362,1501.398419277413495
855,846,3,16.000000000000000,66.000000000000000,15417.337116400000014,4375909.612429999746382,6a,4.375909612430000,,198.382335063587391,2365.981790819005255
856,274,9,39.000000000000000,5.000000000000000,38417.168756400002167,15324785.606100000441074,5,15.324785606100001,Area value excludes 5a,223.792968143209919,3020.664714083535273
857,972,1,12.000000000000000,7.000000000000000,22937.526127599998290,3834022.149100000038743,7,3.834022149100000,,200.140910997392325,2476.910181581989946
858,815,3,16.000000000000000,66.000000000000000,15417.337116400000014,4375909.612429999746382,6a,4.375909612430000,,116.760514165649852,783.272457171686369
859,65,9,39.000000000000000,5.000000000000000,38417.168756400002167,15324785.606100000441074,5,15.324785606100001,Area value excludes 5a,139.311030024736965,1141.523793685814780
860,599,5,24.000000000000000,9.000000000000000,43407.765956800001732,22547918.114199999719858,9,22.547918114200002,,957.623617470078329,24322.960782675130758
861,363,5,24.000000000000000,9.000000000000000,43407.765956800001732,22547918.114199999719858,9,22.547918114200002,,216.535308459627629,2650.068681492335600
862,442,4,21.000000000000000,14.000000000000000,17914.438427400000364,5594663.401320000179112,14,5.594663401320000,,275.051122094915286,4557.263502139542652
863,514,5,24.000000000000000,9.000000000000000,43407.765956800001732,22547918.114199999719858,9,22.547918114200002,,258.978526089864488,4044.183848980623679
864,1104,0,9.000000000000000,3.000000000000000,17575.639693699999043,4664374.411940000019968,3,4.664374411940000,,169.599705842052856,1707.551041181870232
865,325,5,24.000000000000000,9.000000000000000,43407.765956800001732,22547918.114199999719858,9,22.547918114200002,,146.724552928784675,1206.212751167818851
866,790,1,12.000000000000000,7.000000000000000,22937.526127599998290,3834022.149100000038743,7,3.834022149100000,,1204.780485174055684,77118.133158328491845
867,929,1,12.000000000000000,7.000000000000000,22937.526127599998290,3834022.149100000038743,7,3.834022149100000,,135.465287396348003,810.613813099900426
868,67,8,38.000000000000000,13.000000000000000,18101.212222400001338,4330684.347210000269115,13,4.330684347210000,,471.687670475894208,9254.481570919144360
869,359,5,24.000000000000000,9.000000000000000,43407.765956800001732,22547918.114199999719858,9,22.547918114200002,,2146.917870857926118,82485.262090434131096
870,691,5,24.000000000000000,9.000000000000000,43407.765956800001732,22547918.114199999719858,9,22.547918114200002,,110.301547221725713,770.923987391154924
871,923,3,16.000000000000000,66.000000000000000,15417.337116400000014,4375909.612429999746382,6a,4.375909612430000,,203.364803724173044,2352.453057255194835
872,234,9,39.000000000000000,5.000000000000000,38417.168756400002167,15324785.606100000441074,5,15.324785606100001,Area value excludes 5a,184.105480051356125,1940.851474845617759
873,554,5,24.000000000000000,9.000000000000000,43407.765956800001732,22547918.114199999719858,9,22.547918114200002,,152.725017903913965,1368.214928962003796
874,784,2,14.000000000000000,6.000000000000000,33450.878361299997778,13842321.921199999749660,6,13.842321921200000,,509.069160393234029,13718.135256170371576
875,953,2,14.000000000000000,6.000000000000000,33450.878361299997778,13842321.921199999749660,6,13.842321921200000,,239.363457298141981,3529.449701979391648
876,643,5,24.000000000000000,9.000000000000000,43407.765956800001732,22547918.114199999719858,9,22.547918114200002,,169.864384865998375,1725.780950154219909
877,570,5,24.000000000000000,9.000000000000000,43407.765956800001732,22547918.114199999719858,9,22.547918114200002,,454.080103874708470,8754.697682214609813
878,662,4,21.000000000000000,14.000000000000000,17914.438427400000364,5594663.401320000179112,14,5.594663401320000,,706.683074436481547,26889.673854915941774
879,457,5,24.000000000000000,9.000000000000000,43407.765956800001732,22547918.114199999719858,9,22.547918114200002,,1763.861442640788482,66005.225622813217342
880,591,5,24.000000000000000,9.000000000000000,43407.765956800001732,22547918.114199999719858,9,22.547918114200002,,403.383005038226372,8958.322086540085365
881,55,9,39.000000000000000,5.000000000000000,38417.168756400002167,15324785.606100000441074,5,15.324785606100001,Area value excludes 5a,328.323474989877525,6371.761347989511705
882,82,8,38.000000000000000,13.000000000000000,18101.212222400001338,4330684.347210000269115,13,4.330684347210000,,311.197607181518549,5126.099040061939377
883,1047,0,9.000000000000000,3.000000000000000,17575.639693699999043,4664374.411940000019968,3,4.664374411940000,,245.703263342686938,2111.664403463223607
884,680,3,16.000000000000000,66.000000000000000,15417.337116400000014,4375909.612429999746382,6a,4.375909612430000,,474.238792138391432,12651.718310749860393
885,467,4,21.000000000000000,14.000000000000000,17914.438427400000364,5594663.401320000179112,14,5.594663401320000,,263.758825109570921,4003.610675494290263
886,633,5,24.000000000000000,9.000000000000000,43407.765956800001732,22547918.114199999719858,9,22.547918114200002,,296.632635440306444,4176.943602232325247
887,341,6,32.000000000000000,15.000000000000000,15838.729836300000898,3425378.536429999861866,15,3.425378536430000,,676.002955598360927,16770.369130073253473
888,1045,1,12.000000000000000,7.000000000000000,22937.526127599998290,3834022.149100000038743,7,3.834022149100000,,111.896463366421074,745.832039769949688
889,362,5,24.000000000000000,9.000000000000000,43407.765956800001732,22547918.114199999719858,9,22.547918114200002,,142.925985714760628,1257.258648850474401
890,838,2,14.000000000000000,6.000000000000000,33450.878361299997778,13842321.921199999749660,6,13.842321921200000,,3565.750064528361690,136310.016253596782917
891,839,2,14.000000000000000,6.000000000000000,33450.878361299997778,13842321.921199999749660,6,13.842321921200000,,291.242834013717925,1568.402355647306877
892,682,5,24.000000000000000,9.000000000000000,43407.765956800001732,22547918.114199999719858,9,22.547918114200002,,1919.162004109109830,71827.783771588030504
893,183,9,39.000000000000000,5.000000000000000,38417.168756400002167,15324785.606100000441074,5,15.324785606100001,Area value excludes 5a,175.000086088408750,1947.340115011451871
894,696,5,24.000000000000000,9.000000000000000,43407.765956800001732,22547918.114199999719858,9,22.547918114200002,,773.118790646816706,26448.248776966345758
895,692,3,16.000000000000000,66.000000000000000,15417.337116400000014,4375909.612429999746382,6a,4.375909612430000,,421.621693335386453,9235.388451533277475
896,1002,2,14.000000000000000,6.000000000000000,33450.878361299997778,13842321.921199999749660,6,13.842321921200000,,119.238163020195955,726.446068819362381
897,525,5,24.000000000000000,9.000000000000000,43407.765956800001732,22547918.114199999719858,9,22.547918114200002,,75.981662918104163,71.736759308658705
898,720,5,24.000000000000000,9.000000000000000,43407.765956800001732,22547918.114199999719858,9,22.547918114200002,,261.484037859533260,4194.484061432563067
899,139,8,38.000000000000000,13.000000000000000,18101.212222400001338,4330684.347210000269115,13,4.330684347210000,,1526.048015798761526,57694.384472844911215
900,105,9,39.000000000000000,5.000000000000000,38417.168756400002167,15324785.606100000441074,5,15.324785606100001,Area value excludes 5a,405.288641957918912,7461.088330113953816
901,214,9,39.000000000000000,5.000000000000000,38417.168756400002167,15324785.606100000441074,5,15.324785606100001,Area value excludes 5a,150.999829890450371,1023.340859920186404
902,946,3,16.000000000000000,66.000000000000000,15417.337116400000014,4375909.612429999746382,6a,4.375909612430000,,149.202221682976699,1386.386770034204346
903,292,9,39.000000000000000,5.000000000000000,38417.168756400002167,15324785.606100000441074,5,15.324785606100001,Area value excludes 5a,1718.549384518299576,81383.236280611250550
904,550,5,24.000000000000000,9.000000000000000,43407.765956800001732,22547918.114199999719858,9,22.547918114200002,,472.020969722001894,8895.556473220223779
905,463,5,24.000000000000000,9.000000000000000,43407.765956800001732,22547918.114199999719858,9,22.547918114200002,,185.203567804089829,2142.388543356988976
906,752,2,14.000000000000000,6.000000000000000,33450.878361299997778,13842321.921199999749660,6,13.842321921200000,,241.913665553339456,3271.700818609612270
907,499,5,24.000000000000000,9.000000000000000,43407.765956800001732,22547918.114199999719858,9,22.547918114200002,,1834.398060643434292,49556.235494850559917
908,377,5,24.000000000000000,9.000000000000000,43407.765956800001732,22547918.114199999719858,9,22.547918114200002,,149.429970154894306,1287.555755406700200
909,298,6,32.000000000000000,15.000000000000000,15838.729836300000898,3425378.536429999861866,15,3.425378536430000,,185.983017450698753,1982.810348841567702
910,723,5,24.000000000000000,9.000000000000000,43407.765956800001732,22547918.114199999719858,9,22.547918114200002,,312.908383880705458,5232.071352012860189
911,429,5,24.000000000000000,9.000000000000000,43407.765956800001732,22547918.114199999719858,9,22.547918114200002,,284.272756122824603,3112.842528350758585
912,770,1,12.000000000000000,7.000000000000000,22937.526127599998290,3834022.149100000038743,7,3.834022149100000,,137.808332826729185,1029.835560329633154
913,607,4,21.000000000000000,14.000000000000000,17914.438427400000364,5594663.401320000179112,14,5.594663401320000,,137.946113982850221,1167.792588044899730
914,917,1,12.000000000000000,7.000000000000000,22937.526127599998290,3834022.149100000038743,7,3.834022149100000,,1290.302729263892388,21086.854091168697778
915,154,9,39.000000000000000,5.000000000000000,38417.168756400002167,15324785.606100000441074,5,15.324785606100001,Area value excludes 5a,109.237279889340073,737.442652615218208
916,337,5,24.000000000000000,9.000000000000000,43407.765956800001732,22547918.114199999719858,9,22.547918114200002,,43.564675076694392,19.991334975805369
917,947,2,14.000000000000000,6.000000000000000,33450.878361299997778,13842321.921199999749660,6,13.842321921200000,,479.931849225998008,8008.571215417172425
918,918,3,16.000000000000000,66.000000000000000,15417.337116400000014,4375909.612429999746382,6a,4.375909612430000,,1692.721578040645227,61177.584510078122548
919,309,9,39.000000000000000,5.000000000000000,38417.168756400002167,15324785.606100000441074,5,15.324785606100001,Area value excludes 5a,1077.663746606981249,27806.785662037222210
920,57,8,38.000000000000000,13.000000000000000,18101.212222400001338,4330684.347210000269115,13,4.330684347210000,,146.725882162251963,1351.217588855960003
921,1132,0,9.000000000000000,3.000000000000000,17575.639693699999043,4664374.411940000019968,3,4.664374411940000,,416.152847986448933,6632.755996860965752
922,1,9,39.000000000000000,5.000000000000000,38417.168756400002167,15324785.606100000441074,5,15.324785606100001,Area value excludes 5a,410.882861865274720,7942.995390311854862
923,196,6,32.000000000000000,15.000000000000000,15838.729836300000898,3425378.536429999861866,15,3.425378536430000,,77.376064927531289,171.623517797123242
924,672,5,24.000000000000000,9.000000000000000,43407.765956800001732,22547918.114199999719858,9,22.547918114200002,,217.013624292536292,2736.241142357826902
925,396,5,24.000000000000000,9.000000000000000,43407.765956800001732,22547918.114199999719858,9,22.547918114200002,,124.328358655043431,746.052033520456689
926,713,3,16.000000000000000,66.000000000000000,15417.337116400000014,4375909.612429999746382,6a,4.375909612430000,,123.311698025437082,981.524965971859046
927,251,9,39.000000000000000,5.000000000000000,38417.168756400002167,15324785.606100000441074,5,15.324785606100001,Area value excludes 5a,364.486346958377851,6515.831751396012805
928,446,5,24.000000000000000,9.000000000000000,43407.765956800001732,22547918.114199999719858,9,22.547918114200002,,317.531763048365576,3391.440385662346671
929,687,5,24.000000000000000,9.000000000000000,43407.765956800001732,22547918.114199999719858,9,22.547918114200002,,274.547760307481838,4053.965496841169170
930,378,5,24.000000000000000,9.000000000000000,43407.765956800001732,22547918.114199999719858,9,22.547918114200002,,210.701176251311097,1985.292666104097862
