Basin,day,well.depth.m,ID,Date,CO2,K600,depth,Q,CO2_flux,external,internal,int.ext.ratio,NEP_corrected,ER_corrected,NEP,basin.wetland.perc,basin.area,contrib.wetland.area,(contrib.wetland.area/basin.area) * well.depth.m
13,2023-12-09,-0.031602881000000006,13,2023-12-09T00:00:00Z,11695.4292,32.92392233202539,0.04933324503012634,3.2279130310636077,8.94,7.3695,1.5705,0.21310808060248324,-3.49,-3.6761594669515,-3.58780778520083,23.59942857,954615.6641,2325321.881,-0.07698058334421079
13,2023-12-10,-0.0217084345,13,2023-12-10T00:00:00Z,16023.7056,10.713457605634453,0.057605799454023,4.277783953485091,4.44,3.7605,0.6794999999999999,0.180694056641404,-1.51,-1.7249625140453066,-1.598966056807468,23.59942857,954615.6641,2325321.881,-0.05287897490420542
13,2023-12-11,-0.31704787475,13,2023-12-11T00:00:00Z,14061.3396,12.829573922520472,0.06951557706145695,5.7195184584894205,5.49,5.067,0.42299999999999993,0.08348134991119004,-0.94,-0.9866161989607456,-1.0571724782097731,23.59942857,954615.6641,2325321.881,-0.7722881450680801
13,2023-12-12,-0.1354642444,13,2023-12-12T00:00:00Z,14372.1102,21.47882645242723,0.0580432056318657,4.224495496096163,8.65,8.065000000000001,0.585,0.07253564786112832,-1.3,-1.3996461760174748,-1.433619512442557,23.59942857,954615.6641,2325321.881,-0.3299736045012711
13,2024-02-09,-0.15697347279999999,13,2024-02-09T13:13:30Z,10497.3708,29.928236677907417,0.1734585500989185,25.97148649913847,23.84,20.8295,3.0105,0.14453059362922777,-6.69,-7.192007885127245,-7.237068226770095,23.59942857,954615.6641,2325321.881,-0.38236733877872087
13,2024-08-05,-0.23419316375000002,13,2024-08-05T00:00:00Z,41425.965,0.6169012584147541,0.7380248686254949,332.63376572239935,8.6,6.926,1.674,0.24169794975454809,-3.72,-3.760888486373042,-3.754963063284393,23.59942857,954615.6641,2325321.881,-0.5704646472168559
13,2024-08-10,-0.0496442714,13,2024-08-10T00:00:00Z,8939.4249,1.664000931149492,0.21789021093193697,37.97318619267046,1.43,0.4265000000000001,1.0034999999999998,2.3528722157092603,-2.23,-3.227194268914616,-2.320421974626035,23.59942857,954615.6641,2325321.881,-0.12092710699604632
13,2024-08-11,-0.1112885994,13,2024-08-11T00:00:00Z,8839.905900000002,5.198027329525399,0.18331750921077583,28.532909029088255,3.73,2.7445,0.9855,0.3590817999635635,-2.19,-2.5271965776959227,-2.268796992732496,23.59942857,954615.6641,2325321.881,-0.2710848198103263
13,2024-09-08,0.0449528874,13,2024-09-08T00:00:00Z,11195.0832,10.0027569041611,0.0499321098642197,3.3944471744367455,2.5,1.9735,0.5265,0.2667848999239929,-1.17,-1.3966043239503418,-1.3097986149100953,23.59942857,954615.6641,2325321.881,0.10949949452578776
13,2024-09-09,-0.0920644508,13,2024-09-09T00:00:00Z,14535.9543,26.445054398479915,0.07090705711714465,5.916898095299944,11.23,9.5515,1.6785,0.17573156048788147,-3.73,-3.8448376659177894,-3.888550466318641,23.59942857,954615.6641,2325321.881,-0.22425724818722673
13,2024-09-10,-0.027297806399999996,13,2024-09-10T00:00:00Z,10551.555,58.967825657259176,0.06183895185972183,4.693970121575188,16.06,12.581499999999998,3.4785,0.2764773675634861,-7.73,-8.231754998914777,-7.891185935947869,23.59942857,954615.6641,2325321.881,-0.0664939712518403
13,2024-09-11,-0.1227550994,13,2024-09-11T00:00:00Z,8950.7691,80.43770246622663,0.06099349562335472,4.585603401716028,19.96,15.019000000000002,4.941,0.3289832878354084,-10.98,-11.653332196299198,-11.139418509079404,23.59942857,954615.6641,2325321.881,-0.29901574987067087
13,2024-09-12,-0.4614693623333333,13,2024-09-12T00:00:00Z,9132.2133,48.40711957579062,0.06854682512395303,5.587035494165258,13.41,10.179,3.230999999999999,0.317418213969938,-7.18,-7.678242523142432,-7.343738907858701,23.59942857,954615.6641,2325321.881,-1.1240804503836521
13,2024-10-01,0.09242231940000001,13,2024-10-01T00:00:00Z,11726.2656,22.474021130710284,0.0941776529007603,9.445362830492252,18.04,15.61,2.4299999999999997,0.15566944266495836,-5.4,-5.583055427331747,-5.587419904630046,23.59942857,954615.6641,2325321.881,0.22512897040738053
13,2024-11-05,-0.2835297915,13,2024-11-05T19:00:40Z,8845.0866,52.00284076052119,0.07648765539955321,6.679966782015839,15.58,10.819,4.760999999999999,0.4400591551899435,-10.58,-11.033463671163666,-10.926271898922954,23.59942857,954615.6641,2325321.881,-0.6906423735586782
13,2024-11-07,-0.5296254039999999,13,2024-11-07T00:00:00Z,9831.3033,17.74954619680771,0.08776627644164371,8.400357417177762,6.58,4.573,2.0069999999999997,0.4388803848677017,-4.46,-4.737069416763646,-4.796441532655254,23.59942857,954615.6641,2325321.881,-1.2900998663328604
13,2024-11-08,0.025514146,13,2024-11-08T00:00:00Z,9416.4756,55.46056665217221,0.08668597125073033,8.218784686650581,19.42,13.331500000000002,6.088499999999999,0.4567002962907398,-13.53,-13.808764219369005,-13.875289866246838,23.59942857,954615.6641,2325321.881,0.06214920223916807
13,2024-11-09,-0.0936972382,13,2024-11-09T00:00:00Z,9031.5099,48.127537258506585,0.08193321553309768,7.485469118785916,15.37,10.735,4.635,0.43176525384257103,-10.3,-10.56062450497324,-10.65476936393743,23.59942857,954615.6641,2325321.881,-0.2282345098340075
13,2024-11-10,0.034274011800000004,13,2024-11-10T09:55:50Z,8838.417000000001,8.719368726216633,0.08838569055925972,8.560631587773727,2.98,2.1385,0.8414999999999999,0.39350011690437214,-1.87,-1.9578214837229908,-2.2178423864345937,23.59942857,954615.6641,2325321.881,0.08348711694703921
15,2024-02-09,-0.0520630555,15,2024-02-09T06:00:00Z,3787.8654000000006,10.012939151192024,0.20111873587383525,27.025941014392377,3.08,0.5964999999999994,3.676499999999999,6.16345347862532,-8.17,-8.322497545571787,-8.38623399144999,12.96774002,697790.5766,77550.8777,-0.005786171073621821
15,2024-02-10,0.191773275,15,2024-02-10T08:00:00Z,3775.2792,9.543862132967313,0.19386777440221536,23.753498733380944,2.79,0.7964999999999995,3.5864999999999996,4.502824858757064,-7.97,-8.124423354074892,-8.202881710107881,12.96774002,697790.5766,77550.8777,0.021313251130616467
15,2024-03-02,0.208355813,15,2024-03-02T00:00:00Z,4844.945600000001,11.43915019046806,0.17623061791578123,16.962226477748025,3.48,1.0739999999999994,4.553999999999999,4.240223463687153,-10.12,-10.652313706492718,-10.258096560865573,12.96774002,697790.5766,77550.8777,0.023156197165599655
15,2024-04-01,0.17660496825,15,2024-04-01T00:00:00Z,15395.806800000002,10.109120367065229,0.14758491668498477,9.111154276787742,10.03,6.407499999999999,3.6225,0.5653531018337886,-8.05,-8.564759720105634,-8.529904365890124,12.96774002,697790.5766,77550.8777,0.01962747958091031
15,2024-04-02,0.209127879,15,2024-04-02T00:00:00Z,14734.907000000005,6.224658413907578,0.14264721741564698,8.097628196613021,5.61,3.3060000000000005,2.304,0.6969147005444645,-5.12,-5.274433354734052,-5.526793007811143,12.96774002,697790.5766,77550.8777,0.023242002847060798
15,2024-04-04,0.16307253124999999,15,2024-04-04T00:00:00Z,14439.948600000002,6.604169635894804,0.22990534647735947,43.302727239268,10.87,7.6435,3.2264999999999997,0.4221233728004186,-7.17,-7.370819496491192,-7.366270111900787,12.96774002,697790.5766,77550.8777,0.01812351492165189
15,2024-04-05,-0.2825454196666667,15,2024-04-05T00:00:00Z,16332.9166,8.405007045897795,0.2453496008507166,54.31463003871879,15.21,11.079,4.130999999999999,0.372867587327376,-9.18,-9.373413504500713,-9.373850486258084,12.96774002,697790.5766,77550.8777,-0.03140146344771495
15,2024-04-07,-0.05576706375,15,2024-04-07T00:00:00Z,13996.9456,8.921282650411355,0.22620941105518583,40.973977982706074,12.04,8.17,3.87,0.47368421052631576,-8.6,-8.755854184892446,-8.823890294806686,12.96774002,697790.5766,77550.8777,-0.0061978262326742245
15,2024-04-09,-0.049257344,15,2024-04-09T07:00:00Z,11616.897600000002,11.048504006492315,0.19427288884880797,23.97772964025329,10.86,6.135,4.725,0.7701711491442542,-10.5,-10.824720965006277,-10.72537672920138,12.96774002,697790.5766,77550.8777,-0.005474350598117304
15,2024-07-05,-0.30277858,15,2024-07-05T00:00:00Z,6181.0034000000005,3.9381918305449912,0.12087671932919616,4.564663065442484,1.57,0.16600000000000015,1.404,8.457831325301196,-3.12,-3.2955760608691027,-3.1208652381152735,12.96774002,697790.5766,77550.8777,-0.033650131450857525
15,2024-07-07,-0.14998479475,15,2024-07-07T00:00:00Z,11404.329200000002,7.105895424178407,0.10904913885585334,3.2221846366827114,4.26,1.6589999999999998,2.601,1.5678119349005426,-5.78,-5.8137677515123265,-5.784211417772621,12.96774002,697790.5766,77550.8777,-0.016668973277328223
15,2024-07-09,0.054135642,15,2024-07-09T00:00:00Z,18341.386800000004,2.6425708867356232,0.22611840708529896,41.518912904631165,4.75,2.833,1.917,0.6766678432756794,-4.26,-4.369907252834092,-4.257339854504794,12.96774002,697790.5766,77550.8777,0.0060165136829579005
15,2024-10-04,0.115304254,15,2024-10-04T20:00:00Z,16077.7892,7.293788665988739,0.22996315545078636,43.2799942703929,11.91,6.285000000000001,5.624999999999999,0.8949880668257754,-12.5,-12.674570751742012,-12.521339840913065,12.96774002,697790.5766,77550.8777,0.01281465585822836
15,2024-10-05,-0.3889696145,15,2024-10-05T14:00:00Z,12641.552,7.437572670193533,0.2239460542557447,39.46708924244086,9.41,3.7670000000000017,5.642999999999999,1.4980090257499328,-12.54,-12.642032492785354,-12.57118704828887,12.96774002,697790.5766,77550.8777,-0.043229209471536516
15,2024-10-07,0.01625010225,15,2024-10-07T00:00:00Z,13296.5822,7.408892195436065,0.24684382732401813,55.52134648435156,8.27,2.4604999999999997,5.8095,2.3611054663686244,-12.91,-13.066022967300867,-12.958980220389424,12.96774002,697790.5766,77550.8777,0.0018059998722577254
15,2024-10-09,0.2114088495,15,2024-10-09T02:00:00Z,7376.8684,3.320723907489971,0.2726126288616214,81.53242521170127,3.18,0.5070000000000001,2.673,5.272189349112425,-5.94,-6.365059109355781,-5.997268945358195,12.96774002,697790.5766,77550.8777,0.02349550478620236
15,2024-10-10,0.25504305125,15,2024-10-10T02:00:00Z,7115.015600000001,4.575232906308265,0.3552119417875199,199.8174268204292,4.39,0.4744999999999999,4.8645,10.251844046364596,-10.81,-10.919986860358136,-10.845500153757245,12.96774002,697790.5766,77550.8777,0.02834491198218279
15,2024-10-11,-0.074281968,15,2024-10-11T00:00:00Z,4085.6508,5.921917469216991,0.3684280667046184,227.0136975535506,4.4,1.9044999999999987,6.304499999999999,3.310317668679445,-14.01,-14.109674600452262,-14.05180191361899,12.96774002,697790.5766,77550.8777,-0.00825553111329207
15,2024-11-05,-0.4155280955,15,2024-11-05T20:00:00Z,4158.22,5.403659457719378,0.10173946514559702,2.4633428953141414,0.95,1.498,2.448,1.6341789052069426,-5.44,-5.47866602985195,-5.34031269167697,12.96774002,697790.5766,77550.8777,-0.04618085940920748
15,2025-01-10,-0.454287309,15,2025-01-10T10:00:00Z,6394.751,4.007468431301119,0.07866555536141363,0.995513494041119,0.8,0.1854999999999999,0.9855,5.312668463611863,-2.19,-2.2780458857774364,-2.3063290389085487,12.96774002,697790.5766,77550.8777,-0.05048847135852982
5,2023-10-06,-0.1623231148,5a,2023-10-06T15:00:00Z,11082.68,3.5122582312134556,0.47358984475544713,16.410017676613418,7.56,2.2275,5.3325,2.3939393939393936,-11.85,-12.219981182671711,-13.285364494210768,15.51198516,2973511.319,NA,NA
5,2023-10-07,0.14345414133333334,5a,2023-10-07T00:00:00Z,11523.74,3.1476935006309783,0.4689868052463376,15.862903169044488,7.14,0.8445,6.2955,7.454706927175843,-13.99,-14.697636251551508,-13.375894515856892,15.51198516,2973511.319,NA,NA
5,2023-10-08,0.1898011422857143,5a,2023-10-08T00:00:00Z,12633.09,3.2574813994868417,0.4637027037690438,15.25043574954562,7.77,0.21749999999999936,7.987499999999999,36.72413793103458,-17.75,-17.902742982330878,-14.611823734762693,15.51198516,2973511.319,NA,NA
5,2024-01-01,0.23916681185714286,5,2024-01-01T00:00:00Z,6721.716,7.510661583807229,0.2937001016426276,184.4438465565365,6.21,4.8285,1.3814999999999995,0.2861136999068033,-3.07,-3.2304365161466726,-5.248000450548367,15.51198516,2973511.319,2479877.72,0.1994626502001758
5,2024-01-02,0.2706319587142857,5,2024-01-02T00:00:00Z,7119.43,10.149104906749733,0.28286475800224326,177.56466275479158,8.26,6.1315,2.1285,0.34714180869281575,-4.73,-4.827920007025632,-6.565592876052731,15.51198516,2973511.319,2479877.72,0.22570425760518753
5,2024-01-03,0.21607046585714285,5,2024-01-03T00:00:00Z,6708.184,7.592759185257992,0.27400214558004865,171.9400015216413,5.79,4.3995,1.3904999999999998,0.31605864302761677,-3.09,-3.262882923507269,-4.7359136895345015,15.51198516,2973511.319,2479877.72,0.18020053624996787
5,2024-01-04,0.16785241071428572,5,2024-01-04T00:00:00Z,7064.7,15.024584981113478,0.28987206368352114,182.0137481702232,13.08,8.9085,4.171499999999999,0.4682606499410674,-9.27,-9.353111613351974,-10.62157485946176,15.51198516,2973511.319,2479877.72,0.13998717641291294
5,2024-01-05,0.0691655455,5,2024-01-05T00:00:00Z,7122.672,5.569725777566687,0.28501236781694356,178.92796950513485,4.61,3.7415,0.8684999999999999,0.2321261526125885,-1.93,-2.1041591026313258,-3.8889915117872857,15.51198516,2973511.319,2479877.72,0.05768335038145394
5,2024-01-08,0.177378052,5,2024-01-08T00:00:00Z,7652.504,9.000761051567988,0.3222870906347874,202.6069194215528,8.88,6.747000000000001,2.133,0.31614050689195194,-4.74,-4.946004689113849,-7.552762001447268,15.51198516,2973511.319,2479877.72,0.14793146283355427
5,2024-01-11,0.09242815257142858,5,2024-01-11T00:00:00Z,6526.97,8.227384019347625,0.5365779548225764,339.25058738111653,11.66,8.0915,3.5684999999999993,0.4410183525922263,-7.93,-8.148204181344642,-11.766182024983378,15.51198516,2973511.319,2479877.72,0.07708412434755102
5,2024-02-01,0.23288103785714284,5,2024-02-01T00:00:00Z,6538.424,13.52614335590876,0.3673663474599674,231.28429158882545,12.97,8.866000000000001,4.103999999999999,0.46289194676291434,-9.12,-9.442214245620145,-12.527365655903704,15.51198516,2973511.319,2479877.72,0.19422037962398794
5,2024-02-02,0.26414090114285715,5,2024-02-02T00:00:00Z,6426.73,13.307083687916135,0.3434411102155537,216.05869201516887,12.1,8.1265,3.9735,0.48895588506737214,-8.83,-9.151741151855422,-11.89407053591244,15.51198516,2973511.319,2479877.72,0.2202907826512612
5,2024-02-03,0.2126620104285714,5,2024-02-03T00:00:00Z,6518.376,11.705242754845148,0.324019101674567,203.70780952948897,10.02,6.843,3.1769999999999996,0.4642700569925471,-7.06,-7.4754690359660785,-9.825077180540209,15.51198516,2973511.319,2479877.72,0.17735791963609535
5,2024-02-04,0.1586037652857143,5,2024-02-04T00:00:00Z,6566.146,3.387651436585919,0.3189933340472741,200.51327010347111,3.11,2.642,0.468,0.17713853141559424,-1.04,-1.195385480905229,-3.3599577669504375,15.51198516,2973511.319,2479877.72,0.13227390167541928
5,2024-02-05,0.04602313816666667,5,2024-02-05T00:00:00Z,7328.876,9.199510694531156,0.33103814980357227,208.1701624771717,8.97,6.004500000000001,2.9654999999999996,0.4938795903072694,-6.59,-6.732372503023772,-8.687474894966712,15.51198516,2973511.319,2479877.72,0.03838282175511649
5,2024-02-06,-0.3185170442,5,2024-02-06T00:00:00Z,6879.234,8.608620630222342,0.31293129540804543,196.66054684814395,7.56,5.211,2.349,0.4507772020725388,-5.22,-5.363432255827006,-7.13406141800077,15.51198516,2973511.319,2479877.72,-0.2656399241881733
5,2024-02-07,-0.44978373239999997,5,2024-02-07T00:00:00Z,6687.35,10.954381281511989,0.2941463146562658,184.727423610195,8.59,6.052,2.538,0.4193654990085922,-5.64,-5.814990209130954,-7.388692349205922,15.51198516,2973511.319,2479877.72,-0.3751149859998909
5,2024-02-08,0.20042512185714287,5,2024-02-08T00:00:00Z,6323.926,5.785229248492599,0.2783946597763325,174.72751339675384,4.24,3.3670000000000004,0.8729999999999999,0.2592812592812592,-1.94,-2.1425321677326075,-3.9408343952096834,15.51198516,2973511.319,2479877.72,0.1671524809897028
5,2024-02-09,0.1374667304285714,5,2024-02-09T00:00:00Z,6970.882,7.070116079715526,0.27022107741185153,169.54109927255894,5.75,4.463,1.287,0.2883710508626484,-2.86,-3.093811701631033,-5.188185406758834,15.51198516,2973511.319,2479877.72,0.11464583297624914
5,2024-02-10,0.24605669314285716,5,2024-02-10T00:00:00Z,7557.996,8.452602381020153,0.2626207781203439,164.72014403124473,7.17,5.2305,1.9394999999999996,0.37080585030111834,-4.31,-4.577173674101755,-6.498694936804223,15.51198516,2973511.319,2479877.72,0.2052087400114747
5,2024-02-11,0.08140723628571428,5,2024-02-11T00:00:00Z,7956.086,5.682773115156701,0.2541574089208784,159.3533712561465,4.96,3.763,1.1969999999999998,0.3180972628222163,-2.66,-2.8741095086219897,-4.711693807765565,15.51198516,2973511.319,2479877.72,0.06789279402494798
5,2024-02-12,-0.093832839,5,2024-02-12T00:00:00Z,8462.588,4.321796633716589,0.25345873328110297,158.91155650028284,4.1,3.191,0.909,0.2848636790974616,-2.02,-2.2036961393686196,-3.923703458662402,15.51198516,2973511.319,2479877.72,-0.07825561831683314
5,2024-03-01,0.22865249857142858,5,2024-03-01T00:00:00Z,7535.342,9.304498139032813,0.2221328183565457,139.06502437223838,6.85,5.2615,1.5884999999999998,0.3019101016820298,-3.53,-3.986514653700141,-6.345286413898059,15.51198516,2973511.319,2479877.72,0.19069382154573786
5,2024-03-02,0.256898537,5,2024-03-02T00:00:00Z,8414.322,17.595364624192825,0.2194467334389213,137.36465844241823,14.34,9.6195,4.7204999999999995,0.49072197099641346,-10.49,-11.059403224326656,-13.063401390361246,15.51198516,2973511.319,2479877.72,0.2142507257786886
5,2024-03-03,0.2124143707142857,5,2024-03-03T00:00:00Z,8906.922,14.73728901902924,0.2205211674059712,138.04477657188053,12.54,8.526,4.013999999999999,0.4707952146375791,-8.92,-9.45385658578414,-11.41765462098578,15.51198516,2973511.319,2479877.72,0.1771513906728053
5,2024-03-04,0.232004338,5,2024-03-04T00:00:00Z,9001.434,12.20891614849609,0.21945486282580948,137.36985865832824,10.11,7.068,3.042,0.4303904923599321,-6.76,-7.291715849815631,-9.25964145083275,15.51198516,2973511.319,2479877.72,0.19348922100052357
5,2024-03-05,0.019777299833333328,5,2024-03-05T00:00:00Z,8952.746,6.452607869151877,0.21708063022186655,135.86715651813896,5.55,4.3665,1.1834999999999998,0.2710408794228787,-2.63,-2.930670633663034,-5.0967830768898175,15.51198516,2973511.319,2479877.72,0.016494063737055857
5,2024-03-06,-0.270255457,5,2024-03-06T00:00:00Z,9442.48,10.283720091886565,0.2568464294504347,161.0589622293383,11.74,8.428,3.312,0.3929757949691504,-7.36,-7.749837948293397,-9.97957645591494,15.51198516,2973511.319,2479877.72,-0.22539025906520116
5,2024-03-07,-0.4096877568,5,2024-03-07T00:00:00Z,9852.03,15.524421538856906,0.2550116719930411,159.8953147231829,16.71,11.472,5.2379999999999995,0.4565899581589957,-11.64,-12.297890711933071,-14.27137133855534,15.51198516,2973511.319,2479877.72,-0.3416753565904615
5,2024-03-08,0.24099485942857143,5,2024-03-08T00:00:00Z,9665.22,14.160045503698358,0.2391681743969546,149.85376712003193,13.96,9.433,4.527,0.47991095091699354,-10.06,-10.739661595643048,-12.591329522444942,15.51198516,2973511.319,2479877.72,0.2009872229887571
5,2024-03-09,0.12043661657142857,5,2024-03-09T00:00:00Z,9737.472,3.620406057223595,0.2342979942020489,146.7688195075517,3.8,3.1745,0.6255,0.19703890376437233,-1.39,-1.602284851495825,-3.646644849741015,15.51198516,2973511.319,2479877.72,0.1004428939615106
5,2024-03-10,0.233782061,5,2024-03-10T00:00:00Z,11275.418,4.794604767944322,0.28016986624882323,175.85437363884017,6.14,5.1499999999999995,0.99,0.19223300970873788,-2.2,-2.3761301219336306,-4.831438850303114,15.51198516,2973511.319,2479877.72,0.19497182361644844
5,2024-03-11,0.07171489428571429,5,2024-03-11T00:00:00Z,9394.06,7.101739766004259,0.26310221847716414,165.02643166558295,6.93,5.9715,0.9585,0.1605124340617935,-2.13,-2.431249123603342,-5.289900352352093,15.51198516,2973511.319,2479877.72,0.05980948093081672
5,2024-03-12,-0.11182373666666666,5,2024-03-12T00:00:00Z,8365.618,19.599773912577717,0.2392063373520686,149.87829064670726,16.29,11.691,4.599,0.3933795227097768,-10.22,-11.033349562615362,-13.44182311483356,15.51198516,2973511.319,2479877.72,-0.09325984110263066
5,2024-04-01,0.245872169,5,2024-04-01T00:00:00Z,8061.918,28.250494665813303,0.16209074751482827,101.1201986768335,15.97,9.9805,5.9895,0.6001202344571914,-13.31,-14.021820362028798,-14.477873355504467,15.51198516,2973511.319,2479877.72,0.20505484878269423
5,2024-04-02,0.263879632,5,2024-04-02T00:00:00Z,8285.4,17.03910549324429,0.15302264225740575,95.40151960730536,9.61,5.9605,3.6494999999999993,0.6122808489220702,-8.11,-8.51268958139588,-9.167620272917384,15.51198516,2973511.319,2479877.72,0.22007288688535137
5,2024-04-05,-0.005891201666666672,5,2024-04-05T00:00:00Z,9101.908,3.9412399283439807,0.3793935495446747,238.94670326395217,5.56,4.345,1.215,0.27963176064441886,-2.7,-2.811461343859205,-4.530228004125693,15.51198516,2973511.319,2479877.72,-0.004913201326607611
5,2024-04-06,-0.31101202525,5,2024-04-06T00:00:00Z,8454.432,6.477512840647314,0.3174756226785181,199.5504696197396,7.09,5.344,1.7459999999999998,0.3267215568862275,-3.88,-4.009298696681931,-5.710019908024615,15.51198516,2973511.319,2479877.72,-0.2593808159199923
5,2024-04-07,-0.3162987741428571,5,2024-04-07T00:00:00Z,7904.364,18.20139375927515,0.2774103910329032,174.1043948714872,16.21,11.102500000000004,5.107499999999999,0.46003152443143414,-11.35,-11.722488062363688,-13.176056082501336,15.51198516,2973511.319,2479877.72,-0.26378990987798673
5,2024-04-08,0.2506947502857143,5,2024-04-08T00:00:00Z,7523.326,23.64099541417286,0.24878523908562972,155.9490835973427,18.75,12.3375,6.4125,0.5197568389057751,-14.25,-14.72574784151682,-15.95594602802872,15.51198516,2973511.319,2479877.72,0.2090768317517565
5,2024-04-09,0.14474180557142857,5,2024-04-09T00:00:00Z,7689.494,25.15244964624105,0.22599314804690213,141.50993240084452,17.93,11.162,6.767999999999999,0.6063429492922414,-15.04,-15.477897105895362,-16.604620278167157,15.51198516,2973511.319,2479877.72,0.1207131704848767
5,2024-04-12,-0.1287656425,5,2024-04-12T00:00:00Z,9256.614,3.6148111551678097,0.2804957191732566,176.0636331923671,3.88,3.1915,0.6884999999999999,0.21572928090239696,-1.53,-1.6397425281696942,-3.110701653002789,15.51198516,2973511.319,2479877.72,-0.10738921553680997
5,2024-05-01,0.23871556642857145,5,2024-05-01T00:00:00Z,8273.94,3.6498396127740578,0.09633597585376975,59.75147451483823,1.29,0.7320000000000001,0.5579999999999999,0.762295081967213,-1.24,-1.423690917065032,-1.5242485120577252,15.51198516,2973511.319,2479877.72,0.1990863161746701
5,2024-05-02,0.268139834,5,2024-05-02T00:00:00Z,8517.46,2.0844219963310153,0.09366456899580458,58.07670825541416,0.68,0.4100000000000001,0.26999999999999996,0.6585365853658535,-0.6,-0.9026202050543924,-0.8571563049043331,15.51198516,2973511.319,2479877.72,0.22362585134020085
5,2024-05-03,0.062012735,5,2024-05-03T00:00:00Z,7612.14,1.625746235383453,0.09112526467477183,56.48486910237227,0.53,0.29150000000000004,0.2385,0.818181818181818,-0.53,-0.8637446464319585,-0.7480427219971536,15.51198516,2973511.319,2479877.72,0.051717980321824425
5,2024-05-04,0.27814418957142856,5,2024-05-04T00:00:00Z,7924.418,1.7546500534474077,0.093036348042393,57.68188276030131,0.61,0.35350000000000004,0.25649999999999995,0.7256011315417253,-0.57,-0.9226763175944156,-0.7613676165412591,15.51198516,2973511.319,2479877.72,0.2319693805294178
5,2024-05-05,-0.00641227283333333,5,2024-05-05T00:00:00Z,7726.738,1.8979827833463907,0.09730472779127392,60.35915482753606,0.66,0.3675000000000001,0.2925,0.7959183673469387,-0.65,-0.9694598279028676,-0.827042202688272,15.51198516,2973511.319,2479877.72,-0.005347769296298616
5,2024-05-06,-0.31699920600000003,5,2024-05-06T00:00:00Z,7371.484,2.399245353561775,0.09642697982365672,59.80894401879112,0.81,0.4095000000000001,0.4005,0.9780219780219778,-0.89,-1.3288428746551189,-1.0439530882850747,15.51198516,2973511.319,2479877.72,-0.2643740628105174
5,2024-05-07,-0.20636432416666667,5,2024-05-07T00:00:00Z,7543.382,1.724012144825657,0.09482120009694564,58.80253510247983,0.65,0.31700000000000006,0.33299999999999996,1.0504731861198735,-0.74,-0.8861822996280065,-0.8440140461496544,15.51198516,2973511.319,2479877.72,-0.1721057143565473
5,2024-05-08,0.5026733598571429,5,2024-05-08T00:00:00Z,8589.084,1.7235184971723767,0.090934675715505,56.36625933033567,0.68,0.3425000000000001,0.33749999999999997,0.9854014598540144,-0.75,-0.8260973390481235,-0.9307786937933232,15.51198516,2973511.319,2479877.72,0.419224388883946
5,2024-05-09,0.18181543914285714,5,2024-05-09T00:00:00Z,9431.376,1.1436163389310434,0.08809571316112344,54.586769679679726,0.46,0.23950000000000005,0.22049999999999997,0.9206680584551146,-0.49,-0.6892682586993051,-0.7137371816705943,15.51198516,2973511.319,2479877.72,0.1516321978670051
5,2024-05-10,0.2160188827142857,5,2024-05-10T00:00:00Z,10004.362,3.95696953384948,0.10355170998220782,64.27798298414515,1.5,0.9735,0.5265,0.5408320493066255,-1.17,-1.5968787124927015,-1.59750647985396,15.51198516,2973511.319,2479877.72,0.1801575164417426
5,2024-05-11,0.05156611214285714,5,2024-05-11T00:00:00Z,6898.77,1.59203508431957,0.09651798379354334,59.86646060973752,0.47,0.344,0.126,0.3662790697674419,-0.28,-0.5550029321651604,-0.7456958755394358,15.51198516,2973511.319,2479877.72,0.04300560478548926
5,2024-05-12,-0.144275459,5,2024-05-12T00:00:00Z,7096.45,1.6135302608819746,0.09410491078557924,58.35214693928554,0.52,0.4165,0.1035,0.24849939975990393,-0.23,-0.54418815628296,-0.6030346591197826,15.51198516,2973511.319,2479877.72,-0.12032424226224157
5,2024-06-07,-0.2217959742857143,5,2024-06-07T00:00:00Z,8652.112,2.5242473734422872,0.032213404426809,19.74248099301129,0.37,0.1675,0.2025,1.208955223880597,-0.45,-0.5165038374662441,-0.45301596478570194,15.51198516,2973511.319,2479877.72,-0.18497555112781994
5,2024-07-02,0.250080159,5,2024-07-02T00:00:00Z,9159.206,9.947919618628603,0.08359542006962782,51.7790192343217,2.56,1.2865000000000002,1.2735,0.9898950641274774,-2.83,-2.9317828249137414,-2.895566630393875,15.51198516,2973511.319,2479877.72,0.20856426896895816
5,2024-07-04,0.25154020642857144,5,2024-07-04T00:00:00Z,11677.494,1.2965656978590934,0.30909445061314367,194.26295034475388,2.7,2.115,0.585,0.276595744680851,-1.3,-1.3492131147747042,-1.4160318503311973,15.51198516,2973511.319,2479877.72,0.20978193344029275
5,2024-07-06,-0.32705661225,5,2024-07-06T00:00:00Z,15886.09,15.50270179081661,0.23758881517763017,148.85306678381087,25.24,18.368499999999997,6.871499999999999,0.37409151536597984,-15.27,-15.375788350501864,-15.398993794208003,15.51198516,2973511.319,2479877.72,-0.27276183571758383
5,2024-07-09,0.19018801414285716,5,2024-07-09T00:00:00Z,14949.748,0.43685586152231515,0.6090934407626394,385.6640564446199,1.82,1.3745,0.4454999999999999,0.32411786104037826,-0.99,-1.1039066066307783,-1.1614003527543215,15.51198516,2973511.319,2479877.72,0.1586148389179602
5,2024-07-10,0.25434497385714283,5,2024-07-10T00:00:00Z,15569.296,1.057554510364941,0.4149878442181123,261.63833000099874,2.94,2.3775,0.5625,0.23659305993690852,-1.25,-1.3320904182216533,-1.4464902113815163,15.51198516,2973511.319,2479877.72,0.21212108049900819
5,2024-07-12,-0.18408480283333334,5,2024-07-12T00:00:00Z,12215,5.278696769574471,0.25715173309134487,161.25569740850298,6.99,5.1855,1.8045,0.3479895863465432,-4.01,-4.079897345678281,-4.019863235077494,15.51198516,2973511.319,2479877.72,-0.1535248237395313
5,2024-08-01,0.2596533992857143,5a,2024-08-01T00:00:00Z,21123.84,3.235227127448176,0.4709595364645275,16.104135550828886,14.59,7.822000000000001,6.767999999999999,0.8652518537458448,-15.04,-15.300484848766336,-14.94222672417941,15.51198516,2973511.319,NA,NA
5,2024-08-02,0.24318524528571428,5,2024-08-02T00:00:00Z,11324.65,0.18663761768052167,0.3544261700644613,223.22574316833527,0.36,0.14400000000000002,0.504,3.4999999999999996,-1.12,-1.359690299808895,-2.262310511499878,15.51198516,2973511.319,2479877.72,0.2028139821642219
5,2024-08-03,0.074489086,5,2024-08-03T00:00:00Z,13995.058,1.1662875079427264,0.6085562237791143,385.3188334772703,4.23,2.8620000000000005,1.368,0.4779874213836477,-3.04,-3.3770160108501184,-3.716840160549021,15.51198516,2973511.319,2479877.72,0.0621231281597028
5,2024-08-04,0.23907413057142857,5,2024-08-04T00:00:00Z,13539.154,2.2103179835927858,0.5503547816186538,348.0788760617351,7.17,4.785,2.385,0.4984326018808777,-5.3,-5.738848107041233,-6.046935317201084,15.51198516,2973511.319,2479877.72,0.1993853549654023
5,2024-08-06,-0.405693583,5,2024-08-06T14:00:00Z,8443.004,1.3058022575706605,1.2327906161872928,786.720916510577,7.86,5.0565,2.8035,0.5544348857905667,-6.23,-6.465590842195206,-7.63464238371251,15.51198516,2973511.319,2479877.72,-0.33834425690601205
5,2024-08-07,-0.2307210002857143,5,2024-08-07T14:00:00Z,11304.084,2.504122799683863,0.9670942514612306,615.48937396491,13.26,8.1345,5.1255,0.6300940438871474,-11.39,-11.719708331765345,-12.59036783778452,15.51198516,2973511.319,2479877.72,-0.1924189306052736
5,2024-08-08,0.34545043214285714,5,2024-08-08T00:00:00Z,12720.41,2.366166104306089,0.7877166199786946,500.17716067393434,10.89,6.475500000000001,4.414499999999999,0.6817234190410005,-9.81,-9.974139945209636,-10.7328869064499,15.51198516,2973511.319,2479877.72,0.2881020914773398
5,2024-08-09,0.1969583737142857,5,2024-08-09T00:00:00Z,13772.558,1.6643253953707264,0.6518447573258779,413.0264339859402,6.96,4.332000000000001,2.6279999999999997,0.6066481994459832,-5.84,-5.94988157456286,-6.554790687280431,15.51198516,2973511.319,2479877.72,0.16426124885435178
5,2024-08-10,0.250727042,5,2024-08-10T00:00:00Z,14793.172,1.6952578354895542,0.5592262008766439,353.7332584444408,6.4,4.141000000000001,2.2589999999999995,0.5455204056991062,-5.02,-5.1086497521117336,-5.682772228959037,15.51198516,2973511.319,2479877.72,0.20910376270785747
5,2024-08-10,0.250727042,5a,2024-08-10T00:00:00Z,16662.84,1.8785434814354385,1.3941196337728643,735.5049059148844,17.14,11.443,5.696999999999999,0.4978589530717468,-12.66,-12.701317752752573,-12.677408626144796,15.51198516,2973511.319,NA,NA
5,2024-08-11,0.06298123914285714,5,2024-08-11T00:00:00Z,15486.96,1.763329909841452,0.479603598449621,302.84951787877344,6,4.024500000000001,1.9754999999999996,0.4908684308609763,-4.39,-4.4784359988490925,-5.042139398762051,15.51198516,2973511.319,2479877.72,0.0525257027711228
5,2024-08-11,0.06298123914285714,5a,2024-08-11T00:00:00Z,12906.4,1.707909556551911,0.8276040944506128,137.1179523178113,8.04,5.677499999999999,2.3625,0.41611624834874505,-5.25,-5.4229766695678485,-5.472007493830096,15.51198516,2973511.319,NA,NA
5,2024-08-12,-0.20575451183333332,5,2024-08-12T00:00:00Z,16195.084,2.1238826483239257,0.43995815931025783,277.5480362982977,6.77,4.555999999999999,2.214,0.4859525899912204,-4.92,-5.443370520275175,-5.6101355745683605,15.51198516,2973511.319,2479877.72,-0.1715971371706622
5,2024-08-12,-0.20575451183333332,5a,2024-08-12T00:00:00Z,11416.66,4.364398671597186,0.5300739539357866,24.285995174980588,11.85,7.692,4.1579999999999995,0.5405616224648985,-9.24,-9.695620742255151,-10.261218909323093,15.51198516,2973511.319,NA,NA
5,2024-09-01,0.2839506202857143,5a,2024-09-01T00:00:00Z,15249.29,2.4535546048842942,0.4125320521853165,10.169369180267594,7.62,2.346,5.274,2.248081841432225,-11.72,-12.01237925887628,-9.902862640255035,15.51198516,2973511.319,NA,NA
5,2024-09-02,0.23792274142857142,5a,2024-09-02T00:00:00Z,16343.57,2.4768631704221855,0.39638912217218375,8.850311748657255,7.52,2.2910000000000004,5.228999999999999,2.282409428197293,-11.62,-11.911283575299326,-9.604564868221916,15.51198516,2973511.319,NA,NA
5,2024-09-03,0.072651393,5a,2024-09-03T00:00:00Z,17715.73,2.4651753452428404,0.3777802781363138,7.486887361044132,7.6,2.4745,5.1255,2.071327540917357,-11.39,-11.67107294692144,-9.10539354032714,15.51198516,2973511.319,NA,NA
5,2024-09-04,0.22867933814285712,5a,2024-09-04T00:00:00Z,18163.52,2.488635480027916,0.36939029923514377,6.922611484685054,7.5,2.325,5.175,2.225806451612903,-11.5,-11.84567571838284,-9.078969831112651,15.51198516,2973511.319,NA,NA
5,2024-09-05,-0.08625406766666667,5a,2024-09-05T00:00:00Z,17777.33,2.453459536478804,0.366730634824906,6.750553345097761,7.05,1.965,5.085,2.5877862595419847,-11.3,-11.58206550945824,-8.806812776078532,15.51198516,2973511.319,NA,NA
5,2024-09-06,-0.45256870075,5a,2024-09-06T00:00:00Z,18817.21,2.476001938497636,0.35645012183963753,6.126880705174111,7.17,2.0535000000000005,5.116499999999999,2.491599707815923,-11.37,-11.723088676372386,-8.720631145040354,15.51198516,2973511.319,NA,NA
5,2024-09-07,-0.05940819685714286,5a,2024-09-07T00:00:00Z,17786.28,2.4824639515425395,0.363293033252733,6.531922015890332,6.66,1.5210000000000008,5.138999999999999,3.378698224852069,-11.42,-11.710911781939782,-8.835435060697947,15.51198516,2973511.319,NA,NA
5,2024-09-09,0.2579440342857143,5a,2024-09-09T00:00:00Z,17839.56,4.542401625033271,0.5202895593669976,22.765228902009675,16.15,13.639,2.5109999999999997,0.18410440648141355,-5.58,-6.039424138029041,-8.980732509929844,15.51198516,2973511.319,NA,NA
5,2024-10-04,0.21747431728571429,5,2024-10-04T10:00:00Z,16759.876,4.6406858149227395,0.13001805807807423,80.91357687216633,3.92,2.9885,0.9315,0.31169483018236566,-2.07,-2.1085744361499787,-2.6891934513268105,15.51198516,2973511.319,2479877.72,0.1813713338378766
5,2024-10-04,0.21747431728571429,5a,2024-10-04T01:00:00Z,11252.31,3.547324708891788,0.4869093935390668,18.078880049837156,9.48,3.873,5.607,1.447714949651433,-12.46,-13.18882397985064,-13.64644039547779,15.51198516,2973511.319,NA,NA
5,2024-10-05,-0.07947476083333334,5,2024-10-05T00:00:00Z,13457.784,4.506516489040324,0.10956090760666327,68.05193097228538,2.86,2.1535,0.7064999999999999,0.32807058277223117,-1.57,-1.6144467593442902,-2.158173332126318,15.51198516,2973511.319,2479877.72,-0.06628112946252147
5,2024-10-05,-0.07947476083333334,5a,2024-10-05T00:00:00Z,12641.75,3.248010001752178,0.48253465431173254,17.512964926814423,9.23,3.0200000000000005,6.21,2.056291390728477,-13.8,-14.333559410052352,-13.715088250208323,15.51198516,2973511.319,NA,NA
5,2024-10-06,-0.47490577125,5,2024-10-06T00:00:00Z,12347.538,3.185210705423679,0.10786705952199796,66.99042226993146,1.86,1.455,0.405,0.2783505154639175,-0.9,-1.0318534496699308,-1.5321594226957185,15.51198516,2973511.319,2479877.72,-0.3960665068590888
5,2024-10-06,-0.47490577125,5a,2024-10-06T00:00:00Z,13367.43,1.8684988188372784,0.5068268430476254,20.860124184647656,5.46,4.3934999999999995,1.0665,0.2427449641515876,-2.37,-2.6607551618005534,-3.926328758276626,15.51198516,2973511.319,NA,NA
5,2024-10-07,-0.06619344457142858,5,2024-10-07T00:00:00Z,12559.834,2.762885361014877,0.1638433078381308,102.2300037425574,2.56,1.9615,0.5984999999999999,0.30512362987509556,-1.33,-1.4383420069370088,-2.1052789015985036,15.51198516,2973511.319,2479877.72,-0.0552046489125003
5,2024-10-08,0.2959784515714286,5,2024-10-08T00:00:00Z,12720.488,8.796875391777927,0.18800926526095493,117.48368380098913,9.21,6.352500000000001,2.8574999999999995,0.4498229043683587,-6.35,-6.4060545988455075,-7.178006114765422,15.51198516,2973511.319,2479877.72,0.24684297078745535
5,2024-10-08,0.2959784515714286,5a,2024-10-08T19:00:00Z,11347.34,4.204106461356895,0.5315065325585197,24.52604579433221,11.25,8.901,2.349,0.2639029322548028,-5.22,-5.6882930748002245,-9.969975169894555,15.51198516,2973511.319,NA,NA
5,2024-10-10,0.32242223428571426,5,2024-10-10T00:00:00Z,13374.586,0.9305296395848583,0.6072117135143361,384.4468186716739,3.84,3.0705,0.7695,0.2506106497313141,-1.71,-1.830487065817788,-2.9578086388751865,15.51198516,2973511.319,2479877.72,0.26889681237422014
5,2024-10-11,0.06791935771428571,5,2024-10-11T00:00:00Z,14809.012,1.812025697753,0.48957000095818415,309.21803737066807,4.98,3.810000000000001,1.17,0.3070866141732283,-2.6,-2.6932063922778404,-3.8289150605465014,15.51198516,2973511.319,2479877.72,0.056644042642827845
5,2024-10-12,-0.23093961566666668,5,2024-10-12T00:00:00Z,11558.604,3.0151283300643104,0.402226739150448,253.4911947878204,6.1,4.3315,1.7685,0.4082881218977259,-3.93,-4.01902287087231,-5.171599031861562,15.51198516,2973511.319,2479877.72,-0.19260125357442087
5,2024-11-01,0.3067693417142857,5,2024-11-01T00:00:00Z,9131.554,29.871074077689336,0.04217687132343951,25.92018186758435,5.06,3.3409999999999997,1.719,0.5145166117928763,-3.82,-3.867879510319531,-4.125399612373651,15.51198516,2973511.319,2479877.72,0.25584246168336977
5,2024-11-02,0.22753004614285716,5,2024-11-02T00:00:00Z,9280.736,57.15728895429052,0.03754741130694364,23.044593300173855,8.7,5.478,3.2219999999999995,0.588170865279299,-7.16,-7.261782003756105,-7.437451544130665,15.51198516,2973511.319,2479877.72,0.18975770781662976
5,2024-11-03,0.088665156,5,2024-11-03T00:00:00Z,9501.636,59.158530931242574,0.03713936124841945,22.791461416830572,9.13,5.647000000000001,3.4829999999999997,0.616787674871613,-7.74,-7.812048357506204,-8.003307238138005,15.51198516,2973511.319,2479877.72,0.07394582408338372
5,2024-11-04,0.24436703885714284,5,2024-11-04T00:00:00Z,9335.244,65.69143247189892,0.03566568405864088,21.877018505408905,4.15,0.36100000000000065,3.789,10.49584487534624,-8.42,-8.464935027985995,-8.66925959087058,15.51198516,2973511.319,2479877.72,0.20379958579340549
5,2024-11-05,-0.10385795383333334,5,2024-11-05T00:00:00Z,2045.492,56.99222050624039,0.03496407280693343,21.442212870409627,1.6,1.6939999999999995,3.2939999999999996,1.9445100354191267,-7.32,-7.5183563352030784,-7.564427410043365,15.51198516,2973511.319,2479877.72,-0.08661646051600987
5,2024-11-06,-0.33797789666666667,5,2024-11-06T06:00:00Z,2510.246,8.199578412504529,0.03897411870581314,23.933620747446785,0.88,0.3805,0.4995,1.3127463863337714,-1.11,-1.2438185527939043,-1.3502332097143164,15.51198516,2973511.319,2479877.72,-0.28187007409072146
5,2024-11-07,-0.07170589442857143,5,2024-11-07T00:00:00Z,11303.276,74.81414210516175,0.05070482398540573,31.22420026987858,18.64,12.1465,6.493499999999999,0.5345984439962128,-14.43,-14.545825120737764,-14.708349512465588,15.51198516,2973511.319,2479877.72,-0.05980197514293923
5,2024-11-08,0.28299423985714284,5,2024-11-08T00:00:00Z,11056.554,65.82911013561052,0.04784260235187166,29.4425642129624,15.47,10.0745,5.395499999999999,0.5355600774231971,-11.99,-12.058043296700427,-12.25662682692838,15.51198516,2973511.319,2479877.72,0.23601427236069134
5,2024-11-09,0.25600149814285716,5,2024-11-09T00:00:00Z,10933.194,70.27075127034097,0.04596674632743206,28.27576541045357,15.33,10.092,5.2379999999999995,0.5190249702734838,-11.64,-11.73779354256754,-11.914540712163625,15.51198516,2973511.319,2479877.72,0.21350260463935125
5,2024-11-10,0.30505452485714285,5,2024-11-10T00:00:00Z,10666.39,12.814854945213336,0.04665074390754836,28.701395448385888,2.81,1.8605,0.9495,0.5103466809997312,-2.11,-2.220481743254001,-2.3868371664753583,15.51198516,2973511.319,2479877.72,0.2544123221406896
5,2024-11-11,0.08618892885714285,5,2024-11-11T00:00:00Z,10700.816,24.906970882302826,0.05275975233768654,32.50405631443682,6.11,3.905,2.205,0.5646606914212547,-4.9,-5.076402048340758,-5.180070399612775,15.51198516,2973511.319,2479877.72,0.07188067622872689
5,2024-11-12,-0.138754062,5,2024-11-12T00:00:00Z,10611.882,41.36814934467913,0.0509220592683613,31.35947669813653,9.75,6.42,3.3299999999999996,0.5186915887850467,-7.4,-7.45389109211854,-7.680634511715289,15.51198516,2973511.319,2479877.72,-0.11571945420709484
5,2024-12-02,0.23199259585714285,5a,2024-12-02T08:00:00Z,12692.04,2.4843929965069456,0.2157961473498703,1.0675258380635513,2.85,0.5325000000000002,2.3175,4.352112676056336,-5.15,-5.308997633622585,-4.673770293513622,15.51198516,2973511.319,NA,NA
5,2024-12-04,0.2596993207142857,5a,2024-12-04T17:00:00Z,16746.71,2.503232630663019,0.20479053821744,0.8896101408356232,3.58,1.447,2.133,1.4740843123704217,-4.74,-4.950203098492888,-4.362780647470274,15.51198516,2973511.319,NA,NA
5,2024-12-09,0.2603095085714286,5,2024-12-09T11:00:00Z,2559.176,8.206992809331132,0.03910915685467742,24.013776115401075,0.89,0.7595000000000001,0.13049999999999998,0.17182356813693214,-0.29,-0.34854563925186144,-0.714392630393798,15.51198516,2973511.319,2479877.72,0.2170954408297091
5,2024-12-10,0.2893986967142857,5,2024-12-10T00:00:00Z,7634.306,13.844100319833029,0.03945262345070124,24.227186999356533,1.89,1.3365,0.5535,0.41414141414141414,-1.23,-1.31942634045231,-1.589036507327382,15.51198516,2973511.319,2479877.72,0.2413555232135958
5,2025-01-01,-0.20408081442857143,5,2025-01-01T00:00:00Z,10637.708,4.407605557595658,0.08076549016734397,49.99512278313899,1.52,1.3985,0.1215,0.08687879871290669,-0.27,-0.31310775912039246,-0.8410596023837661,15.51198516,2973511.319,2479877.72,-0.170201290826453
5,2025-01-02,0.15113892357142858,5,2025-01-02T00:00:00Z,9043.06,16.678304702789895,0.06924321333491151,42.7891794754816,4.24,3.6595,0.5804999999999999,0.1586282278999863,-1.29,-1.342614524343102,-1.949936138715052,15.51198516,2973511.319,2479877.72,0.12604830080674348
5,2025-01-03,0.13997563014285713,5,2025-01-03T00:00:00Z,8302.39,11.472700244050548,0.0592490354211477,36.550549878520634,2.38,2.2675,0.1125,0.0496141124586549,-0.25,-0.2760804956672076,-0.9181744888656794,15.51198516,2973511.319,2479877.72,0.11673822941792938
5,2025-02-01,-0.236386385,5,2025-02-01T00:00:00Z,8087.736999999999,4.7293647662197635,0.15371544667331766,95.83803464861548,2.6,2.1500000000000004,0.45,0.2093023255813953,-1,-1.0506434139226928,-2.1364477238291286,15.51198516,2973511.319,2479877.72,-0.1971438029265636
5,2025-02-02,0.14157092542857141,5,2025-02-02T00:00:00Z,7183.141,39.17973723644667,0.1366888974687041,85.1110198169735,17.47,11.7055,5.7645,0.4924608090214002,-12.81,-13.308738368498435,-13.98693632875316,15.51198516,2973511.319,2479877.72,0.11806868920484365
5,2025-02-03,0.13057202614285715,5,2025-02-03T00:00:00Z,7358.844,23.66066788075646,0.12367239416297005,76.92000166369901,10.73,7.454000000000001,3.276,0.4394955728467936,-7.28,-7.518505218769514,-8.374592503756514,15.51198516,2973511.319,2479877.72,0.10889572083277783
5,2025-02-04,0.24596547942857142,5,2025-02-04T00:00:00Z,8951.78,26.356884715712784,0.11686177448112472,72.63798318132771,11.99,8.2775,3.712499999999999,0.44850498338870426,-8.25,-8.508121332041117,-9.282003825235911,15.51198516,2973511.319,2479877.72,0.20513266871611077
5,2025-02-05,-0.22040810816666667,5,2025-02-05T00:00:00Z,9258.072,44.65105895258661,0.10959026372598205,68.06930906415407,20.32,14.389,5.930999999999999,0.4121898672597122,-13.18,-13.798935920157884,-14.211120858576518,15.51198516,2973511.319,2479877.72,-0.18381808512290607
5,2025-02-06,-0.3955951565,5,2025-02-06T00:00:00Z,11068.698,31.045717702913095,0.1032904405202749,64.11389502261136,14.81,10.742,4.068,0.37870042822565625,-9.04,-9.379529568573105,-10.004140659725204,15.51198516,2973511.319,2479877.72,-0.3299222735342354
5,2025-02-07,-0.199093753,5,2025-02-07T00:00:00Z,10744.78,29.132489491303055,0.09688199967309014,60.09304964693726,14.23,10.549,3.681,0.34894302777514447,-8.18,-8.354560455294523,-9.094083225646177,15.51198516,2973511.319,2479877.72,-0.166042133117531
5,2025-03-01,-0.258876737,5,2025-03-01T00:00:00Z,5266.484,10.109115639965234,0.14010007853349044,87.2591446350701,2.94,2.4135,0.5265,0.2181479179614667,-1.17,-1.3552257583055003,-3.5303716690361124,15.51198516,2973511.319,2479877.72,-0.21590052414143834
5,2025-03-05,-0.2511664711666667,5,2025-03-05T00:00:00Z,4988.396,6.908232355948087,0.12156756040784818,75.59981444852973,1.82,1.4555,0.3645,0.2504294057025077,-0.81,-1.0044367520070374,-2.687363834029626,15.51198516,2973511.319,2479877.72,-0.2094702420930112
5,2025-03-06,-0.409216396,5,2025-03-06T00:00:00Z,5183.344,9.141940830304453,0.14739800979601952,91.85607987048586,2.62,2.3545000000000003,0.26549999999999996,0.11276279464854531,-0.59,-0.8720269941622032,-2.9576048210617607,15.51198516,2973511.319,2479877.72,-0.34128224655300093
5,2025-03-07,-0.110433869,5,2025-03-07T00:00:00Z,4506.758,28.181643991566613,0.13542951994994906,84.31866200926395,6.56,4.044499999999999,2.5155,0.6219557423661763,-5.59,-6.165692322056607,-7.990788167807148,15.51198516,2973511.319,2479877.72,-0.092100705827681
5,2025-03-11,-0.0894430256,5,2025-03-11T00:00:00Z,8230.852,2.895014802387747,0.41996077083063255,264.807541927266,4.15,3.5065000000000004,0.6435,0.18351632682161695,-1.43,-1.584067417893794,-4.22205620113021,15.51198516,2973511.319,2479877.72,-0.07459455929342963
5,2025-03-12,-0.27429691866666667,5,2025-03-12T00:00:00Z,7674.678,8.48344568770059,0.3289333160484501,206.83497944666976,8.86,5.8854999999999995,2.9745,0.5053946138815734,-6.61,-6.9248294950171,-9.350133599219822,15.51198516,2973511.319,2479877.72,-0.22876079634190852
5,2025-04-01,-0.2840976274285714,5,2025-04-01T00:00:00Z,7866.76,1.722233464642401,0.3042653689852833,191.1636985553216,1.82,1.316,0.504,0.3829787234042553,-1.12,-1.554701656077914,-2.526249386927965,15.51198516,2973511.319,2479877.72,-0.23693448619590582
5,2025-04-02,0.12914028642857142,5,2025-04-02T00:00:00Z,8371.334,2.618496010971172,0.339637008784507,213.6414028124417,3.32,2.06,1.2599999999999998,0.611650485436893,-2.8,-2.8782683679789622,-4.1705552086994055,15.51198516,2973511.319,2479877.72,0.10770166470270384
5,2025-04-03,0.11124521528571428,5,2025-04-03T00:00:00Z,8606.422,3.773618812886813,0.27191492549651775,170.61990270356353,3.79,2.2645,1.5255,0.6736586442923382,-3.39,-3.500297271124575,-4.60544678656251,15.51198516,2973511.319,2479877.72,0.09277736024775707
5,2025-04-04,0.22225160628571428,5,2025-04-04T00:00:00Z,8351.294,5.198401764465735,0.22571720052531,141.33664536536563,4.19,2.390000000000001,1.7999999999999998,0.7531380753138073,-4,-4.121568420264797,-5.129439818065019,15.51198516,2973511.319,2479877.72,0.18535554350857839
5,2025-04-06,-0.41856191649999996,5,2025-04-06T00:00:00Z,7631.674,7.744234319088382,0.1620202928284646,101.0764027272671,4.05,2.034,2.016,0.9911504424778762,-4.48,-4.5684329711546425,-5.414868087904449,15.51198516,2973511.319,2479877.72,-0.34907631409922685
5,2025-04-07,-0.2710604465,5,2025-04-07T00:00:00Z,7359.32,11.426277981703418,0.14055216277099225,87.54440065986361,5.11,2.3650000000000007,2.7449999999999997,1.1606765327695556,-6.1,-6.190478072588715,-6.950351639312255,15.51198516,2973511.319,2479877.72,-0.226061611991665
5,2025-04-08,-0.17767440499999998,5,2025-04-08T00:00:00Z,6935.02,5.66960385502774,0.1323970328243685,82.40930917355026,2.17,1.3195,0.8504999999999999,0.6445623342175065,-1.89,-1.9655371147574816,-2.7872203836415137,15.51198516,2973511.319,2479877.72,-0.1481786181738616
5,2025-04-10,-0.010665715571428567,5,2025-04-10T00:00:00Z,5897.204,44.04145381300999,0.0991952618753724,61.54481915489233,10.71,4.477500000000002,6.232499999999999,1.391959798994974,-13.85,-14.201892356141842,-14.712349004262933,15.51198516,2973511.319,2479877.72,-0.008895096596551
5,2025-04-11,-0.10908461800000001,5,2025-04-11T00:00:00Z,6046.282,25.188180273791527,0.08910849927760447,55.220589228681845,5.48,2.4470000000000005,3.033,1.239476910502656,-6.74,-6.984954775908428,-7.537762262908996,15.51198516,2973511.319,2479877.72,-0.09097544443311097
5,2025-04-12,-0.29054357366666667,5,2025-04-12T00:00:00Z,5814.062,20.631986511621395,0.09109590855545338,56.46553144740813,4.32,2.2005000000000003,2.1195,0.9631901840490796,-4.71,-4.802376971674365,-5.572046657190669,15.51198516,2973511.319,2479877.72,-0.242310338763888
6,2023-10-06,-0.58224702625,3,2023-10-06T00:00:00Z,24794.391000000003,3.216127932594569,0.3879984950878992,51.09604587850061,14.02,7.828,6.191999999999999,0.7910066428206437,-13.76,-13.934245770615618,-11.88529072741837,21.37571224,2594425.121,105276.5544,-0.023626413511452567
6,2023-10-07,-0.2503241375,3,2023-10-07T00:00:00Z,24475.077,3.12711675526703,0.3809031210486663,48.359630613510454,13.06,7.111000000000001,5.949,0.836591196737449,-13.22,-13.390801704156964,-11.296743924235765,21.37571224,2594425.121,105276.5544,-0.010157650134452205
6,2023-10-08,-0.047247897750000004,3,2023-10-08T00:00:00Z,23098.569,3.041125533474406,0.3658933372412198,42.88109315345924,10.9,5.5135000000000005,5.3865,0.97696562981772,-11.97,-12.118595674479224,-10.175530312040433,21.37571224,2594425.121,105276.5544,-0.0019172246820699488
6,2023-10-09,-0.10407987725000001,3,2023-10-09T00:00:00Z,20402.538,3.228093616056288,0.35020542707752067,37.61577844009585,9.91,4.825,5.085,1.0538860103626944,-11.3,-11.49741644038595,-9.973461461879255,21.37571224,2594425.121,105276.5544,-0.004223352129365598
6,2023-10-10,-0.17260293075,3,2023-10-10T00:00:00Z,19444.176,3.363666014695897,0.3347699795399591,32.877193021267814,9.57,4.570500000000001,4.999499999999999,1.093862815884476,-11.11,-11.442275362781428,-10.000952290293885,21.37571224,2594425.121,105276.5544,-0.007003879850538114
6,2023-10-12,-0.2009585305,6,2023-10-12T00:00:00Z,12650.030000000002,2.029288684496772,0.4630213177093021,214.32169503919957,4.59,1.503,3.0869999999999997,2.053892215568862,-6.86,-6.97637770835956,-7.383107954132717,21.37571224,2594425.121,2761290.359,-0.2138835491288236
6,2023-10-12,-0.2009585305,3,2023-10-12T00:00:00Z,18934.521,3.036880709617108,0.5958163349660032,196.9257149091869,19.76,12.263000000000002,7.496999999999999,0.611351219114409,-16.66,-17.320007424363414,-17.344109663817665,21.37571224,2594425.121,105276.5544,-0.008154493069421414
6,2023-11-01,-0.6505495425,3,2023-11-01T00:00:00Z,22352.064,2.940658744056756,0.32268700082854707,29.44716466948424,8.88,4.672500000000001,4.2075,0.9004815409309788,-9.35,-9.447732151055453,-8.58343490360898,21.37571224,2594425.121,105276.5544,-0.026397992274488295
6,2023-11-02,-0.4642625815,3,2023-11-02T00:00:00Z,18917.505,3.4018062950370083,0.30496764720802183,24.87240678615424,8.22,3.9765000000000015,4.243499999999999,1.0671444737834774,-9.43,-9.533304674258002,-9.032823352777989,21.37571224,2594425.121,105276.5544,-0.0188388419929924
6,2023-11-03,-0.8535034376666667,3,2023-11-03T00:00:00Z,18814.395,3.2657844417273596,0.29667160788867014,22.899595147384687,8.03,3.8675,4.1625,1.0762766645119586,-9.25,-9.297106045768704,-8.742290792315803,21.37571224,2594425.121,105276.5544,-0.034633453229695986
6,2023-11-04,-0.6956820072500001,3,2023-11-04T00:00:00Z,19348.773,3.1058206624128424,0.2852168501306698,20.371406041259817,7.72,3.8635,3.8565,0.998188171347224,-8.57,-8.632586121059886,-7.945981108477381,21.37571224,2594425.121,105276.5544,-0.0282293769392452
6,2023-11-05,-1.118467315,3,2023-11-05T00:00:00Z,19289.856,3.0821695216650045,0.26704247666071085,16.733873648141998,6.32,2.8145000000000007,3.5054999999999996,1.245514300941552,-7.79,-7.811967760286589,-7.232185724890929,21.37571224,2594425.121,105276.5544,-0.04538515456820519
6,2023-11-06,-0.63183978675,3,2023-11-06T00:00:00Z,18154.125,3.194395705062178,0.2438922409662999,12.76794191572566,4.9,1.610500000000001,3.289499999999999,2.0425333747283436,-7.31,-7.314566135721448,-6.780061317093378,21.37571224,2594425.121,105276.5544,-0.02563878800874083
6,2023-12-01,-0.6839252485,3,2023-12-01T00:00:00Z,17798.88,3.075299745904416,0.36581114010712873,42.846969406519506,9.25,5.578,3.672,0.6583004661168876,-8.16,-8.375144775927613,-8.73451570786229,21.37571224,2594425.121,105276.5544,-0.027752311310295773
6,2023-12-09,0.01954167675,3,2023-12-09T00:00:00Z,18441.807,3.4928355940131652,0.3402008616138443,34.481903492727945,10.25,5.7410000000000005,4.5089999999999995,0.7854032398536839,-10.02,-10.09987536692061,-10.01106775383957,21.37571224,2594425.121,105276.5544,7.92961947055781e-4
6,2023-12-11,-0.4758288925,3,2023-12-11T00:00:00Z,20234.247,1.767225764737482,0.4488419879870063,79.04405103401123,7.18,5.0335,2.1464999999999996,0.4264428330187741,-4.77,-4.978885598952515,-5.265293203768072,21.37571224,2594425.121,105276.5544,-0.019308179635209446
6,2024-01-01,0.09458325725,6,2024-01-01T00:00:00Z,7612.237999999999,3.0036881673308056,0.5047862686634467,265.6724444576604,4.56,0.5909999999999997,3.969,6.71573604060914,-8.82,-9.183322203844831,-9.565087464421438,21.37571224,2594425.121,2761290.359,0.10066655393260121
6,2024-01-01,0.09458325725,3,2024-01-01T00:00:00Z,21123.78,1.9285257551921755,0.4543051617921417,81.9007065640121,7.9,6.248500000000001,1.6514999999999995,0.26430343282387764,-3.67,-3.874111840420306,-4.962578077532983,21.37571224,2594425.121,105276.5544,0.0038379983860820856
6,2024-01-02,0.135688429,6,2024-01-02T00:00:00Z,7733.926,2.992260077390444,0.4855638817338244,237.30135424069996,4.29,0.5820000000000003,3.708,6.371134020618553,-8.24,-8.59028427496822,-9.040518340024216,21.37571224,2594425.121,2761290.359,0.14441548063685902
6,2024-01-03,0.05855669324999999,6,2024-01-03T00:00:00Z,7264.74,3.130639020473634,0.4683817450968236,213.61903969999636,4.16,0.5375000000000001,3.6225,6.739534883720929,-8.05,-8.417303503818449,-8.979846439900255,21.37571224,2594425.121,2761290.359,0.062322875005088804
6,2024-01-03,0.05855669324999999,3,2024-01-03T00:00:00Z,20328.759,3.533721575491698,0.43107272896363974,69.99414666300812,13.08,9.777,3.3029999999999995,0.3378336913163546,-7.34,-7.553510671613331,-8.127725380164808,21.37571224,2594425.121,105276.5544,0.002376112863123074
6,2024-01-04,0.0633975175,6,2024-01-04T00:00:00Z,7298.906,3.078668461756432,0.4616063527581602,204.77981690221185,4,0.5080000000000005,3.4919999999999995,6.874015748031489,-7.76,-8.100426851900439,-8.737469246515476,21.37571224,2594425.121,2761290.359,0.06747504579735521
6,2024-01-05,-0.09323792825,3,2024-01-05T15:00:00Z,19331.508,3.539389877132058,0.4242268819386124,66.72516643309673,12,9.867,2.133,0.21617512921860743,-4.74,-4.972610004931029,-7.91776890403889,21.37571224,2594425.121,105276.5544,-0.0037834076405223118
6,2024-01-06,-0.604089447,6,2024-01-06T00:00:00Z,7297.793,3.145704991941736,0.46691393913090873,211.998224429253,4.27,0.5169999999999999,3.753,7.259187620889749,-8.34,-8.969539776779085,-9.316557445746543,21.37571224,2594425.121,2761290.359,-0.6429425742423429
6,2024-01-07,-0.45765598675,6,2024-01-07T00:00:00Z,7612.859,2.998789386529483,0.46408107361669326,207.9860754815463,4.1,0.5675000000000003,3.5324999999999993,6.224669603524224,-7.85,-8.167149634133166,-8.72220109248604,21.37571224,2594425.121,2761290.359,-0.4870909758475959
6,2024-01-08,-0.1446918665,6,2024-01-08T00:00:00Z,7327.210999999999,3.093089073274072,0.4488129559592453,188.67763094759715,3.99,0.4890000000000003,3.501,7.159509202453982,-7.78,-8.129772625291363,-8.71947221452023,21.37571224,2594425.121,2761290.359,-0.1539979908297246
6,2024-01-09,0.13076173825,6,2024-01-09T00:00:00Z,7536.938,2.90043246057693,0.48515583167529974,244.11460926309223,4.08,0.4395000000000006,3.6404999999999994,8.28327645051193,-8.09,-8.440873157527346,-8.836322167559805,21.37571224,2594425.121,2761290.359,0.13917192068223372
6,2024-01-10,0.13517469725,6,2024-01-10T00:00:00Z,7403.557,2.883738244651101,0.5655798561597124,369.797201723416,4.9,0.4585000000000008,4.4415,9.68702290076334,-9.87,-10.223480925047069,-10.382840843425605,21.37571224,2594425.121,2761290.359,0.14386870728159623
6,2024-01-10,0.13517469725,3,2024-01-10T00:00:00Z,22065.111,1.6947843613719833,0.6139672235405075,201.7057431405528,10.01,8.669,1.341,0.1546891221594186,-2.98,-3.213328241106928,-6.036459190690407,21.37571224,2594425.121,105276.5544,0.0054851173978218495
6,2024-01-11,0.002788139999999998,6,2024-01-11T00:00:00Z,7837.705,2.9245586468396105,0.5663812782171015,371.3517858546721,5.09,0.7160000000000002,4.374,6.108938547486032,-9.72,-10.134236307759862,-10.177896113957162,21.37571224,2594425.121,2761290.359,0.0029674643678190998
6,2024-01-11,0.002788139999999998,3,2024-01-11T00:00:00Z,21218.775,1.7746382219202494,0.5789835361488904,169.25650549390804,9.38,8.444,0.936,0.11084793936522971,-2.08,-2.4016111854809874,-5.747129255358681,21.37571224,2594425.121,105276.5544,1.1313711465747706e-4
6,2024-01-12,-0.3236482375,6,2024-01-12T00:00:00Z,7836.528,2.8724460495469617,0.5742222976870199,386.4675961544007,5.24,0.5555000000000003,4.6845,8.432943294329428,-10.41,-10.776068704260904,-10.744421588337955,21.37571224,2594425.121,2761290.359,-0.34446427097947163
6,2024-01-12,-0.3236482375,3,2024-01-12T00:00:00Z,20856.063,1.8240141738557931,0.5552608561277728,149.2907977124723,9.5,8.3615,1.1384999999999998,0.13615977994378997,-2.53,-2.806161356085205,-6.311129930623122,21.37571224,2594425.121,105276.5544,-0.013132994668391075
6,2024-02-03,0.055171933000000006,3,2024-02-03T15:00:00Z,18643.146,3.383900008037337,0.4222013097056496,65.78756861686053,10.36,8.2045,2.1555,0.26272167712840516,-4.79,-5.08681387304053,-7.24686976653469,21.37571224,2594425.121,105276.5544,0.0022387660984368243
6,2024-02-05,-0.11862436625,3,2024-02-05T00:00:00Z,19539.063,1.7858823597130775,0.4413943405159535,75.13885825223397,6.73,5.434000000000001,1.2959999999999998,0.2384983437615016,-2.88,-3.1373506127155903,-4.252189345409774,21.37571224,2594425.121,105276.5544,-0.004813538246141447
6,2024-02-09,0.10205659125,3,2024-02-09T15:00:00Z,17581.299,3.4996104488919677,0.39920666144362593,55.63029157816171,9.64,9.0235,0.6164999999999999,0.06832160469884191,-1.37,-1.7208410015814772,-7.300367601018403,21.37571224,2594425.121,105276.5544,0.004141251252018381
6,2024-02-10,0.119569718,6,2024-02-10T00:00:00Z,7524.624,3.2051963738905043,0.3304373404201353,77.40959513576124,3.17,0.8570000000000002,2.3129999999999997,2.6989498249708275,-5.14,-5.518704733527869,-6.4351798640230875,21.37571224,2594425.121,2761290.359,0.12726006500218007
6,2024-02-10,0.119569718,3,2024-02-10T00:00:00Z,16248.729,3.5515018238894376,0.3934264415498528,53.26763379214598,10.45,9.3475,1.1025,0.11794597485958812,-2.45,-2.7994856571677733,-7.801736043062059,21.37571224,2594425.121,105276.5544,0.004851898719192081
6,2024-02-11,-0.007034418000000004,6,2024-02-11T00:00:00Z,7885.772999999999,3.160894382678788,0.3204768091354363,70.81131549698362,3.16,0.9595000000000008,2.2004999999999995,2.293381969775923,-4.89,-5.301489645309196,-6.228918395029333,21.37571224,2594425.121,2761290.359,-0.007486849571164046
6,2024-02-11,-0.007034418000000004,3,2024-02-11T00:00:00Z,17656.407,3.5453585488513624,0.38671269706175754,50.58512313278761,11.07,9.612,1.458,0.15168539325842695,-3.24,-3.6772788885151746,-8.143492298610093,21.37571224,2594425.121,105276.5544,-2.854425372522978e-4
6,2024-02-12,-0.3378932945,6,2024-02-12T00:00:00Z,8230.506,3.2535562487383984,0.31292641524677006,66.11539903707413,3.32,1.0250000000000004,2.2949999999999995,2.2390243902439013,-5.1,-5.512836980065536,-6.389935014323863,21.37571224,2594425.121,2761290.359,-0.3596255251005172
6,2024-02-12,-0.3378932945,3,2024-02-12T00:00:00Z,18882.726,3.232711702829248,0.38644555637596145,50.490908663052075,10.81,9.0505,1.7594999999999998,0.19440914866581951,-3.91,-4.2623063321704215,-8.025527722009022,21.37571224,2594425.121,105276.5544,-0.013711030436720966
6,2024-03-04,0.12791052525000002,6,2024-03-04T15:00:00Z,8111.413999999999,3.1859641499582287,0.33160458488749156,78.17839320855578,3.91,1.5700000000000005,2.34,1.4904458598726111,-5.2,-5.585171671222362,-6.655804012336055,21.37571224,2594425.121,2761290.359,0.13613732665805897
6,2024-03-04,0.12791052525000002,3,2024-03-04T14:00:00Z,22480.581,1.705260898505312,0.5537580486349782,148.0614159974495,8.42,6.3365,2.0835,0.3288092795707409,-4.63,-4.944646570385542,-6.591642852493157,21.37571224,2594425.121,105276.5544,0.005190351905251306
6,2024-03-05,-0.14801424524999998,6,2024-03-05T00:00:00Z,8967.168,3.153910998727577,0.32910457260308473,76.49475415980086,3.72,1.3260000000000003,2.3939999999999997,1.8054298642533928,-5.32,-5.763804423012967,-6.693023470715912,21.37571224,2594425.121,2761290.359,-0.15753405449834396
6,2024-03-05,-0.14801424524999998,3,2024-03-05T00:00:00Z,20795.61,1.7006454381725518,0.541401832197604,138.4054336769623,9.09,7.227,1.863,0.2577833125778331,-4.14,-4.355364751196105,-6.033976016727919,21.37571224,2594425.121,105276.5544,-0.006006120437205159
6,2024-03-06,-0.67575213775,6,2024-03-06T00:00:00Z,8606.015,2.996005833310446,0.3615518912856008,100.56947355349092,3.88,1.3195,2.5605,1.9405077680939744,-5.69,-6.012533429865869,-7.0012138635846,21.37571224,2594425.121,2761290.359,-0.719214383155333
6,2024-03-06,-0.67575213775,3,2024-03-06T00:00:00Z,21969.951,1.7082766077652585,0.579919996355144,170.12031192668047,10.31,7.826,2.4839999999999995,0.3174035267058522,-5.52,-5.833310946110841,-7.3806250211121185,21.37571224,2594425.121,105276.5544,-0.027420662910993366
6,2024-03-07,-0.54252085825,6,2024-03-07T00:00:00Z,9381.669,2.971741665302128,0.35726296225319754,97.1295765214357,3.87,1.3095000000000003,2.5605,1.955326460481099,-5.69,-6.116026951363715,-6.869429884447012,21.37571224,2594425.121,2761290.359,-0.5774140881216555
6,2024-03-07,-0.54252085825,3,2024-03-07T00:00:00Z,24461.613,1.645525535884934,0.5713392026784053,162.65949158384709,10.45,8.11,2.34,0.28853267570900126,-5.2,-5.698790591966583,-6.633562885034681,21.37571224,2594425.121,105276.5544,-0.022014405497537123
6,2024-03-08,0.028737481250000002,6,2024-03-08T00:00:00Z,9324.214,3.017961524454737,0.3541042438145487,94.637938806924,3.9,1.281,2.619,2.0444964871194373,-5.82,-6.306716970783469,-6.985359227631415,21.37571224,2594425.121,2761290.359,0.030585785373132106
6,2024-03-08,0.028737481250000002,3,2024-03-08T00:00:00Z,24802.737,1.7237771987186636,0.5472583780016043,142.98259486271007,10.35,8.064,2.2859999999999996,0.2834821428571428,-5.08,-5.512357226802965,-6.682874425300756,21.37571224,2594425.121,105276.5544,0.0011661092022453498
6,2024-03-09,0.08490307675,6,2024-03-09T00:00:00Z,9549.932,3.0118172108353325,0.3594323794708195,99.15017378804085,4.13,1.3715000000000002,2.7584999999999997,2.0113014947138166,-6.13,-6.528544068033845,-7.146012607768448,21.37571224,2594425.121,2761290.359,0.09036377476519666
6,2024-03-09,0.08490307675,3,2024-03-09T00:00:00Z,24715.74,1.5812132107954908,0.53093637566063,130.62498449075977,9.53,7.5545,1.9754999999999996,0.26149976834999,-4.39,-4.612545922366075,-5.964263672712048,21.37571224,2594425.121,105276.5544,0.003445196126821943
6,2024-03-10,0.106218555,6,2024-03-10T00:00:00Z,9383.721,2.881067725475858,0.4062818102908935,141.1867419711384,4.36,1.2550000000000003,3.105,2.4741035856573697,-6.9,-7.360076492063864,-7.830510722904113,21.37571224,2594425.121,2761290.359,0.1130501973228509
6,2024-03-10,0.106218555,3,2024-03-10T00:00:00Z,25018.433999999997,1.647475666454812,0.5754461237710352,166.12624987194533,10.86,8.1735,2.6864999999999997,0.3286841622316021,-5.97,-6.319690330156225,-7.19232065967848,21.37571224,2594425.121,105276.5544,0.00431013537189185
6,2024-03-11,-0.018040027,6,2024-03-11T00:00:00Z,9264.706,2.865119364036111,0.40078047353064455,135.73061021462985,3.99,1.1955000000000005,2.7945,2.3375156838143027,-6.21,-6.662865766211402,-7.217957196835006,21.37571224,2594425.121,2761290.359,-0.019200304617771894
6,2024-03-11,-0.018040027,3,2024-03-11T00:00:00Z,24686.151,1.540183716317914,0.5574185308976678,151.10738017563202,8.91,7.1505,1.7594999999999998,0.24606670862177468,-3.91,-4.322330661190709,-5.550155625121345,21.37571224,2594425.121,105276.5544,-7.320280197992151e-4
6,2024-03-12,-0.35277537924999997,6,2024-03-12T00:00:00Z,8747.606,2.9509275600720763,0.39082874908174103,126.14811402080184,3.93,1.1400000000000006,2.7899999999999996,2.44736842105263,-6.2,-6.659994001663437,-7.307689364517485,21.37571224,2594425.121,2761290.359,-0.37546477858652905
6,2024-03-12,-0.35277537924999997,3,2024-03-12T00:00:00Z,22012.395,1.6894020561282523,0.531473592644155,130.98276870968562,8.64,7.182,1.458,0.20300751879699247,-3.24,-3.696660652509027,-5.779271094841547,21.37571224,2594425.121,105276.5544,-0.014314915510176043
6,2024-04-01,0.0872119355,3,2024-04-01T00:00:00Z,19145.865,3.3319758466473695,0.4094959812646897,60.067198256166336,11.91,8.607000000000001,3.3029999999999995,0.3837574067619378,-7.34,-7.7649033304916575,-9.012196826901034,21.37571224,2594425.121,105276.5544,0.003538884972119048
6,2024-04-02,0.11327796775,3,2024-04-02T00:00:00Z,19668.372,3.4096409479056833,0.3963708603174782,54.47547449827969,12.11,8.5775,3.5324999999999993,0.4118332847566306,-7.85,-8.32366969580057,-9.37707618700029,21.37571224,2594425.121,105276.5544,0.0045965921458383545
6,2024-04-04,0.1800132335,3,2024-04-04T00:00:00Z,23718.912,1.5662056169447929,0.5952174701319096,183.86551115178895,10.21,7.393000000000001,2.8169999999999997,0.3810361152441498,-6.26,-6.569126046921278,-6.695050603996597,21.37571224,2594425.121,105276.5544,0.007304575035096053
6,2024-04-05,-0.17658949175000002,3,2024-04-05T00:00:00Z,23964.606,1.5808935584616362,0.5573157844800535,151.12014913563186,9.3,6.780000000000001,2.5199999999999996,0.3716814159292034,-5.6,-5.903117643488228,-6.191329827754837,21.37571224,2594425.121,105276.5544,-0.007165646479525909
6,2024-04-06,-0.7239350704999999,3,2024-04-06T00:00:00Z,23579.097,1.587581752280461,0.522549332371392,124.59646013584212,8.49,6.307500000000001,2.1824999999999997,0.3460166468489892,-4.85,-5.144118369883243,-5.6454925669430605,21.37571224,2594425.121,105276.5544,-0.029375829433144426
6,2024-04-07,-0.6255406975,3,2024-04-07T00:00:00Z,22478.706,1.673919331157967,0.4908887576866062,103.34975103660813,8.12,6.171499999999999,1.9485,0.3157255124361987,-4.33,-4.678375428807211,-5.426109005532692,21.37571224,2594425.121,105276.5544,-0.02538318363352476
6,2024-04-08,0.046365831,3,2024-04-08T00:00:00Z,21863.673,1.7748588545696795,0.46529902847684473,88.02609122247864,8.04,6.172499999999999,1.8675,0.30255164034021875,-4.15,-4.531056358403972,-5.457194826342401,21.37571224,2594425.121,105276.5544,0.0018814321870624176
6,2024-04-09,0.0802053635,3,2024-04-09T00:00:00Z,21633.315,1.832706590383713,0.4432995526597112,76.14811573857776,7.89,6.054,1.836,0.30327056491575816,-4.08,-4.480688532237044,-5.483649196997875,21.37571224,2594425.121,105276.5544,0.003254572369552509
6,2024-04-12,-0.36528915900000003,3,2024-04-12T00:00:00Z,23170.533000000003,1.7044597024115298,0.4610834897427368,85.65725683171668,7.84,5.8015,2.0385,0.35137464448849437,-4.53,-4.949585181070753,-5.400922566706274,21.37571224,2594425.121,105276.5544,-0.014822699529046749
6,2024-07-01,0.09360276275,3,2024-07-01T00:00:00Z,31129.409999999996,2.671051293584025,0.39982020433737825,55.95051135534842,14.94,10.6785,4.2615,0.39907290349768226,-9.47,-9.619472505599385,-9.456458735961624,21.37571224,2594425.121,105276.5544,0.003798211890903391
6,2024-07-02,0.09626609675,3,2024-07-02T00:00:00Z,26076.288,3.1714601825051942,0.4064429448555867,58.75152404611409,17.06,11.714,5.346,0.4563769848045075,-11.88,-12.056719790500445,-11.85514847985803,21.37571224,2594425.121,105276.5544,0.003906284629047515
6,2024-07-04,0.1222440605,3,2024-07-04T00:00:00Z,33874.8,3.2057988316312636,0.3651036576315575,42.6205248303255,17.35,12.211000000000002,5.138999999999999,0.4208500532306935,-11.42,-11.576198049208164,-11.326265455936682,21.37571224,2594425.121,105276.5544,0.004960418160129719
6,2024-07-12,-0.40391520675,3,2024-07-12T00:00:00Z,32003.699999999997,2.9688881171477663,0.4097748643982136,60.34141612544524,16.59,11.6895,4.9005,0.41922237905812915,-10.89,-11.040401635748026,-10.889402435709648,21.37571224,2594425.121,105276.5544,-0.016390066875398415
6,2024-08-01,0.08708056675,3,2024-08-01T12:00:00Z,27982.947,3.088925307883457,0.40723668915869304,59.20937822460631,17.34,12.021,5.319,0.442475667581732,-11.82,-12.00744151326585,-11.567757635271686,21.37571224,2594425.121,105276.5544,0.0035335542924074268
6,2024-08-04,0.1040733565,3,2024-08-04T00:00:00Z,35030.7,2.1842736415123465,0.4691857786745875,90.61104585628766,16.37,12.693500000000002,3.676499999999999,0.28963642809311846,-8.17,-8.339885934758536,-8.099666778373383,21.37571224,2594425.121,105276.5544,0.004223087530442874
6,2024-08-05,-0.20429726474999998,3,2024-08-05T00:00:00Z,30549.21,0.20069610448323663,1.1048485083333806,1437.8531549267616,1.7,0.46250000000000013,1.2374999999999998,2.6756756756756745,-2.75,-3.459590003721482,-2.9441616515249556,21.37571224,2594425.121,105276.5544,-0.00828997219157923
6,2024-08-06,-0.84972237225,3,2024-08-06T00:00:00Z,16398.501,1.3563401536403208,1.1585232368949587,1366.8692912990862,16.46,9.827000000000002,6.632999999999999,0.6749771038974253,-14.74,-15.014334323362926,-14.760235306124004,21.37571224,2594425.121,105276.5544,-0.03448002519825824
6,2024-08-07,-0.5632418619999999,3,2024-08-07T00:00:00Z,29464.542,1.3944919438831584,1.0016881694369448,872.5630780320598,20.53,14.419,6.111,0.42381579859907065,-13.58,-14.016752299852463,-13.446172218446058,21.37571224,2594425.121,105276.5544,-0.022855222162798464
6,2024-09-01,0.12199673525,6,2024-09-01T00:00:00Z,12747.066,2.913143281011017,0.44801740512572,187.81624208422,7.3,1.8865000000000007,5.413499999999999,2.8695997879671333,-12.03,-12.429071117675957,-11.677607654382337,21.37571224,2594425.121,2761290.359,0.12984318034411313
6,2024-09-02,0.08095834799999999,6,2024-09-02T00:00:00Z,12437.525999999998,2.9300470689324887,0.430453638937581,167.1689585223165,7.02,1.7009999999999996,5.319,3.126984126984128,-11.82,-12.175505001308371,-11.378208943539974,21.37571224,2594425.121,2761290.359,0.08616533350818065
6,2024-09-04,0.08953033499999999,6,2024-09-04T00:00:00Z,12834.294,3.0384382703796984,0.4026944925101971,137.84575258076654,7.36,2.311000000000001,5.0489999999999995,2.184768498485503,-11.22,-11.537295258709852,-10.74626231418059,21.37571224,2594425.121,2761290.359,0.09528864366617436
6,2024-09-05,-0.25445953374999997,6,2024-09-05T00:00:00Z,14160.69,2.9841140648325855,0.4252399921466508,161.51371580667288,8.22,3.2475000000000005,4.9725,1.531177829099307,-11.05,-11.416274761224882,-10.901951427416776,21.37571224,2594425.121,2761290.359,-0.2708255681045382
6,2024-09-06,-0.8922814062500001,6,2024-09-06T00:00:00Z,15177.246,3.0588276570432966,0.40624364733577994,141.48532587626232,8.42,3.515000000000001,4.904999999999999,1.3954480796586055,-10.9,-11.264264280024694,-10.6845966817921,21.37571224,2594425.121,2761290.359,-0.949670131024409
6,2024-09-07,-0.382777333,6,2024-09-07T00:00:00Z,15332.376,3.002858969599529,0.4313754210841754,168.26216275935718,8.61,3.642,4.967999999999999,1.364085667215815,-11.04,-11.394576184396824,-10.942141374404912,21.37571224,2594425.121,2761290.359,-0.4073963633412694
6,2024-09-08,0.256301715,6,2024-09-08T00:00:00Z,14608.644,3.0180807497582185,0.44373728292911147,182.56286668802147,7.93,2.8315,5.0985,1.8006357054564717,-11.33,-11.683066310423987,-11.26326563501039,21.37571224,2594425.121,2761290.359,0.2727862326401926
6,2024-09-09,0.1651289475,6,2024-09-09T00:00:00Z,10803.03,3.010551528136809,0.4458685371916201,185.10132367946147,6.3,1.1295000000000002,5.1705,4.577689243027887,-11.49,-11.88047939482339,-11.409868131634182,21.37571224,2594425.121,2761290.359,0.17574952039772795
6,2024-09-10,0.2167714985,6,2024-09-10T00:00:00Z,9855.732,2.9877425889328286,0.4396244906126177,177.7007842009372,5.68,0.39250000000000007,5.2875,13.471337579617831,-11.75,-12.14285352898104,-11.504582741353904,21.37571224,2594425.121,2761290.359,0.23071355733840548
6,2024-09-11,-0.06390529375000001,6,2024-09-11T00:00:00Z,9098.544,2.873796775644584,0.4588586199899674,204.48782355919184,5.62,0.5485000000000007,5.0714999999999995,9.246125797629889,-11.27,-12.683625834781369,-11.167780995313452,21.37571224,2594425.121,2761290.359,-0.06801548061364844
6,2024-10-01,0.204664301,6,2024-10-01T00:00:00Z,12186.288,2.4203685217018345,0.4969834121486424,254.0916844531116,6.65,1.4885000000000002,5.1615,3.467584816929795,-11.47,-11.574034718944633,-10.685543603540143,21.37571224,2594425.121,2761290.359,0.21782766309514706
6,2024-10-04,0.07700848225,6,2024-10-04T00:00:00Z,10996.992,1.2375037324208875,0.42756115791951943,164.58582373578838,2.68,2.0050000000000003,0.6749999999999999,0.3366583541147131,-1.5,-1.683496956059301,-5.98659194448775,21.37571224,2594425.121,2761290.359,0.08196142485553264
6,2024-10-04,0.07700848225,3,2024-10-04T00:00:00Z,13257.051,2.9334762429209618,0.3948736982322448,53.8752235009985,6.1,0.27700000000000014,5.8229999999999995,21.021660649819484,-12.94,-13.148596475538444,-10.71366259062668,21.37571224,2594425.121,105276.5544,0.003124849356889017
6,2024-10-05,-0.17502040725,6,2024-10-05T00:00:00Z,12772.362,2.9703009032713403,0.42388080382221394,159.7566868915821,7.04,1.5950000000000006,5.444999999999999,3.413793103448274,-12.1,-12.529512856907814,-11.472343828716552,21.37571224,2594425.121,2761290.359,-0.1862771676298762
6,2024-10-05,-0.17502040725,3,2024-10-05T00:00:00Z,9091.41,3.249308961230854,0.3877959378646029,51.01086143283992,5.49,0.7109999999999985,6.200999999999999,8.721518987341788,-13.78,-13.929467377305862,-11.730313780386552,21.37571224,2594425.121,105276.5544,-0.007101976185715781
6,2024-10-06,-0.9305258245,6,2024-10-06T00:00:00Z,11168.898,2.1854611765825682,0.4974531100577354,259.97263043633666,5.32,1.0900000000000007,4.2299999999999995,3.8807339449541254,-9.4,-9.615715549169291,-9.26528278960628,21.37571224,2594425.121,2761290.359,-0.9903743095896336
6,2024-10-07,-0.3817552455,6,2024-10-07T00:00:00Z,11617.512,2.767281603433094,0.5388951436993786,321.26159318030693,7.27,1.2355,6.0344999999999995,4.884257385673815,-13.41,-13.829093884217617,-13.123581565367957,21.37571224,2594425.121,2761290.359,-0.40630853839810177
6,2024-10-07,-0.3817552455,3,2024-10-07T00:00:00Z,11642.331,1.740965906375997,0.5010489105826698,109.7938609450294,4.45,0.8680000000000003,3.582,4.1267281105990765,-7.96,-8.181334128667071,-7.493681664165569,21.37571224,2594425.121,105276.5544,-0.015490860208320544
6,2024-10-08,0.24260048,6,2024-10-08T00:00:00Z,12393.162,2.7946170850659366,0.5286850854004738,304.0113223691693,8.56,2.404000000000001,6.156,2.560732113144758,-13.68,-14.072710163306636,-13.227260814183232,21.37571224,2594425.121,2761290.359,0.25820377743435075
6,2024-10-08,0.24260048,3,2024-10-08T00:00:00Z,12715.95,1.726861867347004,0.4814742502212277,97.57409480413374,4.35,1.0154999999999998,3.3345,3.2836041358936487,-7.41,-7.611600307036018,-7.044520889867529,21.37571224,2594425.121,105276.5544,0.009844239644249927
6,2024-10-09,0.158247873,6,2024-10-09T00:00:00Z,14168.538,2.6889393964017483,0.561179373873899,367.5651718723736,9.08,3.5045,5.5755,1.5909544870880297,-12.39,-13.61941311907454,-12.28816876585471,21.37571224,2594425.121,2761290.359,0.1684258768966632
6,2024-10-09,0.158247873,3,2024-10-09T00:00:00Z,12698.775,1.913910935322536,0.5071050779980347,117.13171925148752,5.53,2.186500000000001,3.3434999999999997,1.529156185684884,-7.43,-7.886644884002726,-7.492907126764718,21.37571224,2594425.121,105276.5544,0.0064213804729686755
6,2024-10-10,0.26290390625,6,2024-10-10T00:00:00Z,11548.566,2.422649854776211,0.6986628874772894,685.623581119566,10.15,2.9095000000000013,7.240499999999999,2.4885719195738085,-16.09,-16.54088533528393,-15.933666296183924,21.37571224,2594425.121,2761290.359,0.2798130560005339
6,2024-10-10,0.26290390625,3,2024-10-10T00:00:00Z,12823.314,1.57281302405893,0.6795047599186105,273.64273337025105,6.1,2.2975000000000003,3.8024999999999993,1.6550598476605,-8.45,-8.542205350543586,-8.892197949268274,21.37571224,2594425.121,105276.5544,0.010668111854248664
6,2024-10-11,-0.044600709749999995,6,2024-10-11T00:00:00Z,15254.448,2.3459039099476,0.7231429553768189,756.0860638873676,12.04,4.732,7.307999999999999,1.5443786982248515,-16.24,-16.636929154080242,-15.798604852157192,21.37571224,2594425.121,2761290.359,-0.047469286679494925
6,2024-10-11,-0.044600709749999995,3,2024-10-11T00:00:00Z,12681.596999999998,1.5975132527954172,0.6143547243155091,202.707108593072,5.62,2.2585000000000006,3.3614999999999995,1.4883772415319896,-7.47,-7.69969492265566,-7.734824686174627,21.37571224,2594425.121,105276.5544,-0.0018098071161385756
6,2024-10-12,-0.4465505665,6,2024-10-12T00:00:00Z,15599.178,2.373868666215497,0.7058169737551588,704.975717843576,10.79,3.518,7.271999999999999,2.0670835702103467,-16.16,-16.583605197934276,-15.67717818391372,21.37571224,2594425.121,2761290.359,-0.47527129000630686
6,2024-10-12,-0.4465505665,3,2024-10-12T00:00:00Z,13630.677,1.7322446399589129,0.5548029006664073,149.20848867954433,5.5,2.1835000000000004,3.3164999999999996,1.5188916876574303,-7.37,-7.631543197298268,-7.648863349113797,21.37571224,2594425.121,105276.5544,-0.01812012404056894
6,2024-11-01,0.19824338375,3,2024-11-01T00:00:00Z,14068.713,3.4157261139455057,0.32999667453880344,31.486673516914745,6.96,2.559000000000001,4.400999999999999,1.71981242672919,-9.78,-10.02129757028541,-9.576829170883016,21.37571224,2594425.121,105276.5544,0.008044317874070166
6,2024-11-02,0.07056921775,3,2024-11-02T00:00:00Z,13982.823,3.4658143416109204,0.3242604888240078,29.8684465286519,6.54,2.1210000000000004,4.419,2.083451202263083,-9.82,-10.05868151413332,-9.5819349566627,21.37571224,2594425.121,105276.5544,0.0028635569518999124
6,2024-11-04,0.10207714025,3,2024-11-04T00:00:00Z,9456.441,3.400913614596835,0.31419721112169496,27.18050458199253,4.78,0.2665000000000006,4.5135,16.936210131332043,-10.03,-10.265271251603682,-9.60057493455778,21.37571224,2594425.121,105276.5544,0.004142085089117342
6,2024-11-05,-0.1542597595,3,2024-11-05T00:00:00Z,10753.374,3.357278984642194,0.31325487969157756,26.940084408264244,4.96,0.3070000000000004,4.653,15.156351791530923,-10.34,-10.559574095309111,-9.623947676692646,21.37571224,2594425.121,105276.5544,-0.006259550846652733
6,2024-11-06,-0.96445562725,3,2024-11-06T00:00:00Z,10907.976,3.387965239339241,0.30985250546258675,26.07628542854655,5.12,0.19700000000000095,4.922999999999999,24.989847715735916,-10.94,-11.130416854306368,-10.02463947474773,21.37571224,2594425.121,105276.5544,-0.03913566997433138
6,2024-11-07,-0.3437175485,3,2024-11-07T00:00:00Z,9907.362,3.4189005995328903,0.3178344343052322,28.130987150101767,5.31,0.28800000000000026,5.021999999999999,17.437499999999982,-11.16,-11.362419841386911,-10.312798845361264,21.37571224,2594425.121,105276.5544,-0.013947366952316407
6,2024-11-08,0.23388831775000002,3,2024-11-08T00:00:00Z,9379.143,3.3019060927695594,0.3210988347734271,29.003300878676257,5.09,0.25700000000000056,4.832999999999999,18.805447470817075,-10.74,-10.910078511526942,-9.967213470713466,21.37571224,2594425.121,105276.5544,0.009490717619031397
6,2024-11-09,0.15799541050000002,3,2024-11-09T00:00:00Z,9370.554,3.352612825453731,0.3158206045199969,27.607613234525708,4.95,0.1980000000000004,4.752,23.99999999999995,-10.56,-10.753120477353184,-9.88727277552524,21.37571224,2594425.121,105276.5544,0.006411136052383908
6,2024-11-10,0.246256051,3,2024-11-10T00:00:00Z,9387.732,3.1343872838304785,0.3142706014199905,27.20732950898143,4.55,0.22550000000000023,4.3245,19.177383592017716,-9.61,-10.0714340614709,-9.03127053282604,21.37571224,2594425.121,105276.5544,0.009992575364610292
6,2024-11-11,-0.03708187375,3,2024-11-11T00:00:00Z,9675.462,3.300877368438213,0.323118535782526,29.55887378584052,5.01,0.5010000000000003,4.5089999999999995,8.999999999999993,-10.02,-10.24091862868534,-9.612814131296432,21.37571224,2594425.121,105276.5544,-0.0015047078705401602
6,2024-12-01,0.19107755499999998,3,2024-12-01T00:00:00Z,7645.086,3.366073570500858,0.14640350432216004,2.77021271095816,1.36,0.5389999999999997,1.899,3.523191094619668,-4.22,-4.323782301220675,-4.207913157033885,21.37571224,2594425.121,105276.5544,0.007753542952830702
6,2024-12-02,0.07169429075,3,2024-12-02T00:00:00Z,6875.8499999999995,3.0006952411575303,0.14142764209770844,2.499249741897061,1.08,0.4454999999999998,1.5255,3.4242424242424256,-3.39,-3.615374346269449,-3.363567525724691,21.37571224,2594425.121,105276.5544,0.0029092101518823493
6,2025-02-01,-0.43964527375,6,2025-02-01T00:00:00Z,11056.254,3.393419292715101,0.3526070817293151,93.49447701834978,5.71,2.4835000000000003,3.2264999999999997,1.2991745520434868,-7.17,-7.640624707296881,-7.566740831479073,21.37571224,2594425.121,2761290.359,-0.46792187061381413
6,2025-02-02,0.017530782750000005,6,2025-02-02T00:00:00Z,11573.718,3.414597823109609,0.3439059279633712,86.93680635265808,5.46,2.3325,3.1275,1.3408360128617365,-6.95,-7.430410748967236,-7.399106270596522,21.37571224,2594425.121,2761290.359,0.01865830738435042
6,2025-02-03,-0.029621016249999996,6,2025-02-03T00:00:00Z,11108.01,3.3846521202341564,0.3362821437764088,81.45816737871839,5.33,2.2025,3.1275,1.419977298524404,-6.95,-7.52817399642937,-7.417706907306146,21.37571224,2594425.121,2761290.359,-0.03152614655665267
6,2025-02-04,0.021319923749999997,6,2025-02-04T00:00:00Z,11452.974,3.3426855492497114,0.3295537212286546,76.78324057975912,5.36,2.4035000000000006,2.9564999999999997,1.2300811316829618,-6.57,-7.191073870079387,-7.039554506986141,21.37571224,2594425.121,2761290.359,0.02269115397818804
6,2025-02-05,-0.686590417,6,2025-02-05T00:00:00Z,12142.914,3.331036352368492,0.3230219846803333,72.45031932131326,5.5,2.692,2.808,1.0430906389301633,-6.24,-6.745431163088579,-6.812497132330052,21.37571224,2594425.121,2761290.359,-0.7307497463303703
6,2025-02-06,-1.212060494,6,2025-02-06T00:00:00Z,12039.426,3.4500397149100483,0.31538352243371176,67.57925027989299,5.58,2.6820000000000004,2.8979999999999997,1.0805369127516775,-6.44,-6.882551013922864,-7.028575691837734,21.37571224,2594425.121,2761290.359,-1.290016400749682
6,2025-02-07,-1.058801317,6,2025-02-07T00:00:00Z,12073.92,3.462958618821431,0.310736448745625,64.70821774621038,5.71,2.9560000000000004,2.7539999999999996,0.9316644113667116,-6.12,-6.676967386800883,-6.773538129931953,21.37571224,2594425.121,2761290.359,-1.1269000770396884
6,2025-02-08,-0.3612827825,6,2025-02-08T00:00:00Z,13264.062000000002,3.4848806355332385,0.3051176875081023,61.37378280766274,5.88,3.18,2.6999999999999997,0.8490566037735848,-6,-6.5445263569931456,-6.700564513263405,21.37571224,2594425.121,2761290.359,-0.3845193511714938
6,2025-03-10,-1.0094155175,6,2025-03-10T00:00:00Z,8969.196,3.135012393471119,0.41970342804322,157.074539591865,4.27,0.778,3.4919999999999995,4.4884318766066835,-7.76,-8.200301168099795,-8.766885407299458,21.37571224,2594425.121,2761290.359,-1.0743379387351168
6,2025-03-11,-1.228037877,6,2025-03-11T00:00:00Z,9297.126,3.391361870726871,0.4176514353028705,153.05210636512354,5.35,1.903,3.4469999999999996,1.8113504992117704,-7.66,-8.602667658101975,-8.55508914998661,21.37571224,2594425.121,2761290.359,-1.307021398613311
6,2025-04-01,-0.49083794225,6,2025-04-01T00:00:00Z,11918.682,3.497294030099468,0.3057106811183322,61.747343970830855,5.19,2.449500000000001,2.7404999999999995,1.1187997550520508,-6.09,-6.764918415022395,-6.8284578067161386,21.37571224,2594425.121,2761290.359,-0.5224070900315354
7,2023-10-06,-0.03490590175000001,7,2023-10-06T00:00:00Z,20396.1615,3.549374351663067,0.1913708744084156,15.851806914529815,6.34,3.226,3.114,0.9652820830750156,-6.92,-6.993052139692398,-6.514495103528574,26.63039417,1727281.139,1015223.294,-0.020516222723992457
7,2023-10-07,0.09202335275000001,7,2023-10-07T00:00:00Z,20132.8215,3.195430959364034,0.18345059341633832,13.96885790557382,5.39,2.6315,2.7584999999999997,1.0482614478434351,-6.13,-6.204785953878684,-5.665836768532433,26.63039417,1727281.139,1015223.294,0.05408746103594139
7,2023-10-09,0.11023148575,7,2023-10-09T00:00:00Z,18171.2355,3.991541904326491,0.16122213986852213,9.482654150459762,4.7,1.8155000000000008,2.8844999999999996,1.5888185072982643,-6.41,-6.4848118583904855,-5.938249786102399,26.63039417,1727281.139,1015223.294,0.0647894367273752
7,2023-10-10,0.11559191325000001,7,2023-10-10T00:00:00Z,13584.252,4.980318940273733,0.15223916735712265,7.985925933208749,3.81,0.4620000000000002,3.348,7.246753246753244,-7.44,-7.522809926237956,-6.969688961766232,26.63039417,1727281.139,1015223.294,0.06794007083141505
7,2023-10-12,0.05535902775,7,2023-10-12T01:00:00Z,9573.76695,1.9024749459825816,0.3687699034488977,133.6650627764589,4.79,1.5815000000000006,3.2084999999999995,2.028770154916218,-7.13,-7.435869896769479,-7.222902277980059,26.63039417,1727281.139,1015223.294,0.03253771099331874
7,2023-12-09,0.196627279,7,2023-12-09T00:00:00Z,13708.0548,5.290979535855497,0.13231223356386113,5.241180736507747,4.4,1.7945000000000009,2.6054999999999997,1.4519364725550286,-5.79,-5.904953728619748,-5.794344318384635,26.63039417,1727281.139,1015223.294,0.11556925469133894
7,2023-12-10,0.2113963425,7,2023-12-10T00:00:00Z,14914.09755,1.0312030716495777,0.14660866367187284,7.640192787384834,0.97,0.421,0.5489999999999999,1.3040380047505935,-1.22,-1.523942685426031,-1.2467174431042507,26.63039417,1727281.139,1015223.294,0.12424988979886163
7,2023-12-11,-0.0773839445,7,2023-12-11T00:00:00Z,13880.121749999998,3.2792182162881405,0.2212788887698988,24.49513005392448,5.05,2.575,2.4749999999999996,0.9611650485436892,-5.5,-5.607868699074273,-5.532085325698204,26.63039417,1727281.139,1015223.294,-0.04548303183782011
7,2023-12-12,0.1221405295,7,2023-12-12T00:00:00Z,15815.2203,4.8338666116560125,0.21141523267895035,21.351511016573745,6.8,3.5015,3.2985,0.9420248464943596,-7.33,-7.614328073253358,-7.382731496810646,26.63039417,1727281.139,1015223.294,0.07178907236935572
7,2024-01-01,0.2146365245,7,2024-01-01T00:00:00Z,31658.949299999997,1.239542311756784,0.2681341908138361,43.55659315667822,4.54,3.3295000000000003,1.2105,0.36356810331881656,-2.69,-3.147835409442384,-2.7107694421490782,26.63039417,1727281.139,1015223.294,0.12615433266512482
7,2024-01-03,0.165105412,7,2024-01-03T00:00:00Z,30333.293099999995,3.1714262735902734,0.2436188955711246,32.66362506989128,9.93,7.392,2.538,0.34334415584415584,-5.64,-5.684526857011738,-5.696201020257411,26.63039417,1727281.139,1015223.294,0.09704202543710352
7,2024-01-04,0.16480084225,7,2024-01-04T00:00:00Z,30612.6381,2.7012803971382384,0.23416328953870033,29.034650727456764,8.14,5.944000000000001,2.1959999999999997,0.36944818304172267,-4.88,-4.9174257206251735,-4.9066052166472405,26.63039417,1727281.139,1015223.294,0.09686301213239808
7,2024-01-05,-0.03842570049999999,7,2024-01-05T00:00:00Z,28983.8802,4.598181366500777,0.23229443381963696,28.435893559423675,13.38,10.086000000000002,3.2939999999999996,0.3265913146936346,-7.32,-7.545247363657978,-7.328182220219732,26.63039417,1727281.139,1015223.294,-0.022585012569784936
7,2024-01-07,-0.990373565,7,2024-01-07T00:00:00Z,31149.3699,1.660349751863556,0.2802700105400211,49.77638226366699,6.34,4.8955,1.4445,0.2950668981717904,-3.21,-3.32159334158475,-3.2074524316422997,26.63039417,1727281.139,1015223.294,-0.582099977964168
7,2024-01-10,0.2353186445,7,2024-01-10T00:00:00Z,22482.6987,1.3273914169662715,0.5508541691325806,380.6529340004306,8.17,6.064,2.106,0.34729551451187335,-4.68,-4.785851594090098,-4.693603887141647,26.63039417,1727281.139,1015223.294,0.13831041398808733
7,2024-01-11,0.121658355,7,2024-01-11T00:00:00Z,27225.841499999995,1.8259336921054683,0.464855417589623,227.36245263510745,10.18,7.804,2.376,0.3044592516658124,-5.28,-5.428768859441597,-5.306848191075147,26.63039417,1727281.139,1015223.294,0.07150567045340808
7,2024-01-12,-0.195640196,7,2024-01-12T00:00:00Z,28028.837099999997,1.8739068062289277,0.4300273176303927,179.67642905460178,10.18,7.75,2.4299999999999997,0.3135483870967742,-5.4,-5.5467234972067265,-5.446281558259692,26.63039417,1727281.139,1015223.294,-0.11498908876925196
7,2024-02-08,0.10084853625,7,2024-02-08T16:00:00Z,24670.4865,4.488071521587419,0.2254223921035255,25.889601248403512,10.52,8.189,2.3309999999999995,0.28465014043228715,-5.18,-5.638501716100832,-6.1508063554418815,26.63039417,1727281.139,1015223.294,0.05927453316955567
7,2024-02-09,0.18314915075000002,7,2024-02-09T00:00:00Z,23776.2855,3.7272695448671023,0.22101468369603405,24.404804486303583,8.06,5.909000000000001,2.151,0.36402098493822976,-4.78,-5.29641020037747,-5.381083608989437,26.63039417,1727281.139,1015223.294,0.10764737709424939
7,2024-02-10,0.22794585474999998,7,2024-02-10T00:00:00Z,20255.4561,3.708132809891186,0.2163793524556747,22.893841899475433,6.91,4.6555,2.2544999999999997,0.48426592202770913,-5.01,-5.601022941106498,-5.5206246265181536,26.63039417,1727281.139,1015223.294,0.13397699788866885
7,2024-02-11,0.11043991450000001,7,2024-02-11T00:00:00Z,20103.4086,4.104327229629931,0.21041125339826433,21.053929856662545,7.92,5.269500000000001,2.6504999999999996,0.502988898377455,-5.89,-6.621866729801173,-6.286900911850256,26.63039417,1727281.139,1015223.294,0.06491194239096498
7,2024-02-12,-0.21033660325,7,2024-02-12T00:00:00Z,21728.3022,2.8486561683926013,0.20863520817950745,20.533653293424315,5.93,3.95,1.98,0.5012658227848101,-4.4,-4.880900674689172,-4.6264783915664784,26.63039417,1727281.139,1015223.294,-0.12362701958516327
7,2024-03-01,0.20556107999999998,7,2024-03-01T00:00:00Z,5694.133499999999,2.655134370952656,0.1857462419470295,14.483951495036774,1.21,0.13549999999999995,1.3455,9.929889298892991,-2.99,-3.78865231372538,-3.624933187383616,26.63039417,1727281.139,1015223.294,0.12082016762865695
7,2024-03-02,0.20558750025,7,2024-03-02T01:00:00Z,5863.2948,4.085870057656924,0.18384396541520365,14.043599885683872,1.95,0.5294999999999999,2.4795,4.68271954674221,-5.51,-6.20345721734848,-5.860063240775466,26.63039417,1727281.139,1015223.294,0.12083569634174696
7,2024-03-04,0.201088675,7,2024-03-04T08:00:00Z,6434.4126,1.4010710479009807,0.4794142462410798,250.919308841252,2.43,0.26550000000000074,2.164499999999999,8.152542372881332,-4.81,-4.978629535971366,-4.986403848718818,26.63039417,1727281.139,1015223.294,0.1181914758461306
7,2024-03-05,-0.08153222625,7,2024-03-05T00:00:00Z,11664.8235,1.5593251940282946,0.4201166917485353,167.6428220234785,3.19,1.2505000000000004,1.9394999999999996,1.5509796081567364,-4.31,-4.395079521937211,-4.465254663747593,26.63039417,1727281.139,1015223.294,-0.04792121758974309
7,2024-03-06,-0.522618298,7,2024-03-06T00:00:00Z,10301.1579,1.653620702640965,0.4813946552135528,253.21235091907084,3.79,1.0810000000000004,2.7089999999999996,2.506012950971322,-6.02,-6.10586586571076,-6.179584878663756,26.63039417,1727281.139,1015223.294,-0.30717308145181665
7,2024-03-07,-0.5765190685,7,2024-03-07T00:00:00Z,10747.7931,1.6052445217455698,0.4260759839701499,175.33532768293722,2.7,0.4815000000000005,2.2184999999999997,4.607476635514013,-4.93,-5.087850502042638,-5.060966761849589,26.63039417,1727281.139,1015223.294,-0.33885369009195304
7,2024-03-08,0.16545034625,7,2024-03-08T00:00:00Z,10144.5531,1.7043112959030486,0.38335402352622894,127.58244747449764,3.33,1.2015000000000002,2.1285,1.771535580524344,-4.73,-4.9239152575959695,-4.884468232804732,26.63039417,1727281.139,1015223.294,0.09724476329927988
7,2024-03-09,0.17239453625,7,2024-03-09T00:00:00Z,12215.992799999998,0.7694569613574903,0.3627959331676239,109.00716928378594,1.74,0.8220000000000001,0.918,1.116788321167883,-2.04,-2.206579303956587,-2.1844430882814727,26.63039417,1727281.139,1015223.294,0.10132626647023639
7,2024-03-10,0.22052976525,7,2024-03-10T01:00:00Z,13394.3601,1.1925173655541483,0.459333531545851,219.81345675535357,4.03,2.248,1.7819999999999998,0.7927046263345194,-3.96,-4.105938795834903,-4.066846478654016,26.63039417,1727281.139,1015223.294,0.12961813201513325
7,2024-03-11,0.10107751425,7,2024-03-11T00:00:00Z,19453.3317,1.504941010210589,0.3942921135842272,139.08222044198914,5.14,3.4345,1.7054999999999998,0.4965788324355801,-3.79,-3.9740036280282314,-3.990901180039545,26.63039417,1727281.139,1015223.294,0.05940911681906401
7,2024-03-12,-0.22544473,7,2024-03-12T00:00:00Z,18059.3556,1.8306275886389616,0.34520574647209895,93.1054032076376,5.24,3.4490000000000003,1.791,0.5192809510002899,-3.98,-4.155276471966638,-4.304544431481148,26.63039417,1727281.139,1015223.294,-0.13250694182769088
7,2024-07-12,-0.27480484275,7,2024-07-12T00:00:00Z,42832.482,3.582374892022489,0.11817432650016814,3.783517059396461,8.76,6.9465,1.8135,0.2610667242496221,-4.03,-4.088686718299048,-4.030314603415737,26.63039417,1727281.139,1015223.294,-0.1615187425860076
7,2024-08-03,0.590528316,7,2024-08-03T00:00:00Z,10312.2261,1.6034111324646405,0.40013104571663693,145.22748979542408,2.97,0.5490000000000004,2.421,4.409836065573767,-5.38,-5.492726286264899,-5.3789446464620205,26.63039417,1727281.139,1015223.294,0.34708773727297265
7,2024-08-04,0.1964716915,7,2024-08-04T01:00:00Z,9683.9787,3.1364714732733705,0.37507266226653674,120.25014221314916,5.67,1.3950000000000005,4.2749999999999995,3.0645161290322567,-9.5,-9.8082094666466,-9.503363688413623,26.63039417,1727281.139,1015223.294,0.11547780689474767
7,2024-08-07,-0.614626247,7,2024-08-07T00:00:00Z,9256.2426,1.507985689546806,0.7611203093618307,995.8196335438856,3.67,1.4284999999999997,5.0985,3.569128456422822,-11.33,-11.446172998362234,-11.29256755218601,26.63039417,1727281.139,1015223.294,-0.36125148881058766
7,2024-08-08,0.3986245345,7,2024-08-08T03:00:00Z,6127.7898,1.4700518285660806,0.7280212848304485,871.3792711481553,3.21,1.5419999999999998,4.752,3.0817120622568095,-10.56,-10.691474396384873,-10.500635006285137,26.63039417,1727281.139,1015223.294,0.23429475598778404
7,2024-08-11,0.06936189649999999,7,2024-08-11T22:00:00Z,5757.8829,1.456151510736975,0.6557641327403868,637.0095893429021,2.37,1.9004999999999992,4.270499999999999,2.247040252565115,-9.49,-9.607916732382538,-9.373117328403278,26.63039417,1727281.139,1015223.294,0.040768009013046405
7,2024-08-12,-0.28856112025,7,2024-08-12T08:00:00Z,5723.8137,1.5965371427500548,0.6252866096641284,551.9900742280734,3.27,1.2120000000000002,4.482,3.6980198019801978,-9.96,-10.089668445377551,-9.822884488470685,26.63039417,1727281.139,1015223.294,-0.16960410462777312
7,2024-11-07,-0.37384882449999995,7,2024-11-07T14:00:00Z,15594.879299999997,5.271644286489993,0.14073450419628108,6.302201647465911,4.46,1.1570000000000005,3.3029999999999995,2.854796888504752,-7.34,-7.425112341514533,-7.21033640747456,26.63039417,1727281.139,1015223.294,-0.21973263442606136
9,2023-10-06,-0.2271438595,9,2023-10-06T00:00:00Z,7254.024,12.813985886777258,0.11610604463633172,33.25646146076341,4.65,1.8690000000000009,2.7809999999999997,1.487961476725521,-6.18,-6.258923923515969,-6.351237125658329,29.46536924,2232073.712,5100744.775,-0.51907015807279
9,2023-10-07,0.061248996400000005,9,2023-10-07T00:00:00Z,7254.024,6.05026812883166,0.1122310368863162,31.26694118350178,2.12,0.9230000000000004,1.1969999999999998,1.2968580715059583,-2.66,-2.679197889500431,-2.8306981864187866,29.46536924,2232073.712,5100744.775,0.13996647901083917
9,2023-10-08,0.198459689,9,2023-10-08T00:00:00Z,6936.016,4.370713243287353,0.10992951713176158,30.097646838525097,1.26,0.5940000000000001,0.6659999999999999,1.1212121212121209,-1.48,-1.507641387416763,-1.6908775844183026,29.46536924,2232073.712,5100744.775,0.45352096405805215
9,2023-10-09,0.13349533075,9,2023-10-09T00:00:00Z,5858.8,6.184964901446281,0.10507988622037856,27.741465813198804,1.51,0.6640000000000001,0.8459999999999999,1.274096385542168,-1.88,-1.912523982311293,-2.1319660117286827,29.46536924,2232073.712,5100744.775,0.3050641236215408
9,2023-10-10,0.11621044800000002,9,2023-10-10T00:00:00Z,5540.792,10.338307168327203,0.09989265993683508,25.309757398153963,2.31,0.8880000000000001,1.422,1.601351351351351,-3.16,-3.250152684101614,-3.4225513697131036,29.46536924,2232073.712,5100744.775,0.2655646326775114
9,2023-11-01,-0.3655781904,9,2023-11-01T00:00:00Z,6153.888,2.770318954594121,0.10198304144860028,26.230508309447085,0.66,0.37200000000000005,0.288,0.7741935483870966,-0.64,-0.6561125629596137,-0.8875436216837265,29.46536924,2232073.712,5100744.775,-0.8354209068059466
9,2023-11-02,-0.2526862855,9,2023-11-02T00:00:00Z,4904.774,10.691041143771365,0.0991352720584229,24.92415220361753,2.03,0.7429999999999999,1.287,1.7321668909825034,-2.86,-2.9190495062878847,-3.1585683410672907,29.46536924,2232073.712,5100744.775,-0.5774398235815446
9,2023-11-03,-0.495949482,9,2023-11-03T00:00:00Z,4844.612,11.71032874722413,0.09517513156238425,23.11412041804915,2.25,0.7650000000000001,1.485,1.9411764705882348,-3.3,-3.389831160897105,-3.5852207772775904,29.46536924,2232073.712,5100744.775,-1.133345962266078
9,2023-11-04,-0.658468115,9,2023-11-04T00:00:00Z,5142.564,7.928406153176576,0.09109463097714082,21.342304408932694,1.59,0.6360000000000001,0.954,1.4999999999999996,-2.12,-2.147286795360229,-2.3830156180246633,29.46536924,2232073.712,5100744.775,-1.504734265285926
9,2023-11-06,-0.2725886005,9,2023-11-06T00:00:00Z,4844.612,10.766882613300108,0.08578410899246024,19.12783367190408,1.86,0.7035000000000002,1.1565,1.6439232409381657,-2.57,-2.6477617039106622,-2.854520572948275,29.46536924,2232073.712,5100744.775,-0.6229206823456991
9,2023-11-07,0.1136461468,9,2023-11-07T00:00:00Z,4867.53,10.180502550215426,0.0818327753322173,17.55172117380895,1.63,0.577,1.053,1.824956672443674,-2.34,-2.4240499722260016,-2.623928006974834,29.46536924,2232073.712,5100744.775,0.2597046801691749
9,2023-11-08,0.17978405975,9,2023-11-08T00:00:00Z,4844.612,8.88780358676797,0.07954299802538982,16.68127768802327,1.42,0.5425,0.8775,1.6175115207373272,-1.95,-2.0200761875324367,-2.230592912219028,29.46536924,2232073.712,5100744.775,0.41084333302613635
9,2023-11-09,0.16686516575,9,2023-11-09T00:00:00Z,5053.752,12.678481312749884,0.07499867075491727,14.953373844081348,2.04,0.7125000000000001,1.3275,1.8631578947368417,-2.95,-3.075770119212033,-3.2101567744592865,29.46536924,2232073.712,5100744.775,0.3813210189936691
9,2023-11-10,0.10264718699999999,9,2023-11-10T00:00:00Z,6176.808,7.4644028869219214,0.07174601273444979,13.794967224078492,1.39,0.5845,0.8054999999999999,1.3781009409751923,-1.79,-1.868170098243087,-2.0259106453578126,29.46536924,2232073.712,5100744.775,0.23456980831047836
9,2023-11-11,-0.17122045375,9,2023-11-11T00:00:00Z,6176.808,9.312828736229802,0.07104733709467406,13.53721015706704,1.83,0.7050000000000001,1.125,1.5957446808510636,-2.5,-2.5879007349878806,-2.714314975357095,29.46536924,2232073.712,5100744.775,-0.391273742503734
9,2023-11-12,0.117260663,9,2023-11-12T00:00:00Z,6322.92,5.784941136923268,0.07127337921342505,13.613099301325969,1.04,0.4145000000000001,0.6255,1.5090470446320865,-1.39,-1.4129594445855906,-1.600260633615436,29.46536924,2232073.712,5100744.775,0.26796458866690237
9,2023-12-01,-0.3887190318,9,2023-12-01T12:00:00Z,4904.774,3.0727222486907615,0.0994934167141059,25.07344085204728,0.61,0.28150000000000003,0.32849999999999996,1.16696269982238,-0.73,-0.7602079032286089,-1.0458200506289907,29.46536924,2232073.712,5100744.775,-0.8883024605044535
9,2024-01-01,0.26863475825,9,2024-01-01T00:00:00Z,12207.508,5.845536395585558,0.37603393191634865,285.47579413012915,10.66,5.1835,5.4765,1.0565255136490788,-12.17,-12.28344962364734,-12.456506454999904,29.46536924,2232073.712,5100744.775,0.6138853444491782
9,2024-01-02,0.31457341575,9,2024-01-02T00:00:00Z,10494.274,3.394893145080485,0.3605485789759459,264.35381838260753,5.16,2.2080000000000006,2.9519999999999995,1.33695652173913,-6.56,-6.610516029817181,-6.836204590700012,29.46536924,2232073.712,5100744.775,0.7188645689048441
9,2024-01-03,0.26012882275,9,2024-01-03T00:00:00Z,9967.126,6.135137897872518,0.3401490116616597,237.6378220690046,8.23,3.253000000000001,4.976999999999999,1.5299723332308632,-11.06,-11.191669791324609,-11.394817345173015,29.46536924,2232073.712,5100744.775,0.5944475428098961
9,2024-01-04,0.190041088,9,2024-01-04T00:00:00Z,9119.104,6.309388517861286,0.3278399908314966,222.11852729206657,7.9,3.202000000000001,4.6979999999999995,1.4672079950031225,-10.44,-10.531763077960193,-10.786702579394335,29.46536924,2232073.712,5100744.775,0.4342827396066368
9,2024-01-05,-0.13903897340000002,9,2024-01-05T00:00:00Z,8947.518,1.2763229756975567,0.30461930045072216,194.27305049863944,1.43,1.061,0.36899999999999994,0.3477851083883129,-0.82,-0.914310424230047,-1.256248926027252,29.46536924,2232073.712,5100744.775,-0.3177324804636264
9,2024-01-06,-0.38336832125,9,2024-01-06T00:00:00Z,8268.212,3.827015411467745,0.302015412667189,191.2895221658459,4.13,2.2039999999999997,1.926,0.8738656987295826,-4.28,-4.345312658563237,-4.806648355932828,29.46536924,2232073.712,5100744.775,-0.8760749929554562
9,2024-01-07,-0.5969242736,9,2024-01-07T00:00:00Z,8480.218,4.005822613474837,0.2998841584046802,188.74414485554576,4.15,2.4130000000000003,1.737,0.7198508081226688,-3.86,-3.936351019299178,-4.391529694753711,29.46536924,2232073.712,5100744.775,-1.3640940051696064
9,2024-01-08,0.013267619199999997,9,2024-01-08T00:00:00Z,7721.01,7.4638336324522285,0.28043572935630734,166.93861624626732,6.59,3.5660000000000003,3.0239999999999996,0.8480089736399326,-6.72,-6.824795900449698,-7.319450020114619,29.46536924,2232073.712,5100744.775,0.03031922241064845
9,2024-01-09,0.28523797359999997,9,2024-01-09T00:00:00Z,7655.116,1.158417770493565,0.29165270254782943,182.47924069614265,1.11,0.5745000000000001,0.5355,0.9321148825065272,-1.19,-1.573191712173288,-1.7494723658324456,29.46536924,2232073.712,5100744.775,0.6518270860186485
9,2024-01-10,0.37393396560000003,9,2024-01-10T00:00:00Z,8629.196,5.569673497316462,0.435609240460905,373.6347081489395,8.54,4.1434999999999995,4.3965,1.061059490768674,-9.77,-9.865078222508949,-10.22964839218648,29.46536924,2232073.712,5100744.775,0.8545155614597507
9,2024-01-11,0.1847214472,9,2024-01-11T00:00:00Z,8147.888,5.484975286699347,0.4233706743171063,354.6773305094096,7.8,3.7815,4.0184999999999995,1.0626735422451403,-8.93,-9.035181320308704,-9.360402500976708,29.46536924,2232073.712,5100744.775,0.4221262727885388
9,2024-01-12,-0.1818205264,9,2024-01-12T00:00:00Z,8185.132,5.008995492944467,0.40290358792838776,323.8943537646152,7.11,3.3345,3.7755,1.1322537112010795,-8.39,-8.5747020005094,-8.748222243351314,29.46536924,2232073.712,5100744.775,-0.41549707567298727
9,2024-02-09,0.2669502856,9,2024-02-09T12:14:00Z,6153.89,3.3414064292978436,0.26214009253193327,147.63081525566335,2.42,1.2275,1.1925,0.9714867617107942,-2.65,-2.8254501362776656,-2.8322835537363455,29.46536924,2232073.712,5100744.775,0.6100359800568083
9,2024-02-10,0.36376618039999997,9,2024-02-10T00:00:00Z,6703.956,11.386126880217272,0.2432679466874084,128.69187749266698,7.76,3.9395,3.8205,0.9697931209544356,-8.49,-8.595737637211098,-8.793301554775642,29.46536924,2232073.712,5100744.775,0.8312800934940662
9,2024-02-11,0.16709573960000002,9,2024-02-11T00:00:00Z,6620.874,13.273192411450005,0.2295087335629218,115.7001159614321,8.46,4.185000000000001,4.2749999999999995,1.0215053763440856,-9.5,-9.623860499702053,-9.798579533236133,29.46536924,2232073.712,5100744.775,0.38184792738128925
9,2024-02-12,-0.19438391519999998,9,2024-02-12T00:00:00Z,6658.118,7.840688582881343,0.22201998752482335,108.9005942195324,4.93,2.374,2.5559999999999996,1.0766638584667223,-5.68,-5.886265441450453,-5.974355128088899,29.46536924,2232073.712,5100744.775,-0.4442069876411156
9,2024-03-04,0.26917124175,9,2024-03-04T16:00:00Z,5815.826,12.58794534986662,0.19603191835754297,86.67943727778548,6.07,2.960500000000001,3.1094999999999997,1.0503293362607664,-6.91,-7.09073045327758,-7.497441349827848,29.46536924,2232073.712,5100744.775,0.6151113189296745
9,2024-03-05,-0.19716320880000002,9,2024-03-05T00:00:00Z,5812.96,4.489759788761456,0.19252883005766028,83.87915527303346,2.13,1.104,1.0259999999999998,0.9293478260869564,-2.28,-2.4931169891688336,-2.866218885443957,29.46536924,2232073.712,5100744.775,-0.45055824173822545
9,2024-03-06,-0.43833692075,9,2024-03-06T00:00:00Z,6532.06,9.01531938558002,0.2400358379504637,125.7105101001765,6.38,3.131,3.2489999999999997,1.037687639731715,-7.22,-7.349194032965264,-7.750562608482753,29.46536924,2232073.712,5100744.775,-1.0016894810350025
9,2024-03-07,-0.609059506,9,2024-03-07T00:00:00Z,6875.854,8.747905003057095,0.24034407720330597,125.8613336861224,6.02,3.0725,2.9475,0.9593165174938976,-6.55,-6.708379170925037,-7.086838652123858,29.46536924,2232073.712,5100744.775,-1.3918254922280011
9,2024-03-08,0.1888870806,9,2024-03-08T00:00:00Z,6597.954,10.444791052076548,0.22690778139132012,113.31051057613372,6.44,3.1685000000000008,3.2714999999999996,1.0325074956604068,-7.27,-7.475526718003984,-7.825447675259667,29.46536924,2232073.712,5100744.775,0.43164559676309383
9,2024-03-09,0.24486186100000001,9,2024-03-09T00:00:00Z,6406.002,4.255528379882829,0.21809213876003505,105.38586900435656,2.64,1.2765000000000004,1.3634999999999995,1.0681551116333718,-3.03,-3.2436718461559404,-3.552467843435751,29.46536924,2232073.712,5100744.775,0.559559413910846
9,2024-03-10,0.3520002476,9,2024-03-10T00:00:00Z,7566.304,5.22039256340748,0.2591437360147447,144.50790723880297,4.33,2.3680000000000003,1.962,0.8285472972972971,-4.36,-4.469136784028321,-4.8607839726746,29.46536924,2232073.712,5100744.775,0.8043925315242485
9,2024-03-11,0.1533820282,9,2024-03-11T00:00:00Z,6807.094,4.719561953890639,0.2423314864811547,127.91534430768942,3.06,1.827,1.233,0.6748768472906402,-2.74,-2.8783420600560734,-3.3447082110369273,29.46536924,2232073.712,5100744.775,0.3505092930909679
9,2024-03-12,-0.2166199322,9,2024-03-12T00:00:00Z,5901.776,10.036662305031824,0.2168562461367347,104.34603327915436,5.23,2.696500000000001,2.5334999999999996,0.9395512701650284,-5.63,-5.7971943317365495,-6.28543234859099,29.46536924,2232073.712,5100744.775,-0.4950208325960538
9,2024-04-01,0.26276940575,9,2024-04-01T00:00:00Z,5245.704,15.644000258374753,0.13385475437617528,43.163510981991,4.58,1.7135000000000002,2.8665,1.6728917420484386,-6.37,-6.589721198892629,-6.588960580743133,29.46536924,2232073.712,5100744.775,0.6004818148268966
9,2024-04-02,0.307844993,9,2024-04-02T00:00:00Z,5454.846,16.389353556169745,0.1276371283045596,39.550082275828785,4.79,1.6760000000000002,3.114,1.85799522673031,-6.92,-7.169597386044666,-7.135004765786355,29.46536924,2232073.712,5100744.775,0.7034887473082976
9,2024-04-04,0.3516494605,9,2024-04-04T00:00:00Z,9159.212,2.702087910613104,0.3467218467770268,246.3458965335906,3.56,1.9445000000000003,1.6154999999999995,0.8308048341475955,-3.59,-3.668492236480851,-3.74603332071965,29.46536924,2232073.712,5100744.775,0.803590911283016
9,2024-04-05,-0.2254290418,9,2024-04-05T00:00:00Z,8182.996,4.113780954661929,0.3032424984546938,192.83590389354617,4.16,2.202500000000001,1.9574999999999996,0.8887627695800223,-4.35,-4.433227794581791,-4.544356851803689,29.46536924,2232073.712,5100744.775,-0.5151514490371842
9,2024-04-06,-0.35312591466666665,9,2024-04-06T00:00:00Z,7506.142,4.60952164378756,0.2642017953732878,149.83501886058957,3.68,1.9610000000000003,1.719,0.876593574706782,-3.82,-3.9093386329119113,-4.03826036008343,29.46536924,2232073.712,5100744.775,-0.8069649109119994
9,2024-04-07,-0.6483422050000001,9,2024-04-07T00:00:00Z,6638.576,5.197047832810169,0.22878363741575972,115.17419837286188,3.22,1.6000000000000003,1.62,1.0124999999999995,-3.6,-3.666686999521005,-3.832326151638678,29.46536924,2232073.712,5100744.775,-1.4815944907135439
9,2024-04-08,0.2000133432,9,2024-04-08T00:00:00Z,6196.864,2.3142951743354927,0.2014795108378097,91.24456142779924,1.2,0.5025000000000001,0.6974999999999999,1.3880597014925369,-1.55,-1.5950798482144075,-1.759780406504082,29.46536924,2232073.712,5100744.775,0.4570713815465974
9,2024-05-06,-0.334799379,9,2024-05-06T00:00:00Z,9327.232,2.2881532430477276,0.0515578094792553,7.6983338549690705,0.48,0.1875,0.2925,1.5599999999999998,-0.65,-0.677136321261611,-0.6493015079825253,29.46536924,2232073.712,5100744.775,-0.7650850300894968
9,2024-08-01,0.27320770775,9,2024-08-01T00:00:00Z,10529.38,1.4210274717723697,0.06644429758556498,12.308460959358817,0.46,0.24850000000000003,0.21149999999999997,0.8511066398390339,-0.47,-0.4978476255462,-0.47968786677230674,29.46536924,2232073.712,5100744.775,0.6243354689872086
9,2024-08-05,-0.2380600992,9,2024-08-05T00:00:00Z,9408.806,0.19630563256247016,0.6461660062714063,858.5410026427375,0.46,0.7369999999999999,1.1969999999999998,1.6241519674355496,-2.66,-2.693126402314367,-2.682156808291443,29.46536924,2232073.712,5100744.775,-0.5440159975910248
9,2024-09-04,0.2683243175,9,2024-09-04T00:00:00Z,10950.67,3.9786650498408234,0.15096643632681217,53.748396616201255,2.93,1.6430000000000002,1.287,0.7833231892878878,-2.86,-2.8684874618932725,-3.2073887321423977,29.46536924,2232073.712,5100744.775,0.6131759238664275
9,2024-09-05,-0.2758540478,9,2024-09-05T00:00:00Z,10761.52,6.303933820851537,0.14873243564668945,52.295786784874245,4.55,2.453,2.097,0.8548715858132899,-4.66,-4.675472150467158,-5.019595989836357,29.46536924,2232073.712,5100744.775,-0.6303828970404766
9,2024-09-09,0.31167286580000003,9,2024-09-09T16:00:00Z,3762.948,8.160236355970754,0.20280934304292855,92.28743348447634,2.57,1.4305,4.0005,2.7965746242572527,-8.89,-8.97845363419908,-9.239307008954638,29.46536924,2232073.712,5100744.775,0.7122362192573622
9,2024-10-01,0.37044911925,9,2024-10-01T00:00:00Z,12838.836,5.158342882132208,0.2409722981567176,126.47501151125172,7.51,4.009,3.501,0.8732851085058617,-7.78,-7.8603568150900625,-8.050056560621783,29.46536924,2232073.712,5100744.775,0.846551975080019
9,2024-10-02,0.28325043625,9,2024-10-02T00:00:00Z,14030.102,4.660064340014134,0.22388997232539895,110.60322860367758,7.09,4.250500000000001,2.8394999999999997,0.6680390542289141,-6.31,-6.381442748454148,-6.5921831229109005,29.46536924,2232073.712,5100744.775,0.6472851568257968
9,2024-10-04,0.25822434475,9,2024-10-04T00:00:00Z,19150.458,5.014806908214673,0.19368252554686924,84.84937631232819,8.18,5.6690000000000005,2.5109999999999997,0.4429352619509613,-5.58,-5.655527311727146,-5.917407193789956,29.46536924,2232073.712,5100744.775,0.5900954212131151
9,2024-10-05,-0.2380504118,9,2024-10-05T20:00:00Z,16445.526,8.274660364977445,0.1849931142286524,77.95793227089864,11.47,7.438000000000001,4.032,0.5420812046248992,-8.96,-9.03102581394387,-9.307165647453392,29.46536924,2232073.712,5100744.775,-0.5439938599014549
9,2024-10-06,-0.382315092,9,2024-10-06T00:00:00Z,17058.902,0.860968324012538,0.27722710551481705,169.6216123858441,1.88,1.1915,0.6884999999999999,0.5778430549727234,-1.53,-1.5901758856715031,-1.8550808431946988,29.46536924,2232073.712,5100744.775,-0.8736681487885578
9,2024-10-07,-0.4764300268,9,2024-10-07T00:00:00Z,18094.718,4.6884907636733395,0.35110471539124877,251.79025663196256,13.66,8.9845,4.6754999999999995,0.5203962379653847,-10.39,-10.491850861014989,-10.672623210426671,29.46536924,2232073.712,5100744.775,-1.0887400164198566
9,2024-10-08,0.4018211048,9,2024-10-08T00:00:00Z,19155.74,3.242551883887193,0.3299477601985506,224.86966230355168,7.41,4.525500000000001,2.8844999999999996,0.6373881339078553,-6.41,-6.491051658610078,-6.715070401197108,29.46536924,2232073.712,5100744.775,0.918243376002507
9,2024-10-09,0.310781614,9,2024-10-09T00:00:00Z,12906.69,1.7608403684932918,0.3368904824173285,235.57507873660936,3.27,1.7085,1.5615,0.9139596136962246,-3.47,-3.9010755500348298,-3.8043858804861146,29.46536924,2232073.712,5100744.775,0.7101995266796847
9,2024-10-10,0.4841013168,9,2024-10-10T00:00:00Z,11958.784,3.979245048311136,0.4800690831684693,446.6192541014642,10.38,4.7505000000000015,5.629499999999999,1.185033154404799,-12.51,-12.617059531368035,-12.806468307623634,29.46536924,2232073.712,5100744.775,1.1062704824500078
9,2024-10-11,0.14299143,9,2024-10-11T00:00:00Z,12913.508,4.430423620542955,0.4568571996234902,407.6595755209415,12.18,6.0285,6.1514999999999995,1.0204030853446129,-13.67,-13.820807693713242,-13.90933375862364,29.46536924,2232073.712,5100744.775,0.3267646518666039
9,2024-10-12,-0.2732759938,9,2024-10-12T00:00:00Z,14267.292,4.277298407541309,0.44247563676945534,384.48460280046294,12.36,6.384,5.975999999999999,0.9360902255639096,-13.28,-13.391408981706292,-13.479467032534192,29.46536924,2232073.712,5100744.775,-0.6244915165724072
9,2024-11-01,0.34851789625,9,2024-11-01T04:00:00Z,7855.29,5.616583233895493,0.14022503226824634,46.98377310481165,2.71,1.2295,1.4805,1.2041480276535177,-3.29,-3.306813260658437,-3.5234455278800616,29.46536924,2232073.712,5100744.775,0.7964346467296147
9,2024-11-02,0.2774459975,9,2024-11-02T00:00:00Z,7786.484,14.454883007977656,0.135052484044362,43.84371148521345,6.66,2.8350000000000004,3.825,1.3492063492063489,-8.5,-8.56960193051519,-8.730572656891297,29.46536924,2232073.712,5100744.775,0.6340208275759613
9,2024-11-04,0.277413706,9,2024-11-04T00:00:00Z,7614.474,18.80070518630843,0.12462812607443392,37.85382430051158,7.8,3.1335000000000006,4.666499999999999,1.4892292963140252,-10.37,-10.44728962817178,-10.572300809453427,29.46536924,2232073.712,5100744.775,0.6339470348965277
9,2024-11-05,-0.2539749324,9,2024-11-05T00:00:00Z,7637.406,10.05985079483267,0.11968749119316412,35.168486787100086,2.84,0.5044999999999997,2.3355,4.629335976214076,-5.19,-5.21938248115912,-5.382551092339097,29.46536924,2232073.712,5100744.775,-0.5803846452093686
9,2024-11-06,-0.4131874545,9,2024-11-06T12:00:00Z,2528.6,2.4978174641445245,0.11823436328690826,34.38751961056194,0.29,0.2814999999999999,0.5714999999999999,2.030195381882771,-1.27,-1.298557995416199,-1.4434818372492622,29.46536924,2232073.712,5100744.775,-0.944217808894846
9,2024-11-07,-0.49712286159999997,9,2024-11-07T14:00:00Z,8524.22,2.3593426677772147,0.1258170489068251,38.56322863163699,1.11,0.5160000000000001,0.594,1.151162790697674,-1.32,-1.364018433269994,-1.481507965277462,29.46536924,2232073.712,5100744.775,-1.1360273745472291
9,2024-11-08,0.384998874,9,2024-11-08T14:00:00Z,8692.3,14.159598688306064,0.13201412569491788,42.05087844288383,7.12,3.1195000000000004,4.0005,1.2824170540150663,-8.89,-8.938415900120361,-9.03680336649471,29.46536924,2232073.712,5100744.775,0.8798011393525087
9,2024-11-09,0.3143994622,9,2024-11-09T12:00:00Z,3411.604,9.394478432359636,0.1277927157369467,39.63230000629394,1.71,0.738,2.448,3.317073170731707,-5.44,-5.458508129537894,-5.591450502013913,29.46536924,2232073.712,5100744.775,0.718467049478633
9,2024-11-11,0.15640424060000002,9,2024-11-11T14:00:00Z,5682.164,16.98212059244915,0.13139177596537013,41.68981874189844,4.77,0.2160000000000002,4.553999999999999,21.08333333333331,-10.12,-10.16753114049417,-10.265032631662134,29.46536924,2232073.712,5100744.775,0.35741566631034855
9,2024-11-12,-0.155424091,9,2024-11-12T14:00:00Z,3440.274,4.385606216649226,0.12533267293807332,38.269868530889454,0.7,0.35749999999999993,1.0575,2.9580419580419584,-2.35,-2.361008264564119,-2.4804789374607665,29.46536924,2232073.712,5100744.775,-0.35517582408469067
9,2024-12-01,0.334072484,9,2024-12-01T00:00:00Z,4059.522,6.888148128188335,0.05284360750539672,7.898052226556051,0.53,0.23750000000000004,0.2925,1.2315789473684209,-0.65,-0.6569766791129142,-0.7560884656382965,29.46536924,2232073.712,5100744.775,0.7634239264022439
9,2024-12-02,0.2748142215,9,2024-12-02T00:00:00Z,3681.092,7.894645024287023,0.0495674645894746,7.029211755593576,0.53,0.23750000000000004,0.2925,1.2315789473684209,-0.65,-0.6592620752920282,-0.7643607007946812,29.46536924,2232073.712,5100744.775,0.6280066813545349
9,2024-12-04,0.28850958525,9,2024-12-04T00:00:00Z,3425.938,8.822765746830026,0.04393696090422475,5.630826347243554,0.49,0.22000000000000003,0.26999999999999996,1.2272727272727268,-0.6,-0.6063929746358436,-0.7170496760764006,29.46536924,2232073.712,5100744.775,0.6593033875134652
9,2024-12-06,-0.4421281845,9,2024-12-06T00:00:00Z,4059.522,9.098694688162368,0.04365514215876915,5.55950780790184,0.69,0.2625,0.42749999999999994,1.6285714285714283,-0.95,-0.962324419845685,-1.042029220375595,29.46536924,2232073.712,5100744.775,-1.010353293820169
9,2024-12-07,-0.5400259495999999,9,2024-12-07T00:00:00Z,4082.458,5.3017533762464355,0.04350249033831408,5.536212696934742,0.34,0.16900000000000004,0.171,1.0118343195266268,-0.38,-0.3923029621839647,-0.4862860175404075,29.46536924,2232073.712,5100744.775,-1.2340697020791818
9,2024-12-08,0.373453406,9,2024-12-08T00:00:00Z,3807.236,12.633924642682992,0.0400913092735277,4.761779568666393,0.73,0.2575,0.4725,1.8349514563106797,-1.05,-1.055172093252933,-1.1507143656432977,29.46536924,2232073.712,5100744.775,0.8534173845242857
9,2024-12-09,0.3374912794,9,2024-12-09T00:00:00Z,3956.314,6.399030905486604,0.03835342700988441,4.390966531770791,0.42,0.1365,0.2835,2.0769230769230766,-0.63,-0.6474788340698664,-0.7245812156844031,29.46536924,2232073.712,5100744.775,0.7712365728572388
9,2024-12-10,0.4186271894,9,2024-12-10T00:00:00Z,4822.116,7.435742678702865,0.03737293262465294,4.194564845236631,0.58,0.16149999999999998,0.4185,2.591331269349846,-0.93,-0.9488193427022792,-1.0046518705337597,29.46536924,2232073.712,5100744.775,0.9566487152844464
9,2024-12-11,0.1470273092,9,2024-12-11T00:00:00Z,5687.918,1.8246905002444311,0.05377419648778689,8.444356883069695,0.27,0.12150000000000002,0.1485,1.222222222222222,-0.33,-0.3361706340619965,-0.3877891552294844,29.46536924,2232073.712,5100744.775,0.33598746096616794
9,2024-12-12,-0.1044348604,9,2024-12-12T00:00:00Z,5940.204,3.728359885137507,0.06597459967647219,11.843132353472518,0.48,0.2415,0.2385,0.9875776397515528,-0.53,-0.5450216296277428,-0.6113493860042103,29.46536924,2232073.712,5100744.775,-0.23865500751578872
9,2025-01-03,0.2591042758,9,2025-01-03T16:00:00Z,5057.202,10.56377395756043,0.05009587473720411,7.16991722763458,1.04,0.3560000000000001,0.6839999999999999,1.921348314606741,-1.52,-1.541689391492189,-1.6149202263174076,29.46536924,2232073.712,5100744.775,0.5921062435625375
9,2025-01-04,0.2959420956,9,2025-01-04T00:00:00Z,4759.044,5.480710326864641,0.0494793962315198,6.995455755166853,0.51,0.213,0.297,1.3943661971830985,-0.66,-0.6749852763863888,-0.7586324085684156,29.46536924,2232073.712,5100744.775,0.6762881932253367
9,2025-01-05,-0.3311873974,9,2025-01-05T00:00:00Z,4529.692,12.055579291112116,0.0456660363320727,6.046191363566507,0.97,0.32200000000000006,0.6479999999999999,2.0124223602484466,-1.44,-1.4566408614175623,-1.538606950555936,29.46536924,2232073.712,5100744.775,-0.7568309136709634
9,2025-01-06,-0.360783846,9,2025-01-06T00:00:00Z,4695.972,3.942394570729383,0.04598014680877825,6.1143574051295015,0.37,0.10450000000000004,0.26549999999999996,2.5406698564593286,-0.59,-0.6246997289500866,-0.6814733642475752,29.46536924,2232073.712,5100744.775,-0.8244648496576644
9,2025-01-08,-0.2142246916,9,2025-01-08T00:00:00Z,4506.758,5.593068234427171,0.04466499266331864,5.799484227178861,0.43,0.1825,0.2475,1.356164383561644,-0.55,-0.5665355811291383,-0.6602703026316767,29.46536924,2232073.712,5100744.775,-0.4895472181228244
9,2025-01-10,-0.125843691,9,2025-01-10T00:00:00Z,3956.314,10.279469974589828,0.04147398249341964,5.063059915092842,0.71,0.2285,0.4815,2.1072210065645516,-1.07,-1.0960612992433096,-1.1852444823684325,29.46536924,2232073.712,5100744.775,-0.28757856243009444
9,2025-01-11,-0.4150478492,9,2025-01-11T00:00:00Z,4716.04,4.867271474714018,0.0518044008815289,7.641313278179489,0.55,0.19000000000000009,0.36,1.8947368421052624,-0.8,-0.8093028376681884,-0.8889997350117693,29.46536924,2232073.712,5100744.775,-0.948469191138383
9,2025-03-01,-0.1925695632,9,2025-03-01T00:00:00Z,5266.484,11.819873826080997,0.12482774768579856,37.98444326788084,3.06,1.6605000000000003,1.3994999999999995,0.8428184281842815,-3.11,-3.286481470510828,-3.724408848051142,29.46536924,2232073.712,5100744.775,-0.440060822380418
9,2025-03-02,0.26334329959999997,9,2025-03-02T00:00:00Z,5286.552,5.456812820035026,0.11890661841929752,34.744598532286886,1.34,0.8900000000000001,0.45,0.5056179775280898,-1,-1.0528611198214266,-1.5936847117857948,29.46536924,2232073.712,5100744.775,0.6017932796056152
9,2025-03-03,0.243039433,9,2025-03-03T00:00:00Z,4822.116,10.329306729307635,0.11229562034881624,31.306206545650728,2.11,1.2325,0.8775,0.7119675456389453,-1.95,-2.084797208776227,-2.592320606101741,29.46536924,2232073.712,5100744.775,0.555394793339026
9,2025-03-04,0.2926547972,9,2025-03-04T00:00:00Z,4544.026,11.869647902536371,0.10607799427720062,28.208729993766525,2.36,1.181,1.1789999999999998,0.998306519898391,-2.62,-2.8227933410323525,-3.2331022249213976,29.46536924,2232073.712,5100744.775,0.6687760442996448
9,2025-03-05,-0.27719237475,9,2025-03-05T00:00:00Z,4988.396,9.287722718574775,0.10559655392038052,27.959255741776868,2.12,1.0040000000000002,1.116,1.1115537848605574,-2.48,-2.544688717086951,-3.0034238255072885,29.46536924,2232073.712,5100744.775,-0.6334412477395391
9,2025-03-06,-0.4093212535,9,2025-03-06T00:00:00Z,5183.344,5.1841812045565305,0.11079258703971943,30.517641819370283,1.12,0.7285000000000001,0.3915,0.5374056280027452,-0.87,-0.9369816292324252,-1.4289700357122397,29.46536924,2232073.712,5100744.775,-0.9353827491726562
9,2025-03-08,-0.2632344394,9,2025-03-08T00:00:00Z,4377.748,4.733714984262191,0.10429607783457992,27.32877158827088,0.87,0.573,0.297,0.518324607329843,-0.66,-0.7257287136882181,-1.2861694989334953,29.46536924,2232073.712,5100744.775,-0.6015445117923616
9,2025-03-10,-0.1620515288,9,2025-03-10T00:00:00Z,5776.792,1.962644031770319,0.24438347922150383,132.80419048522853,1.54,0.7615000000000001,0.7785,1.0223243598161522,-1.73,-1.802980206321647,-2.16317991900676,29.46536924,2232073.712,5100744.775,-0.370320874424313
9,2025-03-11,-0.4173216945,9,2025-03-11T00:00:00Z,8230.852,6.562420067793927,0.27025209156478913,156.0480985275671,6.05,3.2870000000000004,2.7629999999999995,0.8405841192576815,-6.14,-6.25731735113546,-6.55210811047933,29.46536924,2232073.712,5100744.775,-0.953665392532082
9,2025-04-02,0.2571949538,9,2025-04-02T00:00:00Z,8371.334,12.368095397128728,0.1945044968877815,85.47737667251708,8.97,4.668000000000001,4.302,0.92159383033419,-9.56,-9.739472045346046,-9.774957762739657,29.46536924,2232073.712,5100744.775,0.5877430524354101
9,2025-04-04,0.281402597,9,2025-04-04T00:00:00Z,8351.294,4.501547442265586,0.16131153277458066,60.74617304281074,2.59,1.366,1.224,0.8960468521229868,-2.72,-2.7425249177088116,-2.916166172846743,29.46536924,2232073.712,5100744.775,0.6430624663524467
9,2025-04-05,-0.19588326325,9,2025-04-05T00:00:00Z,7912.922,6.467991975287625,0.1441059112421255,49.42867391963627,3.15,1.5705000000000002,1.5794999999999997,1.0057306590257875,-3.51,-3.5540194429285874,-3.704764747692276,29.46536924,2232073.712,5100744.775,-0.4476333044741253
9,2025-04-06,-0.428399796,9,2025-04-06T00:00:00Z,7631.674,5.127842868337891,0.13092794928014095,41.48161442657793,2.16,1.0485000000000002,1.1115,1.060085836909871,-2.47,-2.501540732342527,-2.663873270826834,29.46536924,2232073.712,5100744.775,-0.9789811193556435
9,2025-04-08,-0.2700846898,9,2025-04-08T00:00:00Z,6935.02,3.1541624698517596,0.11464117428234848,32.50734005169059,1.05,0.5640000000000001,0.486,0.8617021276595743,-1.08,-1.1064831028952953,-1.2758286004251012,29.46536924,2232073.712,5100744.775,-0.6171987344765816
9,2025-04-10,-0.1775556696,9,2025-04-10T00:00:00Z,5897.204,17.585912184853623,0.09286186936010248,22.122945558092816,4,1.5970000000000004,2.4029999999999996,1.5046963055729483,-5.34,-5.5253702853759705,-5.55643595387887,29.46536924,2232073.712,5100744.775,-0.40575100594340335
9,2025-04-11,-0.45164193350000004,9,2025-04-11T00:00:00Z,6046.282,8.437743673563723,0.08700825916803338,19.670756975323165,1.79,0.7370000000000001,1.053,1.42876526458616,-2.34,-2.446861073578197,-2.548146147922548,29.46536924,2232073.712,5100744.775,-1.0320941553524388
