OID_,Basin_Name,Shape_Area,AREA,PERCENTAGE
0,13,956593.4896,954615.6641,23.59942857
1,14,4743739.635,4713910.924,18.23987661
2,15,698833.7356,697790.5766,12.96774002
3,5,3024893.784,2973511.319,15.51198516
4,6,3589186.105,2594425.121,21.37571224
5,6a,1979239.191,1979074.843,29.32494357
6,7,1745937.102,1727281.139,26.63039417
7,9,2234231.439,2232073.712,29.46536924
,5a,3024893.784,2973511.319,15.51198516
,3,3589186.105,2594425.121,21.37571224
