ID,day,Q_mine,Q_matt,Q_source,ratio
13,2021-04-13,166.45102846138374,1.432662254956613,advisor_summarized,116.18302072628038
13,2021-04-14,163.58513366002518,4.786389631319914,advisor_summarized,34.17714525152736
13,2021-04-15,157.39493856670586,0.7347482158902863,advisor_summarized,214.21615617806185
13,2021-04-17,205.34032696052535,0.04730433459316696,advisor_summarized,4340.835332037129
13,2021-04-18,241.6748139843834,9.710332578709542,advisor_summarized,24.88841777822
13,2021-04-19,254.35802276730777,21.597862202586587,advisor_summarized,11.776999981824384
13,2021-04-20,233.57385491141528,20.417425055971233,advisor_summarized,11.439927134352567
13,2021-04-21,219.53211995483196,19.933116108190227,advisor_summarized,11.01343707442859
13,2021-04-22,206.62471200616082,35.643914687414046,advisor_summarized,5.796914110534568
13,2021-04-23,195.3763760482025,29.558918763724265,advisor_summarized,6.609726749815193
13,2021-04-24,186.58068792693945,19.700455166294365,advisor_summarized,9.470882086326693
13,2021-04-25,191.73226401920186,22.57513133221369,advisor_summarized,8.493074135325566
13,2021-04-26,181.13594551861408,24.110703090899843,advisor_summarized,7.51267786906557
13,2021-04-27,172.35945734664534,12.55512570607656,advisor_summarized,13.728214386832068
13,2021-04-28,165.3773509211507,6.561383524388016,advisor_summarized,25.20464629242589
13,2021-04-29,160.2675778545779,10.034307129553763,advisor_summarized,15.971962566557913
13,2021-04-30,155.57364526542597,9.045240736952236,advisor_summarized,17.199503008235688
13,2021-05-01,150.86332505993315,7.450044798820069,advisor_summarized,20.249988977761145
13,2021-05-02,166.63897837956642,9.900318459972349,advisor_summarized,16.831678602390316
13,2021-05-03,175.09768256667627,8.829167943699943,advisor_summarized,19.831730881460615
13,2021-05-04,163.05204615425293,5.209595394010682,advisor_summarized,31.29840876735054
13,2021-05-05,157.92161826156826,4.514211264050852,advisor_summarized,34.98321390476006
13,2021-05-06,162.0245695800658,1.0405062431437553,advisor_summarized,155.7170566228699
13,2021-05-07,161.73618477544818,1.538331958760795,advisor_summarized,105.13737548931567
13,2021-05-08,153.30638679756453,12.611569902531706,advisor_summarized,12.156011343741518
13,2021-05-09,147.24700248722792,10.761258046504146,advisor_summarized,13.68306585074985
13,2021-05-10,142.85322965007057,0.828914771646608,advisor_summarized,172.3376570624963
13,2021-05-11,142.28881724560412,0.19180791355385504,advisor_summarized,741.8297535761102
13,2021-05-12,143.39704450184277,0.3267824152020104,advisor_summarized,438.81505806607606
13,2021-05-13,140.35428238514487,2.9182361384188056,advisor_summarized,48.095587789271
13,2021-05-14,139.48152154521924,4.807362113242299,advisor_summarized,29.01414918610046
13,2021-05-15,135.74660296495983,5.4223668364296715,advisor_summarized,25.034566465138212
13,2021-05-16,133.57300319343864,6.980270194715079,advisor_summarized,19.135792665242356
13,2021-05-17,131.20894710105375,5.415649872606461,advisor_summarized,24.22773816393435
13,2021-05-18,128.4632448153982,3.829542900685716,advisor_summarized,33.54532072023417
13,2021-05-19,127.23597185015468,2.804973411994778,advisor_summarized,45.36084773782931
13,2021-05-20,127.20403467470847,5.424827567539688,advisor_summarized,23.448493632471177
13,2021-05-21,125.7129425134929,6.402868476885452,advisor_summarized,19.63384738688924
13,2021-05-22,124.79393999128963,2.565405391573417,advisor_summarized,48.64491998075629
13,2021-05-23,122.8658318539928,1.1626123711397292,advisor_summarized,105.68082269204248
13,2021-05-24,122.08215533483566,0.890012020456354,advisor_summarized,137.16910842646595
13,2021-05-25,121.27074403245518,0.7371417414752441,advisor_summarized,164.51482423143702
13,2021-05-26,120.45889579665644,0.9696365723807808,advisor_summarized,124.23097398326232
13,2021-05-27,120.49286293987038,0.00226815089255826,advisor_summarized,53123.830224525234
13,2021-05-31,125.50083062892867,0.2009147503800662,advisor_summarized,624.6471719548783
13,2021-06-01,116.10306714260265,0.0039859545813238,advisor_summarized,29128.045684866524
13,2021-06-10,117.05509030877552,5.803417788967364e-7,advisor_summarized,201700264.50844893
13,2021-06-11,117.70017594611012,2.8030736705174744e-7,advisor_summarized,419896833.90797764
13,2021-06-12,119.08489154497383,0.00748694903328344,advisor_summarized,15905.663443891315
13,2021-06-13,139.93285124064894,0.21541479062930283,advisor_summarized,649.5972297531454
13,2021-06-15,144.67894128832006,0.33952509179022083,advisor_summarized,426.1214996672808
13,2021-06-16,159.75227341869427,0.9716224956017036,advisor_summarized,164.4180472784992
13,2021-06-17,156.23490416509892,2.019410882138987,advisor_summarized,77.36657534479205
13,2021-06-18,150.94470476326111,2.8342192845132708,advisor_summarized,53.25794852503211
13,2021-06-19,146.76516226350404,1.7696886821792324,advisor_summarized,82.93275746261443
13,2021-06-20,164.64162155796026,3.9851209014793234,advisor_summarized,41.31408447278058
13,2021-06-21,191.81119365669025,10.871666516763275,advisor_summarized,17.643219037387883
13,2021-06-22,337.04051128389676,137.09682990044612,advisor_summarized,2.4584121421964404
13,2021-06-23,427.53688397158237,242.7018725925591,advisor_summarized,1.7615722507807714
13,2021-06-24,369.71490287821103,202.60872677549656,advisor_summarized,1.8247728454849765
13,2021-06-25,370.7458881987419,229.80703169371645,advisor_summarized,1.613292184604981
13,2021-06-26,379.444723475772,261.34008545980447,advisor_summarized,1.4519193364774983
13,2021-06-27,346.3007900738758,216.631407521242,advisor_summarized,1.5985714815609964
13,2021-06-28,315.70084868787114,166.24449858422403,advisor_summarized,1.899015314049195
13,2021-06-29,290.98456584268416,143.62165223807415,advisor_summarized,2.0260494243607097
13,2021-06-30,275.0637252028466,115.23196342023022,advisor_summarized,2.3870436382285596
13,2021-07-01,265.1432948929113,73.16232870575844,advisor_summarized,3.6240412187979256
13,2021-07-02,259.7001110347067,40.742557657337485,advisor_summarized,6.374173001579745
13,2021-07-03,269.51371927092714,49.00436569178739,advisor_summarized,5.499789977203903
13,2021-07-04,261.4364590015435,53.77582711881457,advisor_summarized,4.861598101018787
13,2021-07-05,252.25518431725158,53.100064530228906,advisor_summarized,4.750562669724201
13,2021-07-06,240.27581618341026,53.42047025136066,advisor_summarized,4.497822932910072
13,2021-07-07,469.4673784438961,501.18647657813943,advisor_summarized,0.9367119832306607
13,2021-07-08,651.5115796866622,647.8645744188315,advisor_summarized,1.0056292710110015
13,2021-07-09,422.5882177096333,266.1169485122918,advisor_summarized,1.587979345442232
13,2021-07-10,331.2947291714637,142.45791850478773,advisor_summarized,2.325562051226584
13,2021-07-11,292.2951835249227,93.746908700463,advisor_summarized,3.117918100732842
13,2021-07-12,269.5758927848988,80.68605025167919,advisor_summarized,3.3410470824142067
13,2021-07-13,249.6110263809335,61.49349640572465,advisor_summarized,4.059145128682199
13,2021-07-14,236.13615561109785,57.9290835142155,advisor_summarized,4.076297108224598
13,2021-07-15,214.4025218427953,46.546499252453394,advisor_summarized,4.606200794606363
13,2021-07-16,199.18255291387698,41.61742382137614,advisor_summarized,4.786037544485633
13,2021-07-17,186.77700877043225,34.83751246090528,advisor_summarized,5.361376159679419
13,2021-07-18,178.81783335696164,24.846976863847654,advisor_summarized,7.196764191346817
13,2021-07-19,179.70337254115518,13.79682495940784,advisor_summarized,13.024980245083
13,2021-07-20,182.62502027193713,10.333236701441187,advisor_summarized,17.673554332348374
13,2021-07-21,176.1539822779951,33.32218065202931,advisor_summarized,5.286388190421968
13,2021-07-22,170.95665080288265,25.10462040180709,advisor_summarized,6.809768403850344
13,2021-07-23,167.85484628872734,10.884572630732633,advisor_summarized,15.421353872433038
13,2021-07-24,175.7127017304026,12.418614701702236,advisor_summarized,14.149138688256222
13,2021-07-25,165.59673245198786,6.019622994323497,advisor_summarized,27.509485661833892
13,2021-07-26,160.70492210871043,1.2538510523043165,advisor_summarized,128.16906905598424
13,2021-07-27,252.9420446538149,71.63852645851281,advisor_summarized,3.530810265902081
13,2021-07-28,383.80936968642624,177.16112520382566,advisor_summarized,2.1664423797537395
13,2021-07-29,364.1429737932158,169.19621096231393,advisor_summarized,2.152193431059301
13,2021-07-30,354.25940763651784,178.56331456677188,advisor_summarized,1.9839428300041229
13,2021-07-31,343.8934572146103,155.4428346483048,advisor_summarized,2.212346796124003
13,2021-08-01,282.10178408926174,80.84501460405774,advisor_summarized,3.4894147211286746
13,2021-08-02,263.2338057119975,73.7141252346088,advisor_summarized,3.5710090145437845
13,2021-08-03,279.3284696133241,90.88619922358728,advisor_summarized,3.0733870708593924
13,2021-08-04,274.27814239960605,80.38825591391893,advisor_summarized,3.4119180629233656
13,2021-08-05,305.3653084016452,115.22163833933196,advisor_summarized,2.650242721790964
13,2021-08-06,285.3175904356999,120.34609399713754,advisor_summarized,2.3708088975657677
13,2021-08-07,267.1176459389627,106.85564705516992,advisor_summarized,2.499799058827925
13,2021-08-08,251.04368780242697,99.33283817786683,advisor_summarized,2.52729804571681
13,2021-08-09,231.9428153445537,93.10012630029142,advisor_summarized,2.4913265380159606
13,2021-08-10,218.32773052768113,77.861477723083,advisor_summarized,2.804053261154009
13,2021-08-11,203.08973292620217,57.17519922253572,advisor_summarized,3.5520599086282494
13,2021-08-12,191.84326595701557,45.41583734074134,advisor_summarized,4.224149045577942
13,2021-08-13,183.35935335599706,36.97011255500648,advisor_summarized,4.959664460939451
13,2021-08-14,186.0500946385175,37.076789067814055,advisor_summarized,5.017966747288413
13,2021-08-15,186.54078971985484,32.12903459012302,advisor_summarized,5.805988013633017
13,2021-08-16,179.55350999316374,18.869583956782108,advisor_summarized,9.515499144252653
13,2021-08-17,175.53618598099968,25.24237144197856,advisor_summarized,6.954029116657382
13,2021-08-18,170.30361915830358,32.25776868138083,advisor_summarized,5.279460611192328
13,2021-08-19,164.87728835677973,19.80042156951189,advisor_summarized,8.326958483078611
13,2021-08-20,161.1808361065957,5.406150870367786,advisor_summarized,29.814342953331305
13,2021-08-21,156.20666242118506,4.0452772838744755,advisor_summarized,38.61457483863104
13,2021-08-22,156.35175943385536,5.928627031687733,advisor_summarized,26.372338586687228
13,2021-08-23,158.4350116623236,4.228469336208631,advisor_summarized,37.46864386732932
13,2021-08-24,158.72681013880677,4.345328143733108,advisor_summarized,36.5281527397936
13,2021-08-25,161.26916149586313,8.565567991287379,advisor_summarized,18.82760859056877
13,2021-08-26,158.8794378228486,7.697890508698246,advisor_summarized,20.639347577537308
13,2021-08-27,156.41811073209925,6.121535632429257,advisor_summarized,25.552103283278058
13,2021-08-28,153.8907330311186,7.867230083018225,advisor_summarized,19.560980345966843
13,2021-08-29,150.64623687916355,11.000527726105624,advisor_summarized,13.69445545068363
13,2021-08-30,145.43149996417645,9.45794298203097,advisor_summarized,15.376652221363566
13,2021-08-31,144.2735550035591,2.3460570058125945,advisor_summarized,61.49618472445755
13,2021-09-01,162.2473651297502,1.2282467799261227,advisor_summarized,132.09671523788495
13,2021-09-02,159.42808974974696,2.3675615543011697,advisor_summarized,67.33851944001734
13,2021-09-03,154.9671340414791,10.840683435507009,advisor_summarized,14.294959811657986
13,2021-09-04,149.90299484332766,10.056617096499936,advisor_summarized,14.905906569267641
13,2021-09-05,144.5800804446857,4.878271489061189,advisor_summarized,29.637563380571464
13,2021-09-06,140.14429052395295,3.950642605659336,advisor_summarized,35.47379616753862
13,2021-09-07,137.47493922686397,2.478449888567767,advisor_summarized,55.46811329976384
13,2021-09-08,156.07576159293308,5.630196157747967,advisor_summarized,27.72119429234276
13,2021-09-09,181.34991664217173,8.659668887364322,advisor_summarized,20.9418996269923
13,2021-09-10,172.09800162262482,12.213804147010729,advisor_summarized,14.090450407684408
13,2021-09-11,164.15287365151596,18.24691503803155,advisor_summarized,8.996198716844825
13,2021-09-12,156.46499302980197,20.79157390094696,advisor_summarized,7.525403982171629
13,2021-09-13,151.0407877046785,21.4455738767127,advisor_summarized,7.04298185597591
13,2021-09-14,154.8541778261488,23.647917296518234,advisor_summarized,6.548322031257634
13,2021-09-15,193.0312213622134,42.42819557236808,advisor_summarized,4.549597708744595
13,2021-09-16,220.73515070455457,66.56338328029953,advisor_summarized,3.316164831571663
13,2021-09-17,349.45709753883796,229.2229846976436,advisor_summarized,1.524529043192545
13,2021-09-18,329.1389854848272,190.6796824481932,advisor_summarized,1.7261355864395922
13,2021-09-19,393.8675396712313,290.0197212196593,advisor_summarized,1.3580715753220047
13,2021-09-20,437.64153302459835,601.5374451874442,advisor_summarized,0.727538304599185
13,2021-09-21,317.96624039460926,633.5368374267881,advisor_summarized,0.5018906898706638
13,2021-09-22,144.43379589016521,236.4003869911701,advisor_summarized,0.6109710636622605
13,2021-09-23,83.54210093414575,122.37581849511211,advisor_summarized,0.6826683732250792
13,2021-09-24,58.34869556697456,71.8778464569814,advisor_summarized,0.8117757896641494
13,2021-09-25,44.35293584702202,33.168133625121364,advisor_summarized,1.3372153027455649
13,2021-09-26,35.42594705565537,21.11818505172392,advisor_summarized,1.6775090742356895
13,2021-09-27,29.278654555123747,18.183538634977076,advisor_summarized,1.610173637974106
13,2021-09-28,25.16390575414898,12.343572483068634,advisor_summarized,2.038624214235034
13,2021-09-29,22.569027001795966,13.790122459854643,advisor_summarized,1.6366081641042844
13,2021-09-30,20.163656507407545,13.064617206047656,advisor_summarized,1.5433790511729437
13,2021-10-01,18.057550042632755,8.718395727796583,advisor_summarized,2.0712010106469982
13,2021-10-02,16.510736039012237,9.70515968342868,advisor_summarized,1.701232805803691
13,2021-10-03,15.340238103546163,6.2854528140288375,advisor_summarized,2.4405939488253683
13,2021-10-04,14.283311308201975,3.3428373677228076,advisor_summarized,4.272810710480955
13,2021-10-05,13.81294530524007,2.8570761870535364,advisor_summarized,4.834643670977907
13,2021-10-06,15.133225207776555,12.251090000801272,advisor_summarized,1.2352554104807638
13,2021-10-07,14.587412025120505,10.81155102993428,advisor_summarized,1.3492432292768983
13,2021-10-08,13.875855613293501,3.4009636137017902,advisor_summarized,4.079977673795304
13,2021-10-09,13.50394299934465,1.0908231843009886,advisor_summarized,12.379589280546988
13,2021-10-10,12.784153720105529,0.18410603469457537,advisor_summarized,69.4390802632512
13,2021-10-11,12.131005495733655,0.11241320278900764,advisor_summarized,107.91441925645312
13,2021-10-12,11.689651192515324,1.6646404221262767,advisor_summarized,7.022328087878529
13,2021-10-13,11.184835729876687,1.755573870762755,advisor_summarized,6.371042492798746
13,2021-10-14,10.730594002971534,0.448363668682205,advisor_summarized,23.93279106335722
13,2021-10-15,10.440521469837426,0.04594899146218378,advisor_summarized,227.21981783713406
13,2021-10-16,10.055413886732664,0.0012403650535496,advisor_summarized,8106.818116131781
13,2021-10-17,9.360211391155895,1.6364205367271174,advisor_summarized,5.719930287526552
13,2021-10-18,9.012406410663552,5.4995907575944445,advisor_summarized,1.6387412823796428
13,2021-10-19,8.5031583044098,6.709468915926863,advisor_summarized,1.2673370144431397
13,2021-10-20,8.067125666361818,5.356069790320994,advisor_summarized,1.5061651513466086
13,2021-10-21,7.665085655431355,2.8393736933613947,advisor_summarized,2.6995691596892404
13,2021-10-22,7.449052437770843,1.4798333907650638,advisor_summarized,5.033710202957194
13,2021-10-23,7.331784283857466,2.2499597945319305,advisor_summarized,3.258629021583353
13,2021-10-24,7.007678636807096,2.8245673681874717,advisor_summarized,2.4809741540361743
13,2021-10-25,7.242923419352074,0.6012337303723349,advisor_summarized,12.046768259103898
13,2021-10-26,7.481018028344819,0.00139808093690188,advisor_summarized,5350.919128417993
13,2021-10-27,7.071688812498204,0.00707947370612126,advisor_summarized,998.9003570115212
13,2021-10-28,12.850611549501739,0.02222105243358664,advisor_summarized,578.3079621412674
13,2021-10-30,11.787002823649967,0.03345235948796989,advisor_summarized,352.35191191487706
13,2021-10-31,10.975874622739212,0.4619253027623354,advisor_summarized,23.761146135756057
13,2021-11-01,9.989780970069702,1.628614855869566,advisor_summarized,6.13391246804995
13,2021-11-02,9.131643931898315,0.6180026379968414,advisor_summarized,14.776059794011731
13,2021-11-03,8.6213407341146,0.10336604621915715,advisor_summarized,83.4059253445333
13,2021-11-04,8.32461628887933,0.3960028846424972,advisor_summarized,21.02160517440324
13,2021-11-05,8.889504279081962,1.7794751879231334,advisor_summarized,4.995576414559119
13,2021-11-06,73.2029306943654,63.775907934663955,advisor_summarized,1.1478147950376354
13,2021-11-07,64.7782002829788,57.854752032179135,advisor_summarized,1.119669482758284
13,2021-11-08,51.72525996496731,87.78603263213459,advisor_summarized,0.5892197017459583
13,2021-11-09,42.836904818245266,87.01979745799825,advisor_summarized,0.4922661976881905
13,2021-11-10,36.634774051590945,61.013226608325766,advisor_summarized,0.6004398732551512
13,2021-11-11,32.905151799234005,67.5772480054629,advisor_summarized,0.4869264844370989
13,2021-11-12,29.87370253371216,61.10198570711204,advisor_summarized,0.4889154122897019
13,2021-11-13,28.056212995735294,34.96989109320457,advisor_summarized,0.802296264548197
13,2021-11-14,25.916141868758846,17.37312273516145,advisor_summarized,1.4917376837675353
13,2021-11-15,23.703503313654885,13.085967725805116,advisor_summarized,1.8113680096361788
13,2021-11-16,21.65754130355467,15.148974530846187,advisor_summarized,1.4296374490204473
13,2021-11-17,19.997870106316157,15.18126120364252,advisor_summarized,1.3172733041124385
13,2021-11-18,18.972641818157367,12.53487635810528,advisor_summarized,1.513588269731062
13,2021-11-19,18.36598704608624,16.834617183053975,advisor_summarized,1.090965529324526
13,2021-11-20,17.381717511764357,24.910856383306495,advisor_summarized,0.697756722784222
13,2021-11-21,16.71513120897924,11.263004339440876,advisor_summarized,1.484073938464719
13,2021-11-22,16.775775211178463,0.3100618857120618,advisor_summarized,54.1046029332262
13,2021-11-23,16.093092249022224,2.304518906062905,advisor_summarized,6.983276295405207
13,2021-11-24,14.95493938052602,13.063241944196434,advisor_summarized,1.144810717309726
13,2021-11-25,14.488939988981922,13.85506251457184,advisor_summarized,1.045750603704849
13,2021-11-26,14.476414997224653,3.820989667436511,advisor_summarized,3.7886558868757243
13,2021-11-27,14.175476335839477,8.650985472738807,advisor_summarized,1.6385967102256245
13,2021-11-28,13.645892217400197,2.7599442941707673,advisor_summarized,4.944263638299317
13,2021-11-29,13.48975851619852,0.3066273970505864,advisor_summarized,43.993976552502986
13,2021-11-30,13.089857785835349,1.4780477474614762,advisor_summarized,8.856180599251259
13,2021-12-01,12.576971260254172,1.590933033292254,advisor_summarized,7.905405819770785
13,2021-12-02,12.658500127567105,1.6180297379087003,advisor_summarized,7.823403878799031
13,2021-12-03,12.600995734314298,0.8268087104038045,advisor_summarized,15.240521266593944
13,2021-12-04,12.670645599810886,0.4631162460088283,advisor_summarized,27.359535989090194
13,2021-12-05,12.294703011424394,3.0213441155369822,advisor_summarized,4.069282591214957
13,2021-12-06,11.93138997156915,8.166396853234355,advisor_summarized,1.4610347973529654
13,2021-12-07,12.469024865861735,1.1308539785482064,advisor_summarized,11.02620241197675
13,2021-12-08,14.192195436341581,0.00821210114105169,advisor_summarized,1728.205144161686
13,2021-12-09,17.54098249273484,2.7878435122330214,advisor_summarized,6.291953768482784
13,2021-12-10,16.30102502525886,9.044883429771485,advisor_summarized,1.8022371600283518
13,2021-12-11,15.825291696395356,3.854788311393649,advisor_summarized,4.105359469317765
13,2021-12-12,15.847121512469501,11.63174960144444,advisor_summarized,1.3624022228351265
13,2021-12-13,15.53870238918978,20.87074140608038,advisor_summarized,0.7445208623332763
13,2021-12-14,15.492551214720484,13.135262800991384,advisor_summarized,1.1794625999832438
13,2021-12-15,14.660353203578953,9.969185243550523,advisor_summarized,1.4705668362480615
13,2021-12-16,15.65039001742364,8.235045749924515,advisor_summarized,1.9004618180253698
13,2021-12-17,15.101832004608676,7.982466297786112,advisor_summarized,1.891875448167827
13,2021-12-18,14.730223673324474,3.300036071928433,advisor_summarized,4.463655351717599
13,2021-12-19,14.892825399289592,0.3669468468945795,advisor_summarized,40.58578381399245
13,2021-12-20,14.616065876586452,4.506813763737821,advisor_summarized,3.2431040293229936
13,2021-12-21,25.692162898123126,2.1546189346447657,advisor_summarized,11.92422589675191
13,2021-12-22,28.42727545412505,9.977702510265503,advisor_summarized,2.849080279240417
13,2021-12-23,25.34196744359302,14.883335842164518,advisor_summarized,1.7027074919453997
13,2021-12-24,23.708383329054026,15.108129546305824,advisor_summarized,1.569246759262208
13,2021-12-25,22.293115768959034,10.798080397475731,advisor_summarized,2.0645443401375765
13,2021-12-26,21.226972799821255,4.151829744324723,advisor_summarized,5.1126790131115385
13,2021-12-27,20.514651204823778,0.44447733566134345,advisor_summarized,46.15454953242952
13,2021-12-28,19.851695989908,0.0080560410130784,advisor_summarized,2464.1999659237345
13,2021-12-29,19.113479162368822,0.11416903411204173,advisor_summarized,167.41386410969795
13,2021-12-30,18.604467638673505,1.1219265847222604,advisor_summarized,16.582607001222947
13,2021-12-31,18.22927954856564,1.5511724129151565,advisor_summarized,11.751936404224018
13,2022-01-01,17.43574249242787,3.34576317815349,advisor_summarized,5.211290089590432
13,2022-01-02,16.930410961585316,5.031565169425833,advisor_summarized,3.364839844361451
13,2022-01-03,18.299019530866385,7.181813717031949,advisor_summarized,2.5479663288215835
13,2022-01-04,16.45543250091425,38.47495428220347,advisor_summarized,0.42769206118396047
13,2022-01-05,16.28295918817133,9.516841148101774,advisor_summarized,1.7109625909243136
13,2022-01-06,16.091045834054793,0.5459273846166859,advisor_summarized,29.47469990968279
13,2022-01-07,15.805332803257787,3.752994910729541,advisor_summarized,4.211392016032711
13,2022-01-08,14.698632615788595,21.78552326568399,advisor_summarized,0.6746972490186413
13,2022-01-09,14.27503106931092,18.160016829813152,advisor_summarized,0.786069264312339
13,2022-01-10,14.575542881304633,12.759791386692156,advisor_summarized,1.1423026003784214
13,2022-01-11,13.97363455942984,28.287862789131367,advisor_summarized,0.4939798620911978
13,2022-01-12,13.108922178519926,16.943213685640067,advisor_summarized,0.7736975063727237
13,2022-01-13,13.061158507198124,2.691408579171368,advisor_summarized,4.8529081048033955
13,2022-01-14,13.045017483153295,0.5159635565486899,advisor_summarized,25.28282728030672
13,2022-01-15,12.285767794632926,2.244967745236342,advisor_summarized,5.472580985050868
13,2022-01-16,20.180451286285752,0.665879866461725,advisor_summarized,30.306444604667636
13,2022-01-17,19.525013521457318,1.3161535844556105,advisor_summarized,14.834905099265663
13,2022-01-18,17.855368451857267,5.251844887181109,advisor_summarized,3.39982783867804
13,2022-01-19,16.670998528841366,16.708256805204513,advisor_summarized,0.9977700680090372
13,2022-01-20,16.116614975228657,9.859642419749765,advisor_summarized,1.634604409480977
13,2022-01-21,15.622533958138138,3.3886543059607512,advisor_summarized,4.610247180025889
13,2022-01-22,15.746848546634164,0.9410031602345972,advisor_summarized,16.73410803711689
13,2022-01-23,15.62993187708501,0.4622414759240808,advisor_summarized,33.81334798189354
13,2022-01-24,15.464639972391295,0.24967445286293505,advisor_summarized,61.93921642788576
13,2022-01-26,15.37045264147502,1.8508573329485745,advisor_summarized,8.304504279099984
13,2022-01-27,14.699152189932093,17.222602579341835,advisor_summarized,0.8534803100875956
13,2022-03-11,65.0052469345845,0.0231705222887596,advisor_summarized,2805.514960969163
13,2022-03-12,31.506177136396065,36.17822102306264,advisor_summarized,0.8708603199784679
13,2022-03-13,7.435383390310578,54.34026701839181,advisor_summarized,0.13683008564889873
13,2022-03-14,1.030717789872107,15.892130712433849,advisor_summarized,0.06485711755854634
13,2022-03-15,3.1576650819170693,0.703752664874218,advisor_summarized,4.486896092225015
13,2022-03-16,0.4797043694870629,5.789439781486197e-4,advisor_summarized,828.5851267010137
13,2022-03-24,27.898681531998378,12.98778089235563,advisor_summarized,2.1480714652661743
13,2022-03-25,4.642718523982361,18.169216627954334,advisor_summarized,0.25552662060505593
13,2022-03-26,0.3574949780370452,6.035019799879334,advisor_summarized,0.05923675313280548
13,2022-04-14,16.294351902119008,18.901249331746452,advisor_summarized,0.8620780360137934
13,2022-04-15,15.356131783338194,22.59291740292851,advisor_summarized,0.6796878645405804
13,2022-04-16,12.452723679620291,14.885988442690277,advisor_summarized,0.8365399266271207
13,2022-04-17,11.11380267962965,12.973730842919268,advisor_summarized,0.8566389124447792
13,2022-04-18,11.011108446049889,9.244612350231336,advisor_summarized,1.1910838474232344
13,2022-04-19,9.242582320970186,31.438776243264655,advisor_summarized,0.29398670767124047
13,2022-04-20,8.064722804163324,52.703778476778915,advisor_summarized,0.1530198220553885
13,2022-04-21,7.4541131999472245,73.48321380113775,advisor_summarized,0.10143967328538114
13,2022-04-22,6.7580473823380025,46.21785076949518,advisor_summarized,0.14622158473016805
13,2022-04-23,6.3422075303858,22.728531304090097,advisor_summarized,0.27904167873990576
13,2022-04-24,5.735748300794515,8.416010780402061,advisor_summarized,0.6815281551386628
13,2022-04-25,5.382762241498215,5.775891511761322,advisor_summarized,0.9319361747943868
13,2022-04-26,4.994187168398938,5.251323056701199,advisor_summarized,0.9510340755032904
13,2022-04-27,4.955230286983124,6.151581392253751,advisor_summarized,0.8055213726380819
13,2022-04-28,4.783545028426852,9.401541181549202,advisor_summarized,0.50880434771851
13,2022-04-29,4.473265653605731,7.228654435603548,advisor_summarized,0.6188241108294508
13,2022-04-30,4.462025928403932,9.289064620282888,advisor_summarized,0.48035255548346545
13,2022-05-01,5.482507403292006,15.996140530691584,advisor_summarized,0.3427393872148592
13,2022-05-02,7.223079704108325,23.005405640144684,advisor_summarized,0.3139731512277259
13,2022-05-03,5.4389197407582275,5.3157151196939605,advisor_summarized,1.0231774311245183
13,2022-05-04,4.870292489838873,0.615561047430911,advisor_summarized,7.911956921519635
13,2022-05-05,4.471166167809039,0.0206032367459358,advisor_summarized,217.01280351938016
13,2022-05-08,4.881978985016931,0.0434208135422491,advisor_summarized,112.43407450822386
13,2022-05-09,4.4408758551365475,3.0420757557361706,advisor_summarized,1.459817641543865
13,2022-05-10,4.004371456266532,6.796999498413041,advisor_summarized,0.589138112663017
13,2022-05-11,3.744870079696009,6.994269887915984,advisor_summarized,0.5354197278212025
13,2022-05-12,3.4490806961296183,2.3892899072453964,advisor_summarized,1.4435588940757929
13,2022-05-13,4.500955874420986,2.313079212240335,advisor_summarized,1.9458719142011485
13,2022-05-14,5.334174487171893,3.5533320056810855,advisor_summarized,1.5011753696653134
13,2022-05-15,4.528154834404684,1.753188408507403,advisor_summarized,2.582811301073899
13,2022-05-16,4.659349938929576,1.0863084347516825,advisor_summarized,4.289159312285602
13,2022-05-17,4.211548644120854,2.0783136960363895,advisor_summarized,2.0264258721639647
13,2022-05-18,3.955455228929807,4.082452927148634,advisor_summarized,0.9688918156595798
13,2022-05-19,3.680833494885079,4.202261002558385,advisor_summarized,0.8759173912910563
13,2022-05-20,3.57746361817057,14.2251278240719,advisor_summarized,0.2514890314107935
13,2022-05-21,5.385155780680567,47.90981949029817,advisor_summarized,0.11240192173487674
13,2022-05-22,6.089064381566132,40.03066399017847,advisor_summarized,0.15211000204893144
13,2022-05-23,5.0626462525711755,10.483180254745182,advisor_summarized,0.4829303827223216
13,2022-05-24,4.713540369678374,3.590522191706929,advisor_summarized,1.3127729388681384
13,2022-05-25,5.078281721067228,8.125491360237598,advisor_summarized,0.6249814929245994
13,2022-05-26,4.805195512635136,12.869021228043197,advisor_summarized,0.37339246143786115
13,2022-05-27,4.55674346112044,6.631758815844601,advisor_summarized,0.6871093457490441
13,2022-05-28,4.569723324322671,4.628379743629722,advisor_summarized,0.9873267919755756
13,2022-05-29,4.077890405675364,7.721686370793271,advisor_summarized,0.5281087847726754
13,2022-05-30,3.9404102059874293,12.693268474814635,advisor_summarized,0.3104330625170183
13,2022-05-31,4.170834009041348,11.56537210283476,advisor_summarized,0.3606311990618136
13,2022-06-01,4.303282671753842,6.432645032459253,advisor_summarized,0.6689756157909217
13,2022-06-02,3.502188382177748,3.4283055214897904,advisor_summarized,1.0215508391025347
13,2022-06-03,3.2568521496851317,0.6790883628646774,advisor_summarized,4.795918068668374
13,2022-06-04,2.782298870995229,1.148107635507498e-8,advisor_summarized,242337807.44480196
13,2022-06-06,5.600776644758744,2.560164914863979,advisor_summarized,2.187662447931137
13,2022-06-07,6.73041086957969,5.506900332296682,advisor_summarized,1.2221777158572138
13,2022-06-08,4.586744020627683,2.5101948309752866,advisor_summarized,1.8272462216988927
13,2022-06-09,4.0638423806087935,2.094658847601586,advisor_summarized,1.9400974938052324
13,2022-06-10,3.653469977847508,3.616751165369541,advisor_summarized,1.010152429846308
13,2022-06-11,3.568318497928498,4.732229767248401,advisor_summarized,0.7540459093141899
13,2022-06-12,3.653038045589971,5.758583044253334,advisor_summarized,0.6343640471131955
13,2022-06-13,3.593641478378576,6.596011938585033,advisor_summarized,0.5448203417214371
13,2022-06-14,3.1725669090129975,5.081295678763914,advisor_summarized,0.6243617985609454
13,2022-06-15,3.34273806595828,7.6514859266560995,advisor_summarized,0.4368743663649584
13,2022-06-16,3.142850871713479,15.44797490893079,advisor_summarized,0.20344743503541896
13,2022-06-17,2.732292482713937,16.940978670036902,advisor_summarized,0.1612830365902341
13,2022-06-18,2.5818793749539988,14.03698443029225,advisor_summarized,0.18393404849707054
13,2022-06-19,9.908558321132151,30.110998313960053,advisor_summarized,0.32906774520784815
13,2022-06-20,5.207487572263231,25.084660556786105,advisor_summarized,0.20759649350146217
13,2022-06-21,4.132388215863537,20.58974670359584,advisor_summarized,0.20070126531191604
13,2022-06-22,3.3577073121019123,8.924457614914386,advisor_summarized,0.37623656887456947
13,2022-06-23,3.0523719600420063,2.4918738989174742,advisor_summarized,1.2249303471447832
13,2022-06-24,3.0576870778102263,5.982225496805536,advisor_summarized,0.5111286893887582
13,2022-06-25,2.8069206097171344,13.074864014997551,advisor_summarized,0.2146806732748769
13,2022-06-26,2.323396955530784,9.892372416664651,advisor_summarized,0.23486751788850962
13,2022-06-27,2.2580221823304476,4.776342579199246,advisor_summarized,0.47275130392950265
13,2022-06-28,2.210787007493714,6.5804829066281485,advisor_summarized,0.33596121118511124
13,2022-06-29,2.18062160351082,11.18470543347314,advisor_summarized,0.1949645984403615
13,2022-06-30,3.2592450083885494,9.086913782151784,advisor_summarized,0.3586745826498597
13,2022-07-01,4.626122703503383,12.419019215058055,advisor_summarized,0.37250306351843077
13,2022-07-02,3.5313005813763008,16.207549805308613,advisor_summarized,0.21787997715852525
13,2022-07-03,3.3868543062102408,12.582393020729512,advisor_summarized,0.26917409912648516
13,2022-07-04,3.202767676419917,4.320920966895608,advisor_summarized,0.7412233875504011
13,2022-07-05,2.507252466846233,2.335647668057846,advisor_summarized,1.0734720399550164
13,2022-07-06,2.3623830795191014,6.262215686977258,advisor_summarized,0.3772439656513033
13,2022-07-07,1.9392263933262324,14.525148156968184,advisor_summarized,0.13350820056151527
13,2022-07-08,2.209801172686412,13.61937919951085,advisor_summarized,0.1622541776915778
13,2022-07-09,2.7346485950072714,6.953445221666701,advisor_summarized,0.39327966322165
13,2022-07-10,2.6246877849091916,1.835744815423703,advisor_summarized,1.429767232818465
13,2022-07-11,2.549565020556965,0.9486878120825224,advisor_summarized,2.6874647150365085
13,2022-07-12,2.3331259422666526,1.1904717920562338,advisor_summarized,1.9598330324457145
13,2022-07-13,1.9703025251634347,1.4534579204044402,advisor_summarized,1.3555965380925352
13,2022-07-14,1.8261297387011244,3.169804926236628,advisor_summarized,0.5761016154609896
13,2022-07-15,1.536792570122346,4.9597573845264344,advisor_summarized,0.3098523679639788
13,2022-07-16,1.7823752384091325,4.879773359919183,advisor_summarized,0.36525779107877493
13,2022-07-17,2.187306137599512,1.9876107836648569,advisor_summarized,1.1004700495569093
13,2022-07-18,1.8967936056499712,2.6702658382898448,advisor_summarized,0.7103388653111635
13,2022-07-19,2.444946266467395,5.028369245065458,advisor_summarized,0.4862304551056428
13,2022-07-20,2.7089737354525236,5.7132856542851655,advisor_summarized,0.47415338552531466
13,2022-07-21,3.9832319645973038,4.181423308122488,advisor_summarized,0.9526019422285722
13,2022-07-22,6.176478344752135,4.082038868644214,advisor_summarized,1.513086607821438
13,2022-07-23,7.897729028145271,9.31890702676546,advisor_summarized,0.8474952057641172
13,2022-07-24,14.92595505690463,28.757009824962253,advisor_summarized,0.5190371025275478
13,2022-07-25,15.187779446778993,31.503011744520293,advisor_summarized,0.4821056338977111
13,2022-07-26,11.264997724551929,20.114737588610392,advisor_summarized,0.56003702135943
13,2022-07-27,9.225280961227847,9.900491179781731,advisor_summarized,0.9318003312873241
13,2022-07-28,8.147983012504161,5.588365916893814,advisor_summarized,1.45802603724866
13,2022-07-29,6.805985182127856,4.853521737453606,advisor_summarized,1.4022776759414715
13,2022-07-30,6.289776885903899,8.243686712668643,advisor_summarized,0.7629810672254157
13,2022-07-31,6.043559503500581,13.263605480385918,advisor_summarized,0.45564982405709625
13,2022-08-01,6.326990287008703,9.326190011785348,advisor_summarized,0.6784110423456302
13,2022-08-02,6.818573857956737,4.779391655439112,advisor_summarized,1.4266614560028714
13,2022-08-03,10.166836774498474,7.773888586419531,advisor_summarized,1.3078186883536336
13,2022-08-04,12.31850171293659,18.0965115708448,advisor_summarized,0.6807113992501663
13,2022-08-05,10.479152848548527,17.354331644738167,advisor_summarized,0.6038349999912446
13,2022-08-06,9.667800381901602,16.023104590576846,advisor_summarized,0.6033662407463292
13,2022-08-07,9.36671840023294,15.550216796906994,advisor_summarized,0.6023529139539727
13,2022-08-08,8.26126857550517,12.613300832478346,advisor_summarized,0.6549648411011489
13,2022-08-09,7.3034770423289634,10.76918099641621,advisor_summarized,0.678183145474055
13,2022-08-10,6.684339538708248,12.087735255978735,advisor_summarized,0.5529852695443587
13,2022-08-11,6.419279249892916,10.42931247741908,advisor_summarized,0.6155035879681957
13,2022-08-12,6.336079128668093,6.247501640345594,advisor_summarized,1.014178065636746
13,2022-08-13,6.839081351474258,2.9113369373312117,advisor_summarized,2.3491205239004604
13,2022-08-14,8.331260526577806,2.1789348284659256,advisor_summarized,3.8235473671525146
13,2022-08-15,6.400248045133431,1.1001364407195025,advisor_summarized,5.817685705372682
13,2022-08-16,5.994628688599759,1.8882666650971736,advisor_summarized,3.174672729972313
13,2022-08-17,6.529298480776285,3.511226601591254,advisor_summarized,1.859549160916379
13,2022-08-18,8.664008388205906,4.612467322627788,advisor_summarized,1.8783891098159362
13,2022-08-19,7.209754277739264,4.585811891760879,advisor_summarized,1.5721870953086199
13,2022-08-20,6.493386065112433,6.227449838585482,advisor_summarized,1.042703872920694
13,2022-08-21,9.542666514780846,8.742089639008297,advisor_summarized,1.0915772897363434
13,2022-08-22,12.288368079474576,8.939894264589816,advisor_summarized,1.3745540736592143
13,2022-08-23,11.815459725549278,5.2218803293207285,advisor_summarized,2.262682976322871
13,2022-08-24,11.489744260451008,5.98620794703659,advisor_summarized,1.9193693841088308
13,2022-08-25,14.513767734288027,13.776474489224142,advisor_summarized,1.0535182818826827
13,2022-08-26,13.288272231247227,14.757471821406474,advisor_summarized,0.9004436797888309
13,2022-08-27,15.19401607584542,16.09202397977683,advisor_summarized,0.9441954657127062
13,2022-08-28,37.032116129869735,59.19265991329923,advisor_summarized,0.6256200715445374
13,2022-08-29,70.82713320889071,127.58227884802048,advisor_summarized,0.5551486761986901
13,2022-08-30,55.84936829240391,103.4456185937782,advisor_summarized,0.5398910949696133
13,2022-08-31,49.02445736839714,85.07526130582066,advisor_summarized,0.5762480962846362
13,2022-09-01,43.013116510625956,70.61747331745404,advisor_summarized,0.6091001913544065
13,2022-09-02,37.018525943141604,57.99330093293552,advisor_summarized,0.6383241744757809
13,2022-09-03,34.281995736183504,44.076220286361256,advisor_summarized,0.777788919137233
13,2022-09-04,33.17392396499807,37.77899133857647,advisor_summarized,0.878105073470394
13,2022-09-05,35.990846943941804,52.41226524439739,advisor_summarized,0.6866874914891996
13,2022-09-06,33.699651008500155,59.52742982313533,advisor_summarized,0.5661197049599945
13,2022-09-07,30.507327971108335,34.94626587634624,advisor_summarized,0.8729781911193423
13,2022-09-08,32.01070614062932,17.83442390639069,advisor_summarized,1.7948831040827047
13,2022-09-09,69.42140880994751,81.11591007433962,advisor_summarized,0.8558297471645876
13,2022-09-10,218.85376437714876,507.6548512043675,advisor_summarized,0.4311074027125655
13,2022-09-11,221.8315271883128,546.5660603344639,advisor_summarized,0.4058640725927364
13,2022-09-12,111.2660811952128,199.1455365077425,advisor_summarized,0.558717424183328
13,2022-09-13,70.59398837744226,103.40595736818663,advisor_summarized,0.6826878274148724
13,2022-09-14,52.66451689845642,81.66170060471539,advisor_summarized,0.6449108518248935
13,2022-09-15,40.924468368898104,70.86250325502039,advisor_summarized,0.577519371868912
13,2022-09-16,33.632019384222694,52.0405234587472,advisor_summarized,0.6462659702276625
13,2022-09-17,29.700727224262213,42.207054134433236,advisor_summarized,0.7036910732898521
13,2022-09-18,28.155131031999883,36.029315423495845,advisor_summarized,0.7814506243335126
13,2022-09-19,27.697224404568917,31.662655681198128,advisor_summarized,0.8747599911846953
13,2022-09-20,23.796285914707177,25.91939025222285,advisor_summarized,0.9180881835237773
13,2022-09-21,20.802642437242618,29.960942873615775,advisor_summarized,0.6943253596855877
13,2022-09-22,17.93217973886897,35.95894584831961,advisor_summarized,0.4986848005642234
13,2022-09-23,16.37812311979065,38.167655365805885,advisor_summarized,0.42911001377526814
13,2022-09-24,14.595508731628193,22.076834561567804,advisor_summarized,0.6611232552802934
13,2022-09-25,13.214668732034427,9.558977492147312,advisor_summarized,1.3824353852585447
13,2022-09-26,11.96157507801591,12.16669328577411,advisor_summarized,0.9831410061106715
13,2022-09-27,11.214892136655347,15.735063846879005,advisor_summarized,0.7127325472454172
13,2022-09-28,11.958125120102846,10.166927101412186,advisor_summarized,1.1761788985820367
13,2022-09-29,14.807359599713202,3.5334340704872425,advisor_summarized,4.190642673480347
13,2022-09-30,13.994519654669341,2.5124460204790484,advisor_summarized,5.570077741212925
13,2022-10-01,12.735585612297264,4.947859508887007,advisor_summarized,2.573958615725138
13,2022-10-02,11.646207605308799,11.46027809578534,advisor_summarized,1.0162238217929316
13,2022-10-03,11.113785177296576,20.097548840922933,advisor_summarized,0.5529920720812739
13,2022-10-04,10.417613595678153,21.262592562586907,advisor_summarized,0.4899502995701808
13,2022-10-05,9.641144065566529,23.457840791024537,advisor_summarized,0.4109987850738348
13,2022-10-06,9.142507025610703,31.188983486993877,advisor_summarized,0.2931325745009683
13,2022-10-07,8.72537716704434,25.25482935076184,advisor_summarized,0.34549341220478796
13,2022-10-08,8.323108619546984,18.457614639139734,advisor_summarized,0.45093089124841024
13,2022-10-09,7.658140641904327,27.50114906659601,advisor_summarized,0.2784662060250497
13,2022-10-10,7.396918250806302,29.965860887407754,advisor_summarized,0.24684484382408092
13,2022-10-11,7.0092478117879375,29.16012229328098,advisor_summarized,0.24037100192144925
13,2022-10-12,7.0429435839830505,25.510005445651956,advisor_summarized,0.27608553824058407
13,2022-10-13,7.481113029891728,18.696655806685076,advisor_summarized,0.40013107730296993
13,2022-10-14,7.249419824319953,22.563165025192188,advisor_summarized,0.3212944556415664
13,2022-10-15,6.375897060593725,26.542221610136053,advisor_summarized,0.2402171586932599
13,2022-10-16,5.532165580278784,17.989028541391338,advisor_summarized,0.30752997959560224
13,2022-10-17,6.055685270214006,3.274001409883448,advisor_summarized,1.8496281803463195
13,2022-10-18,7.4093524532340505,1.8321642949300496,advisor_summarized,4.044043688514808
13,2022-10-19,5.9964552164077185,10.60969687545976,advisor_summarized,0.5651862901264905
13,2022-10-20,5.264694682459942,8.611909022695508,advisor_summarized,0.6113272525970211
13,2022-10-21,4.939827047639576,5.932294225193012,advisor_summarized,0.8327009517938828
13,2022-10-22,4.589399321282599,7.096554723191304,advisor_summarized,0.6467080858665959
13,2022-10-23,4.360568851505092,6.649229884242072,advisor_summarized,0.6558005855443727
13,2022-10-24,4.038953621784686,6.224719714948086,advisor_summarized,0.6488571063023953
13,2022-10-25,3.891397860009397,1.5074524048778584,advisor_summarized,2.581439949558274
13,2022-10-26,3.9652454215904487,1.233807337602405,advisor_summarized,3.2138286916788066
13,2022-10-27,4.544430183166357,12.933227926099692,advisor_summarized,0.3513763315031001
13,2022-10-28,4.205517003576496,17.23673555880286,advisor_summarized,0.24398570072792722
13,2022-10-29,4.420074341274487,11.38025931448348,advisor_summarized,0.38839838523267456
13,2022-10-30,4.657282777923017,7.842699936477118,advisor_summarized,0.5938366653888627
13,2022-10-31,4.50385159256321,15.100630138001211,advisor_summarized,0.2982558708744959
13,2022-11-01,3.9296655890557446,24.018743988249877,advisor_summarized,0.16360828821765877
13,2022-11-02,3.446995860376736,10.262990130137268,advisor_summarized,0.33586662528833905
13,2022-11-03,4.0739254938599805,11.394867901570144,advisor_summarized,0.35752283651297245
13,2022-11-04,3.6397616357611233,7.453380040069316,advisor_summarized,0.4883370519407023
13,2022-11-05,3.5782620897771404,2.350825681791477,advisor_summarized,1.5221299126910506
13,2022-11-06,3.9075579024849025,2.955618942953112,advisor_summarized,1.3220777028112627
13,2022-11-07,3.762103653529864,7.401620120979405,advisor_summarized,0.5082811049524724
13,2022-11-08,3.4287793194131355,14.090222481075138,advisor_summarized,0.24334458338173143
13,2022-11-09,3.0477515817483,19.158990580708537,advisor_summarized,0.15907683491515076
13,2022-11-10,15.46030386735718,1.1924573473921154,advisor_summarized,12.965079129386565
13,2022-11-11,14.273813177402978,0.9866931888118968,advisor_summarized,14.466313682159345
13,2022-11-12,12.198856151522174,3.566754071131429,advisor_summarized,3.420156228391858
13,2022-11-13,11.247246267814537,13.460203931727692,advisor_summarized,0.8355925604739994
13,2022-11-14,8.679982569212212,22.593094532245303,advisor_summarized,0.38418741429262704
13,2022-11-15,8.945567074708226,21.56233698309967,advisor_summarized,0.41487001532902795
13,2022-11-16,9.49039304047183,18.052523586658012,advisor_summarized,0.5257100479561676
13,2022-11-17,8.716507158202349,30.780245350860753,advisor_summarized,0.2831851097625704
13,2022-11-18,7.96467800601384,39.67402953121891,advisor_summarized,0.2007529383862194
13,2022-11-19,7.536860906708628,53.63253253201308,advisor_summarized,0.14052778324816007
13,2022-11-20,7.740567147347108,49.93324545324324,advisor_summarized,0.15501830648270726
13,2022-11-21,7.587865774051426,37.64592555998906,advisor_summarized,0.20155875200783963
13,2022-11-22,7.254877290135456,31.31239882527461,advisor_summarized,0.23169343653988894
13,2022-11-23,7.296759579475015,27.019343009325095,advisor_summarized,0.2700568839500172
13,2022-11-24,7.00986527766614,102.5175884064202,advisor_summarized,0.06837719640727663
13,2022-11-25,6.7448900656118305,45.99001298643245,advisor_summarized,0.14665988608443417
13,2022-11-26,6.790894601532981,32.869122671127954,advisor_summarized,0.20660407244450318
13,2022-11-27,6.616208197167133,12.88692026659798,advisor_summarized,0.5134049144632248
13,2022-11-28,6.825111035366687,12.915291985164156,advisor_summarized,0.5284519345909265
13,2022-11-29,6.076765360346199,22.244827413405066,advisor_summarized,0.2731765568423448
13,2022-11-30,7.571906192064907,20.80915942739369,advisor_summarized,0.3638737171717308
13,2022-12-01,8.527554217382427,31.633160842121125,advisor_summarized,0.2695764188707808
13,2022-12-02,6.769459468910184,29.525580030107747,advisor_summarized,0.22927439400029562
13,2022-12-03,6.173777897098261,23.887866853899908,advisor_summarized,0.2584482714533523
13,2022-12-04,5.910754187624313,11.185832119308088,advisor_summarized,0.528414348130761
13,2022-12-05,6.325778967264021,6.934394906956032,advisor_summarized,0.9122322931044068
13,2022-12-06,6.4296337420800915,16.134858047332667,advisor_summarized,0.39849335663309454
13,2022-12-07,5.985439692632428,35.695557200535845,advisor_summarized,0.16768024264214532
13,2022-12-08,5.591496931740653,30.21202791527495,advisor_summarized,0.18507519413861123
13,2022-12-09,5.689139139742914,27.8770505884824,advisor_summarized,0.20407966480117598
13,2022-12-10,5.8001904934986115,25.785270926936047,advisor_summarized,0.224942003127823
13,2022-12-11,6.014524402180118,39.63004135846206,advisor_summarized,0.15176679599643816
13,2022-12-12,5.982401479697359,21.784497164939697,advisor_summarized,0.27461737741303144
13,2022-12-13,5.535232031145629,18.011722177683726,advisor_summarized,0.3073127586879896
13,2022-12-14,5.317209480093347,11.029771123301508,advisor_summarized,0.4820779525388523
13,2022-12-15,9.898068240140887,0.9657072514599632,advisor_summarized,10.249553604549325
13,2022-12-16,9.704366638562737,3.8623860397617538,advisor_summarized,2.512531512557284
13,2022-12-17,8.144274765166708,4.513041279788839,advisor_summarized,1.8046089677131807
13,2022-12-18,7.764363261252803,21.782810957314407,advisor_summarized,0.3564445046356895
13,2022-12-19,6.788109622456692,40.44598586800586,advisor_summarized,0.16783147886688837
13,2022-12-20,6.8253406624902535,24.42256259756039,advisor_summarized,0.27946865261272985
13,2022-12-21,8.096416571004111,11.3690630830091,advisor_summarized,0.7121445726784723
13,2022-12-22,7.890930517172589,8.234211660818152,advisor_summarized,0.9583103813958245
13,2022-12-23,7.809362042337577,17.733021432420134,advisor_summarized,0.44038530445016133
13,2022-12-24,6.638167746930989,41.6657626795817,advisor_summarized,0.15931948247245267
13,2022-12-25,6.514190408416329,43.200780899838314,advisor_summarized,0.15078871892430792
13,2022-12-26,6.5067075802448775,49.2915469567316,advisor_summarized,0.13200453185120165
13,2022-12-27,6.3214620311093705,40.08590697052957,advisor_summarized,0.15769786712713757
13,2022-12-28,6.470911858714159,61.287597144834955,advisor_summarized,0.10558273060407458
13,2022-12-29,6.425088577101598,78.02196002066614,advisor_summarized,0.08234974583309297
13,2022-12-30,6.465395920118207,34.571002401786366,advisor_summarized,0.187017889877099
13,2022-12-31,6.4737550389524845,24.163865661453187,advisor_summarized,0.26791057066997287
13,2023-01-01,6.70654164176904,17.211104603364635,advisor_summarized,0.38966363846617746
13,2023-01-02,6.430529642827482,13.724778719794974,advisor_summarized,0.468534303839293
13,2023-01-03,6.32776170093201,13.369612100206256,advisor_summarized,0.47329433745010374
13,2023-01-04,7.923684449521156,17.997531567074464,advisor_summarized,0.44026506746164673
13,2023-01-05,9.659110198849582,45.828494192372744,advisor_summarized,0.21076647550984015
13,2023-01-06,8.213057749817265,45.312878366865384,advisor_summarized,0.18125217478620795
13,2023-01-07,7.659409701477882,19.875962780464757,advisor_summarized,0.38536043692967625
13,2023-01-08,7.241526797991925,14.886347662658894,advisor_summarized,0.48645423055358733
13,2023-01-09,7.058136949601632,7.935753110181399,advisor_summarized,0.8894098457456036
13,2023-01-10,6.935861965701094,8.876015202049908,advisor_summarized,0.7814161882123932
13,2023-01-11,6.708931925896799,8.883203520689287,advisor_summarized,0.7552378947832801
13,2023-01-12,6.336882908551813,6.750844674896814,advisor_summarized,0.9386800043134856
13,2023-01-13,10.491886083037182,9.183774796486064,advisor_summarized,1.1424372129695115
13,2023-01-14,8.897922661387813,26.97730211204319,advisor_summarized,0.3298299668526012
13,2023-01-15,8.103996653914702,28.09021373662687,advisor_summarized,0.28849893168836555
13,2023-01-16,7.571765563222652,15.895460653832895,advisor_summarized,0.4763476647905049
13,2023-01-17,7.513846529795137,14.632008561526815,advisor_summarized,0.5135211955487733
13,2023-01-18,7.341326610169783,21.451084957969886,advisor_summarized,0.34223567826774204
13,2023-01-19,6.797594752166579,12.529393201058214,advisor_summarized,0.5425318403761535
13,2023-01-20,6.666915104460711,8.730359798304454,advisor_summarized,0.7636472331593378
13,2023-01-21,6.525223974446438,8.62766937080345,advisor_summarized,0.7563136339610077
13,2023-01-22,7.161936142454388,2.850352257365768,advisor_summarized,2.5126494888295983
13,2023-01-23,7.475413854511274,21.90603507423975,advisor_summarized,0.34124905895462276
13,2023-01-24,6.435953649736753,30.16738164888836,advisor_summarized,0.21334147340473322
13,2023-01-25,6.499286185451361,7.224867861526903,advisor_summarized,0.8995716336987515
13,2023-01-26,7.8372523733096395,32.93929543636438,advisor_summarized,0.23793017638918457
13,2023-01-27,6.7825956065415935,77.51175014629335,advisor_summarized,0.08750409574987439
13,2023-01-28,6.238404760949663,52.68279537987288,advisor_summarized,0.11841445990037586
13,2023-01-29,6.05721840902612,24.12774963620826,advisor_summarized,0.25104779767509344
13,2023-01-30,6.363133703153845,25.03663105723669,advisor_summarized,0.2541529524721985
13,2023-01-31,6.444762713362287,35.04253649020326,advisor_summarized,0.1839125633831909
13,2023-02-01,6.462830721497098,32.734177884009725,advisor_summarized,0.19743372643716578
13,2023-02-02,6.295596624619876,27.56035073578124,advisor_summarized,0.2284294813580288
13,2023-02-03,10.401630412134567,32.63189747445289,advisor_summarized,0.31875653017964634
13,2023-02-04,9.861411929168376,63.89704264079152,advisor_summarized,0.15433283797821507
13,2023-02-05,9.09268388546689,73.31879631037098,advisor_summarized,0.12401572779476638
13,2023-02-06,9.100433812477045,28.095724130280612,advisor_summarized,0.3239081424019575
13,2023-02-07,8.403316073559271,32.35701719820886,advisor_summarized,0.2597061410847364
13,2023-02-08,7.948966382115555,63.69916189352593,advisor_summarized,0.12478918318269817
13,2023-02-09,7.699731261387222,24.604009567656657,advisor_summarized,0.3129461984728273
13,2023-02-10,7.934149445265366,5.9175765386824395,advisor_summarized,1.3407768185845754
13,2023-02-11,14.617449575335458,4.257322724327273,advisor_summarized,3.4334840278394108
13,2023-02-12,14.654536409310333,6.68681641931495,advisor_summarized,2.191556562997681
13,2023-02-13,12.111446865945618,17.478819277648327,advisor_summarized,0.6929213394541798
13,2023-02-14,11.446247446177535,21.85156694116994,advisor_summarized,0.5238181534987303
13,2023-02-15,10.86732461355946,25.204741852551894,advisor_summarized,0.43116190902225726
13,2023-02-16,10.517473716534104,25.744205917419947,advisor_summarized,0.4085375074403597
13,2023-02-17,10.339942169540237,20.27633627478698,advisor_summarized,0.5099512076250997
13,2023-02-18,10.021199373007988,21.068142015731993,advisor_summarized,0.4756565322905533
13,2023-02-19,9.205576744010724,26.405477123175174,advisor_summarized,0.34862376093675307
13,2023-02-20,9.052587845338143,17.86646960463304,advisor_summarized,0.5066802813125808
13,2023-02-21,8.89764606870745,5.255059483321651,advisor_summarized,1.6931580121874035
13,2023-02-22,8.78857396009848,10.076126449050188,advisor_summarized,0.8722175137973703
13,2023-02-23,8.608831941556609,24.999262123465332,advisor_summarized,0.3443634415703817
13,2023-02-24,8.089553391360978,41.74260728922359,advisor_summarized,0.19379607352532105
13,2023-02-25,7.829730998164067,52.70157054938387,advisor_summarized,0.148567318137649
13,2023-02-26,7.655166961880834,50.74056140365091,advisor_summarized,0.15086878722098698
13,2023-02-27,7.43726272719105,16.904460000019537,advisor_summarized,0.43995861016456334
13,2023-02-28,7.067559097644846,9.10134320672412,advisor_summarized,0.776540224570731
13,2023-03-01,6.702124157446488,10.502792881668372,advisor_summarized,0.6381278040000589
13,2023-03-02,6.675930351178874,7.361439343948137,advisor_summarized,0.9068784023422236
13,2023-03-03,6.397628619593204,4.414067399848238,advisor_summarized,1.4493726624593823
13,2023-03-04,6.701397191219066,0.21938205514322903,advisor_summarized,30.546697116333842
13,2023-03-05,6.97350256132654,8.197805371088306,advisor_summarized,0.8506548088980511
13,2023-03-06,5.790810592465616,18.07201680960313,advisor_summarized,0.3204296816163035
13,2023-03-07,5.333899088194309,18.67408017963964,advisor_summarized,0.2856311548886816
13,2023-03-08,5.314751276738314,20.569103624477147,advisor_summarized,0.2583851670820396
13,2023-03-09,4.6783107637884935,13.58118845969379,advisor_summarized,0.34446990980743475
13,2023-03-10,4.518764073093911,2.42772284289627,advisor_summarized,1.8613179368131794
13,2023-03-11,5.745554153671447,1.8522263902441327,advisor_summarized,3.1019718669023795
13,2023-03-12,4.721493620052384,3.231533385149284,advisor_summarized,1.4610691140466958
13,2023-03-13,25.84281789066205,44.27963156856467,advisor_summarized,0.5836276629954749
13,2023-03-14,18.61176140763643,73.65789326899404,advisor_summarized,0.25267843786500155
13,2023-03-15,15.016817550835148,63.248310019126386,advisor_summarized,0.23742638414044642
13,2023-03-16,12.063022473208417,68.99070860703183,advisor_summarized,0.1748499575778948
13,2023-03-17,10.693628986628644,54.63669846630891,advisor_summarized,0.1957224592042791
13,2023-03-18,13.066159753208083,42.389759634009536,advisor_summarized,0.30823859031097295
13,2023-03-19,12.731314683588655,45.577898752404074,advisor_summarized,0.27933088255669364
13,2023-03-20,11.483667527283885,52.95115779812851,advisor_summarized,0.21687283158310391
13,2023-03-21,10.366915206139051,70.15606111994269,advisor_summarized,0.14776934509500467
13,2023-03-22,9.865779105019989,49.88136206203686,advisor_summarized,0.19778487790189123
13,2023-03-23,8.850695171963503,33.752315039243435,advisor_summarized,0.26222483292399057
13,2023-03-24,7.955597262875798,29.48135734750656,advisor_summarized,0.2698517971577946
13,2023-03-25,7.25872168108967,29.433091404325584,advisor_summarized,0.24661771274297423
13,2023-03-26,6.853020052784795,37.85005140132252,advisor_summarized,0.18105708708615767
13,2023-03-27,6.364058950630683,39.35365318285353,advisor_summarized,0.16171456614359545
13,2023-03-28,6.453316223264404,15.368713346991122,advisor_summarized,0.4198995763381735
13,2023-03-29,7.288930858543345,13.047573882452513,advisor_summarized,0.5586426200158269
13,2023-03-30,6.037168543200122,20.849412491586648,advisor_summarized,0.28956060731381744
13,2023-03-31,5.1840406866753295,39.258076764483555,advisor_summarized,0.13205029675231789
13,2023-04-01,4.808041862063915,33.433195800532175,advisor_summarized,0.1438104179675035
13,2023-04-02,4.591407596723265,7.609868539173082,advisor_summarized,0.6033491344940086
13,2023-04-03,4.376195162542585,2.715459211760765,advisor_summarized,1.6115856734614553
13,2023-04-04,4.986491263020163,2.6673313787963626,advisor_summarized,1.8694682268051466
13,2023-04-05,4.633039977293799,6.2242249627670105,advisor_summarized,0.7443561254627529
13,2023-04-06,3.9553287249198066,11.206395102789806,advisor_summarized,0.35295281744395546
13,2023-04-07,3.40952711015158,18.659909623678622,advisor_summarized,0.1827193796172001
13,2023-04-08,3.4450454906774697,19.832382856797,advisor_summarized,0.17370809728477865
13,2023-04-09,4.138784032263197,23.91708635536791,advisor_summarized,0.17304716681487814
13,2023-04-10,4.364165631923508,30.932907706270555,advisor_summarized,0.14108488194398963
13,2023-04-11,4.230192151193771,31.031006955686877,advisor_summarized,0.13632145928214964
13,2023-04-12,3.7284398844405886,14.203656285892404,advisor_summarized,0.2624985996136652
13,2023-04-13,3.852376200757945,1.1438919812120203,advisor_summarized,3.3677797065035175
13,2023-04-14,4.566319414752404,2.0200611718793033,advisor_summarized,2.260485711184808
13,2023-04-15,3.176245249237116,7.719123178025609,advisor_summarized,0.411477466544268
13,2023-04-16,2.532610895996464,8.168034681489958,advisor_summarized,0.31006368052473576
13,2023-04-17,2.526375253908257,7.739372906290946,advisor_summarized,0.3264315190000334
13,2023-04-18,2.239466966899747,9.368224400828463,advisor_summarized,0.2390492446681469
13,2023-04-19,2.160703755955486,10.36589381592936,advisor_summarized,0.20844355482738147
13,2023-04-20,1.9945560992707643,10.001830037974385,advisor_summarized,0.1994191154716633
13,2023-04-21,1.8755859497900516,5.2620867640057885,advisor_summarized,0.3564338700417499
13,2023-04-22,2.4243955569280846,2.356448029459933,advisor_summarized,1.0288347235409747
13,2023-04-23,2.2932271078474944,3.470272749331862,advisor_summarized,0.6608204234923649
13,2023-04-24,2.235182798665687,1.9537858543679356,advisor_summarized,1.1440265030421082
13,2023-04-25,2.257927598298669,1.8112444582742029,advisor_summarized,1.2466167048759815
13,2023-04-26,2.178221228545519,7.603632428087025,advisor_summarized,0.28647113720271344
13,2023-04-27,2.606673527704628,13.189826903329765,advisor_summarized,0.19762757667779357
13,2023-04-28,4.700898639175647,9.132068229167414,advisor_summarized,0.5147682344467367
13,2023-04-29,3.9364203974898246,3.778856407463875,advisor_summarized,1.0416962099207407
13,2023-05-01,4.3695862231329485,7.770107499616195,advisor_summarized,0.5623585289326801
13,2023-05-02,3.32478571479414,6.639259078188384,advisor_summarized,0.5007766191436763
13,2023-05-03,2.4847486545283415,5.051476576704315,advisor_summarized,0.4918856134040399
13,2023-05-04,2.1743732268115457,5.967417751811297,advisor_summarized,0.36437422638151246
13,2023-05-05,2.0244357312841648,16.47744507591459,advisor_summarized,0.12286102135113912
13,2023-05-06,2.06828626026847,19.6079974710897,advisor_summarized,0.10548176902399031
13,2023-05-07,1.8000209676625232,17.2929101692885,advisor_summarized,0.10409011265549084
13,2023-05-08,1.6916544384785341,6.592069964285513,advisor_summarized,0.2566196122983482
13,2023-05-09,1.6739326392567155,6.238033687754928,advisor_summarized,0.2683429944507345
13,2023-05-10,1.7647143948281794,4.138775151685714,advisor_summarized,0.4263856648770628
13,2023-05-11,1.736566489582272,6.217254057342132,advisor_summarized,0.279314062698067
13,2023-05-12,1.7506775093099805,5.6027508079332895,advisor_summarized,0.3124674948653946
13,2023-05-13,2.7811744914150274,9.733253681690796,advisor_summarized,0.28573944359908027
13,2023-05-14,2.8683482683948895,11.376461364063877,advisor_summarized,0.2521300935856441
13,2023-05-15,2.1209268823459553,14.068311704632643,advisor_summarized,0.15075916192897132
13,2023-05-16,1.958131021224213,7.1432339941056044,advisor_summarized,0.27412388042167
13,2023-05-17,1.908389461719732,6.1603929771692485,advisor_summarized,0.30978372139445115
13,2023-05-18,3.142170484109544,14.25559183636836,advisor_summarized,0.22041669824562107
13,2023-05-19,3.9497848728799188,30.20913521731975,advisor_summarized,0.13074802851739348
13,2023-05-20,2.4223924652367304,24.5500782206971,advisor_summarized,0.0986714764596765
13,2023-05-21,6.592795372285391,31.553099926744963,advisor_summarized,0.2089428736825069
13,2023-05-22,12.571244136742324,38.28438123419136,advisor_summarized,0.3283648248052416
13,2023-05-23,11.329847894789863,30.569835833435008,advisor_summarized,0.3706218102224193
13,2023-05-24,10.35030370832736,15.774216601305314,advisor_summarized,0.6561532638946312
13,2023-05-25,10.776420636122104,16.015651947144107,advisor_summarized,0.6728680588019237
13,2023-05-26,11.022895697148057,20.50143303865296,advisor_summarized,0.5376646440454054
13,2023-05-27,10.482215482867481,24.908809809599177,advisor_summarized,0.4208236187514636
13,2023-05-28,9.806243316119943,19.718150851753975,advisor_summarized,0.4973206356846415
13,2023-05-29,8.543129425195517,17.435779698106156,advisor_summarized,0.48997690800850485
13,2023-05-30,8.033999893696938,14.455548656315797,advisor_summarized,0.5557727406068943
13,2023-05-31,7.3182544029735475,19.05381144788172,advisor_summarized,0.38408349022405924
13,2023-06-01,6.776652457860774,15.639040060757711,advisor_summarized,0.4333163948383955
13,2023-06-02,5.379550071223057,17.040774924406886,advisor_summarized,0.3156869388327007
13,2023-06-04,3.41600479157292,14.651231679261343,advisor_summarized,0.23315478632477277
13,2023-06-05,2.9998948613911325,13.323962269780862,advisor_summarized,0.225150356977142
13,2023-06-06,2.6476581636950436,12.003317598416956,advisor_summarized,0.2205771980943191
13,2023-06-07,2.5781846484199162,11.406277076572245,advisor_summarized,0.22603209014756803
13,2023-06-10,1.706149194659827,10.660367939434556,advisor_summarized,0.16004599506818937
13,2023-06-11,1.8540077617996729,10.389450594860564,advisor_summarized,0.17845099169313247
13,2023-06-12,1.569478847732424,10.090009582616906,advisor_summarized,0.15554780546852265
13,2023-06-13,1.528682421180423,9.798445228816655,advisor_summarized,0.1560127536034653
13,2023-06-14,1.7412350819858589,10.090324341776958,advisor_summarized,0.1725648277505437
13,2023-06-15,3.817031543116173,13.505751244495537,advisor_summarized,0.2826226748898444
13,2023-06-16,5.683018107947476,18.316617895157712,advisor_summarized,0.3102656909958182
13,2023-06-17,4.7455404534721835,16.651723998163714,advisor_summarized,0.2849879360236515
13,2023-06-18,5.228674860727834,17.583763854584216,advisor_summarized,0.2973581142222107
13,2023-06-19,3.835997144640483,14.870262120065178,advisor_summarized,0.2579643259592837
13,2023-06-20,6.423325511112049,19.86742520451805,advisor_summarized,0.3233094094976797
13,2023-06-21,6.4451973724467,19.930827289693035,advisor_summarized,0.32337831635216413
13,2023-06-22,21.193406710359383,48.180426810550394,advisor_summarized,0.43987586066212514
13,2023-06-23,36.51540547621017,79.61771535863281,advisor_summarized,0.4586341784831291
13,2023-06-24,21.94628169406093,49.60631570988832,advisor_summarized,0.4424090235285554
13,2023-06-25,17.61925421079397,41.17838971614167,advisor_summarized,0.4278762314954567
13,2023-06-26,15.244956698859315,36.62562394654752,advisor_summarized,0.41623746044868043
13,2023-06-27,12.965688421094143,32.28238328856049,advisor_summarized,0.4016335567668151
13,2023-06-28,10.990377880581052,28.538815939973095,advisor_summarized,0.38510279836758404
13,2023-06-29,8.83493739746438,24.46014846224084,advisor_summarized,0.3611972106834463
13,2023-06-30,7.033877393394994,21.047317288295087,advisor_summarized,0.3341935362615881
13,2023-07-01,6.019929885084987,19.11278403999246,advisor_summarized,0.3149687597834314
13,2023-07-02,5.179490076069619,17.493533190494333,advisor_summarized,0.29608027261662956
13,2023-07-03,4.3718649869854955,15.920890878081446,advisor_summarized,0.2745992683741281
13,2023-07-04,3.852566721812776,14.892562863240828,advisor_summarized,0.25869064694848665
13,2023-07-05,3.0765491224327195,13.333848206145577,advisor_summarized,0.23073227434933125
13,2023-07-06,2.6610089031489026,12.489178370828178,advisor_summarized,0.21306516923198102
13,2023-07-07,2.294400880324859,11.51730178467588,advisor_summarized,0.19921340286295433
13,2023-07-08,2.174937039899859,11.23248019906758,advisor_summarized,0.19362927878389694
13,2023-07-09,2.231348610378523,11.565135460724926,advisor_summarized,0.19293752485270566
13,2023-07-10,4.6917795990818885,16.512652164253424,advisor_summarized,0.28413240661840194
13,2023-07-11,4.247847224469027,15.683547625004406,advisor_summarized,0.27084734436592967
13,2023-07-12,3.669129204409105,14.535210353498078,advisor_summarized,0.25243041656607906
13,2023-07-13,3.7112701730957403,14.613838513948558,advisor_summarized,0.2539558767912634
13,2023-07-14,2.987120830256787,13.162531380650403,advisor_summarized,0.2269412124363865
13,2023-07-15,2.5308001683119867,12.219281631206607,advisor_summarized,0.20711529897540137
13,2023-07-16,2.66169148367457,12.493441058627608,advisor_summarized,0.21304710777312091
13,2023-07-17,2.488304638047429,12.12770521587341,advisor_summarized,0.20517522431124055
13,2023-07-18,2.2202269487273263,11.546242786942626,advisor_summarized,0.1922899933507486
13,2023-07-19,1.6320295290322464,10.268951210886591,advisor_summarized,0.1589285502985014
13,2023-07-20,1.2202364173618288,9.316044855193104,advisor_summarized,0.13098223938688147
13,2023-07-21,1.105465572411068,8.741607935731269,advisor_summarized,0.12646020967063556
13,2023-07-22,1.0518899878057417,8.662719144363246,advisor_summarized,0.12142722975039508
13,2023-07-23,2.3812801732516915,11.860156114683958,advisor_summarized,0.20077983377499128
13,2023-07-24,2.366616331581511,11.86109225568279,advisor_summarized,0.19952768940378465
13,2023-07-25,1.944468711593084,10.971885853694468,advisor_summarized,0.17722283457208407
13,2023-07-26,1.7783176981997924,10.591651536241184,advisor_summarized,0.16789805556904588
13,2023-07-27,1.2298071770645234,9.342643002726716,advisor_summarized,0.13163375467794236
13,2023-07-28,1.2494801940747584,9.39455606608887,advisor_summarized,0.13300045103620745
13,2023-07-29,1.7890919235730094,10.548078565614402,advisor_summarized,0.16961306388115616
13,2023-07-30,3.2510267802124915,13.539537846640089,advisor_summarized,0.24011357086455146
13,2023-07-31,11.75662420715443,30.068237678105543,advisor_summarized,0.3909981134582796
13,2023-08-01,19.854279095099088,46.23680147570345,advisor_summarized,0.4294042507575298
13,2023-08-02,33.372604102488616,72.81827002949824,advisor_summarized,0.45829987569011976
13,2023-08-03,20.302738334416183,46.386653947049176,advisor_summarized,0.4376849073354582
13,2023-08-04,30.68127150235151,70.5123173070986,advisor_summarized,0.4351193192066994
13,2023-08-05,43.90869122014295,94.62698756492276,advisor_summarized,0.46401869434993454
13,2023-08-06,35.53682394500107,77.01332643535936,advisor_summarized,0.4614373328599002
13,2023-08-07,28.79883631199779,63.232263454375094,advisor_summarized,0.45544528597774203
13,2023-08-08,23.07140824479388,51.80799658102131,advisor_summarized,0.44532523485468206
13,2023-08-09,19.137219983799973,44.11574318198944,advisor_summarized,0.43379570655431865
13,2023-08-10,16.279939242804055,38.60582750571092,advisor_summarized,0.421696419805942
13,2023-08-11,13.193031372585295,32.71493912163931,advisor_summarized,0.40327238034989216
13,2023-08-12,10.9634180428335,28.488168565405122,advisor_summarized,0.3848410970211342
13,2023-08-13,9.058030307384374,24.88496988017847,advisor_summarized,0.36399603258508795
13,2023-08-14,7.452577951635155,21.84479509582206,advisor_summarized,0.3411603505065837
13,2023-08-15,7.15163586763821,21.27592640438374,advisor_summarized,0.3361374603253314
13,2023-08-16,6.782760403016233,20.57310944570331,advisor_summarized,0.32969058084862385
13,2023-08-17,7.425375414926959,21.7948755753081,advisor_summarized,0.34069363641329214
13,2023-08-18,7.210418785477188,21.385073217973556,advisor_summarized,0.3371706382289602
13,2023-08-19,5.933349379810731,18.94823065103454,advisor_summarized,0.3131347453534814
13,2023-08-20,6.781121356365722,20.564919365044428,advisor_summarized,0.32974218065216676
13,2023-08-21,6.832143831198159,20.663671650614887,advisor_summarized,0.3306355204785136
13,2023-08-22,5.702541757786911,18.50489406179172,advisor_summarized,0.30816397752642777
13,2023-08-23,4.945458664456573,17.04305104994466,advisor_summarized,0.2901744910558507
13,2023-08-24,4.263259132619689,15.710700496842556,advisor_summarized,0.27136021932799836
13,2023-08-25,3.839182967489609,14.872216096772554,advisor_summarized,0.2581446465347392
13,2023-08-26,4.3086210833434535,14.840115777665323,advisor_summarized,0.29033608281062173
13,2023-08-27,3.694195219048972,13.742668577969065,advisor_summarized,0.26881207227620646
13,2023-08-29,5.129878979506827,14.291507619201232,advisor_summarized,0.35894596400834733
13,2023-08-30,14.000272381650213,33.33472016390053,advisor_summarized,0.41999069777137815
13,2023-08-31,13.004280786025252,32.35665122672267,advisor_summarized,0.401904408923668
13,2023-09-01,11.513609016101757,29.529666500308732,advisor_summarized,0.3898997306990034
13,2023-09-02,11.981596197566564,30.415045150385836,advisor_summarized,0.39393649223021354
13,2023-09-03,9.327937022678833,25.39601902204472,advisor_summarized,0.36729918238688614
13,2023-09-04,7.625802374310488,22.174239940640927,advisor_summarized,0.34390366455510046
13,2023-09-05,6.472228688822373,19.979832268008884,advisor_summarized,0.32393808926942363
13,2023-09-06,5.614248080387369,18.33767523440003,advisor_summarized,0.30615920549489734
13,2023-09-07,4.62563503273604,16.42137706094735,advisor_summarized,0.2816837476886476
13,2023-09-08,4.263196967339625,15.781965363976868,advisor_summarized,0.27013092913450354
13,2023-09-09,3.9691717357895504,15.13648264679406,advisor_summarized,0.26222550036287523
13,2023-09-10,3.311820448811369,13.818446720662044,advisor_summarized,0.23966662214352694
13,2023-09-11,4.45068750752924,16.017543534092724,advisor_summarized,0.2778633002030632
13,2023-09-12,5.8564981496072335,18.79662429155051,advisor_summarized,0.3115718045308729
13,2023-09-13,4.476701879086216,16.133817294306496,advisor_summarized,0.2774731979062395
13,2023-09-14,3.883666011006669,14.943612559778726,advisor_summarized,0.25988802877958017
13,2023-09-15,3.728197180099188,14.660241645328428,advisor_summarized,0.25430666630840976
13,2023-09-16,3.383244968829107,13.963945369960364,advisor_summarized,0.24228431716062424
13,2023-09-17,3.1758578196885017,13.289693160295668,advisor_summarized,0.23897149327545839
13,2023-09-18,2.6559763637791995,12.47754711607472,advisor_summarized,0.21286045559046837
13,2023-09-19,2.2003741946343274,11.515072286045315,advisor_summarized,0.19108644218420395
13,2023-09-20,1.9618824375398682,11.00376696190807,advisor_summarized,0.1782918926156243
13,2023-09-21,2.055826095764944,11.213153589233777,advisor_summarized,0.18334058116699925
13,2023-09-22,2.3438586211570773,11.815943213083251,advisor_summarized,0.19836407292156163
13,2023-09-23,1.6811341393081891,10.226924943101292,advisor_summarized,0.16438315022955366
13,2023-09-24,1.23412517617362,9.47059054853522,advisor_summarized,0.1303113221766828
13,2023-09-25,1.4488460055037384,9.80330254901792,advisor_summarized,0.147791624124554
13,2023-09-26,3.220076483375687,13.627018233814509,advisor_summarized,0.23630088608711838
13,2023-09-27,3.0247827532116722,13.24079046974091,advisor_summarized,0.22844427303069165
13,2023-09-28,2.7363840286827785,12.649780034856548,advisor_summarized,0.21631870444724377
13,2023-09-29,2.2352108835833824,11.562128725226726,advisor_summarized,0.19332174348712342
13,2023-09-30,1.7938397976913547,10.638887226420607,advisor_summarized,0.16861160002115014
13,2023-10-01,1.4790940665421592,9.9257739816109,advisor_summarized,0.1490154892991136
13,2023-10-02,1.0981533608160494,9.031013306527845,advisor_summarized,0.12159802267396466
13,2023-10-03,1.0509949737692348,8.91540644523278,advisor_summarized,0.11788525629487366
13,2023-10-04,1.0087882913084862,8.810761317014174,advisor_summarized,0.11449501978455007
13,2023-10-05,0.8790294626318023,8.48023505438699,advisor_summarized,0.10365626152981022
13,2023-10-06,0.9443787844239252,8.591117649009112,advisor_summarized,0.10992502058598262
13,2023-10-07,0.8902534164593882,8.479340438087517,advisor_summarized,0.10499088024117374
13,2023-10-08,0.7431020497926449,7.997401641482831,advisor_summarized,0.09291793548771465
13,2023-10-09,0.6161722568716201,7.6057148413817695,advisor_summarized,0.08101437796735447
13,2023-10-10,0.6081363854315398,7.461699825804588,advisor_summarized,0.08150105198931197
13,2023-10-11,0.5229561656423597,7.6198698065074195,advisor_summarized,0.06863059066911506
13,2023-10-12,18.157379176697066,35.60893493546654,advisor_summarized,0.5099107628353212
13,2023-10-13,11.516723585219022,29.535871052345342,advisor_summarized,0.38992327549129513
13,2023-10-14,8.984628716463025,24.747187585159267,advisor_summarized,0.36305655685299165
13,2023-10-15,7.693825502189521,21.838644579730452,advisor_summarized,0.3523032518845308
13,2023-10-16,6.525245288451676,20.08409802412348,advisor_summarized,0.3248961083845563
13,2023-10-17,5.562396614906519,18.240019591757743,advisor_summarized,0.30495562720886776
13,2023-10-18,5.067618783078738,17.28431022929837,advisor_summarized,0.29319184369236184
13,2023-10-19,4.467922243699721,16.117102305970423,advisor_summarized,0.27721622403827656
13,2023-10-20,4.077284235227376,14.88655784510897,advisor_summarized,0.2738903296282815
13,2023-10-21,3.4129324541899653,14.1509615154471,advisor_summarized,0.2411802512828849
13,2023-10-22,2.994275528632019,13.176834443892297,advisor_summarized,0.22723784998451738
13,2023-10-23,2.7366650018686762,12.648848888043014,advisor_summarized,0.2163568421198906
13,2023-10-24,2.468864557572516,12.08872765428478,advisor_summarized,0.2042286523592449
13,2023-10-25,2.1881429216273482,11.496765081548672,advisor_summarized,0.19032683594962996
13,2023-10-26,2.1740929343397473,11.468618890622302,advisor_summarized,0.1895688535013982
13,2023-10-27,2.055212379021802,11.210943828391706,advisor_summarized,0.18332197631897668
13,2023-10-28,1.9298246311677036,10.939815233622111,advisor_summarized,0.17640376824981802
13,2023-10-29,2.0594343625859066,11.223047022566732,advisor_summarized,0.18350046635685485
13,2023-10-30,2.1243629993441906,11.363292939938637,advisor_summarized,0.1869495937993184
13,2023-10-31,2.2133091500357893,11.422536616354185,advisor_summarized,0.19376686846132674
13,2023-11-01,11.669479373125274,11.189898782939103,advisor_summarized,1.042858349256686
13,2023-11-02,20.263403693505403,10.78819840509002,advisor_summarized,1.8782935697534866
13,2023-11-03,20.425942446481905,11.098444479831944,advisor_summarized,1.8404329078367567
13,2023-11-04,20.01706921829646,10.790290843713358,advisor_summarized,1.855100062475036
13,2023-11-05,18.845770320737188,10.014524455346232,advisor_summarized,1.8818437565127135
13,2023-11-06,18.972686102680626,10.167105978523674,advisor_summarized,1.8660852107529202
13,2023-11-07,18.684889731264807,9.934359513007372,advisor_summarized,1.8808348647741293
13,2023-11-08,18.285605309166428,9.671144743506654,advisor_summarized,1.890738459006484
13,2023-11-09,18.196973004808257,9.422518942890193,advisor_summarized,1.931221695079623
13,2023-11-10,18.53425167811414,9.583322973949675,advisor_summarized,1.934010961385289
13,2023-11-11,18.89801406296868,9.853423260938746,advisor_summarized,1.917913557807345
13,2023-11-12,20.0367249498532,10.527301653032891,advisor_summarized,1.9033106118015213
13,2023-11-13,20.91522328323019,10.970404734300814,advisor_summarized,1.9065133684480418
13,2023-11-14,23.205003618195075,12.390143515452822,advisor_summarized,1.8728599543059452
13,2023-11-15,26.57694335210584,14.25025244791042,advisor_summarized,1.8650156163375857
13,2023-11-16,25.76089599221355,14.073772608348266,advisor_summarized,1.8304186595236538
13,2023-11-17,28.609272615325008,16.408541274024927,advisor_summarized,1.7435597800892941
13,2023-11-18,26.16276423707251,14.298403477832546,advisor_summarized,1.8297682169644893
13,2023-11-19,24.95216183549588,13.648492317790108,advisor_summarized,1.8281991339784849
13,2023-11-20,23.98785576466529,13.05386647669502,advisor_summarized,1.8376054180951404
13,2023-11-21,23.48166796403349,12.745761130816346,advisor_summarized,1.8423119437928401
13,2023-11-22,25.1562462840884,13.474640241410787,advisor_summarized,1.866932684909631
13,2023-11-23,25.158621347909804,13.409312735916028,advisor_summarized,1.8762051302244571
13,2023-11-24,24.379537229656528,13.164157314620496,advisor_summarized,1.8519633765375854
13,2023-11-25,24.272988862133644,13.179768694619575,advisor_summarized,1.8416854972608658
13,2023-11-26,32.98029392832137,17.85802682865172,advisor_summarized,1.8468050386959456
13,2023-11-27,37.05578288635522,18.416458097127823,advisor_summarized,2.012101495896995
13,2023-11-28,31.656444173077467,16.436208273054756,advisor_summarized,1.9260186806572968
13,2023-11-29,29.315856896689994,15.385541110141466,advisor_summarized,1.9054160452872393
13,2023-11-30,28.0055572493352,14.895265939082426,advisor_summarized,1.8801649707947672
13,2023-12-01,26.962666410976084,14.164756101129472,advisor_summarized,1.9035037538575148
13,2023-12-02,27.001321739078833,14.43936177121576,advisor_summarized,1.8699802779998764
13,2023-12-03,29.455079471388967,15.446088872017256,advisor_summarized,1.9069603778307238
13,2023-12-04,30.387626849321656,15.045798467331004,advisor_summarized,2.019675254543813
13,2023-12-05,28.273215060454582,14.108076289695022,advisor_summarized,2.00404466774157
13,2023-12-06,17.130531248726506,13.8310282849913,advisor_summarized,1.2385580374610072
13,2023-12-07,3.093981597483604,13.384169917890224,advisor_summarized,0.2311672383468451
13,2023-12-08,3.103944336426431,13.450409332413388,advisor_summarized,0.23076950743397892
13,2023-12-09,3.277599611199915,13.755586098464454,advisor_summarized,0.23827407918051532
13,2023-12-10,4.312261231966295,15.771899394473673,advisor_summarized,0.2734141985129116
13,2023-12-11,5.736958094035951,18.570239902252553,advisor_summarized,0.30893290147210556
13,2023-12-12,4.26539129937306,15.722208141243197,advisor_summarized,0.2712972160814927
13,2023-12-13,3.913969419554545,15.029619689166951,advisor_summarized,0.26041706313937246
13,2023-12-14,3.696380898906221,14.59775887156365,advisor_summarized,0.25321564299207255
13,2023-12-15,3.7994307249127357,14.802393781480438,advisor_summarized,0.25667677681067214
13,2023-12-16,4.496913180473349,16.14590249993568,advisor_summarized,0.27851730062728075
13,2023-12-17,240.10075618092048,641.6645650129984,advisor_summarized,0.37418422221282654
13,2023-12-18,185.0485654825863,456.5897911260911,advisor_summarized,0.4052840625853669
13,2023-12-19,157.58956884825272,378.20142213046984,advisor_summarized,0.4166815871831607
13,2023-12-20,133.42442843718038,312.2002428683877,advisor_summarized,0.4273681122452787
13,2023-12-21,113.11203055685759,258.697990945786,advisor_summarized,0.43723582909680153
13,2023-12-22,99.84598208817708,225.00538846202883,advisor_summarized,0.4437492931642691
13,2023-12-23,84.18436125586835,186.5093947348312,advisor_summarized,0.45136793980569745
13,2023-12-24,73.89069482538929,161.98465339447588,advisor_summarized,0.4561586130350615
13,2023-12-25,70.0577525419174,153.0151806436046,advisor_summarized,0.4578483797963318
13,2023-12-26,65.9636013069879,143.58392242443017,advisor_summarized,0.45940799076376593
13,2023-12-27,56.8374915971112,122.87952720748288,advisor_summarized,0.46254647042334995
13,2023-12-28,52.003393728673885,112.16751710514733,advisor_summarized,0.4636225805009592
13,2023-12-29,47.41782387983516,102.16250224254831,advisor_summarized,0.46414117547021805
13,2023-12-30,43.41860168291065,93.56630765363084,advisor_summarized,0.4640409862451785
13,2023-12-31,40.27994563228407,86.90382190312272,advisor_summarized,0.4635002782407742
13,2024-01-01,37.30375555482876,80.65944982499308,advisor_summarized,0.4624846268573214
13,2024-01-02,35.086523635891396,76.05482670243289,advisor_summarized,0.46133197795806724
13,2024-01-03,31.106826956778622,67.89116337151711,advisor_summarized,0.4581866830968035
13,2024-01-04,35.41660341007366,76.76491240076608,advisor_summarized,0.4613644737217237
13,2024-01-05,31.94125932516563,69.878408082663,advisor_summarized,0.45709769586308496
13,2024-01-06,44.69520500011264,96.6176401299248,advisor_summarized,0.4625988063878354
13,2024-01-07,46.372756057255636,99.91070869206376,advisor_summarized,0.46414199903417536
13,2024-01-08,41.22161824928358,88.89747108522556,advisor_summarized,0.46369843535554145
13,2024-01-09,71.2440843471656,161.43385390243586,advisor_summarized,0.4413205943173646
13,2024-01-10,103.19007580969833,233.51286236111113,advisor_summarized,0.44190317726533695
13,2024-01-11,89.62092686579915,199.6776967239608,advisor_summarized,0.4488279278866746
13,2024-01-12,82.28463875678595,181.90092556638103,advisor_summarized,0.452359648531628
13,2024-01-13,75.75458111428107,166.36931050010293,advisor_summarized,0.4553398754046901
13,2024-01-14,66.46775942535814,144.72068641770952,advisor_summarized,0.45928305807997094
13,2024-01-15,59.718374053776586,129.34776602890858,advisor_summarized,0.46168848436415844
13,2024-01-16,64.39552328152202,140.0719750836963,advisor_summarized,0.4597316718283167
13,2024-01-17,64.2866461579393,139.7264780354718,advisor_summarized,0.46008921903562977
13,2024-01-18,57.82407981831355,125.08688929048644,advisor_summarized,0.46227130713939174
13,2024-01-19,54.26999724121567,117.16791605846362,advisor_summarized,0.4631813816176129
13,2024-01-20,49.874496226486684,107.5071118547171,advisor_summarized,0.4639181107747184
13,2024-01-21,44.88782891947657,96.7180469461742,advisor_summarized,0.46411016699352575
13,2024-01-22,40.77314478872631,87.9449743387453,advisor_summarized,0.4636210891560085
13,2024-01-23,38.259887020789606,82.65776692023347,advisor_summarized,0.46287104583542915
13,2024-01-24,35.76030185878338,77.44991570447682,advisor_summarized,0.4617216369251172
13,2024-01-25,33.0435310828524,71.84946463131313,advisor_summarized,0.4598994752766955
13,2024-01-26,71.28502092423656,156.41729649807436,advisor_summarized,0.45573617828840396
13,2024-01-27,69.40542956808574,151.50665374634224,advisor_summarized,0.4581015278991426
13,2024-01-28,61.89826305737451,134.28137543874644,advisor_summarized,0.46095940598709395
13,2024-01-29,55.01436142291636,118.8257836676916,advisor_summarized,0.4629833671181132
13,2024-01-30,48.03178404026772,103.49778673081336,advisor_summarized,0.464085132227931
13,2024-01-31,42.532488866316115,91.68414302130314,advisor_summarized,0.4639023441210934
13,2024-02-01,37.64985817528836,81.38610619814825,advisor_summarized,0.46260793069057027
13,2024-02-02,34.545354081048316,74.93657740727281,advisor_summarized,0.46099455401195827
13,2024-02-03,31.478788432138888,68.65037142402268,advisor_summarized,0.45853777305454724
13,2024-02-04,34.90964238142877,75.77489960073827,advisor_summarized,0.46070192854585645
13,2024-02-05,37.582120894236844,81.24348343547793,advisor_summarized,0.46258628144722364
13,2024-02-06,33.49399449988747,72.77502375147377,advisor_summarized,0.4602402414084981
13,2024-02-07,30.21252153756337,66.07173441857744,advisor_summarized,0.457268479531067
13,2024-02-08,27.419072240698142,60.43658213068678,advisor_summarized,0.45368336980750706
13,2024-02-09,25.237360198374788,56.232691116732894,advisor_summarized,0.4488022838171625
13,2024-02-10,23.69684944504388,53.03010801538354,advisor_summarized,0.44685651853037234
13,2024-02-11,22.23143294689497,50.14547543302363,advisor_summarized,0.4433387609733243
13,2024-02-12,22.8718542108533,51.4434796770106,advisor_summarized,0.4446016162680851
13,2024-02-13,26.664716943770138,58.930835434878304,advisor_summarized,0.452474782463182
13,2024-02-14,23.322925920049627,52.29400549385985,advisor_summarized,0.4459961653308066
13,2024-02-15,21.29123511905131,48.30272224211819,advisor_summarized,0.44078747802926393
13,2024-02-16,20.26508510014685,46.300220766867305,advisor_summarized,0.4376887359174032
13,2024-02-17,22.76128344278633,51.25791801729974,advisor_summarized,0.4440539983521046
13,2024-02-18,58.8199962661132,127.60260220708714,advisor_summarized,0.460962356948284
13,2024-02-19,64.05657041920512,139.2045688915494,advisor_summarized,0.4601614079858966
13,2024-02-20,54.29256801603669,117.2382022997748,advisor_summarized,0.46309621736788587
13,2024-02-21,46.91494329631108,101.08394203952302,advisor_summarized,0.46411865574027283
13,2024-02-22,40.392942499294456,87.1513256216753,advisor_summarized,0.46348052896682934
13,2024-02-23,36.99183434868284,80.00944093535715,advisor_summarized,0.462343367435476
13,2024-02-24,34.13385489732422,74.09598508739766,advisor_summarized,0.46067077530668726
13,2024-02-25,30.165324404451237,65.97719988209033,advisor_summarized,0.45720831527195027
13,2024-02-26,26.716589935419613,59.0320868551046,advisor_summarized,0.45257742625626635
13,2024-02-27,24.56851008413401,54.75684472630451,advisor_summarized,0.4486838167344512
13,2024-02-28,22.639315287704108,50.949414995315074,advisor_summarized,0.4443488760329407
13,2024-02-29,20.40149853823641,46.56529618942819,advisor_summarized,0.43812667818632284
13,2024-03-01,18.906604591411877,43.66290495308513,advisor_summarized,0.43301298005083777
13,2024-03-02,18.344926026713114,42.575452193245475,advisor_summarized,0.4308803566770691
13,2024-03-03,17.88116640005148,41.68057814149463,advisor_summarized,0.4290047594673378
13,2024-03-04,17.517010104482274,41.08932387052784,advisor_summarized,0.4263153650247019
13,2024-03-05,17.242466400701435,40.45036773713259,advisor_summarized,0.42626229043829467
13,2024-03-06,24.611978979037204,54.84968050546707,advisor_summarized,0.4487169068666505
13,2024-03-07,21.49551156765295,48.70373120475906,advisor_summarized,0.4413524597793552
13,2024-03-08,19.200275090703514,44.23318081580447,advisor_summarized,0.4340695092821196
13,2024-03-09,18.58575427011571,43.043445000587944,advisor_summarized,0.43179058437032264
13,2024-03-10,23.31586062267395,52.28361958913806,advisor_summarized,0.4459496264011114
13,2024-03-11,20.074889574313847,45.93583602222719,advisor_summarized,0.43702022892541054
13,2024-03-12,17.25160952411469,40.47202332940329,advisor_summarized,0.4262601200761129
13,2024-03-13,15.457687345591427,37.029223646263915,advisor_summarized,0.4174456233070671
13,2024-03-14,13.80073462323831,33.867847723635435,advisor_summarized,0.40748779597255474
13,2024-03-15,12.227994842618985,30.881296949869895,advisor_summarized,0.3959676584331573
13,2024-03-16,11.508519930686571,29.518081297356435,advisor_summarized,0.3898803521391902
13,2024-03-17,11.271349036682341,29.069271419232603,advisor_summarized,0.3877410229561197
13,2024-03-18,11.301493566256921,29.126055612117085,advisor_summarized,0.3880200503893582
13,2024-03-19,10.785356737724598,28.150298115343674,advisor_summarized,0.38313472537777155
13,2024-03-20,9.804111400300789,26.29605296574565,advisor_summarized,0.37283585536856195
13,2024-03-21,8.757332922424528,24.31722968853836,advisor_summarized,0.360128724965418
13,2024-03-22,13.637276407028082,33.58067134636669,advisor_summarized,0.4061049365680292
13,2024-03-23,15.97010268815298,38.009709064234535,advisor_summarized,0.4201585090052727
13,2024-03-24,14.3937062231785,34.99623397765,advisor_summarized,0.41129300462360885
13,2024-03-25,12.331547998082003,31.24068272116233,advisor_summarized,0.39472722501447305
13,2024-03-26,11.165780865944619,28.87025923071046,advisor_summarized,0.386757208403142
13,2024-03-27,11.15714263771993,28.85311926938751,advisor_summarized,0.3866875720975306
13,2024-03-28,13.271799659895903,32.864539870437625,advisor_summarized,0.40383342387319343
13,2024-03-29,11.475848730108755,29.4575916261397,advisor_summarized,0.38957185895419444
13,2024-03-30,10.246612240101976,27.132470531764927,advisor_summarized,0.3776512805240463
13,2024-03-31,8.875873507323426,24.541452924611136,advisor_summarized,0.3616686238825881
13,2024-04-01,8.277332035557494,23.409327125543623,advisor_summarized,0.35359119854946597
13,2024-04-02,7.725236128500005,22.363558652006684,advisor_summarized,0.3454385882278543
13,2024-04-03,47.20599036692894,69.11875361087019,advisor_summarized,0.6829693520327735
13,2024-04-04,41.62362667827439,89.81363872499217,advisor_summarized,0.463444386277737
13,2024-04-05,31.59897357732807,68.92694844166363,advisor_summarized,0.45844149917752247
13,2024-04-06,25.103721472301018,55.82589904628801,advisor_summarized,0.44967876740303425
13,2024-04-07,21.133694186434347,48.00891804750574,advisor_summarized,0.44020350897144056
13,2024-04-08,16.9791168993875,39.95159005053067,advisor_summarized,0.4249922688411739
13,2024-04-09,14.16267493604471,34.55970036446948,advisor_summarized,0.4098031749894808
13,2024-04-10,11.986130122970728,30.42358525189962,advisor_summarized,0.393974938316066
13,2024-04-11,16.1141833532221,38.346860663340955,advisor_summarized,0.4202217097950609
13,2024-04-12,16.11144722915973,38.28949295051165,advisor_summarized,0.42077985336560686
13,2024-04-13,12.414534254427895,31.238925928125088,advisor_summarized,0.39740592499855504
13,2024-04-14,9.982638468243803,26.633647288207115,advisor_summarized,0.37481304607739285
13,2024-04-15,8.741298033410734,24.286353788114255,advisor_summarized,0.35992632363318067
13,2024-04-16,7.965903347745648,22.81940231535985,advisor_summarized,0.3490846621510223
13,2024-04-17,7.153026348684496,21.276135077947956,advisor_summarized,0.336199517557039
13,2024-04-18,5.9651406967218605,19.169800658253067,advisor_summarized,0.3111738511560224
13,2024-04-19,5.497816968103987,18.10821656490113,advisor_summarized,0.30360896935374176
13,2024-04-20,4.946646210413061,17.046196378656195,advisor_summarized,0.29019061499296306
13,2024-04-21,4.643815811600475,16.461069248568602,advisor_summarized,0.2821090016375628
13,2024-04-22,5.024709534654904,17.199024171054486,advisor_summarized,0.29215085022738446
13,2024-04-23,4.499602122329705,16.177022335450804,advisor_summarized,0.2781477350420135
13,2024-04-24,3.9925837581690042,15.178752516973098,advisor_summarized,0.26303767412403883
13,2024-04-25,3.5445031039215316,14.290384306767969,advisor_summarized,0.24803413455038045
13,2024-04-26,3.268200882212222,13.73593905827687,advisor_summarized,0.23793064808648093
13,2024-04-27,3.3789044296365254,13.961249051580594,advisor_summarized,0.24202021016550734
13,2024-04-28,3.0944977690513,13.379825316034824,advisor_summarized,0.23128087967955396
13,2024-04-29,2.891031260074027,12.967858057256606,advisor_summarized,0.22293822521108272
13,2024-04-30,2.526686004832978,12.213233811478448,advisor_summarized,0.20688099841815072
13,2024-05-01,2.399156929613481,11.945009402839313,advisor_summarized,0.20085014994154834
13,2024-05-02,2.3100871371010725,11.756031093944136,advisor_summarized,0.1965022990021746
13,2024-05-03,2.115869213793936,11.338488472146798,advisor_summarized,0.18660946024609953
13,2024-05-04,2.0052564740395824,11.098754705060957,advisor_summarized,0.18067400598782485
13,2024-05-05,2.3418970131628734,11.806530529919796,advisor_summarized,0.19835607143250936
13,2024-05-06,2.9229968279653717,13.02664197970869,advisor_summarized,0.22438605686089005
13,2024-05-07,2.397155539472886,11.634969816219682,advisor_summarized,0.20603023276701082
13,2024-05-08,2.2057734524931467,10.497302476481323,advisor_summarized,0.21012764540557644
13,2024-05-09,1.453959786963415,9.444232811458852,advisor_summarized,0.1539521331154925
13,2024-05-10,2.3359058529563623,10.71525138335231,advisor_summarized,0.2179982316220345
13,2024-05-11,2.109051941904912,10.908198541710492,advisor_summarized,0.19334557707584554
13,2024-05-12,1.6222377611055778,10.248626961017534,advisor_summarized,0.15828830215755205
13,2024-05-13,2.082912645552464,11.160554209936274,advisor_summarized,0.1866316498600079
13,2024-05-14,5.682750025761953,17.08867937776238,advisor_summarized,0.33254471572314453
13,2024-05-15,6.8303068682659465,18.764762867028324,advisor_summarized,0.36399643931911974
13,2024-05-16,4.675366217149799,15.73196454232576,advisor_summarized,0.2971889622920933
13,2024-05-17,3.5466749167886675,14.335269440561843,advisor_summarized,0.24740901672578974
13,2024-05-18,3.26301275501292,13.72711389762054,advisor_summarized,0.237705666271082
13,2024-05-19,3.4196639742227655,13.670674248593492,advisor_summarized,0.25014596295969804
13,2024-05-20,3.1000768687126707,13.39642857669579,advisor_summarized,0.23141069658711236
13,2024-05-21,2.8589364949319647,12.900054495627996,advisor_summarized,0.2216220478681619
13,2024-05-22,2.472181607914261,12.097389294758662,advisor_summarized,0.20435662172047017
13,2024-05-23,2.0999983098569155,11.305208220210668,advisor_summarized,0.18575494311574767
13,2024-05-24,1.7738287784474374,10.404629446157836,advisor_summarized,0.17048457012589402
13,2024-05-25,1.6577047224541526,10.01451884278889,advisor_summarized,0.165530141635093
13,2024-05-26,1.4482134020351058,9.551804327407124,advisor_summarized,0.15161673673315595
13,2024-05-27,1.1281204154218403,8.924815682361793,advisor_summarized,0.12640265699283365
13,2024-05-28,1.0279449817463313,8.7961471886007,advisor_summarized,0.11686309468291853
13,2024-05-29,0.9556330322358895,8.645604388704394,advisor_summarized,0.11053397648919001
13,2024-05-30,0.8950667022743714,8.500120893493568,advisor_summarized,0.10530046730976517
13,2024-05-31,0.7656962003722431,8.145549094369692,advisor_summarized,0.0940017906099789
13,2024-06-01,0.6332296845958034,7.781544716029504,advisor_summarized,0.08137583316733876
13,2024-06-02,0.6166456975778266,7.759006964149747,advisor_summarized,0.07947482202645507
13,2024-06-03,0.6658465948821384,7.538287787688154,advisor_summarized,0.08832862496568873
13,2024-06-04,0.5716115981706162,7.196449434781649,advisor_summarized,0.07942966922103577
13,2024-06-05,1.3246792935133755,7.985136834349427,advisor_summarized,0.1658931238116098
13,2024-06-28,0.40087590209392726,3.244157430142181,advisor_summarized,0.12356857234155809
13,2024-06-29,0.24610795710020802,2.2813393627457703,advisor_summarized,0.10787871419708371
13,2024-07-02,1.3944589646036685,2.960591815472823,advisor_summarized,0.4710068295520724
13,2024-07-03,0.3802698086136976,5.5271555880586805,advisor_summarized,0.06880027213912046
13,2024-07-04,0.4096084544118015,6.7288533794338425,advisor_summarized,0.06087344028980246
13,2024-07-05,0.5392438363570443,6.952458299160697,advisor_summarized,0.0775616067229259
13,2024-07-06,0.38528368390983,5.834778604929375,advisor_summarized,0.06603227131605853
13,2024-07-07,0.2943602655285957,4.56273011461388,advisor_summarized,0.06451406463551172
13,2024-07-08,1.284753647707236,6.117587274693332,advisor_summarized,0.2100098600998936
13,2024-07-09,1.3593675241274792,9.619182596133632,advisor_summarized,0.14131840315349334
13,2024-07-10,1.5888709253097326,10.176378589832469,advisor_summarized,0.1561332365225899
13,2024-07-11,1.1931615928041936,8.940611989792025,advisor_summarized,0.13345412978065596
13,2024-07-12,0.48437047990816134,7.352333727292353,advisor_summarized,0.06587982780353752
13,2024-07-13,0.3308760923865414,6.873976609206065,advisor_summarized,0.048134596783965075
13,2024-07-14,0.3120216767125076,6.813982316178504,advisor_summarized,0.04579138339876103
13,2024-07-15,0.33322316124451457,6.892518143589432,advisor_summarized,0.04834563425189349
13,2024-07-16,0.30056780837258257,6.780721064220736,advisor_summarized,0.04432682092743257
13,2024-07-17,0.20859756504133994,6.24292508856027,advisor_summarized,0.03341343394037846
13,2024-07-18,0.15201796434131992,5.74894369313047,advisor_summarized,0.026442764524371543
13,2024-07-19,0.09772643310989705,5.0356832572401,advisor_summarized,0.01940678714638971
13,2024-07-20,0.09005521016543981,3.8664761422216554,advisor_summarized,0.02329128820479275
13,2024-07-21,0.1749959012926534,4.380170261273862,advisor_summarized,0.03995184909587516
13,2024-07-22,0.12224120738048389,5.839066338637671,advisor_summarized,0.020935060554390674
13,2024-07-23,1.9018649666727954,7.768429293891873,advisor_summarized,0.2448197563139547
13,2024-07-24,3.900154754879763,14.881146259974464,advisor_summarized,0.2620869848830083
13,2024-07-25,7.6525146265174095,22.202590004971075,advisor_summarized,0.3446676547557758
13,2024-07-26,8.559512523585116,23.933004318439696,advisor_summarized,0.35764471562770983
13,2024-07-27,7.912926413714054,22.717447402948338,advisor_summarized,0.34831934562714517
13,2024-07-28,6.892028750098394,20.780595606163725,advisor_summarized,0.33165693999907064
13,2024-07-29,5.675503551081616,18.44581877953856,advisor_summarized,0.3076850975776308
13,2024-07-30,3.833054872667066,14.85742189518242,advisor_summarized,0.2579892325673238
13,2024-07-31,3.1556984304811158,13.502889903004018,advisor_summarized,0.23370541070464187
13,2024-08-01,2.7755484023282806,12.775813760885155,advisor_summarized,0.21725022407777964
13,2024-08-02,2.7161972498567994,12.607436380763197,advisor_summarized,0.21544405760407043
13,2024-08-03,2.3935931837365034,11.927534964506991,advisor_summarized,0.2006779431675671
13,2024-08-04,3.0637320777515225,13.30214727999976,advisor_summarized,0.2303186104665936
13,2024-08-05,304.51690810500145,894.3274678017932,advisor_summarized,0.340498216893066
13,2024-08-06,175.20356883133738,433.34113421899747,advisor_summarized,0.4043086496902803
13,2024-08-07,90.66408667535713,202.61375510526003,advisor_summarized,0.44747251551730116
13,2024-08-08,66.13812888599932,144.04348659795696,advisor_summarized,0.4591539017005257
13,2024-08-09,49.628417227407574,107.05983544396518,advisor_summarized,0.4635577574129838
13,2024-08-10,36.602339185032626,79.23684905247616,advisor_summarized,0.461935824338396
13,2024-08-11,27.668042126186585,60.97158026561086,advisor_summarized,0.4537858786939116
13,2024-08-12,20.402979893411697,46.58111385440975,advisor_summarized,0.43800970404403894
13,2024-08-13,15.668829212533055,37.44006428623103,advisor_summarized,0.41850433516203733
13,2024-08-14,12.049591433205984,30.545355614122055,advisor_summarized,0.3944819495777973
13,2024-08-15,10.17249093766528,26.992216855477356,advisor_summarized,0.37686756119851794
13,2024-08-16,8.30473746763924,23.458880230842144,advisor_summarized,0.35401252685201634
13,2024-08-17,6.78833522439804,20.58090896751592,advisor_summarized,0.32983651184272156
13,2024-08-18,5.669603779173579,18.436925029030487,advisor_summarized,0.3075135235537549
13,2024-08-19,5.9063258046385725,18.89801318473626,advisor_summarized,0.31253686548430676
13,2024-08-20,6.09518531714841,19.258386831039957,advisor_summarized,0.3164951130446926
13,2024-08-21,5.601321310704236,18.312026207824083,advisor_summarized,0.3058821152358874
13,2024-08-22,5.507955310489989,18.13607658514792,advisor_summarized,0.3037015908391449
13,2024-08-23,5.711071866748845,18.665927115267685,advisor_summarized,0.30596240044661416
13,2024-08-24,5.377227694800634,17.878578075668035,advisor_summarized,0.30076372248634287
13,2024-08-25,4.90245177047563,16.96363674314662,advisor_summarized,0.288997686327859
13,2024-08-26,5.07358107944022,17.280007017013038,advisor_summarized,0.2936098969430408
13,2024-08-27,6.33362703938386,19.715631889624557,advisor_summarized,0.3212490005312465
13,2024-08-28,5.858746286915782,18.80276004330289,advisor_summarized,0.31158969605648573
13,2024-08-29,4.586356205266795,16.342362046097584,advisor_summarized,0.28064218577032307
13,2024-08-30,3.8877567234475072,14.96738570164789,advisor_summarized,0.25974854934215197
13,2024-08-31,3.384303005580474,13.961367789666909,advisor_summarized,0.24240483142957275
13,2024-09-01,2.9495299702418984,13.04419228440083,advisor_summarized,0.22611825293078172
13,2024-09-02,2.5981530955772723,12.1758565676683,advisor_summarized,0.21338565226502365
13,2024-09-03,2.229331317795053,11.585630668443873,advisor_summarized,0.1924220943679095
13,2024-09-04,2.2732761385826503,11.680813587490476,advisor_summarized,0.19461625010583225
13,2024-09-05,2.351441464504594,11.84534643334952,advisor_summarized,0.19851183565930322
13,2024-09-06,2.519019349884371,12.186952364462032,advisor_summarized,0.20669805498132576
13,2024-09-07,3.121518981078827,13.238921821913886,advisor_summarized,0.23578347414302991
13,2024-09-08,3.4372020861366592,14.028506885029536,advisor_summarized,0.24501553260843856
13,2024-09-09,5.930373309746963,18.93975991836392,advisor_summarized,0.3131176601661616
13,2024-09-10,4.728815780685806,16.62762957799101,advisor_summarized,0.28439506416146376
13,2024-09-11,4.622046829554458,16.420546023336623,advisor_summarized,0.2814794844815561
13,2024-09-12,5.606883419935901,18.32053515420451,advisor_summarized,0.30604364843835563
13,2024-09-13,6.688060540672166,20.40167079670472,advisor_summarized,0.3278192559480188
13,2024-09-14,6.446928523371412,19.935116235258658,advisor_summarized,0.32339558231262866
13,2024-09-15,6.193804283578482,19.450389960537816,advisor_summarized,0.3184411364576682
13,2024-09-16,5.775657460047472,18.649131688446023,advisor_summarized,0.3097011462268644
13,2024-09-17,5.1392534867375375,17.42179958290198,advisor_summarized,0.29498981791647283
13,2024-09-18,5.108453520176654,17.363590260780857,advisor_summarized,0.2942049105889764
13,2024-09-19,5.71508991746482,18.53347776546176,advisor_summarized,0.30836575788896087
13,2024-09-20,5.258688293958132,17.602528106185407,advisor_summarized,0.2987461949917447
13,2024-09-21,4.6418629227745045,16.45359982749432,advisor_summarized,0.28211837965196235
13,2024-09-22,3.7530028989573427,14.703540507285178,advisor_summarized,0.2552448437230366
13,2024-09-23,3.2973481308975314,13.792025813241972,advisor_summarized,0.2390764181815617
13,2024-09-24,2.849943796317393,12.87669987499704,advisor_summarized,0.2213256365360498
13,2024-09-25,2.8414434389292693,12.832518000359125,advisor_summarized,0.22142524474539993
13,2024-09-27,10.12810838273462,29.579004543080416,advisor_summarized,0.34240869627588416
13,2024-09-28,8.93966489181169,24.662294293725964,advisor_summarized,0.36248310012608687
13,2024-09-29,7.521783184494606,21.97666379739502,advisor_summarized,0.3422622857517706
13,2024-09-30,7.407803321245428,21.757009272993475,advisor_summarized,0.3404789338597461
13,2024-10-01,9.37546563743993,25.485786653384533,advisor_summarized,0.367870364958692
13,2024-10-02,7.492254963450014,21.920540916486363,advisor_summarized,0.3417915183751289
13,2024-10-03,6.445610594642353,19.92921216010665,advisor_summarized,0.3234252585029362
13,2024-10-04,6.165360509095061,19.562969706025317,advisor_summarized,0.31515463151773704
13,2024-10-05,6.309844575308266,19.67318917030349,advisor_summarized,0.3207331826419339
13,2024-10-06,9.460716305282624,25.64373021411723,advisor_summarized,0.36892902188131615
13,2024-10-07,11.330220630775925,29.18052970190537,advisor_summarized,0.3882801562041592
13,2024-10-08,10.114377864024165,26.882492397414623,advisor_summarized,0.37624405187209864
13,2024-10-09,16.77821470925084,39.76302130322398,advisor_summarized,0.4219552277304055
13,2024-10-10,45.39579801820014,97.8280663978458,advisor_summarized,0.4640365458475398
13,2024-10-11,36.64781533267757,79.32045785427192,advisor_summarized,0.4620222364324621
13,2024-10-12,31.00233551803938,67.68742668948066,advisor_summarized,0.4580220734386032
13,2024-10-13,27.33480883129117,60.27566278860386,advisor_summarized,0.45349661151232135
13,2024-10-14,24.442763725509803,54.51250607777601,advisor_summarized,0.4483881862014555
13,2024-10-15,21.62179045808345,48.956638991100874,advisor_summarized,0.44165185567607623
13,2024-10-16,19.29562653397965,44.4179367673599,advisor_summarized,0.43441068942578304
13,2024-10-17,17.339890878383194,40.639867014073296,advisor_summarized,0.4266719394622653
13,2024-10-18,15.378746029286036,36.87681228734754,advisor_summarized,0.4170302440854546
13,2024-10-19,14.452111302703766,35.10723241611496,advisor_summarized,0.4116562402700232
13,2024-10-20,13.733857895240375,33.74045682915668,advisor_summarized,0.4070442188966546
13,2024-10-21,11.873923015592611,30.20999960260866,advisor_summarized,0.3930461162458038
13,2024-10-22,10.726640110734799,28.039322723396413,advisor_summarized,0.38255703308355365
13,2024-10-23,10.480125481699073,27.573334139626677,advisor_summarized,0.3800819091601146
13,2024-10-24,10.052815425840024,26.7661867523148,advisor_summarized,0.37557891674542077
13,2024-10-25,9.022295481618471,24.912100849915433,advisor_summarized,0.3621651797242583
13,2024-10-26,8.430134821351894,23.69821628011623,advisor_summarized,0.3557286642043655
13,2024-10-27,7.967241570051048,22.8220482762076,advisor_summarized,0.3491028269516475
13,2024-10-28,7.604591173921491,22.13592478921619,advisor_summarized,0.34354070346435983
13,2024-10-29,8.93472837226883,24.652255597441776,advisor_summarized,0.3624304614623584
13,2024-10-30,9.808603757281903,26.30457607420986,advisor_summarized,0.37288583285319243
13,2024-10-31,9.1345755656003,25.030459863237663,advisor_summarized,0.3649383836937127
13,2024-11-01,8.196715468980708,23.256693298771875,advisor_summarized,0.35244543855310484
13,2024-11-02,7.255682361609936,21.472984933998433,advisor_summarized,0.3378981722341698
13,2024-11-03,6.833094639053439,20.669917951277192,advisor_summarized,0.33058160439534895
13,2024-11-04,6.611757778596259,20.249341643467293,advisor_summarized,0.326517172509127
13,2024-11-05,6.679602254796818,20.377518646976775,advisor_summarized,0.32779271954133676
13,2024-11-06,6.919869896415362,20.832958123441056,advisor_summarized,0.3321597372496605
13,2024-11-07,8.358962275861376,23.563506900142944,advisor_summarized,0.3547418604236141
13,2024-11-08,8.18261513872581,23.230530047519895,advisor_summarized,0.3522354040991583
13,2024-11-09,7.467201536737953,21.874862214914703,advisor_summarized,0.34135993467637343
13,2024-11-10,8.511856301619167,23.848622604870695,advisor_summarized,0.35691186206622927
13,2024-11-11,8.532512246542206,23.892249837853708,advisor_summarized,0.35712468706164757
13,2024-11-12,7.506512262530065,21.949865684864736,advisor_summarized,0.34198442807356627
13,2024-11-13,6.851921211838975,20.70611609977546,advisor_summarized,0.3309129137894324
13,2024-11-14,6.356832117889199,19.762669154845472,advisor_summarized,0.3216585810389186
13,2024-11-15,6.236742805053498,19.533512861623347,advisor_summarized,0.3192842398208137
13,2024-11-16,5.879969222274301,18.849577670131925,advisor_summarized,0.31194169573313035
13,2024-11-17,5.222447895609239,17.583762305588305,advisor_summarized,0.29700400886046385
13,2024-11-18,5.082959382233175,17.315688172468516,advisor_summarized,0.2935464840672602
13,2024-11-19,4.688035787551527,16.547328582378082,advisor_summarized,0.2833107328601673
13,2024-11-20,4.709000519398935,16.522559185116197,advisor_summarized,0.2850043063329368
13,2024-11-21,4.509597736399752,16.199571551592058,advisor_summarized,0.27837759301458553
13,2024-11-22,4.303241682542642,15.887783128750778,advisor_summarized,0.2708522421076751
13,2024-11-23,4.575711055156155,16.329591005400946,advisor_summarized,0.28020977706317063
13,2024-11-24,4.287948182982503,15.7652694286216,advisor_summarized,0.27198699028878
13,2024-11-25,4.099275520835682,15.394913634073978,advisor_summarized,0.266274668262032
13,2024-11-26,3.959669500805243,15.118557923518908,advisor_summarized,0.2619078830690231
13,2024-11-27,3.679872673955828,14.56407892102793,advisor_summarized,0.2526677240565312
13,2024-11-28,3.7173446163552053,14.639861652327456,advisor_summarized,0.2539193815239517
13,2024-11-29,3.9629983957431123,15.126068591563554,advisor_summarized,0.26199791252787547
13,2024-11-30,4.268584353246123,15.7282690407536,advisor_summarized,0.2713956851949678
13,2024-12-01,3.955732698436017,15.110836860485918,advisor_summarized,0.2617811796234833
13,2024-12-02,3.8084711473962134,14.81793012430465,advisor_summarized,0.257017755884102
13,2024-12-03,3.776191035338012,14.756280456244356,advisor_summarized,0.2559039892563208
13,2024-12-04,3.716946984908555,14.6364653145657,advisor_summarized,0.2539511354021779
13,2024-12-05,3.5400129031192957,14.283846023674466,advisor_summarized,0.2478333144485018
13,2024-12-06,3.7377973727896876,14.67957453480462,advisor_summarized,0.2546257293716201
13,2024-12-07,3.501906041487888,14.207315384609826,advisor_summarized,0.24648611976906998
13,2024-12-08,3.4323862268756624,14.068714463010616,advisor_summarized,0.24397298245693114
13,2024-12-09,3.329825451694652,13.862303926816876,advisor_summarized,0.240207217304841
13,2024-12-10,3.1976377705445316,13.594942608421093,advisor_summarized,0.235207890363864
13,2024-12-11,5.176254799550031,17.448904831280775,advisor_summarized,0.2966521308701577
13,2024-12-12,5.25445106584297,17.645689487194446,advisor_summarized,0.2977753331574914
13,2024-12-13,4.127382762812661,15.467449087662098,advisor_summarized,0.2668431452025884
13,2024-12-14,3.423213062174083,14.05098626239842,advisor_summarized,0.24362795594889158
13,2024-12-15,3.501188372013825,14.206879304485492,advisor_summarized,0.24644317002879065
13,2024-12-16,3.6311697695363687,14.46814891901616,advisor_summarized,0.2509768035884503
13,2024-12-17,3.826933350071969,14.857195844738476,advisor_summarized,0.25758113375258757
13,2024-12-18,3.924249543052229,15.050988863320343,advisor_summarized,0.26073034660305466
13,2024-12-19,3.905076131873795,15.012402134542835,advisor_summarized,0.2601233364837995
13,2024-12-20,4.138774705519664,15.474093068483612,advisor_summarized,0.26746476754422444
13,2024-12-21,4.004828008305045,15.209374335744334,advisor_summarized,0.26331313306511844
13,2024-12-22,3.6173113423318553,14.438578582310214,advisor_summarized,0.25053098694657483
13,2024-12-23,3.5296485285350627,14.264197716035468,advisor_summarized,0.24744809338748275
13,2024-12-24,3.715729587976054,14.63680628666721,advisor_summarized,0.25386204580440086
13,2024-12-25,3.795892822501949,14.79527951281041,advisor_summarized,0.256561075389978
13,2024-12-26,3.532583802510489,14.27065314914577,advisor_summarized,0.24754184448256641
13,2024-12-27,3.5874920667280783,14.379745627713191,advisor_summarized,0.24948230376301841
13,2024-12-28,3.6570952003422335,14.51900920810431,advisor_summarized,0.2518832482247407
13,2024-12-29,6.040058242986791,19.09807619433387,advisor_summarized,0.31626527098990165
13,2024-12-30,6.213024490805772,19.485121019039617,advisor_summarized,0.3188599385518212
13,2024-12-31,5.067062193357094,17.285663951088683,advisor_summarized,0.29313668295847906
13,2025-01-01,4.956534444285605,17.071186859848627,advisor_summarized,0.29034504073898676
13,2025-01-02,4.644572333694048,16.463632438823065,advisor_summarized,0.28211103175151264
13,2025-01-03,4.421884630035853,16.174337994690884,advisor_summarized,0.2733889097338826
13,2025-01-04,4.468265733748494,16.119957675135,advisor_summarized,0.27718842839400154
13,2025-01-05,4.328527993759644,15.845171520832508,advisor_summarized,0.273176468179514
13,2025-01-06,4.376598388199291,15.8272354897438,advisor_summarized,0.2765232368618871
13,2025-01-07,4.668890076711392,16.510726862620363,advisor_summarized,0.28277919655261063
13,2025-01-08,4.314684787071642,15.818206681489729,advisor_summarized,0.27276700032758033
13,2025-01-09,4.4622878993459185,16.108060947019904,advisor_summarized,0.27702203971182954
13,2025-01-10,4.168035167582139,15.465753112636644,advisor_summarized,0.2695009507281318
13,2025-01-11,4.742198958462175,16.597063159123607,advisor_summarized,0.28572518601613744
13,2025-01-12,4.466881517145927,16.115812649048568,advisor_summarized,0.2771738301021785
13,2025-01-13,4.293891176883646,15.778454704964457,advisor_summarized,0.2721363566441419
13,2025-01-14,4.921177900695013,17.000774254626027,advisor_summarized,0.28946786934459334
13,2025-01-15,4.385193912479981,15.957163827642264,advisor_summarized,0.2748103585227094
13,2025-01-16,4.2765822783350504,15.743484727690715,advisor_summarized,0.27164140292352845
13,2025-01-17,4.343003872158538,15.87403085913301,advisor_summarized,0.27359174936086395
13,2025-01-18,4.090850414930653,15.373004098480346,advisor_summarized,0.2661061161972267
13,2025-01-19,16.480515499931155,39.10567098833153,advisor_summarized,0.42143543592050015
13,2025-01-20,12.443843475454882,31.290864153497164,advisor_summarized,0.39768295993398184
13,2025-01-21,11.167803363039607,28.875020051210225,advisor_summarized,0.3867634842584823
13,2025-01-22,25.624272646174447,56.89129984396831,advisor_summarized,0.4504075793039059
13,2025-01-23,20.808303398889535,47.36370027045839,advisor_summarized,0.4393301891547535
13,2025-01-24,17.537020918860787,41.01870101767317,advisor_summarized,0.42753720824325586
13,2025-01-25,15.24435171830205,36.61894288471202,advisor_summarized,0.4162968812697864
13,2025-01-26,13.947060220473775,34.14494557637895,advisor_summarized,0.40846631866129485
13,2025-01-27,13.055772058100192,32.58370105945701,advisor_summarized,0.40068413450874446
13,2025-01-28,11.816102403895442,30.100449815352203,advisor_summarized,0.39255567529322594
13,2025-01-29,11.060754306865295,28.67126256211604,advisor_summarized,0.3857784177764152
13,2025-01-30,10.924754627225818,28.413820435804126,advisor_summarized,0.38448735367735287
13,2025-01-31,10.793589930031983,28.165893681852666,advisor_summarized,0.38321489287543226
13,2025-02-01,11.350101845384374,29.21820641126135,advisor_summarized,0.38845991042796496
13,2025-02-02,10.684307956322655,27.95940482054482,advisor_summarized,0.38213645908770316
13,2025-02-03,10.049908025330456,26.760417297214037,advisor_summarized,0.37555124472504875
13,2025-02-04,9.177997092192303,25.112831448508093,advisor_summarized,0.3654704214063266
13,2025-02-05,8.712253788245606,24.232418706117343,advisor_summarized,0.359528856525009
13,2025-02-06,8.276319724910913,23.40801148185523,advisor_summarized,0.35356782575599466
13,2025-02-07,8.217283325673609,23.296371778548373,advisor_summarized,0.35272803008922615
13,2025-02-08,8.110453911057107,23.09408368318962,advisor_summarized,0.35119184732844694
13,2025-02-09,7.62266606260528,22.169740547575863,advisor_summarized,0.34383199236126266
13,2025-02-10,7.436011939722471,21.816336476944908,advisor_summarized,0.3408460420282162
13,2025-02-11,7.794465040604884,22.49573349572087,advisor_summarized,0.3464863700526833
13,2025-02-12,7.488939623610114,21.916540821206492,advisor_summarized,0.34170262929283984
13,2025-02-13,9.79847883516995,26.303968276190737,advisor_summarized,0.3725095290674878
13,2025-02-14,13.1333166787535,32.60187254328263,advisor_summarized,0.40283933572581004
13,2025-02-15,10.855441474673812,28.28292582174704,advisor_summarized,0.38381607133187573
13,2025-02-16,12.530564814638623,31.46520532167241,advisor_summarized,0.3982355966388021
13,2025-02-17,13.4395223984102,33.1806983993113,advisor_summarized,0.40504037126262393
13,2025-02-18,11.596638361916233,29.6850038728096,advisor_summarized,0.39065645440384594
13,2025-02-19,21.19442163758074,48.35923116612884,advisor_summarized,0.43827044240574003
13,2025-02-20,24.356601195075847,54.345900887698605,advisor_summarized,0.4481773380738832
13,2025-02-21,19.738136328112624,45.278719857115675,advisor_summarized,0.43592522912307385
13,2025-02-22,17.17658128821303,40.32333607672053,advisor_summarized,0.42597123550324034
13,2025-02-23,15.866391052905632,37.808541482141536,advisor_summarized,0.41965096856222167
13,2025-02-24,19.171684810394687,44.191483381561056,advisor_summarized,0.4338321174888212
13,2025-02-25,20.738138054729212,47.221003189842115,advisor_summarized,0.4391719077071677
13,2025-02-26,18.853559360966187,43.561285862135406,advisor_summarized,0.4328053910216224
13,2025-02-27,16.588042408499998,40.431979209752534,advisor_summarized,0.4102703536338093
13,2025-02-28,15.20174180138746,36.51328279512824,computed_RC,0.41633456752389686
13,2025-03-01,13.453812242233314,33.186942108831325,computed_RC,0.40539475430166677
13,2025-03-02,12.726718951669953,31.807469038230685,computed_RC,0.4001173100686884
13,2025-03-03,11.889655326567746,30.223461156195565,computed_RC,0.39339158626213344
13,2025-03-04,11.318708089792723,29.14441953156257,computed_RC,0.3883662214488399
13,2025-03-05,11.232122652722621,28.980344724574906,computed_RC,0.3875772617431271
13,2025-03-06,10.752515375825423,28.07470401291974,computed_RC,0.38299657125066067
13,2025-03-07,9.938442181694889,26.53820889191353,computed_RC,0.3744955894413521
13,2025-03-08,10.88051704804347,28.317474233014373,computed_RC,0.38423331680331324
13,2025-03-09,12.477502766890032,31.338615235299635,computed_RC,0.39815105655451694
13,2025-03-10,32.33864112336365,70.39726254259254,computed_RC,0.4593735602119154
13,2025-03-11,27.43178593133497,60.412930290680315,computed_RC,0.45407143469693234
13,2025-03-12,22.798986184911556,51.21596001715109,computed_RC,0.44515393594646435
13,2025-03-13,20.125294611664103,45.99075406268062,computed_RC,0.4375943604715725
13,2025-03-14,18.41396498722152,42.67651196623694,computed_RC,0.4314777412406508
13,2025-03-15,16.10745961900312,38.244168024136194,computed_RC,0.4211742718219828
13,2025-03-16,17.357892585795838,40.656043313621126,computed_RC,0.42694495506847235
13,2025-03-17,18.608539213615686,43.053306330942846,computed_RC,0.43222090936698954
13,2025-03-18,16.050859681393966,38.13583485455184,computed_RC,0.42088654260778974
13,2025-03-19,14.616807745824683,35.399223196604794,computed_RC,0.41291323441319494
13,2025-03-20,13.972441706580383,34.17145266630262,computed_RC,0.4088922365410289
13,2025-03-21,12.828927619676461,32.00215241487057,computed_RC,0.4008770239377771
13,2025-03-22,11.895642343709689,30.23509796589652,computed_RC,0.39343819415195214
13,2025-03-23,11.104239593157699,28.739181152348255,computed_RC,0.3863798183495002
13,2025-03-24,10.826757673236028,28.214816099309136,computed_RC,0.3837259698992378
13,2025-03-25,10.227003175795662,27.08282369245645,computed_RC,0.37761953081148825
13,2025-03-26,9.704808809812125,26.09733797599658,computed_RC,0.3718696833653405
13,2025-03-27,8.879638616246083,24.539840196155247,computed_RC,0.3618458207253237
13,2025-03-28,8.46693648336062,23.76026438865633,computed_RC,0.35634858033831135
13,2025-03-29,8.119274054494305,23.103385404522747,computed_RC,0.35143222139664715
13,2025-03-30,14.866709751258956,36.00292621851079,computed_RC,0.41293059516965835
13,2025-03-31,19.370522121233545,44.53212420092811,computed_RC,0.4349786242810721
13,2025-04-01,16.807461509715296,39.58475906914061,computed_RC,0.4245942606435621
13,2025-04-02,15.932979920175917,37.91367815475961,computed_RC,0.4202435821483525
13,2025-04-03,13.563485692260372,33.39705690791002,computed_RC,0.40612817260097817
13,2025-04-04,12.207430381881228,30.82560177652058,computed_RC,0.3960159633016298
13,2025-04-05,10.56360792927367,27.718785333717697,computed_RC,0.38109923656805705
13,2025-04-06,9.408853857518988,25.53863192883872,computed_RC,0.36841651830591315
13,2025-04-07,8.895477889414751,24.569480486579707,computed_RC,0.3620539674932737
13,2025-04-08,8.86628218866818,24.514475049197895,computed_RC,0.3616753844769065
13,2025-04-09,7.713540949381674,22.334482808369145,computed_RC,0.34536465498503804
13,2025-04-10,6.601461881261182,20.225418262311372,computed_RC,0.32639433190672434
13,2025-04-11,6.462000626360376,19.958464933417712,computed_RC,0.32377242678321627
13,2025-04-12,6.92280457053367,20.83496169425501,computed_RC,0.33226864882802015
13,2025-04-13,5.950332988874027,18.980712129494577,computed_RC,0.31349366389829303
13,2025-04-14,5.059669306626813,17.267091155657745,computed_RC,0.2930238371370941
13,2025-04-15,4.61392297792113,16.402908749969452,computed_RC,0.2812868771174334
13,2025-04-16,4.378171557348046,15.942333817019293,computed_RC,0.2746255101416904
13,2025-04-17,4.092875529039573,15.38144334370965,computed_RC,0.2660917728968123
13,2025-04-18,3.7374497557023227,14.677126751280642,computed_RC,0.25464451040297886
13,2025-04-19,3.413893301282565,14.028995305744832,computed_RC,0.2433455302308488
13,2025-04-20,2.9578569604594036,13.099446156133498,computed_RC,0.22580015408319068
13,2025-04-21,2.6958222261024227,12.565858679722025,computed_RC,0.214535456335568
13,2025-04-22,2.6950834718541845,12.5623881949585,computed_RC,0.21453591705880953
13,2025-04-23,2.510683535206131,12.179359226119232,computed_RC,0.20614249802418566
13,2025-04-24,2.4491538646650124,12.0480027445518,computed_RC,0.20328297698741302
13,2025-04-25,2.2681153463465855,11.663077354379888,computed_RC,0.19446971647622913
13,2025-04-26,1.9993455570429886,11.083457618309092,computed_RC,0.18039005749796078
13,2025-04-27,1.890852274964394,10.844768133541557,computed_RC,0.17435617356504068
13,2025-04-28,1.9134915401134798,10.900226440132288,computed_RC,0.1755460357289841
13,2025-04-29,1.9250851106428772,10.926723676276026,computed_RC,0.17618136668199996
13,2025-04-30,1.7880678868731998,10.623554441410905,computed_RC,0.16831164152585903
13,2025-05-01,1.6321938896626758,10.256069918949466,computed_RC,0.15914418510807715
13,2025-05-02,1.4650048094717556,9.869818972255851,computed_RC,0.14843279431871012
13,2025-05-03,1.5378590554110387,10.054761268345116,computed_RC,0.15294834102651456
13,2025-05-05,1.275583284000741,9.420078971835803,computed_RC,0.13541110300821108
13,2025-05-06,0.9175013785092717,8.320819385981153,computed_RC,0.11026574859383084
13,2025-05-07,0.9288686276482478,8.438158852085587,computed_RC,0.11007953795734331
13,2025-05-08,0.8953771367877467,8.46781445271739,computed_RC,0.10573887061264231
13,2025-05-10,1.1083841028682586,8.945455146282253,computed_RC,0.12390471862450789
13,2025-05-11,1.5781771455940117,10.140099260524282,computed_RC,0.155637248220824
13,2025-05-12,2.6416980723813293,12.430195352245336,computed_RC,0.21252265129559242
13,2025-05-13,3.137867817785602,13.465183196492085,computed_RC,0.23303565736878137
13,2025-05-14,2.1447360409439296,11.3882525922959,computed_RC,0.18832880844202854
13,2025-05-15,1.2916531620085985,9.394020822195596,computed_RC,0.1374973705568932
13,2025-05-16,1.23083074838866,9.29708200635882,computed_RC,0.1323889310158631
13,2025-07-14,8.667441773763727,24.116715217514837,computed_RC,0.3593956181673104
13,2025-07-15,6.765939525167873,20.528543602477715,computed_RC,0.32958692327064304
13,2025-07-16,4.6805077409061155,16.528694128989045,computed_RC,0.28317468424182113
13,2025-07-17,3.490488396727261,14.18195106553438,computed_RC,0.24612187565715157
13,2025-07-18,2.798277362864863,12.7726380701716,computed_RC,0.21908374350634585
13,2025-07-19,2.4358275601973873,12.01953365110871,computed_RC,0.2026557461297761
13,2025-07-20,2.111497934565749,11.330272500057452,computed_RC,0.18635897190954961
13,2025-07-21,3.8725607909780204,14.823701246397109,computed_RC,0.2612411520313959
13,2025-07-22,8.059398289556075,22.975634822066205,computed_RC,0.35078022226466127
13,2025-07-23,15.189040413263461,37.12705260417287,computed_RC,0.4091097824327779
13,2025-07-24,20.720393137881235,47.31053119841192,computed_RC,0.4379657681496664
13,2025-07-25,10.349448628575363,27.31557662605682,computed_RC,0.37888450133257806
13,2025-07-26,7.767456544325747,22.43562127703259,computed_RC,0.34621089598607707
13,2025-07-27,7.810575050243107,22.51328534691237,computed_RC,0.34693181958511016
13,2025-07-28,5.897617844925563,18.87842802773921,computed_RC,0.3123998373307268
13,2025-07-29,7.900323036973353,22.677485146951316,computed_RC,0.34837738778258864
13,2025-07-30,15.677034649902735,37.44786734653037,computed_RC,0.41863624715481285
13,2025-07-31,9.669498569219856,26.02889079365236,computed_RC,0.37149099613487746
13,2025-08-01,6.874646325167047,20.73726450988246,computed_RC,0.33151172479334945
13,2025-08-02,5.835575188748559,18.76040714968063,computed_RC,0.3110580246041143
13,2025-08-03,6.941463887232645,20.855256217353944,computed_RC,0.3328400195561519
13,2025-08-04,7.348895347899492,21.64257766664365,computed_RC,0.33955730509983956
13,2025-08-05,6.2001627578402045,19.456998361083304,computed_RC,0.3186597769490175
13,2025-08-06,9.044757029540639,24.83809694295922,computed_RC,0.3641485517313165
13,2025-08-07,9.314680984715071,25.360167231442215,computed_RC,0.36729572402687
13,2025-08-08,11.941877299556236,30.351651874590896,computed_RC,0.3934506546430662
13,2025-08-09,28.36643887462867,63.18069837882658,computed_RC,0.4489731769748048
13,2025-08-10,33.09240444359658,72.03670398632403,computed_RC,0.4593825454573696
13,2025-08-11,21.038577088344777,47.79342420854858,computed_RC,0.4401981535481132
13,2025-08-12,15.375912660635233,36.85551846694062,computed_RC,0.41719431173997507
13,2025-08-13,11.863614208973317,30.175942390845343,computed_RC,0.3931480931171334
13,2025-08-14,9.363355147967559,25.451371231181056,computed_RC,0.36789197182807576
13,2025-08-15,7.468021276422462,21.869595031822687,computed_RC,0.34147963259290637
13,2025-08-16,6.7674457584824355,20.540014871615952,computed_RC,0.3294761859123239
13,2025-08-17,6.915048323018347,20.820871062799434,computed_RC,0.33212099062336714
13,2025-08-18,6.584237664414927,20.191834100771047,computed_RC,0.32608417994893796
13,2025-08-19,6.243465852035597,19.53911676750981,computed_RC,0.31953674909284574
13,2025-08-20,5.569513825958655,18.250158580215615,computed_RC,0.30517618800290197
13,2025-08-21,4.712767779461234,16.59575598339204,computed_RC,0.28397427536157244
13,2025-08-22,4.867703052403483,16.89591695626381,computed_RC,0.28809937128620194
13,2025-08-23,15.527516565411794,37.9196897392208,computed_RC,0.409484272476826
13,2025-08-24,34.11036260318646,74.0089415531007,computed_RC,0.4608951551984108
13,2025-08-25,23.838460210041266,53.29486562240182,computed_RC,0.4472937483122402
13,2025-08-26,17.14634341316266,40.25540023541033,computed_RC,0.4259389625464467
13,2025-08-27,12.826577050213311,32.001772569559975,computed_RC,0.40080833092395407
13,2025-08-28,10.505473855817426,27.60901138201147,computed_RC,0.3805088748183943
13,2025-08-29,11.095716269723535,28.72452122044515,computed_RC,0.3862802859121626
13,2025-09-27,4.476033325458495,16.122751281561705,computed_RC,0.2776221779577642
13,2025-09-28,2.9054496842341444,12.991418088667468,computed_RC,0.22364376732426114
13,2025-09-29,3.6698689974810734,14.51865361406833,computed_RC,0.2527692370816694
13,2025-09-30,3.2720968880355876,13.746081494776371,computed_RC,0.2380385195067418
13,2025-10-01,3.5275593401320564,14.249798491310123,computed_RC,0.2475515244852935
13,2025-10-02,2.6003466298951117,12.370998372070318,computed_RC,0.21019699071061612
13,2025-10-03,2.477403024997739,12.11324878560858,computed_RC,0.20452011420264676
13,2025-10-04,2.4702144614698365,12.0996388299359,computed_RC,0.204156049299442
13,2025-10-05,2.774626785676206,12.723215586233511,computed_RC,0.21807590753066744
13,2025-10-06,4.238427735827089,15.630905781699536,computed_RC,0.2711568859169624
13,2025-10-07,4.154814187226234,15.494847189042028,computed_RC,0.2681416690681869
13,2025-10-08,3.121510515561838,13.439466427196535,computed_RC,0.23226446767596734
13,2025-10-09,2.8134564912013875,12.812105146032778,computed_RC,0.21959361550139667
13,2025-10-10,2.9672699232342414,13.12682806967044,computed_RC,0.22604622437998742
13,2025-10-13,2.038521242231877,11.17809069686879,computed_RC,0.1823675704119048
13,2025-10-14,1.7500043992744232,10.542925510535625,computed_RC,0.16598850077482105
13,2025-10-15,1.5750159489950752,10.14977749079731,computed_RC,0.1551773869351446
13,2025-10-16,1.4922603154899217,9.96148101438019,computed_RC,0.14980305773164906
13,2025-10-17,1.3625999283094865,9.661616375544554,computed_RC,0.14103229473677864
13,2025-10-18,1.252467276181771,9.397878383404583,computed_RC,0.13327127944041747
13,2025-10-19,2.1400801511109773,11.180677910861167,computed_RC,0.19140880080554457
13,2025-10-20,3.037335709355255,13.249835286238936,computed_RC,0.22923573340642073
13,2025-10-21,2.169988008970647,11.45703713110598,computed_RC,0.18940219745636555
13,2025-10-22,1.8006012780561274,10.65816914319604,computed_RC,0.16894095541780688
13,2025-10-23,1.5731920732637632,10.142050256647172,computed_RC,0.15511578363878467
13,2025-10-24,1.1550577482229982,9.15725860712786,computed_RC,0.12613575719308837
13,2025-10-25,0.9868742157656158,8.754252567988244,computed_RC,0.11273083659641348
13,2025-10-26,0.9979622611817374,8.783658469043774,computed_RC,0.1136157860302576
13,2025-10-28,2.100174848540737,11.31457114185664,computed_RC,0.18561683180120195
13,2025-10-31,1.262983480988829,9.428412097672908,computed_RC,0.1339550571087739
15,2021-03-30,235.69010087443752,166.73810351358932,computed_RC,1.4135347344599523
15,2021-03-31,359.268379577538,223.86982419793964,computed_RC,1.6048093165958919
15,2021-04-01,355.21311941580024,222.3417370953101,advisor_summarized,1.5975998211416909
15,2021-04-02,240.96678318753672,168.7502065790864,advisor_summarized,1.4279495597216074
15,2021-04-03,141.98781924760596,117.15179347657556,advisor_summarized,1.2119986816590762
15,2021-04-04,73.27429555294461,74.49132345997553,advisor_summarized,0.983662152174208
15,2021-04-05,39.57353023574647,49.15972554989691,advisor_summarized,0.8049990066681618
15,2021-04-06,37.13125737194348,33.82349972287087,advisor_summarized,1.097794659812685
15,2021-04-07,33.94420466226609,23.189227378921117,advisor_summarized,1.463791962862945
15,2021-04-08,23.20464044206344,16.7902080207153,advisor_summarized,1.3820341244988856
15,2021-04-09,15.901224072498445,12.35552241950595,advisor_summarized,1.2869730257131673
15,2021-04-10,11.214630512838358,9.244837726320188,advisor_summarized,1.2130694821078514
15,2021-04-11,29.727370586013237,19.36757259055105,advisor_summarized,1.5349043070331112
15,2021-04-12,62.667057173318376,35.73107616480677,advisor_summarized,1.7538530573294662
15,2021-04-13,63.646708209171265,35.930518511828275,advisor_summarized,1.7713829592584047
15,2021-04-14,49.64154400346151,28.7194160262996,advisor_summarized,1.728501163046025
15,2021-04-15,37.27306270148197,23.35600246508901,advisor_summarized,1.5958665339753775
15,2021-04-16,31.32627044817181,20.2983469543565,advisor_summarized,1.543291703438366
15,2021-04-17,56.097105505846855,33.145660438027704,advisor_summarized,1.6924419294867081
15,2021-04-18,146.69246202806974,71.94848841745971,advisor_summarized,2.038853980877685
15,2021-04-19,269.133095558783,118.27652545860674,advisor_summarized,2.2754565583935045
15,2021-04-20,270.188872432108,120.3241221066399,advisor_summarized,2.2455087783033822
15,2021-04-21,204.72849736246386,95.21962369960808,advisor_summarized,2.1500662301326288
15,2021-04-22,128.78242399740753,66.17122783644918,advisor_summarized,1.946199703528399
15,2021-04-23,77.19452798242949,47.06144340128239,advisor_summarized,1.6402924008133162
15,2021-04-24,49.43349091707469,33.27541536178061,advisor_summarized,1.4855859913277862
15,2021-04-25,49.041626265261804,30.76301608964509,advisor_summarized,1.5941748404107015
15,2021-04-26,36.318352888041495,24.709341532674912,advisor_summarized,1.4698227728980622
15,2021-04-27,26.567167573950655,19.521268743172794,advisor_summarized,1.3609344722146728
15,2021-04-28,18.46117579259358,14.426379714844808,advisor_summarized,1.279681816055136
15,2021-04-29,13.061564256377013,10.334845534904622,advisor_summarized,1.2638373947886543
15,2021-04-30,9.187621223663244,7.468171211396851,advisor_summarized,1.230237090660484
15,2021-05-01,6.351184420745804,5.279194089121203,advisor_summarized,1.2030594658062759
15,2021-05-02,4.4277374826668074,3.8455706952367903,advisor_summarized,1.1513863178100203
15,2021-05-03,3.705119370534471,2.993138462552522,advisor_summarized,1.2378710229712453
15,2021-05-04,2.709990059180939,2.3876520631495555,advisor_summarized,1.1350020804983567
15,2021-05-05,2.0329634907451206,1.9104989547553324,advisor_summarized,1.064100812871406
15,2021-05-06,2.9800412220159784,2.6673438639899167,advisor_summarized,1.1172317383774872
15,2021-05-07,3.6010841546914394,2.9781931244714275,advisor_summarized,1.209150650809646
15,2021-05-08,2.588561272736581,2.200980570998787,advisor_summarized,1.1760945584185296
15,2021-05-09,1.9062733069319684,1.7146213584453582,advisor_summarized,1.1117750852353667
15,2021-05-10,2.1491828591713387,1.798470177142784,advisor_summarized,1.195006114911357
15,2021-05-11,4.1918509925602505,3.3552499326299094,advisor_summarized,1.2493409065579197
15,2021-05-12,7.182852611555792,5.423655590705138,advisor_summarized,1.324356329680207
15,2021-05-13,6.609126540093242,5.24174557185683,advisor_summarized,1.2608636664049362
15,2021-05-14,5.780534188261293,4.6187754375971455,advisor_summarized,1.2515296026750624
15,2021-05-15,4.416866184658733,3.877757893668558,advisor_summarized,1.1390257735972658
15,2021-05-16,3.2105920561232284,2.978557485322424,advisor_summarized,1.0779016594254809
15,2021-05-17,2.375035910990716,2.35770582334236,advisor_summarized,1.007350402869086
15,2021-05-18,1.59655151289436,1.549575807121622,advisor_summarized,1.0303152033975005
15,2021-05-19,0.8965455013706424,0.8662163987937589,advisor_summarized,1.0350133091674527
15,2021-05-20,0.4928539546715992,0.4760059266235232,advisor_summarized,1.0353945762137564
15,2021-05-21,0.1554836373160484,0.14414294765986255,advisor_summarized,1.0786766875542655
15,2021-05-22,0.02458655530279377,0.01418114233369418,advisor_summarized,1.733749984609948
15,2021-06-15,1.2920828609746318,0.3309168543227334,advisor_summarized,3.904554404214485
15,2021-06-16,0.12947307782487014,0.18329359298189152,advisor_summarized,0.7063699047989169
15,2021-06-17,0.00552148122733984,0.00257355269257524,advisor_summarized,2.1454704398590487
15,2021-06-20,0.9407482801034851,0.6851585399411987,advisor_summarized,1.3730373705686008
15,2021-06-21,4.10734709705096,4.228291018676034,advisor_summarized,0.9713965001247847
15,2021-06-22,144.33002016757678,72.14260992702398,advisor_summarized,2.0006209965729562
15,2021-06-23,584.6077401154536,237.4483390630038,advisor_summarized,2.4620418168532043
15,2021-06-24,874.6249118238553,327.0840028402666,advisor_summarized,2.67400699584499
15,2021-06-25,961.7387569495428,355.7547472681039,advisor_summarized,2.7033757506677967
15,2021-06-26,789.3058433592722,305.3537692565506,advisor_summarized,2.5848897993989297
15,2021-06-27,549.1925804919717,227.58096207760892,advisor_summarized,2.4131745268951272
15,2021-06-28,373.30620660306073,167.98350403577027,advisor_summarized,2.222278959745769
15,2021-06-29,265.19070469908326,127.47676829715802,advisor_summarized,2.0803061470848054
15,2021-06-30,189.35267152515158,99.31045868647632,advisor_summarized,1.9066740203359551
15,2021-07-01,148.50482746825946,80.7896111023254,advisor_summarized,1.8381673762504966
15,2021-07-02,112.5464677911458,64.7773626210665,advisor_summarized,1.7374351661940637
15,2021-07-03,97.29168279939755,55.99724088151597,advisor_summarized,1.7374370820386686
15,2021-07-04,85.94164944985621,50.81937263754554,advisor_summarized,1.6911198424823175
15,2021-07-05,78.1579332527524,47.30314177816715,advisor_summarized,1.652277846982805
15,2021-07-06,67.98929358981911,42.60701245089651,advisor_summarized,1.5957301317048462
15,2021-07-07,1269.552176060568,488.52092377026565,advisor_summarized,2.5987672467793703
15,2021-07-08,2357.880606763617,850.6548085640911,advisor_summarized,2.771841859971061
15,2021-07-09,1184.2307124825688,519.9655239705755,advisor_summarized,2.2775177543301575
15,2021-07-10,690.2542352091526,356.48322963913114,advisor_summarized,1.9362880994651521
15,2021-07-11,472.97613448254646,272.0632572515137,advisor_summarized,1.7384785408391084
15,2021-07-12,315.8686845280209,204.6043041419536,advisor_summarized,1.5438027359819004
15,2021-07-13,221.9320529416603,159.2293899828888,advisor_summarized,1.3937882508091608
15,2021-07-14,144.46291556007932,118.8055010855836,advisor_summarized,1.2159615021194428
15,2021-07-15,89.31194146068242,85.59500313068348,advisor_summarized,1.0434247116543012
15,2021-07-16,59.54857877043894,64.60109444664253,advisor_summarized,0.9217890080735902
15,2021-07-17,41.97562089881776,51.15877022459605,advisor_summarized,0.8204970665740666
15,2021-07-18,32.277893147960064,42.84332542956849,advisor_summarized,0.7533937392657049
15,2021-07-19,26.262695880219177,37.5878486654774,advisor_summarized,0.6987017563561752
15,2021-07-20,21.136038569339807,32.58494380833507,advisor_summarized,0.6486443154133447
15,2021-07-21,29.014060143661087,38.963128779261766,advisor_summarized,0.7446542680911165
15,2021-07-22,44.480674121040224,53.26530926520882,advisor_summarized,0.8350777407406055
15,2021-07-23,41.79313132454386,51.270852952864345,advisor_summarized,0.8151440617335975
15,2021-07-24,36.45735411136805,46.60688349127164,advisor_summarized,0.7822311079477272
15,2021-07-25,27.72988200948001,38.9770680649727,advisor_summarized,0.7114409417161849
15,2021-07-26,22.160623644992224,33.35887071594111,advisor_summarized,0.6643097673687853
15,2021-07-27,57.12519679320282,59.381289191056624,advisor_summarized,0.9620066787267799
15,2021-07-28,118.2801224222476,103.607580144721,advisor_summarized,1.1416164942471556
15,2021-07-29,147.2368529676618,120.25041406170504,advisor_summarized,1.2244186776114467
15,2021-07-30,130.08016138225204,110.62851006704555,advisor_summarized,1.1758285572445835
15,2021-07-31,92.01123791292312,86.99242721633857,advisor_summarized,1.057692501027744
15,2021-08-01,61.9466857257792,66.57742772042765,advisor_summarized,0.9304457658818858
15,2021-08-02,46.2153432236217,54.578720334805475,advisor_summarized,0.8467648735646455
15,2021-08-03,54.3269361581451,61.14085183519677,advisor_summarized,0.8885537987691379
15,2021-08-04,50.9902961370958,58.372712606695366,advisor_summarized,0.873529665833059
15,2021-08-05,57.43201943757971,63.31323067157432,advisor_summarized,0.9071092855061795
15,2021-08-06,66.66943953090018,69.75573992029665,advisor_summarized,0.9557556067368378
15,2021-08-07,73.21269219036053,74.52533687181766,advisor_summarized,0.9823865984837498
15,2021-08-08,83.58622652196834,81.5367075584842,advisor_summarized,1.0251361506351488
15,2021-08-09,72.94944318879188,73.94362605979946,advisor_summarized,0.9865548536907891
15,2021-08-10,55.061020669925966,61.33534122340398,advisor_summarized,0.8977046442013777
15,2021-08-11,42.81606432400673,51.90930722068948,advisor_summarized,0.824824421986151
15,2021-08-12,35.17056546219631,45.50077938554265,advisor_summarized,0.7729662202966868
15,2021-08-13,26.48760746230118,37.61229354999452,advisor_summarized,0.7042273938198869
15,2021-08-14,20.319266917957286,31.77803071086328,advisor_summarized,0.6394124010652167
15,2021-08-15,16.392180301871825,27.639320013056253,advisor_summarized,0.5930746593667461
15,2021-08-16,13.310277018658878,24.206824519774177,advisor_summarized,0.549856384830068
15,2021-08-17,15.646694025635567,26.547431945549548,advisor_summarized,0.5893863503531309
15,2021-08-18,16.002410629516472,26.85892644391008,advisor_summarized,0.5957948715089026
15,2021-08-19,12.655381161841337,23.37601100953843,advisor_summarized,0.541383264949584
15,2021-08-20,10.678792665079904,21.059127698194185,advisor_summarized,0.5070861822066641
15,2021-08-21,8.120553104429547,17.491235048990422,advisor_summarized,0.46426413467574196
15,2021-08-22,7.731793588809734,16.88519791392231,advisor_summarized,0.4579036401127794
15,2021-08-23,10.584436407080931,20.73492003342592,advisor_summarized,0.5104642983921902
15,2021-08-24,12.060500742347152,22.39511679131035,advisor_summarized,0.5385326120302624
15,2021-08-25,13.621821255812893,24.30844671502364,advisor_summarized,0.5603739891530806
15,2021-08-26,12.17814580537292,22.65004432424406,advisor_summarized,0.5376654293050422
15,2021-08-27,12.096200290857137,22.508105371882177,advisor_summarized,0.5374153039983581
15,2021-08-28,11.145337790541522,21.499910475940823,advisor_summarized,0.518389962740243
15,2021-08-29,9.967972292068238,19.960551862150893,advisor_summarized,0.4993836022624936
15,2021-08-30,7.841404212180276,17.245684028611333,advisor_summarized,0.45468792070938147
15,2021-08-31,4.916640282288846,12.896179905565903,advisor_summarized,0.38124780503153943
15,2021-09-01,9.527153207253185,18.821496285084965,advisor_summarized,0.5061846870699088
15,2021-09-02,12.058265788697705,22.46931667308232,advisor_summarized,0.5366547618754782
15,2021-09-03,10.828167510451442,20.863705127519392,advisor_summarized,0.5189954250345018
15,2021-09-04,8.352906585116584,17.819934195204805,advisor_summarized,0.46873947420997103
15,2021-09-05,6.064163360325674,14.675494809007132,advisor_summarized,0.4132169606031801
15,2021-09-06,3.7248065565605017,10.66425079752164,advisor_summarized,0.3492797222497939
15,2021-09-07,2.913968390431659,9.210135223670491,advisor_summarized,0.3163871452117902
15,2021-09-08,4.632226872870373,12.36263714398584,advisor_summarized,0.3746956914547842
15,2021-09-09,10.15638458178267,20.122650204345856,advisor_summarized,0.5047240039778265
15,2021-09-10,8.27367720093493,17.447944971055247,advisor_summarized,0.47419207331638785
15,2021-09-11,7.139063156456713,15.971461466331604,advisor_summarized,0.4469887224476048
15,2021-09-12,6.038619860020568,14.531844852677205,advisor_summarized,0.41554392585660394
15,2021-09-13,3.4761729120429257,3.3963537714142187,advisor_summarized,1.0235014212301774
15,2021-09-14,2.039623144578347,2.7204835185951315,advisor_summarized,0.7497281753912688
15,2021-09-15,1.9980848345669482,2.535380739324495,advisor_summarized,0.7880807815473508
15,2021-09-16,3.0593463325576566,3.549785674023252,advisor_summarized,0.861839731605615
15,2021-09-17,2.7434830015284244,3.2221970926683885,advisor_summarized,0.8514323992690565
15,2021-09-18,4.698545362503332,4.680352123279116,advisor_summarized,1.0038871518093109
15,2021-09-19,24.844401501657426,20.094945319711627,advisor_summarized,1.2363507890358347
15,2021-09-20,31.20107454120634,23.76271295093081,advisor_summarized,1.3130266146645584
15,2021-09-21,34.29491075517612,25.492668568223475,advisor_summarized,1.3452852400836768
15,2021-09-22,37.48486333042095,27.76734350569058,advisor_summarized,1.3499621713088572
15,2021-09-23,42.92863652601157,29.998905867211217,advisor_summarized,1.431006741246938
15,2021-09-24,33.55249671304331,24.8955770154724,advisor_summarized,1.347729224841453
15,2021-09-25,25.755314757743054,20.11236320896597,advisor_summarized,1.2805712829540334
15,2021-09-26,18.794444224438056,15.743475895931914,advisor_summarized,1.1937925492866863
15,2021-09-27,13.041517666234189,11.709916322851072,advisor_summarized,1.1137157010067262
15,2021-09-28,9.607897366016282,9.168664015956772,advisor_summarized,1.0479059271116367
15,2021-09-29,7.3112717744572215,7.136561207707644,advisor_summarized,1.02448105770618
15,2021-09-30,5.457689960703813,5.59031103956703,advisor_summarized,0.9762766189708312
15,2021-10-01,4.5294426701390655,4.71270408458268,advisor_summarized,0.9611133202606243
15,2021-10-02,2.730154889160061,3.10758121340472,advisor_summarized,0.8785465935317764
15,2021-10-03,1.8399596584466544,2.2122779146832237,advisor_summarized,0.8317036689805397
15,2021-10-04,1.254003535424253,1.5509811753802287,advisor_summarized,0.8085227308557303
15,2021-10-05,0.8774036987596892,1.0639777994660056,advisor_summarized,0.8246447427756903
15,2021-10-06,1.2220112730540416,1.4792957364198902,advisor_summarized,0.8260763841660801
15,2021-10-07,1.5740581945702643,1.884065065214017,advisor_summarized,0.8354585112969345
15,2021-10-08,1.2589327550740663,1.5689970304186371,advisor_summarized,0.8023805849639881
15,2021-10-09,0.9642714752355274,1.2125867188761117,advisor_summarized,0.7952185688865735
15,2021-10-10,0.3979920588437446,0.49922213939707744,advisor_summarized,0.7972243765559139
15,2021-10-11,0.1465291227683098,0.18205398145243148,advisor_summarized,0.8048663456810807
15,2021-10-12,0.028594885802392535,0.02893034218112782,advisor_summarized,0.9884046867944025
15,2021-10-13,0.0014175954891845317,2.088044820512559e-5,advisor_summarized,67.89104693818545
15,2021-10-28,0.10450205787449938,0.06560738760919889,advisor_summarized,1.5928397956794584
15,2021-10-29,0.7580782863625952,0.7492502236999008,advisor_summarized,1.0117825292318237
15,2021-10-30,1.178533203339824,1.1506806279984163,advisor_summarized,1.0242053048115154
15,2021-10-31,1.0128461794488781,0.972046194351478,advisor_summarized,1.041973298526847
15,2021-11-01,0.5591548674294836,0.6072129884880741,advisor_summarized,0.9208545897902275
15,2021-11-02,0.1500747796473316,0.1631797040738169,advisor_summarized,0.9196902304678951
15,2021-11-03,0.03213248725610664,0.02577387474698179,advisor_summarized,1.2467076670289732
15,2021-11-04,0.005412150720930848,0.00144153661004052,advisor_summarized,3.754431682993274
15,2021-11-05,0.11847434379507128,0.1356243721861536,advisor_summarized,0.8735475924080758
15,2021-11-06,37.69509870475346,25.76557480929831,advisor_summarized,1.463002435759749
15,2021-11-07,67.88546588257448,42.010842741000566,advisor_summarized,1.6159034538081647
15,2021-11-08,77.47080517882128,47.327745777328595,advisor_summarized,1.636900382775723
15,2021-11-09,64.83472163751341,41.53564173190268,advisor_summarized,1.5609418546124252
15,2021-11-10,50.014917141206865,35.1939619864308,advisor_summarized,1.4211220993103975
15,2021-11-11,39.649452060446755,30.202168079343657,advisor_summarized,1.3128015166422584
15,2021-11-12,32.20777984878384,25.00428071357337,advisor_summarized,1.2880906360685715
15,2021-11-13,26.219330502738565,20.374586451048984,advisor_summarized,1.286864426217037
15,2021-11-14,21.30644988708921,16.772603635155598,advisor_summarized,1.2703126092141481
15,2021-11-15,17.159057565559348,14.10635957863868,advisor_summarized,1.2164057969671624
15,2021-11-16,13.990756035047076,12.018051925769107,advisor_summarized,1.1641450812047247
15,2021-11-17,11.438611517819668,10.398421201618929,advisor_summarized,1.1000334854716975
15,2021-11-18,10.422346711914294,9.698028465957112,advisor_summarized,1.07468716435508
15,2021-11-19,10.223427524085864,9.22033265264651,advisor_summarized,1.1087916140586789
15,2021-11-20,9.382439740418778,8.715946984031335,advisor_summarized,1.0764681976162245
15,2021-11-21,8.592343738602064,8.42209718140049,advisor_summarized,1.0202142712835884
15,2021-11-22,8.412762512207827,7.96953817237337,advisor_summarized,1.0556148085683192
15,2021-11-23,7.608047525234463,6.901786748000426,advisor_summarized,1.1023301360968092
15,2021-11-24,6.102586654428311,6.102963451150866,advisor_summarized,0.9999382600394758
15,2021-11-25,5.491589138792932,5.817877000136408,advisor_summarized,0.9439163355746734
15,2021-11-26,5.587478715423876,5.589049695777789,advisor_summarized,0.9997189181632969
15,2021-11-27,4.827389410919323,4.915765896757193,advisor_summarized,0.9820218277896084
15,2021-11-28,3.7774880052497477,4.099061571355348,advisor_summarized,0.921549466748002
15,2021-11-29,3.035886151367067,3.239408841759495,advisor_summarized,0.9371728916187424
15,2021-11-30,2.1719166956901774,2.443102325558764,advisor_summarized,0.8889994794603768
15,2021-12-01,1.7915859329129353,2.1384179779172237,advisor_summarized,0.8378090492196031
15,2021-12-02,1.7206334734029307,2.0284636219489296,advisor_summarized,0.8482446787730714
15,2021-12-03,1.5671140487105122,1.869116389996349,advisor_summarized,0.8384250745955811
15,2021-12-04,1.4025755762709813,1.6989957728762042,advisor_summarized,0.8255321164787729
15,2021-12-05,0.973704594683788,1.2602055017324614,advisor_summarized,0.7726554068722858
15,2021-12-06,0.7194902416348906,0.9908400306468036,advisor_summarized,0.7261416771436047
15,2021-12-07,0.7218003231298341,0.9482866876918282,advisor_summarized,0.761162560329438
15,2021-12-08,1.8276468367803815,1.967752994351664,advisor_summarized,0.928798910242571
15,2021-12-09,6.155033554129472,6.145068887968802,advisor_summarized,1.0016215711072303
15,2021-12-10,6.239127466312024,6.326355022800892,advisor_summarized,0.9862120358129618
15,2021-12-11,6.361329744996985,6.325807634514958,advisor_summarized,1.005615426920068
15,2021-12-12,8.599189953932616,7.961924196257397,advisor_summarized,1.0800391641476281
15,2021-12-13,9.985278265220591,9.16362438285878,advisor_summarized,1.0896647274083795
15,2021-12-14,9.73787704923383,8.97741753707989,advisor_summarized,1.0847080476109052
15,2021-12-15,8.647854461832132,8.536718859649788,advisor_summarized,1.0130185383880503
15,2021-12-16,8.165233587314265,8.227378393945465,advisor_summarized,0.992446584603799
15,2021-12-17,8.047677601412389,7.972511463564515,advisor_summarized,1.0094281630313602
15,2021-12-18,7.309095470564126,7.424961285272022,advisor_summarized,0.9843950951047078
15,2021-12-19,8.146633214510128,7.739348902387072,advisor_summarized,1.0526251390472183
15,2021-12-20,11.510763885996951,10.48202259019435,advisor_summarized,1.0981433961767038
15,2021-12-21,68.74545378398695,43.64904927498541,advisor_summarized,1.5749587889279388
15,2021-12-22,160.01164753635967,85.64848543381594,advisor_summarized,1.8682367437776488
15,2021-12-23,167.85170308302867,90.84214601666709,advisor_summarized,1.847729390411279
15,2021-12-24,134.68679520768816,76.71991799901757,advisor_summarized,1.7555649004918499
15,2021-12-25,98.82435224717673,60.61463695696523,advisor_summarized,1.6303710986067503
15,2021-12-26,73.33327496393866,48.057535720771625,advisor_summarized,1.525947468260264
15,2021-12-27,56.447857226189306,38.96216751111307,advisor_summarized,1.448786369754425
15,2021-12-28,44.43105578765279,32.31707044507936,advisor_summarized,1.3748478799512571
15,2021-12-29,35.8142810319899,26.87720997963855,advisor_summarized,1.332514835398534
15,2021-12-30,29.285886389784938,22.43257535024239,advisor_summarized,1.3055070999446567
15,2021-12-31,24.251378579787627,18.93355302744112,advisor_summarized,1.280867808838583
15,2022-01-01,20.2232315686334,16.900331003500302,advisor_summarized,1.1966174842637625
15,2022-01-02,16.650924618168954,14.29828403535952,advisor_summarized,1.1645400648771123
15,2022-01-03,15.478494147336503,12.244272657918158,advisor_summarized,1.2641415770275934
15,2022-01-04,12.296296163698795,11.280841330227284,advisor_summarized,1.0900158776943858
15,2022-01-05,11.394386886902444,10.484290230432348,advisor_summarized,1.0868057480732833
15,2022-01-06,10.361487547252368,9.535307139840782,advisor_summarized,1.0866443414244737
15,2022-01-07,9.659980722582699,8.665900261695969,advisor_summarized,1.114711735753601
15,2022-01-08,8.050013389755865,8.030195662416352,advisor_summarized,1.002467900929521
15,2022-01-09,6.821798607588225,7.330613763158933,advisor_summarized,0.9305903745566527
15,2022-01-10,6.8575302183034355,6.80129903390355,advisor_summarized,1.0082677124060537
15,2022-01-11,6.15816732723078,6.411591736021443,advisor_summarized,0.9604740259167032
15,2022-01-12,5.383087157081941,6.072306131547396,advisor_summarized,0.8864979861794579
15,2022-01-13,5.3435100367110655,5.778090944950207,advisor_summarized,0.9247881502074754
15,2022-01-14,5.261337958411807,5.343228254719769,advisor_summarized,0.9846740037288082
15,2022-01-15,4.2010201547115384,4.731759491270117,advisor_summarized,0.8878346759724857
15,2022-01-16,8.505479619160244,7.962748996103777,advisor_summarized,1.068158700383753
15,2022-01-17,11.250078891842081,9.960864720954836,advisor_summarized,1.12942793693153
15,2022-01-18,10.628935712734693,9.912325703088902,advisor_summarized,1.0722948408991928
15,2022-01-19,9.566817899759391,9.657464052073957,advisor_summarized,0.9906138762903187
15,2022-01-20,9.023827736408789,9.164362420298682,advisor_summarized,0.9846650888032741
15,2022-01-21,8.60178388491081,8.78498702550561,advisor_summarized,0.9791458837602262
15,2022-01-22,8.381325508036557,8.748716033304264,advisor_summarized,0.9580063492895255
15,2022-01-23,8.297844612998578,8.581703576278228,advisor_summarized,0.9669227722961323
15,2022-01-24,7.878280932894093,7.996828625545445,advisor_summarized,0.9851756617276182
15,2022-01-25,7.458851116028602,7.673551581203139,advisor_summarized,0.9720207177989838
15,2022-01-26,7.682525280979308,7.880093984289719,advisor_summarized,0.9749281285598501
15,2022-01-27,4.634034451745885,7.534800279958811,advisor_summarized,0.6150175558165182
15,2022-01-28,10.643442270912486,8.10936504082427,advisor_summarized,1.312487749328231
15,2022-01-29,5.713650470344169,7.8699069940502,advisor_summarized,0.7260124515656663
15,2022-01-30,5.019624167112048,7.098043276727183,advisor_summarized,0.7071842156232291
15,2022-01-31,4.368092448816389,6.884999178361717,advisor_summarized,0.6344361612336132
15,2022-02-01,3.627368142486925,6.188689398836807,advisor_summarized,0.586128646748487
15,2022-02-02,3.0823751058910607,5.499632499709752,advisor_summarized,0.5604692870030381
15,2022-02-03,2.664634469915089,4.902184680142223,advisor_summarized,0.5435606048684772
15,2022-02-04,6.6099638652452075,4.171075636689149,advisor_summarized,1.584714457609779
15,2022-02-05,7.31255265234797,7.713479610881585,advisor_summarized,0.9480225554796283
15,2022-02-06,7.751267829596095,8.428877732408845,advisor_summarized,0.919608526268289
15,2022-02-07,12.550671450682009,8.594096924668534,advisor_summarized,1.4603828140053325
15,2022-02-08,17.270286527175514,12.743520892137573,advisor_summarized,1.355220952933882
15,2022-02-09,16.874998223260505,16.249004388927357,advisor_summarized,1.0385250578650667
15,2022-02-10,14.30950252591146,16.30170589864591,advisor_summarized,0.8777917240612266
15,2022-02-11,12.268609749878431,14.49205837740343,advisor_summarized,0.8465746845878095
15,2022-02-12,13.48083596641394,12.873994317299852,advisor_summarized,1.0471370139024083
15,2022-02-13,12.604362813769926,13.37122751454507,advisor_summarized,0.9426481450606568
15,2022-02-14,10.79636412141244,12.011214269147647,advisor_summarized,0.8988570080832121
15,2022-02-15,9.132175992421647,11.21508095759044,advisor_summarized,0.8142764218069181
15,2022-02-16,8.1528785940739,10.49480188701151,advisor_summarized,0.776849213720175
15,2022-02-17,8.451903637240127,10.05949600809543,advisor_summarized,0.8401915593423781
15,2022-02-18,8.036088474642497,9.747968935388569,advisor_summarized,0.8243859339219536
15,2022-02-19,6.236530488480153,8.801838510222744,advisor_summarized,0.7085486152963204
15,2022-02-20,5.695529071572157,7.631158066142017,advisor_summarized,0.7463518672011428
15,2022-02-21,5.348785852284349,7.429039248994179,advisor_summarized,0.7199835231734069
15,2022-02-22,5.062508567265299,7.2297254557228205,advisor_summarized,0.7002352438235366
15,2022-02-23,4.667810325409501,6.864209639524643,advisor_summarized,0.6800215276835214
15,2022-02-24,4.118193379429453,6.289214208694713,advisor_summarized,0.6548025306144181
15,2022-02-25,3.4255045252280993,5.520892468575101,advisor_summarized,0.6204620982433652
15,2022-02-26,2.743884308120419,4.7738640704611806,advisor_summarized,0.574772190330787
15,2022-02-27,2.6894897083234297,4.167673233730816,advisor_summarized,0.6453216357165923
15,2022-02-28,2.5269086608104354,3.682861572140542,advisor_summarized,0.6861264294931816
15,2022-03-01,2.027848851573682,3.4859571899852018,advisor_summarized,0.5817193789411654
15,2022-03-02,1.3707315118784726,3.020631184012449,advisor_summarized,0.4537897639187
15,2022-03-03,0.9761132954016607,2.219275616727755,advisor_summarized,0.43983419096042964
15,2022-03-04,0.7203022089788124,1.723814087218818,advisor_summarized,0.41785376643541633
15,2022-03-05,0.34202093925253985,1.5000335611068474,advisor_summarized,0.22800885801526258
15,2022-03-06,0.384019547660853,0.8547141390724229,advisor_summarized,0.4492958874853873
15,2022-03-07,0.4597291827789305,0.915730296630388,advisor_summarized,0.5020355714674894
15,2022-03-08,0.6079906968710741,1.0919932709858022,advisor_summarized,0.5567714683096971
15,2022-03-09,12.85934453325071,1.1801997484553608,advisor_summarized,10.895905163580107
15,2022-03-10,127.69634571850648,13.153305040178315,advisor_summarized,9.708308697201424
15,2022-03-11,596.2066113965523,75.39706499669497,advisor_summarized,7.907557295800401
15,2022-03-12,651.9022144745256,251.4068059055722,advisor_summarized,2.5930173693045466
15,2022-03-13,504.80192903277884,277.2284016437822,advisor_summarized,1.820888213616048
15,2022-03-14,363.2292212679102,232.69181731670415,advisor_summarized,1.560988372760606
15,2022-03-15,310.5794231968738,182.61712422995677,advisor_summarized,1.7007135804295286
15,2022-03-16,233.93634671515443,160.6913777143141,advisor_summarized,1.455811444538482
15,2022-03-17,163.7627011407358,127.2949661677826,advisor_summarized,1.2864821451375106
15,2022-03-18,112.62808313709682,98.29812019412545,advisor_summarized,1.1457806407149154
15,2022-03-19,93.08890258240419,73.66475576631167,advisor_summarized,1.263683041015057
15,2022-03-20,70.02070948641135,62.66487225600209,advisor_summarized,1.1173837425273727
15,2022-03-21,54.01346940826921,51.235643878919355,advisor_summarized,1.0542166608838652
15,2022-03-22,45.47522586135872,43.368350884545826,advisor_summarized,1.0485809336495586
15,2022-03-23,177.8560568375492,37.70885694230056,advisor_summarized,4.7165592186920975
15,2022-03-24,422.40189980489646,98.76339098881192,advisor_summarized,4.276907623116615
15,2022-03-25,456.11534109185294,202.34906357046583,advisor_summarized,2.254101566094057
15,2022-03-26,343.0609492738079,216.42296817842632,advisor_summarized,1.58514113433181
15,2022-03-27,212.54449497576303,172.92027361200533,advisor_summarized,1.229147343663506
15,2022-03-28,125.15812983473583,121.22122616376464,advisor_summarized,1.0324770157468346
15,2022-03-29,74.41301906052873,82.90266596491394,advisor_summarized,0.8975950072826584
15,2022-03-30,58.20907307351251,58.22177718131575,advisor_summarized,0.9997817980072358
15,2022-03-31,60.8382682003402,47.059752032188534,advisor_summarized,1.2927876916717975
15,2022-04-01,75.47442011765844,48.1636180696294,advisor_summarized,1.567042160506842
15,2022-04-02,108.26851402197707,56.295779886460934,advisor_summarized,1.9232083513246703
15,2022-04-03,105.1062027414411,75.02094724583289,advisor_summarized,1.4010247350919622
15,2022-04-04,81.37061314563817,74.17186607743498,advisor_summarized,1.0970549542421886
15,2022-04-05,62.142126361277114,62.45716037863403,advisor_summarized,0.9949559983923847
15,2022-04-06,54.248620593652106,50.84635316703517,advisor_summarized,1.0669127128044005
15,2022-04-07,48.885900836545844,45.22972204428624,advisor_summarized,1.0808357563789512
15,2022-04-08,23.124536258172586,42.81192072640852,advisor_summarized,0.5401424618612877
15,2022-04-09,17.164263936653548,37.60764919948432,advisor_summarized,0.4564035323135514
15,2022-04-10,23.355882565998535,30.86515382290389,advisor_summarized,0.7567071494283951
15,2022-04-11,19.80385755320994,24.72600582539948,advisor_summarized,0.8009323338776648
15,2022-04-12,23.792572435416396,20.24823066413872,advisor_summarized,1.175044517719516
15,2022-04-13,15.37696366659989,16.99255183261606,advisor_summarized,0.9049237464784332
15,2022-04-14,6.779478479951276,14.172502618810633,advisor_summarized,0.4783543642428492
15,2022-04-15,6.3255160042041725,12.436320962105606,advisor_summarized,0.5086324181788561
15,2022-04-16,3.9086866361303083,11.200443907587422,advisor_summarized,0.34897604669779914
15,2022-04-17,5.5741993954570175,13.421539193407645,advisor_summarized,0.41531744721163855
15,2022-04-18,11.269815362125808,21.596829785135583,advisor_summarized,0.5218272993882864
15,2022-04-19,9.182854450946389,18.524345708887875,advisor_summarized,0.49571815357238275
15,2022-04-20,6.171026836036875,14.58931527261034,advisor_summarized,0.4229826226061633
15,2022-04-21,4.344224535675158,11.78377595387506,advisor_summarized,0.36866150143041143
15,2022-04-22,2.9939260132779815,9.490077277468153,advisor_summarized,0.31547962421616105
15,2022-04-23,2.2060482064900717,7.939262099853156,advisor_summarized,0.27786564780760603
15,2022-04-24,1.6007782053923045,6.543629353257572,advisor_summarized,0.24463155215162052
15,2022-04-25,1.0746982919798866,5.1641673239627215,advisor_summarized,0.20810679138785484
15,2022-04-26,0.5060806365028534,3.423561607589636,advisor_summarized,0.14782285073559998
15,2022-04-27,0.2991697356322549,2.554943137645656,advisor_summarized,0.11709447902153142
15,2022-04-28,0.10985047611462147,1.4814553265217152,advisor_summarized,0.07415038047251658
15,2022-04-29,0.023666921717645974,0.7054478813299564,advisor_summarized,0.033548788427895694
15,2022-04-30,4.65875877258867e-4,0.16050854274338489,advisor_summarized,0.002902498952991506
15,2022-05-01,12.124496853997156,5.334754364076008,advisor_summarized,2.2727376044983374
15,2022-05-02,11.832193957592102,22.21616534578162,advisor_summarized,0.5325938915843902
15,2022-05-03,11.136590212554623,21.38291517013552,advisor_summarized,0.5208172096248391
15,2022-05-04,14.938585616615109,26.092729962186898,advisor_summarized,0.5725190747868786
15,2022-05-05,17.472055317369,28.84449865803385,advisor_summarized,0.6057326745217199
15,2022-05-06,16.733634938476346,28.399909814554203,advisor_summarized,0.5892143689097492
15,2022-05-07,24.985301129636614,36.319216506332815,advisor_summarized,0.6879361267410612
15,2022-05-08,23.757202238175353,34.71691408871219,advisor_summarized,0.684312038145687
15,2022-05-09,18.513390024320692,29.304637892752947,advisor_summarized,0.6317563142078293
15,2022-05-10,11.999931427503123,22.542238011715003,advisor_summarized,0.5323309700335372
15,2022-05-11,7.286555498077475,16.443500345452147,advisor_summarized,0.443126788396532
15,2022-05-12,4.440760263819719,12.117725701380204,advisor_summarized,0.36646812885968516
15,2022-05-13,3.945552724407817,11.07416235384484,advisor_summarized,0.3562845295507122
15,2022-05-14,3.5923621351095014,10.61418717640049,advisor_summarized,0.33844910358248953
15,2022-05-15,2.366508940840666,8.216923202041132,advisor_summarized,0.28800426663995243
15,2022-05-16,1.8719586491730014,7.148584908937802,advisor_summarized,0.2618642253003823
15,2022-05-17,1.4124297366852037,6.001204410868147,advisor_summarized,0.23535771154991844
15,2022-05-18,1.0265280392560983,5.049253629725254,advisor_summarized,0.20330292643904183
15,2022-05-19,0.7321733696218257,4.2025357323776404,advisor_summarized,0.17422180708207538
15,2022-05-20,0.8046487640574518,3.9705253045143034,advisor_summarized,0.20265549325239243
15,2022-05-21,6.861238807181455,14.344827303676338,advisor_summarized,0.478307522421203
15,2022-05-22,23.182053331089268,34.759392569946996,advisor_summarized,0.6669291842324222
15,2022-05-23,29.299767438789125,40.42780656620759,advisor_summarized,0.724742941242821
15,2022-05-24,23.88467760498837,35.344857634643716,advisor_summarized,0.6757610357886261
15,2022-05-25,15.580932578432378,26.45771301938048,advisor_summarized,0.5888994474699768
15,2022-05-26,9.467605350973981,19.433480142247,advisor_summarized,0.4871801284007841
15,2022-05-27,6.615789456604418,15.46799870187908,advisor_summarized,0.42770817247358056
15,2022-05-28,4.930979626345442,12.792213852667487,advisor_summarized,0.3854672602520019
15,2022-05-29,3.2020129539850477,9.77902203641656,advisor_summarized,0.32743692999779744
15,2022-05-30,2.037307499077144,7.457626290217426,advisor_summarized,0.27318444499553307
15,2022-05-31,1.4330427345243806,6.101607922431595,advisor_summarized,0.2348631299720236
15,2022-06-01,1.1278666357395626,5.38085301438912,advisor_summarized,0.20960740475970938
15,2022-06-02,0.5770083006419199,3.658275755312331,advisor_summarized,0.15772684708199558
15,2022-06-03,0.15631291079108628,1.685166343591731,advisor_summarized,0.09275814900143564
15,2022-06-04,0.003170659443594415,0.2883680494779432,advisor_summarized,0.010995182889833062
15,2022-06-07,0.8019780750836087,1.0263233400859073,advisor_summarized,0.7814087858671128
15,2022-06-08,2.0597976135739473,7.62884810888344,advisor_summarized,0.2700011304688854
15,2022-06-09,1.1999890219588112,5.570749742807968,advisor_summarized,0.21540889060903134
15,2022-06-10,0.7985972210446992,4.397884618482573,advisor_summarized,0.18158666957484748
15,2022-06-11,0.5900719193758924,3.701381776829214,advisor_summarized,0.1594193614584057
15,2022-06-12,0.46775208941496715,3.2105988704961397,advisor_summarized,0.1456899813032964
15,2022-06-13,0.47799912766898167,3.181663185529862,advisor_summarized,0.15023561571284846
15,2022-06-14,0.12806524201955355,1.5940273475805522,advisor_summarized,0.08034068061249616
15,2022-06-15,0.011857197631107796,0.5019033266419596,advisor_summarized,0.023624465114506624
15,2022-06-16,9.468239218812417e-7,0.03618219227304473,advisor_summarized,2.6168229794815762e-5
15,2022-06-19,7.02597434841378,12.922656958919914,advisor_summarized,0.5436942550397172
15,2022-06-20,4.4747607590850675,11.942450726275538,advisor_summarized,0.37469367566573164
15,2022-06-21,2.7421644557669,8.922957119207103,advisor_summarized,0.3073156599468865
15,2022-06-22,1.5446194340522652,6.401879964537521,advisor_summarized,0.24127591310810376
15,2022-06-23,0.9228482198912616,4.758951171057549,advisor_summarized,0.19391840485856118
15,2022-06-24,0.7822157472628904,4.205021791398212,advisor_summarized,0.18601942773827954
15,2022-06-25,1.1359971211126614,5.309993492752983,advisor_summarized,0.2139356898766556
15,2022-06-26,0.6210099439444867,3.777773932443384,advisor_summarized,0.16438515248656785
15,2022-06-27,0.30785855571592846,2.564987280861994,advisor_summarized,0.12002342390269825
15,2022-06-28,0.29604706329739205,2.3553051254182136,advisor_summarized,0.1256937201479682
15,2022-06-29,1.3852317084913515,5.935747863514613,advisor_summarized,0.233371049502622
15,2022-06-30,1.1955044860258912,5.495898438427314,advisor_summarized,0.21752667001029813
15,2022-07-01,3.337355330583704,9.85113795071003,advisor_summarized,0.33877866164113163
15,2022-07-02,6.116922209065218,14.625152245485513,advisor_summarized,0.4182467372914622
15,2022-07-03,5.895423019109899,14.2997144721364,advisor_summarized,0.41227557589330754
15,2022-07-04,6.781683522202883,15.602480602632491,advisor_summarized,0.4346541870437358
15,2022-07-05,29.976017890055655,36.84833975081563,advisor_summarized,0.8134971098498988
15,2022-07-06,63.54725192518698,67.34235016161814,advisor_summarized,0.9436447016279781
15,2022-07-07,57.90459848019796,63.44830247486584,advisor_summarized,0.9126264410799022
15,2022-07-08,38.79448991779169,48.36230021347359,advisor_summarized,0.8021638703401386
15,2022-07-09,26.473983604124754,37.57944304672227,advisor_summarized,0.7044804674515753
15,2022-07-10,22.147836702298992,33.61858205487068,advisor_summarized,0.6587974670124495
15,2022-07-11,25.71472812381994,36.8186295476248,advisor_summarized,0.698416221346805
15,2022-07-12,31.766198660188635,42.53208041941714,advisor_summarized,0.7468762013740206
15,2022-07-13,27.821807550707973,38.66788718903733,advisor_summarized,0.7195067942216323
15,2022-07-14,19.218963215673536,30.2918011131526,advisor_summarized,0.6344608940182407
15,2022-07-15,12.076530600809775,22.58385471282313,advisor_summarized,0.5347417770073022
15,2022-07-16,7.779406915701377,17.07331914505178,advisor_summarized,0.45564701565108495
15,2022-07-17,5.738713635874318,14.046245648434022,advisor_summarized,0.4085585415141954
15,2022-07-18,3.887574855991326,11.106802060452546,advisor_summarized,0.3500174789135413
15,2022-07-19,4.7452051208762605,12.43296525482868,advisor_summarized,0.38166318521909576
15,2022-07-20,15.317994249635548,26.39766482464879,advisor_summarized,0.5802783826292237
15,2022-07-21,34.19911537897366,44.43448631397927,advisor_summarized,0.7696525427866706
15,2022-07-22,43.21800817727685,52.02185540279987,advisor_summarized,0.8307663739142762
15,2022-07-23,48.736225212465065,56.640695078504656,advisor_summarized,0.8604453943391072
15,2022-07-24,49.592243153842695,57.0646997888127,advisor_summarized,0.8690529055155924
15,2022-07-25,73.26612379464044,74.83552125761712,advisor_summarized,0.979028709406939
15,2022-07-26,98.31266179637625,90.902540060113,advisor_summarized,1.0815172131753745
15,2022-07-27,144.55839323943994,118.75511597995276,advisor_summarized,1.2172813949661172
15,2022-07-28,116.85334835836655,102.1820192143424,advisor_summarized,1.1435803408156262
15,2022-07-29,74.96973616062317,75.39442548963565,advisor_summarized,0.994367099075901
15,2022-07-30,46.124820380982285,53.95655729065996,advisor_summarized,0.8548510634678064
15,2022-07-31,28.629493952506383,39.36323808579245,advisor_summarized,0.7273155193713535
15,2022-08-01,17.620874250296286,28.73986218570199,advisor_summarized,0.6131161707192397
15,2022-08-02,11.412549056147691,21.690495989183088,advisor_summarized,0.526154360962472
15,2022-08-03,8.347683912628305,17.80683846744231,advisor_summarized,0.4687909045668637
15,2022-08-04,10.697063031882054,20.865464299700065,advisor_summarized,0.5126683441228682
15,2022-08-05,9.301091168012166,18.961575114320944,advisor_summarized,0.49052312964166206
15,2022-08-06,7.503142774733808,16.550925202590804,advisor_summarized,0.4533367580900735
15,2022-08-07,5.984007819773551,14.483063588570554,advisor_summarized,0.4131727920117597
15,2022-08-08,4.705311768643755,12.350565358817343,advisor_summarized,0.3809794638497685
15,2022-08-09,3.259637024942794,9.860844127157112,advisor_summarized,0.3305636903807899
15,2022-08-10,2.345129687215346,8.064100671547532,advisor_summarized,0.2908110628491579
15,2022-08-11,2.186633295851831,7.889802533401152,advisor_summarized,0.27714677098632184
15,2022-08-12,1.7218660328747157,6.662029676998384,advisor_summarized,0.2584596761584095
15,2022-08-13,0.7196561599656407,4.0143178932744865,advisor_summarized,0.17927233943563345
15,2022-08-14,1.4407978716182233,5.8490274037640075,advisor_summarized,0.24633118844528423
15,2022-08-15,0.09436097713367593,1.20501227471362,advisor_summarized,0.07830706716751205
15,2022-08-16,2.210211820934391e-4,0.1019430977161155,advisor_summarized,0.002168083833482523
15,2022-08-17,0.6882367569825623,0.8089279449746091,advisor_summarized,0.8508010648638982
15,2022-08-18,2.508034175852055,8.528389419535877,advisor_summarized,0.29408063497979253
15,2022-08-19,2.559568930210517,8.53653035793547,advisor_summarized,0.29983714962498415
15,2022-08-20,1.7153181773105741,6.6882137941690125,advisor_summarized,0.25646880170099234
15,2022-08-21,2.7079011743317825,8.82263181547381,advisor_summarized,0.3069266893334999
15,2022-08-22,1.7869445310705463,6.927754768322543,advisor_summarized,0.25793992293743234
15,2022-08-23,1.2433544535379237,5.416431250334575,advisor_summarized,0.22955233733671435
15,2022-08-24,1.923367396921722,4.99570671910184,advisor_summarized,0.3850040655043732
15,2022-08-25,35.173668809521665,44.629385833355435,advisor_summarized,0.7881280047379301
15,2022-08-26,106.22115895747315,96.1753447690985,advisor_summarized,1.1044531133472204
15,2022-08-27,294.4898120163458,195.838983211115,advisor_summarized,1.5037343800896112
15,2022-08-28,444.62422133193087,259.73532052976776,advisor_summarized,1.7118358043297903
15,2022-08-29,531.6200106305066,295.7166727069369,advisor_summarized,1.7977343169871123
15,2022-08-30,470.57954704981677,271.0164350524572,advisor_summarized,1.736350590541613
15,2022-08-31,339.3171346619399,214.8590094111785,advisor_summarized,1.5792548592299627
15,2022-09-01,222.23722508889017,158.8886875907216,advisor_summarized,1.3986975942638968
15,2022-09-02,133.15913129940526,112.0582541279246,advisor_summarized,1.1883027478492758
15,2022-09-03,119.53571946648832,103.02259360083696,advisor_summarized,1.1602864506559774
15,2022-09-04,127.04045155400765,109.082404417546,advisor_summarized,1.1646282664225274
15,2022-09-05,94.99898392858518,88.83673492409848,advisor_summarized,1.0693660005599224
15,2022-09-06,67.00769426333285,70.23672391934852,advisor_summarized,0.9540264768082933
15,2022-09-07,46.994673625473084,55.58201165035721,advisor_summarized,0.8455014892425374
15,2022-09-08,41.357507548267264,50.67781347653612,advisor_summarized,0.81608705488874
15,2022-09-09,76.5534721758846,75.37249204479109,advisor_summarized,1.015668582782054
15,2022-09-10,352.3029191641199,210.7254434422282,advisor_summarized,1.671857528968523
15,2022-09-11,479.4936940801147,275.6673669314052,advisor_summarized,1.739392295205649
15,2022-09-12,429.5789378805393,255.29004317339377,advisor_summarized,1.6827093314750547
15,2022-09-13,340.5939387614507,215.37243672141415,advisor_summarized,1.581418420788968
15,2022-09-14,243.88474594888078,170.29970827279445,advisor_summarized,1.4320913900698773
15,2022-09-15,157.251682974729,125.42371437481457,advisor_summarized,1.2537635626449408
15,2022-09-16,99.73226733136381,91.78932637007637,advisor_summarized,1.0865344727475512
15,2022-09-17,67.12550878837389,70.51230819898463,advisor_summarized,0.9519686775668549
15,2022-09-18,53.81214704211876,60.75361050390748,advisor_summarized,0.8857440174466295
15,2022-09-19,53.13372637115174,59.97948683078747,advisor_summarized,0.8858649711534077
15,2022-09-20,43.94290880833344,52.67116170040188,advisor_summarized,0.8342878225903675
15,2022-09-21,36.61841498198897,46.70361276236454,advisor_summarized,0.7840595794657113
15,2022-09-22,28.02645965585682,39.38541035580247,advisor_summarized,0.7115949637865792
15,2022-09-23,22.645179845171118,33.64549801851019,advisor_summarized,0.6730523005696867
15,2022-09-24,18.476682656015253,29.820691596435577,advisor_summarized,0.6195926944304586
15,2022-09-25,13.645526013366467,24.58259786967964,advisor_summarized,0.5550888512965898
15,2022-09-26,10.10034600362246,20.042808092060223,advisor_summarized,0.5039386675374905
15,2022-09-27,8.218858943092295,17.575766103294857,advisor_summarized,0.4676245060834952
15,2022-09-28,7.739792758927822,17.187799538200437,advisor_summarized,0.45030736725349185
15,2022-09-29,11.024430441136287,21.45841787100821,advisor_summarized,0.5137578412074381
15,2022-09-30,10.048037442993433,20.01942898607056,advisor_summarized,0.501914287864295
15,2022-10-01,7.971854342757802,17.145262171946,advisor_summarized,0.4649596059138587
15,2022-10-02,6.849609342290366,15.62756509596354,advisor_summarized,0.4383030433870699
15,2022-10-03,5.40973778622366,13.535752953129707,advisor_summarized,0.39966286359953346
15,2022-10-04,3.5783053600562744,10.490996301161632,advisor_summarized,0.34108346408053364
15,2022-10-05,2.145627410141549,7.624185785465625,advisor_summarized,0.28142380977020104
15,2022-10-06,1.100666377958836,5.091649241721264,advisor_summarized,0.21617089585431631
15,2022-10-07,0.3995918952346489,2.8487449147010704,advisor_summarized,0.1402694545139994
15,2022-10-08,0.05811548573616277,1.0727841235431674,advisor_summarized,0.054172581846401904
15,2022-10-09,0.006977461157481932,0.4496210439234563,advisor_summarized,0.015518537781496228
15,2022-10-10,0.0013200627720364535,0.201836470383094,advisor_summarized,0.006540258901331953
15,2022-10-13,0.0011043867268833879,0.23894590695488724,advisor_summarized,0.004621911046552871
15,2022-10-14,7.352703554216619e-4,0.145273917388405,advisor_summarized,0.005061268868077948
15,2022-11-10,0.4392124159231746,1.488588847449958,advisor_summarized,0.2950528728436813
15,2022-11-11,1.1147925516017687,5.055909588559946,advisor_summarized,0.22049297600657658
15,2022-11-12,1.2592708308301526,5.605350771679755,advisor_summarized,0.2246551343748978
15,2022-11-13,1.1545187100735577,5.302199381345629,advisor_summarized,0.21774336026204957
15,2022-11-14,0.8176856304877463,4.703896248197494,advisor_summarized,0.1738315616125842
15,2022-11-15,0.8673096287950204,4.627030978086389,advisor_summarized,0.18744409382660226
15,2022-11-16,0.9706998699068765,4.814576322894429,advisor_summarized,0.2016168827339953
15,2022-11-17,0.8041213260644823,4.289754431107322,advisor_summarized,0.1874515986820516
15,2022-11-18,0.35462094698402874,2.7224672963663896,advisor_summarized,0.13025719260515364
15,2022-11-19,0.1287678923487179,1.6668029646966562,advisor_summarized,0.07725441763427182
15,2022-11-20,0.12093107494576298,1.6108039947908417,advisor_summarized,0.07507497829459105
15,2022-11-21,0.13648579660219468,1.7247291475812634,advisor_summarized,0.07913462632297975
15,2022-11-22,0.0867876095658628,1.4057876437810026,advisor_summarized,0.061735931418801696
15,2022-11-23,0.08843467275941697,1.3587030746652244,advisor_summarized,0.06508756358059077
15,2022-11-24,0.022510825187176297,0.7735941991380594,advisor_summarized,0.029099009806766798
15,2022-11-25,0.015016971059813328,0.6761624171500822,advisor_summarized,0.022209118222079674
15,2022-11-26,0.022047788250831823,0.7549823484018284,advisor_summarized,0.029203051299812915
15,2022-11-27,0.019514811525303752,0.7380647359229392,advisor_summarized,0.026440514734660456
15,2022-11-28,0.013442490724497115,0.5794924498705575,advisor_summarized,0.023197007532194412
15,2022-11-29,0.0017134607018841892,0.26229893593147496,advisor_summarized,0.006532472942748907
15,2022-11-30,0.017661537331092422,0.4342432464994514,advisor_summarized,0.040671990810373454
15,2022-12-01,0.07721116607501978,1.2162630766847704,advisor_summarized,0.06348229059577978
15,2022-12-02,0.016603337573711074,0.6737724555568524,advisor_summarized,0.02464235134098636
15,2022-12-03,0.00807071383663128,0.5019010438045298,advisor_summarized,0.01608028900568395
15,2022-12-04,0.0018723021433418815,0.3358359489508385,advisor_summarized,0.005575049809858084
15,2022-12-05,0.0011866647641346367,0.28457616161059457,advisor_summarized,0.00416993734618725
15,2022-12-06,2.952551279032814e-4,0.1743860355998007,advisor_summarized,0.0016931122201829492
15,2022-12-07,6.894823214942914e-6,0.0599957836366996,advisor_summarized,1.1492179611644125e-4
15,2022-12-15,0.0018633434803366588,0.13317800749664307,advisor_summarized,0.013991375268049621
15,2022-12-16,0.0015722538170895434,0.2855884908485122,advisor_summarized,0.0055053122498676995
15,2022-12-17,1.1741637208951621e-4,0.13817457168932998,advisor_summarized,8.49768308698027e-4
15,2022-12-18,3.916401774725244e-8,0.0341850596503236,advisor_summarized,1.1456471964027042e-6
15,2022-12-21,0.004202145454023658,0.3742000875518982,advisor_summarized,0.01122967522940747
15,2022-12-22,0.005614829295402569,0.4796071910615431,advisor_summarized,0.01170714159430123
15,2022-12-23,0.002095286632479655,0.2923585460837374,advisor_summarized,0.007166839008289234
15,2022-12-24,1.3983613711555682e-4,0.16036396881357573,advisor_summarized,8.719922445803106e-4
15,2022-12-25,3.120406772405725e-5,0.10861529537426833,advisor_summarized,2.8728981140762705e-4
15,2022-12-26,5.446933103988263e-6,0.0746500116210349,advisor_summarized,7.296627268646566e-5
15,2022-12-27,4.959889134258261e-7,0.04923188720747083,advisor_summarized,1.007454602208629e-5
15,2023-01-04,0.2811726577137289,0.6589541574822407,advisor_summarized,0.4266953239782946
15,2023-01-05,0.4259427759188331,3.0106803480743305,advisor_summarized,0.14147724988183205
15,2023-01-06,0.13596034170861404,1.6693505102461768,advisor_summarized,0.081445053554729
15,2023-01-07,0.04451293430923531,1.0388504263966605,advisor_summarized,0.04284826109532644
15,2023-01-08,0.03056147853935161,0.9038671462576472,advisor_summarized,0.033811914356980145
15,2023-01-09,0.019778644488995037,0.7389866816667516,advisor_summarized,0.026764547967745755
15,2023-01-10,0.011421837345287431,0.5903003628355051,advisor_summarized,0.01934919587449123
15,2023-01-11,0.005726501005278776,0.4676876804556689,advisor_summarized,0.012244284475698475
15,2023-01-12,0.0059513699797689446,0.5037018380955208,advisor_summarized,0.01181526357392474
15,2023-01-13,0.5041308633327823,3.080866634362045,advisor_summarized,0.16363280958351925
15,2023-01-14,0.28137205710665086,2.427418055526242,advisor_summarized,0.11591413208206197
15,2023-01-15,0.06529819539958077,1.229957153761534,advisor_summarized,0.053089813088107694
15,2023-01-16,0.03901654791565365,0.9921571408735292,advisor_summarized,0.039324968100619764
15,2023-01-17,0.021108971461857518,0.7476413303174668,advisor_summarized,0.028234088467118494
15,2023-01-18,0.01138429524008121,0.5981649077936191,advisor_summarized,0.019032034630839724
15,2023-01-19,0.009256614395989557,0.5456260578122272,advisor_summarized,0.016965125223500865
15,2023-01-20,0.006318202981194141,0.4857980522253374,advisor_summarized,0.013005821971191113
15,2023-01-21,0.012881043900732048,0.5878873683052414,advisor_summarized,0.021910734258273747
15,2023-01-22,0.024751491740482252,0.8354604025479836,advisor_summarized,0.02962616979212331
15,2023-01-23,0.018930528279788476,0.6647726417382269,advisor_summarized,0.028476695777205147
15,2023-01-24,0.01612288441014568,0.7099926511144462,advisor_summarized,0.022708522947157625
15,2023-01-25,0.026354847119469522,0.7945923947599977,advisor_summarized,0.03316775656710112
15,2023-01-26,0.3129432251640562,2.521510173516743,advisor_summarized,0.1241094437971651
15,2023-01-27,0.08212661501913879,1.3021962972553267,advisor_summarized,0.06306776880892628
15,2023-01-28,0.032374149059746296,0.9065208972526674,advisor_summarized,0.035712523735371655
15,2023-01-29,0.027624102709017242,0.8892031498163099,advisor_summarized,0.031066132317146857
15,2023-01-30,0.025048267917887185,0.8129771215921001,advisor_summarized,0.030810544666784366
15,2023-01-31,0.020376257766723707,0.7514551205341816,advisor_summarized,0.027115734805611517
15,2023-02-01,0.018402637176155333,0.7156149954151257,advisor_summarized,0.02571583504266848
15,2023-02-02,0.014451926246090683,0.6244687778272224,advisor_summarized,0.02314275230280485
15,2023-02-03,0.5823430204988463,5.289411812725295,advisor_summarized,0.11009598819623807
15,2023-02-04,0.5094156286621833,3.882811983428848,advisor_summarized,0.13119760391084573
15,2023-02-05,0.448395434632194,2.338304076463993,advisor_summarized,0.1917609600673759
15,2023-02-06,0.28516900312961463,3.015016246729598,advisor_summarized,0.09458290761747595
15,2023-02-07,0.16618559328121812,2.1966832607163864,advisor_summarized,0.07565296110419732
15,2023-02-08,0.11238707179660627,1.547121254260445,advisor_summarized,0.07264270430460187
15,2023-02-09,0.08180884241422366,1.2638910930971676,advisor_summarized,0.0647277624322448
15,2023-02-10,0.06443462291145437,1.1437340334486708,advisor_summarized,0.056337068782649026
15,2023-02-11,1.0140459659489511,3.819005913725745,advisor_summarized,0.2655261575543538
15,2023-02-12,1.2919299357230463,6.504577715802515,advisor_summarized,0.19861857174592185
15,2023-02-13,0.9323822569760971,5.387320968970468,advisor_summarized,0.17306974326318594
15,2023-02-14,0.7337294707991926,4.664362552348012,advisor_summarized,0.157305411525062
15,2023-02-15,0.6108653946326157,4.017033041792451,advisor_summarized,0.15206880010129065
15,2023-02-16,0.5757136760080805,3.401705170436449,advisor_summarized,0.1692426730604095
15,2023-02-17,0.5152578816819748,4.322756297254573,advisor_summarized,0.11919660657465711
15,2023-02-18,0.5850026977411344,4.940902349465023,advisor_summarized,0.11839997157694804
15,2023-02-19,0.5296750444338395,2.787346624154239,advisor_summarized,0.19002840904100263
15,2023-02-20,0.42879642766815645,2.600369289498274,advisor_summarized,0.16489828171709034
15,2023-02-21,0.260261646574122,2.580436556131497,advisor_summarized,0.10085954097794111
15,2023-02-22,0.15816759075948092,2.186821517025169,advisor_summarized,0.07232761774479124
15,2023-02-23,0.10876150288792424,2.046148597734786,advisor_summarized,0.053154254294301984
15,2023-02-24,0.07335432540092439,1.4799006097827734,advisor_summarized,0.04956706208242706
15,2023-02-25,0.07464283568722647,1.195855885963965,advisor_summarized,0.062417918884145294
15,2023-02-26,0.06556274599458467,0.9549055861830514,advisor_summarized,0.068658877844303
15,2023-02-27,0.040758735858911224,0.8617827195683354,advisor_summarized,0.047295837957074795
15,2023-02-28,0.019226666430061674,0.890498486046264,advisor_summarized,0.021590902995721424
15,2023-03-01,0.007456318801652727,0.6201080155737214,advisor_summarized,0.012024225803232313
15,2023-03-02,0.002442721599853852,0.279913129898809,advisor_summarized,0.008726713179681557
15,2023-03-03,2.4281718660665086e-4,0.11805914773063102,advisor_summarized,0.0020567418219947964
15,2023-03-13,4.569710830539594,13.019554600670622,advisor_summarized,0.35098826117325194
15,2023-03-14,11.585066163008548,24.64677936899405,advisor_summarized,0.47004381341534235
15,2023-03-15,13.621357013055075,25.859763836371716,advisor_summarized,0.5267394203305391
15,2023-03-16,11.755274640663115,20.81763002785603,advisor_summarized,0.5646788142998701
15,2023-03-17,9.661276865048272,17.16282673868687,advisor_summarized,0.5629187436397471
15,2023-03-18,8.260604085232588,19.98263902213525,advisor_summarized,0.41338904616563
15,2023-03-19,6.972477257684038,17.820886054316567,advisor_summarized,0.39125311931362516
15,2023-03-20,5.302550168677407,14.354275175361431,advisor_summarized,0.36940563726819403
15,2023-03-21,3.6176946702476265,10.842141740541182,advisor_summarized,0.3336697450394197
15,2023-03-22,2.4853255307652957,8.374632961485812,advisor_summarized,0.29676829327268256
15,2023-03-23,1.4947605815318665,5.675505496819582,advisor_summarized,0.26337047552319254
15,2023-03-24,0.8712028719819542,3.789258928362939,advisor_summarized,0.22991378748517907
15,2023-03-25,0.5054716938771905,3.440600311959969,advisor_summarized,0.14691380807009344
15,2023-03-26,0.20856617190500712,2.180148096843343,advisor_summarized,0.09566605691007507
15,2023-03-27,0.017146921120706052,0.7785338558731749,advisor_summarized,0.022024631287838724
15,2023-03-28,0.0026244507257647555,0.3645797820729964,advisor_summarized,0.007198563537566892
15,2023-03-29,0.004118381702982074,0.5782904416645707,advisor_summarized,0.007121649272167781
15,2023-03-30,3.3498120967267385e-6,0.08313087745021981,advisor_summarized,4.0295642238741714e-5
15,2023-06-23,0.1839724358486702,1.4153091907116062,advisor_summarized,0.12998745225145492
15,2023-06-24,9.764678568694684,18.000007108490948,advisor_summarized,0.5424819284703781
15,2023-06-25,21.205446478106875,32.5374508438189,advisor_summarized,0.6517242724359044
15,2023-06-26,16.61499068561268,27.6986523820897,advisor_summarized,0.5998483412267429
15,2023-06-27,11.655583251214853,22.010882581542106,advisor_summarized,0.5295372962912899
15,2023-06-28,7.831479297947736,17.074154932577226,advisor_summarized,0.4586744895353733
15,2023-06-29,4.352545527128147,11.701048815015254,advisor_summarized,0.3719790931512726
15,2023-06-30,1.4194418808158147,5.816190403020195,advisor_summarized,0.24405010538835453
15,2023-07-01,0.1384786402669589,1.1582515280116217,advisor_summarized,0.11955834887149784
15,2023-08-16,9.89648542358692,16.570533189074684,advisor_summarized,0.5972339761590707
15,2023-08-17,58.33171788324653,63.02978920481685,advisor_summarized,0.9254626839016735
15,2023-08-18,91.66532897093461,86.88818071423962,advisor_summarized,1.0549804152581606
15,2023-08-19,76.61485727827291,76.7873823414319,advisor_summarized,0.9977532107763244
15,2023-08-20,56.73246153908292,62.66335732589342,advisor_summarized,0.9053530477793317
15,2023-08-21,39.20525377747049,48.789691569216274,advisor_summarized,0.8035560897500517
15,2023-08-22,26.83889849787465,37.934743126725714,advisor_summarized,0.7075017855852083
15,2023-08-23,18.95625419826861,30.18879899328294,advisor_summarized,0.6279234295636077
15,2023-08-24,13.183782342101049,23.825030928178432,advisor_summarized,0.5533584565679734
15,2023-08-25,8.79486223396098,18.358416457152792,advisor_summarized,0.47906431660309856
15,2023-08-26,5.8195569430205705,14.09070533487236,advisor_summarized,0.41300678743299307
15,2023-08-27,2.339718528847163,7.7208918182479485,advisor_summarized,0.30303734127155535
15,2023-08-28,0.1407067569167951,1.3971712586044944,advisor_summarized,0.10070831048824616
15,2023-08-29,0.1591603729128444,0.6251894052110339,advisor_summarized,0.2545794467824027
15,2023-08-30,16.557482799576324,26.16532272419525,advisor_summarized,0.6328025445780383
15,2023-08-31,27.955330369917846,39.040837012345776,advisor_summarized,0.7160535610719004
15,2023-09-01,40.49643037383833,49.898762595468774,advisor_summarized,0.8115718360021165
15,2023-09-02,41.47469496145373,50.767760126906005,advisor_summarized,0.8169494745834351
15,2023-09-03,33.370336298076154,43.89628495636268,advisor_summarized,0.7602086675728852
15,2023-09-04,25.611566847157633,36.81051039703189,advisor_summarized,0.6957677731418456
15,2023-09-05,19.146811127403886,30.403980418437698,advisor_summarized,0.6297468576118673
15,2023-09-06,14.166037397573565,24.981559764992273,advisor_summarized,0.5670597645157864
15,2023-09-07,10.555792534046814,20.66352046202112,advisor_summarized,0.5108419232554307
15,2023-09-08,7.3741439605586905,16.337420753535987,advisor_summarized,0.4513652474159771
15,2023-09-09,3.3126045798096366,9.787858594518037,advisor_summarized,0.33844017542968524
15,2023-09-10,0.5538854550754507,3.418766460258995,advisor_summarized,0.16201324703340225
15,2023-09-11,8.073652028240144,11.361806637381024,advisor_summarized,0.7105957957141557
15,2023-09-12,44.0479339608922,52.86515615330517,advisor_summarized,0.8332129736485852
15,2023-09-13,53.0810727992513,59.95851696296233,advisor_summarized,0.8852966265333185
15,2023-09-14,48.8900793911192,56.699892530011034,advisor_summarized,0.8622605301278459
15,2023-09-15,40.21473970391869,49.70548765337219,advisor_summarized,0.8090603593784556
15,2023-09-16,30.496873914909962,41.32538276737821,advisor_summarized,0.7379695449302371
15,2023-09-17,24.28792634941162,35.5710238126325,advisor_summarized,0.6828008796526722
15,2023-09-18,18.527134685118728,29.743214763015413,advisor_summarized,0.6229028984505244
15,2023-09-19,12.128050699706808,22.520722887442886,advisor_summarized,0.5385284815377384
15,2023-09-20,7.1516710015337805,16.069772473266976,advisor_summarized,0.4450387218257764
15,2023-09-21,14.417385456949626,22.88023310398029,advisor_summarized,0.6301240634843684
15,2023-09-22,34.35245874889676,44.77782050385704,advisor_summarized,0.7671757660902171
15,2023-09-23,32.325839449898616,42.99349590688258,advisor_summarized,0.7518774355988986
15,2023-09-24,27.710446653303936,38.79507149955205,advisor_summarized,0.7142774992339915
15,2023-09-25,30.202492599498118,40.50707182319741,advisor_summarized,0.7456103648104697
15,2023-09-26,73.73030214076097,73.98292536821997,advisor_summarized,0.9965853847194921
15,2023-09-27,174.0329666481614,134.53187052166095,advisor_summarized,1.2936188724153685
15,2023-09-28,208.1390643689612,152.87544789653654,advisor_summarized,1.3614943879662489
15,2023-09-29,156.48862370260818,125.3835779654243,advisor_summarized,1.2480791044722093
15,2023-09-30,101.95738561123487,93.28704001515484,advisor_summarized,1.092942659502022
15,2023-10-01,64.03339770505538,67.90361667256293,advisor_summarized,0.9430042292714675
15,2023-10-02,41.65147232984321,50.85858103563577,advisor_summarized,0.8189664650820421
15,2023-10-03,30.469510484259096,41.30677441354598,advisor_summarized,0.737639549852313
15,2023-10-04,22.376793586240698,33.69673027775065,advisor_summarized,0.6640642401145874
15,2023-10-05,17.866009627865946,29.073771578073252,advisor_summarized,0.6145060877254764
15,2023-10-06,14.21826556275049,25.07494992931942,advisor_summarized,0.5670306661759464
15,2023-10-07,11.38302176539117,21.723734391313965,advisor_summarized,0.5239901004287074
15,2023-10-08,8.874713422853654,18.536442117915144,advisor_summarized,0.4787711345251309
15,2023-10-09,6.844377161223291,15.713409078296536,advisor_summarized,0.4355755728829583
15,2023-10-10,4.834806268281623,12.620795804200265,advisor_summarized,0.38308252057073733
15,2023-10-11,3.8446060749018507,10.985152298590892,advisor_summarized,0.3499820458014964
15,2023-10-12,43.57968677959865,51.72375185242456,advisor_summarized,0.8425468999994022
15,2023-10-13,85.06731186954951,82.45638907355267,advisor_summarized,1.0316642873321538
15,2023-10-14,98.85283528746018,91.49482539360989,advisor_summarized,1.0804199566718249
15,2023-10-15,79.26857046671093,78.61478985315121,advisor_summarized,1.0083162546739735
15,2023-10-16,55.78688565548668,61.936437192858335,advisor_summarized,0.9007118940628903
15,2023-10-17,38.3460123037392,48.12973619130577,advisor_summarized,0.7967218467876432
15,2023-10-18,27.35018212195069,38.439047870852896,advisor_summarized,0.7115208007711726
15,2023-10-19,20.76338471963012,32.07385719729456,advisor_summarized,0.647361637607513
15,2023-10-20,16.621501021796895,27.74928988133529,advisor_summarized,0.5989883378232622
15,2023-10-21,13.558671039264562,24.31754167491313,advisor_summarized,0.5575675049938204
15,2023-10-22,10.746703431787697,20.91777300081804,advisor_summarized,0.5137594442471204
15,2023-10-23,8.170444104677301,17.576167055819276,advisor_summarized,0.46485926531815464
15,2023-10-24,6.049023785520367,14.523678553280469,advisor_summarized,0.41649391807518843
15,2023-10-25,4.0537356391676616,11.312492727863416,advisor_summarized,0.3583415023271611
15,2023-10-26,2.336688825220278,8.066372386253764,advisor_summarized,0.2896827363440752
15,2023-10-27,1.1539266310966456,5.366055909835189,advisor_summarized,0.21504185764849532
15,2023-10-28,0.7405971891827801,4.191826121874215,advisor_summarized,0.17667650509598196
15,2023-10-29,0.4488758936601167,3.1467635039524766,advisor_summarized,0.14264684749785245
15,2023-10-30,0.1594952762302587,1.7091577817292565,advisor_summarized,0.09331805286512977
15,2023-10-31,0.007284324147412895,0.4663178883301025,advisor_summarized,0.015620940842518962
15,2023-11-01,1.0820576701404193e-4,0.5221366860971567,advisor_summarized,2.0723647637719815e-4
15,2023-11-16,8.212766480647746e-4,0.0215393947954543,advisor_summarized,0.03812904939363003
15,2023-11-17,0.05492201562444951,0.4040510592638053,advisor_summarized,0.13592840401042205
15,2023-11-18,0.09403306710819039,1.4397714524338496,advisor_summarized,0.06531110680742626
15,2023-11-19,0.010658918203030566,1.2730681145360478,advisor_summarized,0.008372622078367788
15,2023-11-20,4.638268045031234e-5,0.45510854658443994,advisor_summarized,1.0191564363800974e-4
15,2023-11-26,0.5314054381615311,0.4647982776003283,advisor_summarized,1.1433033721748793
15,2023-11-27,1.7918626576164853,10.715393984819856,advisor_summarized,0.16722321737819046
15,2023-11-28,5.329184300996528,17.463990212735084,advisor_summarized,0.30515273062340487
15,2023-11-29,6.786249765737249,16.14863361044834,advisor_summarized,0.4202367785065402
15,2023-11-30,7.206191167255009,14.13078341890118,advisor_summarized,0.5099640234819598
15,2023-12-01,6.7482444311318766,13.54070031473669,advisor_summarized,0.49836746063921006
15,2023-12-02,6.3556853425445405,12.59322865836352,advisor_summarized,0.5046906964818391
15,2023-12-03,7.1148341996965385,14.934726652768044,advisor_summarized,0.47639534121488963
15,2023-12-04,8.426686949943818,20.83392477174047,advisor_summarized,0.4044694910953089
15,2023-12-05,7.412694560694367,18.79077936932248,advisor_summarized,0.39448574298074146
15,2023-12-06,6.249670055575778,14.908212346492606,advisor_summarized,0.4192098898461231
15,2023-12-07,4.595676224388871,12.267026733570583,advisor_summarized,0.37463652148177884
15,2023-12-08,3.449006633261721,10.298730935192989,advisor_summarized,0.3348962755668973
15,2023-12-09,2.6741070284733692,8.814796357911883,advisor_summarized,0.303365718264515
15,2023-12-10,3.5466275282350987,9.600058268108873,advisor_summarized,0.3694381251848124
15,2023-12-11,13.630119405409646,24.41701737124677,advisor_summarized,0.5582221283693861
15,2023-12-12,13.980509293230115,24.82172115592182,advisor_summarized,0.5632369006729707
15,2023-12-13,14.466530252253175,25.37538759573968,advisor_summarized,0.5701008584665712
15,2023-12-14,13.465633242023783,24.226138922316796,advisor_summarized,0.555830761360797
15,2023-12-15,13.363851902228165,24.109991652116538,advisor_summarized,0.5542868738842966
15,2023-12-16,14.606644727498947,25.378106303071107,advisor_summarized,0.5755608615183134
15,2023-12-17,562.6411794639922,301.00531865641733,advisor_summarized,1.869206770084416
15,2023-12-18,861.1621064224781,416.3971763005586,advisor_summarized,2.0681266719274887
15,2023-12-19,721.3299662187292,366.8952986628562,advisor_summarized,1.966037637570185
15,2023-12-20,535.806658645174,297.0469376036421,advisor_summarized,1.8037777563629205
15,2023-12-21,368.2674119779599,227.79997205739963,advisor_summarized,1.616626238589556
15,2023-12-22,243.68168977798592,170.616255858715,advisor_summarized,1.4282442698764615
15,2023-12-23,159.29002092340843,126.92611640828318,advisor_summarized,1.2549822324274091
15,2023-12-24,106.15318905017457,95.95019026079414,advisor_summarized,1.1063364101900008
15,2023-12-25,82.48650479192025,80.85047430199764,advisor_summarized,1.0202352615002803
15,2023-12-26,72.60161501069712,74.11586388466489,advisor_summarized,0.9795691665103686
15,2023-12-27,64.48444995047569,68.3750052493785,advisor_summarized,0.9430997440554029
15,2023-12-28,55.86338190223993,62.05582150075505,advisor_summarized,0.9002117859572647
15,2023-12-29,47.58616326950907,55.69855032268561,advisor_summarized,0.8543519174883727
15,2023-12-30,38.988522822034575,48.722843617011925,advisor_summarized,0.8002103310821838
15,2023-12-31,32.062792165680335,42.767025326707675,advisor_summarized,0.7497082605288746
15,2024-01-01,27.889566854888983,38.99212744752082,advisor_summarized,0.7152614817548829
15,2024-01-02,25.12819677308484,36.39212703035964,advisor_summarized,0.6904844213178851
15,2024-01-03,21.58385719671188,32.93344635732615,advisor_summarized,0.6553780300588092
15,2024-01-04,21.34998388657081,32.69273966251986,advisor_summarized,0.6530497017674907
15,2024-01-05,18.536854956681783,29.92677933808353,advisor_summarized,0.619406944772456
15,2024-01-06,24.045479966520492,35.26610070709361,advisor_summarized,0.6818298446497619
15,2024-01-07,27.06780347002175,38.23762796026352,advisor_summarized,0.7078839591763006
15,2024-01-08,26.61930949637999,37.81434263430888,advisor_summarized,0.7039474348081974
15,2024-01-09,64.91977456571813,64.5282843915518,advisor_summarized,1.00606695463637
15,2024-01-10,181.54295912545007,138.70263523222425,advisor_summarized,1.3088645274943767
15,2024-01-11,255.50416530164836,176.57858952187584,advisor_summarized,1.4469713796756465
15,2024-01-12,217.76658951773067,157.8325174254411,advisor_summarized,1.3797320924099306
15,2024-01-13,168.7333337559699,132.16273355976162,advisor_summarized,1.276708866495045
15,2024-01-14,121.45097981183704,105.30721268508962,advisor_summarized,1.1533016278288903
15,2024-01-15,89.24687157292598,85.25902707765553,advisor_summarized,1.0467732817504267
15,2024-01-16,80.30724501327357,79.3787893166018,advisor_summarized,1.0116965212579476
15,2024-01-17,72.72432324765686,74.18159148862148,advisor_summarized,0.9803553926018405
15,2024-01-18,62.777576883569715,67.15236215589078,advisor_summarized,0.9348528460969813
15,2024-01-19,55.52628801514166,61.79402789782791,advisor_summarized,0.8985704590571516
15,2024-01-20,48.018913988333395,56.02049151137475,advisor_summarized,0.8571669525352761
15,2024-01-21,39.36352366341436,49.02921533415458,advisor_summarized,0.8028585282292509
15,2024-01-22,33.40256279338087,43.95208345629131,advisor_summarized,0.759976778497849
15,2024-01-23,29.673713551080247,40.63022607072901,advisor_summarized,0.7303359203422671
15,2024-01-24,26.448453889591395,37.65046586112592,advisor_summarized,0.7024734829881455
15,2024-01-25,23.97316074839618,35.28644651618417,advisor_summarized,0.6793872184721366
15,2024-01-26,131.66695533464852,110.26401981121342,advisor_summarized,1.19410625116044
15,2024-01-27,258.08085273739374,177.6347011191655,advisor_summarized,1.4528740787210337
15,2024-01-28,265.74518147289473,181.4397571942576,advisor_summarized,1.464646919629505
15,2024-01-29,201.12831995910807,149.29728414882484,advisor_summarized,1.3471666353864562
15,2024-01-30,139.47921841661113,115.81143818819002,advisor_summarized,1.2043647898574723
15,2024-01-31,99.02276057203137,91.53028566781366,advisor_summarized,1.0818578774178613
15,2024-02-01,70.6926867281939,72.71447709755978,advisor_summarized,0.9721954904983602
15,2024-02-02,54.15192164519981,60.74440994752121,advisor_summarized,0.8914716875508901
15,2024-02-03,43.277711465410306,52.22896569122067,advisor_summarized,0.8286151351583244
15,2024-02-04,39.602744394610376,49.24408893425282,advisor_summarized,0.8042131604360703
15,2024-02-05,38.026798254285985,47.923307632859554,advisor_summarized,0.7934927727778991
15,2024-02-06,33.2433277979733,43.81004933360382,advisor_summarized,0.7588059886633024
15,2024-02-07,28.89678997251564,39.917218332518,advisor_summarized,0.7239179276421494
15,2024-02-08,24.236991904663842,35.52679169326649,advisor_summarized,0.6822172999442998
15,2024-02-09,20.55416931129989,31.882932665062015,advisor_summarized,0.6446762450376335
15,2024-02-10,17.855110880990342,29.078782394757013,advisor_summarized,0.6140253962012409
15,2024-02-11,15.537926243626906,26.57242929495276,advisor_summarized,0.5847386428676365
15,2024-02-12,14.517941430358542,25.428240745466805,advisor_summarized,0.5709377056667483
15,2024-02-13,14.569661537881437,25.49412052783069,advisor_summarized,0.5714910432770742
15,2024-02-14,12.680044169425786,23.296540669282432,advisor_summarized,0.5442887143388208
15,2024-02-15,11.140712044834604,21.441495224105747,advisor_summarized,0.5195865273569906
15,2024-02-16,10.573825586503279,20.737795935387226,advisor_summarized,0.5098818418046045
15,2024-02-17,12.022816944081004,22.41141601038367,advisor_summarized,0.5364594962902204
15,2024-02-18,36.63754857979982,46.53947961866061,advisor_summarized,0.7872358883254362
15,2024-02-19,62.883387753646545,67.14633575157326,advisor_summarized,0.9365125743614858
15,2024-02-20,77.14506312829536,77.24879576632861,advisor_summarized,0.9986571617459639
15,2024-02-21,69.14769779616367,71.6794250436958,advisor_summarized,0.9646798611179039
15,2024-02-22,55.20519661062001,61.525601961815674,advisor_summarized,0.8972719461547363
15,2024-02-23,44.06495418804306,52.88531493448236,advisor_summarized,0.8332172029727626
15,2024-02-24,36.60397764439992,46.68345557165133,advisor_summarized,0.7840888639492187
15,2024-02-25,29.7055223224006,40.63456603999215,advisor_summarized,0.7310407177269891
15,2024-02-26,23.763194020061075,35.06874496952207,advisor_summarized,0.6776174636621143
15,2024-02-27,19.792347856736697,31.10109293284449,advisor_summarized,0.6363875346591075
15,2024-02-28,17.4269362448962,28.62017928815308,advisor_summarized,0.60890381116899
15,2024-02-29,15.919312624937112,26.997715732166167,advisor_summarized,0.5896540575086581
15,2024-03-01,13.915441820994003,24.739880661069204,advisor_summarized,0.5624700463042819
15,2024-03-02,12.364099425681157,22.927667356244314,advisor_summarized,0.5392654749203615
15,2024-03-03,12.9916822688346,23.63760552268853,advisor_summarized,0.5496192182564578
15,2024-03-04,14.987145515954094,26.001019889257257,advisor_summarized,0.5764060632923971
15,2024-03-05,15.27908189746315,26.28217741145292,advisor_summarized,0.5813476432437832
15,2024-03-06,22.52692194221005,33.87175286532239,advisor_summarized,0.665065136480519
15,2024-03-07,23.74964908766222,35.07151579984233,advisor_summarized,0.6771777194691138
15,2024-03-08,23.625438820967958,34.94763146809111,advisor_summarized,0.6760240344911252
15,2024-03-09,22.28420638279999,33.6222010518556,advisor_summarized,0.6627824974465832
15,2024-03-10,25.003815234138425,36.27334347428418,advisor_summarized,0.6893165294195933
15,2024-03-11,20.870976327298788,32.20381675656741,advisor_summarized,0.6480901467383524
15,2024-03-12,18.208826091706207,29.45873150059216,advisor_summarized,0.6181130403167626
15,2024-03-13,16.05063512876156,27.12668291056887,advisor_summarized,0.5916917738035727
15,2024-03-14,13.460303317522692,24.204911556124145,advisor_summarized,0.5560980169794121
15,2024-03-15,11.52982757769314,21.902213176906415,advisor_summarized,0.526422945688892
15,2024-03-16,10.31123356761358,20.40267566412537,advisor_summarized,0.5053863393880308
15,2024-03-17,9.15972831347527,18.915831673493766,advisor_summarized,0.48423608708204696
15,2024-03-18,8.489817029905494,18.03610282955871,advisor_summarized,0.47071238782204333
15,2024-03-19,7.168306991128425,16.179361366499013,advisor_summarized,0.44305253024208496
15,2024-03-20,5.434124267021959,13.610770783492782,advisor_summarized,0.399251765639349
15,2024-03-21,4.314311292852613,11.794938166112518,advisor_summarized,0.3657765078623183
15,2024-03-22,8.625091918535587,18.015092365580628,advisor_summarized,0.47877034119539463
15,2024-03-23,10.289721345304963,20.3778959128573,advisor_summarized,0.504945230327373
15,2024-03-24,10.463605094793644,20.599008360870055,advisor_summarized,0.5079664472912367
15,2024-03-25,9.725513826130918,26.286704042952294,advisor_summarized,0.3699784427229635
15,2024-03-26,8.988822573434227,33.443448759827916,advisor_summarized,0.2687767830999401
15,2024-03-27,9.776267484684524,25.99109097910778,advisor_summarized,0.3761391737092878
15,2024-03-28,11.695381808423702,36.30400336721841,advisor_summarized,0.32215129802969156
15,2024-03-29,10.064621785598977,16.32834349737699,advisor_summarized,0.6163896409464789
15,2024-03-30,8.359961067790325,7.364142542731206,advisor_summarized,1.1352253190756123
15,2024-03-31,7.16061130752889,19.46350033279784,advisor_summarized,0.36789946233168463
15,2024-04-01,6.279014148944248,53.444296230958365,advisor_summarized,0.11748707704578286
15,2024-04-02,5.522438549404539,67.96592577676104,advisor_summarized,0.08125304682148206
15,2024-04-03,18.659017627434213,109.41713965523786,advisor_summarized,0.1705310309356181
15,2024-04-04,34.3780239348115,69.56742281357839,advisor_summarized,0.494168427468345
15,2024-04-05,44.003732196945506,32.23498962023499,advisor_summarized,1.365092178262185
15,2024-04-06,40.955970765615824,12.663086506329728,advisor_summarized,3.2342802637527357
15,2024-04-07,32.37404119016503,5.248477762149222,advisor_summarized,6.168272527253319
15,2024-04-08,23.63854618956567,2.1343837307434477,advisor_summarized,11.075115429844427
15,2024-04-09,18.044177461351257,14.166900231195848,advisor_summarized,1.2736856451926974
15,2024-04-10,13.628682943405911,26.314917537732143,advisor_summarized,0.5179071119589931
15,2024-04-11,16.533396493006492,52.0382329081204,advisor_summarized,0.3177163321859553
15,2024-04-12,16.726229657265932,8.467980215124387,advisor_summarized,1.9752324913787296
15,2024-04-13,13.511594045940079,0.22915782398295736,advisor_summarized,58.96195823078223
15,2024-04-14,11.135639554936988,7.386570058388244,advisor_summarized,1.507552147602157
15,2024-04-15,9.181623218660219,8.331780591459838,advisor_summarized,1.1020001208470946
15,2024-04-18,4.622325252039981,5.645286715826021,advisor_summarized,0.8187937096413074
15,2024-04-19,3.413460390402648,10.177652350574606,advisor_summarized,0.33538779600876545
15,2024-04-20,2.2915711593597288,7.999236311250976,advisor_summarized,0.2864737420166747
15,2024-04-21,1.9256902057661553,7.224698365723508,advisor_summarized,0.26654264417491835
15,2024-04-22,1.970349368389342,7.328474309395793,advisor_summarized,0.26886215127522095
15,2024-04-23,1.5319309403353911,6.309642131929522,advisor_summarized,0.24279204878881436
15,2024-04-24,1.1997905303215906,5.475701355887364,advisor_summarized,0.21911175433839172
15,2024-04-25,0.8975007045482971,4.586241888588218,advisor_summarized,0.19569414922957204
15,2024-04-26,0.5250871557493509,3.296803118034574,advisor_summarized,0.15927161463690545
15,2024-04-27,0.1998273689891259,1.900629097040344,advisor_summarized,0.10513748805608453
15,2024-04-28,0.29218103147110935,2.2235474597077984,advisor_summarized,0.13140310102016242
15,2024-04-29,0.0032156168572643395,0.22564290481244323,advisor_summarized,0.014250910570120493
15,2024-05-14,2.699800733343924,6.990109298993912,advisor_summarized,0.386231547728804
15,2024-05-15,4.520254070490311,11.9671163116979,advisor_summarized,0.37772291609397546
15,2024-05-16,4.74083320684198,12.463767423656194,advisor_summarized,0.3803691970249616
15,2024-05-17,3.4873808132666397,10.356663245562771,advisor_summarized,0.33672822322969514
15,2024-05-18,2.553114228938075,8.546919500521415,advisor_summarized,0.298717476955565
15,2024-05-19,1.9728118369005667,7.257347726881419,advisor_summarized,0.2718364767879616
15,2024-05-20,2.203190334794781,7.79385538668128,advisor_summarized,0.28268298877597303
15,2024-05-21,1.5819914166878923,6.361747456963877,advisor_summarized,0.24867246419160635
15,2024-05-22,0.9158172566521412,4.642492229794302,advisor_summarized,0.19726845222802214
15,2024-05-23,0.47144619432498797,3.053721554062656,advisor_summarized,0.15438414602594605
15,2024-05-24,0.011414513551528874,0.3383180724685599,advisor_summarized,0.033739000308916786
15,2024-07-03,0.4587698244300045,0.3911811561341106,advisor_summarized,1.1727809922232608
15,2024-07-04,1.9717342663155895,6.243136074969372,advisor_summarized,0.3158243297340372
15,2024-07-05,2.958546984735794,9.344510754514893,advisor_summarized,0.3166080132452459
15,2024-07-06,2.7683940972816456,8.972548382935354,advisor_summarized,0.30854044794528823
15,2024-07-07,2.0273273120565753,7.4183848380550605,advisor_summarized,0.273284192760765
15,2024-07-08,18.901782354519298,23.453264196002397,advisor_summarized,0.8059339713463468
15,2024-07-09,32.90975659734727,43.25608738696386,advisor_summarized,0.7608121442640076
15,2024-07-10,16.392898490126015,27.43139127827006,advisor_summarized,0.5975963203554954
15,2024-07-11,27.09297207758821,68.64055872335682,advisor_summarized,0.3947079187799369
15,2024-07-12,22.396544430526625,77.4078565928482,advisor_summarized,0.28933167014723754
15,2024-07-13,15.252276762151075,62.60607488131168,advisor_summarized,0.2436229517832938
15,2024-07-14,10.13762260758524,53.13830852421421,advisor_summarized,0.19077804486316496
15,2024-07-15,9.363682784178133,72.1460447610315,advisor_summarized,0.1297878880982783
15,2024-07-16,10.384858141747006,91.82619075629954,advisor_summarized,0.113092550787691
15,2024-07-17,8.180877659361204,97.34377829361668,advisor_summarized,0.0840410943849471
15,2024-07-18,6.591280951183803,980.6807200526782,advisor_summarized,0.006721128310577724
15,2024-07-19,4.243680293505794,802.4640627895716,advisor_summarized,0.005288311951009581
15,2024-07-20,3.1000406706459733,267.2559054977335,advisor_summarized,0.011599521682682756
15,2024-07-21,2.5037301106315217,171.52816483469417,advisor_summarized,0.014596612241752991
15,2024-07-22,2.469127880316266,176.35385090641412,advisor_summarized,0.014000986469110677
15,2024-07-23,2.010828564187768,138.44754316507638,advisor_summarized,0.014524118797761396
15,2024-07-24,2.7133381051217156,77.66397242058007,advisor_summarized,0.034936895713085
15,2024-07-25,25.07276507078475,65.96996732915711,advisor_summarized,0.3800633240529619
15,2024-07-26,40.357081116446565,68.70479841843073,advisor_summarized,0.5873982901552388
15,2024-07-27,49.441820633724575,50.23149857513752,advisor_summarized,0.9842792278985719
15,2024-07-28,83.1994097487838,33.68066944863998,advisor_summarized,2.4702421629610267
15,2024-07-29,85.927158744954,52.009025967102495,advisor_summarized,1.6521585849215075
15,2024-08-23,4.397037834761383,12.81819412471086,advisor_summarized,0.34303099110387103
15,2024-08-24,3.901880657230979,11.088957642699754,advisor_summarized,0.35187082347633664
15,2024-08-25,3.129955769615526,9.697401950206846,advisor_summarized,0.3227623012521167
15,2024-08-26,3.216836394720908,9.804279553153002,advisor_summarized,0.32810533168512024
15,2024-08-27,6.166504527937508,14.701957954662976,advisor_summarized,0.4194342377357769
15,2024-08-28,5.780114043862035,14.098286110817543,advisor_summarized,0.40998700114526565
15,2024-08-29,3.7992601544459643,10.893219485943137,advisor_summarized,0.3487729370870217
15,2024-08-30,2.8350595374164063,9.121464265667043,advisor_summarized,0.310811888841959
15,2024-08-31,2.331804407751846,8.114485627794002,advisor_summarized,0.28736318168644887
15,2024-09-01,1.8586593127168072,7.086492407304326,advisor_summarized,0.26228198746124587
15,2024-09-02,1.459742377266747,6.139969571421621,advisor_summarized,0.23774423639835154
15,2024-09-03,1.1175981600097988,5.268290771200708,advisor_summarized,0.21213676475854132
15,2024-09-04,13.466157311635069,20.096159176884942,advisor_summarized,0.670086119099024
15,2024-09-05,18.979512074939766,30.226264531668463,advisor_summarized,0.627914575916408
15,2024-09-06,14.169689694159983,25.01335821307602,advisor_summarized,0.5664848987271375
15,2024-09-07,11.103167391074328,21.382787448401533,advisor_summarized,0.519257249218195
15,2024-09-08,15.653248417001892,25.33129659935428,advisor_summarized,0.6179410657329286
15,2024-09-09,83.29925414113546,81.00461799296303,advisor_summarized,1.028327226336303
15,2024-09-10,137.6790371815826,114.91176784071445,advisor_summarized,1.1981282663097406
15,2024-09-11,118.53600582249116,103.58974487825908,advisor_summarized,1.1442832102907219
15,2024-09-12,92.46121614262688,87.380781764953,advisor_summarized,1.0581413243857194
15,2024-09-13,75.4582081205473,76.13347189671178,advisor_summarized,0.9911305269634807
15,2024-09-14,63.101244806993655,67.37606546191512,advisor_summarized,0.9365528303617278
15,2024-09-15,53.568995188571066,60.31075150049111,advisor_summarized,0.8882163437829962
15,2024-09-16,45.907368636132375,54.34969700764834,advisor_summarized,0.8446665053104543
15,2024-09-17,37.39044764419403,47.353855030432385,advisor_summarized,0.7895966995752451
15,2024-09-18,33.02244008908167,43.59432607907752,advisor_summarized,0.7574939919745731
15,2024-09-19,35.38908945077197,45.675347746128125,advisor_summarized,0.7747962784535534
15,2024-09-20,31.240829184615674,42.02787592487596,advisor_summarized,0.7433359049707406
15,2024-09-21,26.41267610321357,37.59398022356624,advisor_summarized,0.7025772729075509
15,2024-09-22,20.653731563333235,31.951792262124517,advisor_summarized,0.6464029120462221
15,2024-09-23,15.379179408114807,26.36954855738932,advisor_summarized,0.5832173946643173
15,2024-09-24,11.628304670475899,21.9983526901029,advisor_summarized,0.5285988834840117
15,2024-09-25,9.565535594648754,19.45042314634897,advisor_summarized,0.4917906167220992
15,2024-09-26,12.016187868503966,22.401540807754035,advisor_summarized,0.5364000615682963
15,2024-09-27,37.326442358171256,47.27408213607344,advisor_summarized,0.7895751894395547
15,2024-09-28,48.26529480381474,56.14731316601377,advisor_summarized,0.8596189573863696
15,2024-09-29,51.95466029821036,59.086493963582505,advisor_summarized,0.8792984117526452
15,2024-09-30,50.2804958275347,57.69667228488091,advisor_summarized,0.8714626656329784
15,2024-10-01,59.97607154843091,65.08922117310169,advisor_summarized,0.9214439882285178
15,2024-10-02,49.978949524387396,57.53897055166356,advisor_summarized,0.8686104225572109
15,2024-10-03,40.36983013364902,49.838241903454424,advisor_summarized,0.8100171392853822
15,2024-10-04,34.35143293780895,44.90822267185021,advisor_summarized,0.7649252384985041
15,2024-10-05,31.06839318492755,41.86567967996536,advisor_summarized,0.7420969496356987
15,2024-10-06,33.83051597440855,44.26314685361974,advisor_summarized,0.7643043565403883
15,2024-10-07,45.07511488555515,53.697183981660466,advisor_summarized,0.8394316339000186
15,2024-10-08,47.507540595243114,55.63991984279296,advisor_summarized,0.8538391271855286
15,2024-10-09,68.88565860711901,70.65888078823066,advisor_summarized,0.9749044683225861
15,2024-10-10,182.2392235921724,139.49200143561058,advisor_summarized,1.306449271045078
15,2024-10-11,209.4299919490854,153.7000112574245,advisor_summarized,1.3625893078063704
15,2024-10-12,195.93132862217334,146.65920323257498,advisor_summarized,1.3359634056613663
15,2024-10-13,143.98827863302915,118.37180268161138,advisor_summarized,1.2164069091717666
15,2024-10-14,101.90279439987117,93.31220300899253,advisor_summarized,1.092062893317938
15,2024-10-15,75.98631023074067,76.37722746429438,advisor_summarized,0.9948817566893685
15,2024-10-16,56.88405366517461,62.76550893245244,advisor_summarized,0.9062947888527856
15,2024-10-17,41.77588547145186,50.984226314616144,advisor_summarized,0.8193884362127813
15,2024-10-18,30.45404112916048,41.29824599787883,advisor_summarized,0.7374173017111832
15,2024-10-19,23.10764238882838,34.415944667232374,advisor_summarized,0.6714225807908538
15,2024-10-20,17.951542712487715,29.164850569675508,advisor_summarized,0.6155197904957909
15,2024-10-21,14.090399022017234,24.922076193769716,advisor_summarized,0.5653782177882797
15,2024-10-22,11.540079043495089,21.92308267982945,advisor_summarized,0.5263894321811163
15,2024-10-23,9.988524887718485,19.985314877823743,advisor_summarized,0.4997932206113014
15,2024-10-24,7.67763726607832,16.889885090381867,advisor_summarized,0.45457013028764987
15,2024-10-25,5.617382461044931,13.851154512957308,advisor_summarized,0.4055533750482713
15,2024-10-26,4.06224611463072,11.352538141741508,advisor_summarized,0.35782712763540303
15,2024-10-27,3.070019418664083,9.578985668174576,advisor_summarized,0.32049525127320944
15,2024-10-28,2.7182100636613815,8.916384016831822,advisor_summarized,0.304855652081618
15,2024-10-29,2.9207788954975586,9.306964566683556,advisor_summarized,0.31382722847717354
15,2024-10-30,2.86728143321591,9.188491631148535,advisor_summarized,0.31205137342629413
15,2024-10-31,2.4458210881221043,8.353050719501203,advisor_summarized,0.29280572694381474
15,2024-11-01,2.1281961652429597,7.678063059555945,advisor_summarized,0.2771787817754707
15,2024-11-02,1.6108951625750156,6.524416913109902,advisor_summarized,0.24690254838530434
15,2024-11-03,1.493171578319831,6.243531971466665,advisor_summarized,0.2391549502979594
15,2024-11-04,1.5236242235254474,6.323767377664275,advisor_summarized,0.24093615918051178
15,2024-11-05,1.5075891484089552,6.287156090984585,advisor_summarized,0.23978872587094666
15,2024-11-06,3.1309900230085304,9.424411709890745,advisor_summarized,0.3322212695485931
15,2024-11-07,5.103800062715669,13.100320328164877,advisor_summarized,0.3895935316743985
15,2024-11-08,4.694208425291497,12.442933244935007,advisor_summarized,0.37725898973236965
15,2024-11-09,4.582386208478901,12.257171113709424,advisor_summarized,0.3738534908233096
15,2024-11-10,5.230182270699626,13.256917710651487,advisor_summarized,0.3945247594391682
15,2024-11-11,6.435140971496662,15.11438066124994,advisor_summarized,0.42576279608962053
15,2024-11-12,5.427925130132534,13.613693151938074,advisor_summarized,0.3987107002892748
15,2024-11-13,5.224449625608286,13.283869657283375,advisor_summarized,0.39329274980832013
15,2024-11-14,3.9312831850202694,11.133828666438587,advisor_summarized,0.35309355863096653
15,2024-11-15,3.313802048856902,9.992231365268456,advisor_summarized,0.3316378422116202
15,2024-11-16,1.6253630111826813,6.472142249074127,advisor_summarized,0.25113215201893896
15,2024-11-17,0.45309998695681103,3.20096916399129,advisor_summarized,0.14155087529548097
15,2024-11-18,0.3715065583985796,2.8794485720297245,advisor_summarized,0.12902003599137193
15,2024-11-19,0.2628458217904686,2.393900374902176,advisor_summarized,0.10979814554781107
15,2024-11-20,0.254706146228849,2.367118327800803,advisor_summarized,0.10760178029016679
15,2024-11-21,0.19911957263541727,2.0095105232181925,advisor_summarized,0.09908859413014225
15,2024-11-22,0.01698279751295145,0.6435093026889059,advisor_summarized,0.02639091220902133
15,2024-11-23,3.3628121777518066e-4,0.15120601643216092,advisor_summarized,0.0022239936327272686
15,2024-12-11,0.004164184522636411,0.16792531158090973,advisor_summarized,0.024797837106468757
15,2024-12-12,0.40674576577294624,2.7322862943657644,advisor_summarized,0.14886645173739477
15,2024-12-13,0.6063022975979611,3.761137042926596,advisor_summarized,0.16120186280853738
15,2024-12-14,0.5888242733743063,3.7001784929003585,advisor_summarized,0.15913401867074814
15,2024-12-15,0.5925446187802954,3.70905430353764,advisor_summarized,0.15975625328945314
15,2024-12-16,0.6039148496320242,3.751102192872965,advisor_summarized,0.16099664007540315
15,2024-12-17,0.6505700892625871,3.9081465246107583,advisor_summarized,0.16646512231968638
15,2024-12-18,0.8057885127363321,4.401553719912015,advisor_summarized,0.18306910786776434
15,2024-12-19,0.8993563140279978,4.681519082248891,advisor_summarized,0.1921077962574422
15,2024-12-20,0.8137025736347141,4.4251864091025395,advisor_summarized,0.18387984107538172
15,2024-12-21,0.6420552705865381,3.878605276278036,advisor_summarized,0.16553766749955628
15,2024-12-22,0.4884089239738673,3.340286608486849,advisor_summarized,0.14621766968527192
15,2024-12-23,0.4805945168818792,3.312381178518754,advisor_summarized,0.1450903416546986
15,2024-12-24,0.4799196618250361,3.3111708355285643,advisor_summarized,0.14493956538742775
15,2024-12-25,0.47173288197253893,3.2794017590342395,advisor_summarized,0.1438472369763749
15,2024-12-26,0.4591847326365359,3.2329190900340135,advisor_summarized,0.14203409360043862
15,2024-12-27,0.476500264710957,3.2987044359287285,advisor_summarized,0.14445073026883704
15,2024-12-28,0.5022095881006984,3.3921750340260584,advisor_summarized,0.14804943231500725
15,2024-12-29,2.3558118915350907,7.502473755262748,advisor_summarized,0.3140046827731404
15,2024-12-30,4.662778311468527,12.379243957416524,advisor_summarized,0.3766609921824032
15,2024-12-31,3.7510312031456405,10.839719520068696,advisor_summarized,0.3460450426047434
15,2025-01-01,2.977769227864077,9.411271022904169,advisor_summarized,0.316404577088163
15,2025-01-02,1.9407042411982023,7.286248129827334,advisor_summarized,0.2663516540499962
15,2025-01-03,1.4640652375169103,6.205183183556574,advisor_summarized,0.2359423072950707
15,2025-01-04,1.0479162166742557,5.093199414638456,advisor_summarized,0.20574812242034365
15,2025-01-05,0.7273311167894734,4.151107378021001,advisor_summarized,0.17521375636787823
15,2025-01-06,0.8196773882146754,4.426656669801969,advisor_summarized,0.18516850285824052
15,2025-01-07,0.7852904217721403,4.332872107284091,advisor_summarized,0.18124015718164643
15,2025-01-08,0.7072460287129108,4.091984047685797,advisor_summarized,0.17283694669163988
15,2025-01-09,0.6340017803130016,3.850337697130579,advisor_summarized,0.1646613440648295
15,2025-01-10,0.5610465131522377,3.602293516020057,advisor_summarized,0.15574702912385166
15,2025-01-11,0.8463412109508255,4.518544411169765,advisor_summarized,0.18730394878020548
15,2025-01-12,0.7495607014056658,4.227225758080022,advisor_summarized,0.1773174049133613
15,2025-01-13,0.9491082755716993,4.775850457349683,advisor_summarized,0.1987307358234158
15,2025-01-14,2.088404657738646,7.614490324212593,advisor_summarized,0.2742671628458082
15,2025-01-15,1.6416937340222937,6.6009973539846944,advisor_summarized,0.24870389215218888
15,2025-01-16,1.2639803753790595,5.683095043825667,advisor_summarized,0.22241056424919312
15,2025-01-17,0.9914830830941277,4.94029614545671,advisor_summarized,0.20069304630774704
15,2025-01-18,1.1435546347997076,5.178998600708028,advisor_summarized,0.22080612932457072
15,2025-01-19,51.50506762121073,56.12316162451617,advisor_summarized,0.9177150062535299
15,2025-01-20,29.27104116658798,40.18687319573572,advisor_summarized,0.7283731935057333
15,2025-01-21,25.18423991844002,36.30756608790247,advisor_summarized,0.6936361379186831
15,2025-01-22,83.84812698859749,81.55500354366932,advisor_summarized,1.0281175077590463
15,2025-01-23,87.28889315136377,84.02556253972888,advisor_summarized,1.038837355121448
15,2025-01-24,92.3722463920214,87.35865882909023,advisor_summarized,1.0573908486019665
15,2025-01-25,86.3022467031311,83.37517948797161,advisor_summarized,1.0351071773774325
15,2025-01-26,75.89698385375364,76.38851054654349,advisor_summarized,0.9935654368795376
15,2025-01-27,67.28048918797116,70.58433839574487,advisor_summarized,0.9531928855201556
15,2025-01-28,61.05056692501223,65.89577981585332,advisor_summarized,0.9264715751997912
15,2025-01-29,53.61495902445565,60.35443370464113,advisor_summarized,0.8883350523481554
15,2025-01-30,48.27179032822724,56.232491888543855,advisor_summarized,0.8584323530229605
15,2025-01-31,47.65910747994347,55.75934749190321,advisor_summarized,0.854728572404188
15,2025-02-01,44.416637816824064,53.17196335740445,advisor_summarized,0.8353394347744888
15,2025-02-02,39.57492033407077,49.212603265525225,advisor_summarized,0.8041623020945547
15,2025-02-03,36.230947348533334,46.389053092888474,advisor_summarized,0.7810236452980672
15,2025-02-04,34.13977172109158,44.602956892224235,advisor_summarized,0.7654149881494351
15,2025-02-05,31.503933242254178,42.27764533961884,advisor_summarized,0.7451676409407668
15,2025-02-06,29.224583640196467,40.21704175455519,advisor_summarized,0.7266716388180475
15,2025-02-07,27.070107479319386,38.239431493739474,advisor_summarized,0.7079108245568787
15,2025-02-08,25.21312551502505,36.47827360724487,advisor_summarized,0.6911819837333948
15,2025-02-09,22.586829695743358,33.931593996290964,advisor_summarized,0.6656577848424188
15,2025-02-10,20.603404621600056,31.94737271536947,advisor_summarized,0.6449170266726822
15,2025-02-11,19.581294861885432,30.903168168443283,advisor_summarized,0.6336338965362405
15,2025-02-12,16.71705571829621,27.85143083907907,advisor_summarized,0.6002225097476884
15,2025-02-13,18.75146740463037,29.51550131027102,advisor_summarized,0.6353091281598899
15,2025-02-14,30.610558444781326,41.46910862735768,advisor_summarized,0.7381532774154487
15,2025-02-15,27.592736770711966,38.72068888421439,advisor_summarized,0.7126096556087086
15,2025-02-16,29.730065727706428,40.62669801474896,advisor_summarized,0.7317864158419505
15,2025-02-17,30.772342310382275,41.61532115777788,advisor_summarized,0.7394474307602681
15,2025-02-18,26.435924605490793,37.639267328073835,advisor_summarized,0.70234960673034
15,2025-02-19,38.13806845493628,47.75855901557068,advisor_summarized,0.7985598653113081
15,2025-02-20,39.99521835154185,49.56721476341685,advisor_summarized,0.8068885561240043
15,2025-02-21,36.48258646111574,46.62327860661023,advisor_summarized,0.782497232100345
15,2025-02-22,34.844198506197394,45.2154745834755,advisor_summarized,0.7706255176392994
15,2025-02-23,34.059626860907905,44.533136310820744,advisor_summarized,0.7648153640737859
15,2025-02-24,39.6614995712677,49.26552639074304,advisor_summarized,0.805055836746729
15,2025-02-25,42.63330498213966,51.743425109248136,advisor_summarized,0.823936662331999
15,2025-02-26,41.33397499990376,50.67234451749794,advisor_summarized,0.8157107272909092
15,2025-02-27,38.48207463904548,48.40885067790549,advisor_summarized,0.7949388200742651
15,2025-02-28,36.636994199736115,46.74087478288329,advisor_summarized,0.7838320179055087
15,2025-03-01,32.3859593196798,43.06057225453075,advisor_summarized,0.7521023902851689
15,2025-03-02,30.92077026746221,41.75574771315236,advisor_summarized,0.7405153053389746
15,2025-03-03,28.5767937884511,39.63059788570811,advisor_summarized,0.7210790478322983
15,2025-03-04,25.88458828979851,37.11398637631695,advisor_summarized,0.6974348707072839
15,2025-03-05,27.591976935117962,38.70767734187742,advisor_summarized,0.7128295684449787
15,2025-03-06,28.773328912349157,39.81007095778632,advisor_summarized,0.7227650747686365
15,2025-03-07,25.655184038272427,36.8937003482721,advisor_summarized,0.6953811571105791
15,2025-03-08,25.436721919788255,36.680483320511215,advisor_summarized,0.6934674687223763
15,2025-03-09,31.976386559184814,42.620651102219945,advisor_summarized,0.7502557030978648
15,2025-03-10,102.8004707730967,93.62749277589704,advisor_summarized,1.0979731244022066
15,2025-03-11,127.25667836970442,108.81733569994908,advisor_summarized,1.1694522527237723
15,2025-03-12,130.88856396642007,110.95888084885884,advisor_summarized,1.1796132311816319
15,2025-03-13,109.78645916469868,98.26548752965964,advisor_summarized,1.1172433162921178
15,2025-03-14,88.32913264104857,84.65728482467576,advisor_summarized,1.0433730874310128
15,2025-03-15,70.65433465348387,72.72430478864239,advisor_summarized,0.9715367490803186
15,2025-03-16,66.12875240923708,69.52786563659488,advisor_summarized,0.9511114975810686
15,2025-03-17,66.23505372436261,69.6192457789134,advisor_summarized,0.9513899925704769
15,2025-03-18,55.90313120539803,62.06771926982864,advisor_summarized,0.9006796425428308
15,2025-03-19,49.36879262815439,57.08516054558522,advisor_summarized,0.8648270786368562
15,2025-03-20,44.26818662338988,53.05734384550788,advisor_summarized,0.834346075677851
15,2025-03-21,39.25403283710171,48.93721095481052,advisor_summarized,0.8021305683593121
15,2025-03-22,33.59066926346922,44.11196427578928,advisor_summarized,0.7614865902016827
15,2025-03-23,30.216469350308998,41.11246166734953,advisor_summarized,0.7349710556083328
15,2025-03-24,27.982209204870152,39.07939327406194,advisor_summarized,0.7160348935980719
15,2025-03-25,25.21755737503263,36.47914191522562,advisor_summarized,0.6912870218722814
15,2025-03-26,23.748003640465306,39.20431623402634,advisor_summarized,0.6057497215027019
15,2025-03-27,19.802557399809476,38.95539159694885,advisor_summarized,0.5083393232109236
15,2025-03-28,17.028195460602358,35.84681261035539,advisor_summarized,0.4750267658576503
15,2025-03-29,12.361800489978425,29.440933540971347,advisor_summarized,0.41988479994274563
15,2025-03-30,35.323230748292445,52.275758719286365,advisor_summarized,0.6757095757896759
15,2025-03-31,62.1241620889837,81.24268633017296,advisor_summarized,0.7646739035254085
15,2025-04-01,66.77365069730345,84.09678901422686,advisor_summarized,0.7940095154644631
15,2025-04-02,65.8497588515995,77.17116153786338,advisor_summarized,0.853294903683559
15,2025-04-03,57.7608296620814,63.4489280910602,advisor_summarized,0.9103515441456254
15,2025-04-04,48.49089449610427,56.38605706115359,advisor_summarized,0.8599802331188611
15,2025-04-05,41.240955887132415,50.58185854531448,advisor_summarized,0.8153309718777161
15,2025-04-06,35.879095603577014,46.08913897041694,advisor_summarized,0.7784718136437001
15,2025-04-07,31.48175156978265,42.24979745826233,advisor_summarized,0.7451337867567956
15,2025-04-08,29.870575324614453,40.792802403818264,advisor_summarized,0.7322511218748365
15,2025-04-09,24.308484153922276,35.59888637221574,advisor_summarized,0.6828439490987727
15,2025-04-10,21.071361053889852,32.41446606537084,advisor_summarized,0.6500604085655725
15,2025-04-11,18.10622348369476,29.313556376819704,advisor_summarized,0.6176740635268884
15,2025-04-12,17.349619624360706,28.53523617328143,advisor_summarized,0.6080068697873887
15,2025-04-13,11.803034404566427,22.159800073450853,advisor_summarized,0.5326327117322404
15,2025-04-14,5.525622615540146,13.590865383343044,advisor_summarized,0.40656885780888874
15,2025-04-15,3.2722124851158294,9.905775106975948,advisor_summarized,0.33033381535296896
15,2025-04-16,2.1008183303647514,8.87800514719246,advisor_summarized,0.2366317990961184
15,2025-04-17,1.2255421261418435,5.515164438221128,computed_RC,0.22221316152399842
15,2025-04-18,0.6178755382026413,3.755916757452749,computed_RC,0.16450725032087307
15,2025-04-19,0.3507390596766698,2.6817404650244985,computed_RC,0.13078784627037565
15,2025-04-20,0.03845974440739971,0.8375882621164928,computed_RC,0.04591724376630612
15,2025-04-21,5.823064231046821e-4,0.2342041838352643,computed_RC,0.0024863194737557194
15,2025-05-12,5.011917572052846,12.14236565833562,computed_RC,0.41276285965018783
15,2025-05-13,6.543424871039207,15.169782986192278,computed_RC,0.4313459775261856
15,2025-05-14,4.730009761785091,12.332265659855317,computed_RC,0.3835475079962382
15,2025-05-15,2.45313412014806,8.127969836294055,computed_RC,0.3018138809022162
15,2025-05-16,1.0595751481316922,5.017412817296451,computed_RC,0.21117958332609882
15,2025-05-17,0.3547253868364791,2.662564037622796,computed_RC,0.13322698790493195
15,2025-05-18,0.02273514362052642,0.6799335564145959,computed_RC,0.03343730193346047
15,2025-06-14,0.9075092240522833,4.609729748242246,computed_RC,0.1968682056466172
15,2025-06-15,1.3087727993526554,5.751649211156322,computed_RC,0.22754739576503785
15,2025-06-16,1.2994514927006637,5.6069101034157605,computed_RC,0.23175893116407034
15,2025-06-17,0.5173250926358768,3.3600626672482026,computed_RC,0.15396292982224394
15,2025-06-18,0.04905243453578264,0.8523366838973271,computed_RC,0.05755053778923297
15,2025-07-10,6.6077500185470015,15.365948200785493,computed_RC,0.4300255299708234
15,2025-07-11,5.58955072776022,13.787342908551242,computed_RC,0.4054117435705067
15,2025-07-12,5.838535108093783,14.232557591712704,computed_RC,0.4102238877637446
15,2025-07-13,6.396647717975769,15.043905295776712,computed_RC,0.4251986164637387
15,2025-07-14,12.751080231485359,23.070952560822192,computed_RC,0.5526898032436915
15,2025-07-15,17.66753986961641,28.880984132709056,computed_RC,0.6117360747969491
15,2025-07-16,22.353539529707362,32.79684705977566,computed_RC,0.6815758688317116
15,2025-07-17,29.073909440083984,39.90835568017902,computed_RC,0.7285168467746193
15,2025-07-18,20.5617824339131,31.877787803544788,computed_RC,0.6450191136420904
15,2025-07-19,18.908490676086245,30.189445293114716,computed_RC,0.6263278603664404
15,2025-07-20,19.701228644000622,31.00023580183564,computed_RC,0.6355186705655329
15,2025-07-21,18.731742518886918,30.00816228648848,computed_RC,0.6242215814502277
15,2025-07-22,31.65955224302059,41.925116251167765,computed_RC,0.7551452464282375
15,2025-07-23,88.33297845995686,77.43402418708945,computed_RC,1.140751489894601
15,2025-07-24,106.97177816242524,96.51341065723672,computed_RC,1.1083618062398704
15,2025-07-25,118.15680943308595,103.39907448833588,computed_RC,1.142725986840577
15,2025-07-26,96.9204984482988,90.12732604732597,computed_RC,1.0753730605233505
15,2025-07-27,68.37654088151426,71.01749846632974,computed_RC,0.9628125794086144
15,2025-07-28,47.709846081817034,55.6909543270188,computed_RC,0.8566893251938819
15,2025-07-29,33.30423387769442,43.77322011834252,computed_RC,0.7608358212545294
15,2025-07-30,22.412487806404506,33.586986972657904,computed_RC,0.6672967665914719
15,2025-07-31,11.002844195977097,20.886813955714455,computed_RC,0.5267842294811466
15,2025-08-01,4.36406448888558,11.727961143315571,computed_RC,0.3721076865413139
15,2025-08-02,2.2428723980815777,7.865312065581977,computed_RC,0.2851600012027776
15,2025-08-03,1.5776848957555756,6.460812497242709,computed_RC,0.2441929550546292
15,2025-08-04,1.9051405545524989,7.084841946482535,computed_RC,0.2689037481631271
15,2025-08-05,3.5304082324125168,10.301211100563044,computed_RC,0.342717783175956
15,2025-08-06,13.576267174353475,21.852353314148058,computed_RC,0.6212725457611779
15,2025-08-07,19.709159811191842,30.932353465324912,computed_RC,0.6371697463397268
15,2025-08-08,13.299585539620736,23.932656945388437,computed_RC,0.5557086941900707
15,2025-08-09,19.757904406269695,30.8057379843599,computed_RC,0.6413709165578438
15,2025-08-10,26.18661402502002,37.374281457745,computed_RC,0.7006586616153773
15,2025-08-11,34.95929826123746,41.85933663999448,computed_RC,0.8351613061119467
15,2025-08-12,107.0292944260949,95.91386922327004,computed_RC,1.1158896548834891
15,2025-08-13,67.82358393150862,70.67644559553248,computed_RC,0.9596349018405618
15,2025-08-14,49.781627042622056,57.329562479692186,computed_RC,0.8683413040219201
15,2025-08-15,38.8462094654541,48.55534710207198,computed_RC,0.8000397851917824
15,2025-08-16,32.3310507685757,42.949511636211554,computed_RC,0.7527687635292405
15,2025-08-17,36.60308296849516,46.7017959408668,computed_RC,0.7837617854105975
15,2025-08-18,29.342954340208156,40.27826351383874,computed_RC,0.7285059429169918
15,2025-08-19,22.862938033983674,34.145397601625454,computed_RC,0.669575979191272
15,2025-08-20,16.570181925633662,27.55838972423103,computed_RC,0.6012754043848991
15,2025-08-21,15.629754172506804,26.4287352345495,computed_RC,0.5913924383363791
15,2025-08-22,30.638905080341765,41.26525547873083,computed_RC,0.7424867415672209
15,2025-08-23,62.62424086512145,64.0920009680285,computed_RC,0.9770991686834801
15,2025-08-24,74.24542178867168,75.06688393115984,computed_RC,0.9890569303070914
15,2025-08-25,60.14271642556303,65.19653037584543,computed_RC,0.9224833910463006
15,2025-08-26,49.1779890819738,56.889834897017266,computed_RC,0.8644424644753574
15,2025-08-27,37.045817824022876,47.01482632769293,computed_RC,0.787960324809324
15,2025-08-28,28.231948513704367,39.27488869858848,computed_RC,0.7188294976560687
15,2025-08-29,27.234760591561827,38.33722607385712,computed_RC,0.710399874500407
3,2021-03-30,139.01533241331038,129.88374486160257,computed_RC,1.070305853603451
3,2021-03-31,113.21270923580718,112.97254590737067,computed_RC,1.002125855680312
3,2021-04-01,53.83489599163223,99.84726990721975,advisor_summarized,0.5391724384818611
3,2021-04-02,21.609904936030702,84.20057836482582,advisor_summarized,0.25664793942862135
3,2021-04-03,9.32798515954131,83.60890669064912,advisor_summarized,0.11156688358639377
3,2021-04-04,6.001076138423891,75.88248023408788,advisor_summarized,0.07908381644763493
3,2021-04-05,4.204000506159728,51.82321153424035,advisor_summarized,0.08112196025099841
3,2021-04-06,5.029828777987107,27.125345865798128,advisor_summarized,0.18542911131426823
3,2021-04-07,5.401807576949337,15.982030707232346,advisor_summarized,0.33799256652065235
3,2021-04-08,4.009973355683321,16.924141935204947,advisor_summarized,0.2369380599049414
3,2021-04-09,3.1046713679460436,19.119499769815196,advisor_summarized,0.16238245797871376
3,2021-04-10,2.105996814782804,11.189454141818963,advisor_summarized,0.188212649883603
3,2021-04-11,15.22972162061831,20.97140048680644,advisor_summarized,0.7262138563516374
3,2021-04-12,18.893262835375342,58.5889862131535,advisor_summarized,0.3224712366013549
3,2021-04-13,113.79959989744755,162.1727007811915,advisor_summarized,0.7017185959737424
3,2021-04-14,168.61420493869414,174.10635445330885,advisor_summarized,0.9684552035342997
3,2021-04-15,150.62913264102158,110.12892727334216,advisor_summarized,1.367752654733094
3,2021-04-16,143.68491483259325,90.88251713605274,advisor_summarized,1.5809962065365595
3,2021-04-17,176.3552364795135,133.3690320310995,advisor_summarized,1.3223102379448202
3,2021-04-18,350.91394911404547,263.66910889933223,advisor_summarized,1.3308876059805055
3,2021-04-19,444.69508561816366,273.166635457807,advisor_summarized,1.6279260637847948
3,2021-04-20,316.94634849491564,195.2009035909089,advisor_summarized,1.6236930396549496
3,2021-04-21,254.06033777959482,168.6719645298821,advisor_summarized,1.5062392762644632
3,2021-04-22,213.86726916930098,193.0695799906081,advisor_summarized,1.107721212112776
3,2021-04-23,182.42487233193413,183.153814875418,advisor_summarized,0.9960200526318291
3,2021-04-24,161.2978470807359,134.92556120775384,advisor_summarized,1.1954580409888005
3,2021-04-25,226.07678603519025,163.56772883686023,advisor_summarized,1.3821600852615343
3,2021-04-26,214.42875527525464,204.91459807472856,advisor_summarized,1.0464298653678956
3,2021-04-27,179.98897751060042,192.6287672573477,advisor_summarized,0.9343826473755044
3,2021-04-28,158.91405503916218,164.84652465917046,advisor_summarized,0.9640121644525174
3,2021-04-29,143.23585733487602,139.68539980158468,advisor_summarized,1.0254175278041553
3,2021-04-30,129.3290621727555,125.43678865239492,advisor_summarized,1.031029760584406
3,2021-05-01,118.04839969946111,102.78354645711364,advisor_summarized,1.1485145606326856
3,2021-05-02,106.89870888681905,90.50757787206668,advisor_summarized,1.1811023054657521
3,2021-05-03,99.07770252440996,89.46606561650297,advisor_summarized,1.1074333250453567
3,2021-05-04,90.31639520298683,85.7118291602539,advisor_summarized,1.0537214768118395
3,2021-05-05,80.78570208826048,85.57695015930533,advisor_summarized,0.9440123998094613
3,2021-05-06,92.98969937523518,82.55274069523982,advisor_summarized,1.1264277671716014
3,2021-05-07,105.68122616770148,87.78202806526615,advisor_summarized,1.2039050418056785
3,2021-05-08,92.55523723600956,85.3301726674592,advisor_summarized,1.0846718615782862
3,2021-05-09,81.7285097141254,74.78665171448208,advisor_summarized,1.0928221526235151
3,2021-05-10,74.93885947884034,67.53824459072804,advisor_summarized,1.1095766544268206
3,2021-05-11,81.5918342273563,74.62925920374448,advisor_summarized,1.0932955130186053
3,2021-05-12,106.82663077789255,88.17583806805523,advisor_summarized,1.2115181791120875
3,2021-05-13,94.48219679203383,84.11052901624765,advisor_summarized,1.1233099814861784
3,2021-05-14,87.36102147716758,75.70709330697174,advisor_summarized,1.1539344288776525
3,2021-05-15,76.73066232124698,72.5419103622461,advisor_summarized,1.0577425096483382
3,2021-05-16,67.48417578803132,75.21790510607279,advisor_summarized,0.8971823356801109
3,2021-05-17,60.29560482899886,73.61460634615996,advisor_summarized,0.8190712118389821
3,2021-05-18,54.74797929679121,68.03367978482633,advisor_summarized,0.8047187726717928
3,2021-05-19,49.99857156715859,63.90177497249545,advisor_summarized,0.7824285254780314
3,2021-05-20,46.62959958555159,79.05758755903649,advisor_summarized,0.5898181442828722
3,2021-05-21,42.164000467931004,94.5799040432122,advisor_summarized,0.44580295248202917
3,2021-05-22,38.74115947109149,105.4665713287376,advisor_summarized,0.36733117406780885
3,2021-05-23,34.165259319765845,76.67659318607123,advisor_summarized,0.44557612564837024
3,2021-05-24,31.725624002676838,47.65118263989002,advisor_summarized,0.6657888061757886
3,2021-05-25,29.221557736819232,46.3590010459592,advisor_summarized,0.6303319113336736
3,2021-05-26,29.702827395978993,56.217408957370765,advisor_summarized,0.5283563925634215
3,2021-05-27,28.121574854835796,51.12489877274357,advisor_summarized,0.5500563429932572
3,2021-05-28,25.801268305980578,38.45542224359766,advisor_summarized,0.6709396698998972
3,2021-05-29,22.741053107454263,27.569273344356855,advisor_summarized,0.8248695140929103
3,2021-05-30,18.9372182083006,30.94740923034456,advisor_summarized,0.6119161079801237
3,2021-05-31,14.649170667907647,36.192292544644765,advisor_summarized,0.4047594014619897
3,2021-06-01,10.489589178736637,26.25619138918057,advisor_summarized,0.3995091680760332
3,2021-06-02,7.521842758026619,16.544030683367946,advisor_summarized,0.4546559965938942
3,2021-06-03,6.4634756774495035,16.722771186875367,advisor_summarized,0.3865074517387568
3,2021-06-04,6.784189673627774,22.934539877776785,advisor_summarized,0.29580666147139706
3,2021-06-05,5.43698680689834,26.245243142509533,advisor_summarized,0.20716084729624887
3,2021-06-06,4.456454996286233,28.55909722369454,advisor_summarized,0.15604327270502302
3,2021-06-07,16.212910323174544,49.58931996045524,advisor_summarized,0.3269435905978031
3,2021-06-08,31.0588709512313,72.27932241635759,advisor_summarized,0.4297061720130672
3,2021-06-09,27.22727456037133,62.79781383604072,advisor_summarized,0.43357042064329226
3,2021-06-10,23.71826433183753,46.5139988908866,advisor_summarized,0.5099166895427821
3,2021-06-11,25.304161940392767,34.08344685777977,advisor_summarized,0.7424179263904738
3,2021-06-12,18.578228330354978,22.107261453934388,advisor_summarized,0.8403676940749549
3,2021-06-13,13.836019326390405,18.800018980271343,advisor_summarized,0.7359577317932424
3,2021-06-14,12.342383993422526,18.755741308717944,advisor_summarized,0.6580589799287542
3,2021-06-15,18.39217920220072,27.6988057756555,advisor_summarized,0.6640062156891117
3,2021-06-16,33.68157631113179,39.12178544458134,advisor_summarized,0.8609416959981038
3,2021-06-17,31.817583304793455,36.25280062777586,advisor_summarized,0.8776586292319642
3,2021-06-18,29.756934474875898,40.6030907662604,advisor_summarized,0.7328736289110966
3,2021-06-19,32.130324493164565,43.61933756805113,advisor_summarized,0.7366073462953812
3,2021-06-20,54.4436282371854,57.44595758899996,advisor_summarized,0.9477364556563774
3,2021-06-21,84.42730961710625,81.04446693157892,advisor_summarized,1.041740575434758
3,2021-06-22,310.1709070720198,187.12749641382376,advisor_summarized,1.6575378446045752
3,2021-06-23,455.8529044646223,292.4609853874815,advisor_summarized,1.558679370038581
3,2021-06-24,434.3654948755444,325.1980710960071,advisor_summarized,1.3356951762094191
3,2021-06-25,492.1177426019137,389.48387520580246,advisor_summarized,1.2635124941741933
3,2021-06-26,558.8838790107276,427.543595509088,advisor_summarized,1.307197406021833
3,2021-06-27,636.2832069026026,456.4557278637028,advisor_summarized,1.393964777001541
3,2021-06-28,398.112150376532,312.3882929560258,advisor_summarized,1.2744144366273462
3,2021-06-29,308.8519327982848,260.2586842843392,advisor_summarized,1.186711343168308
3,2021-06-30,274.1175448418899,259.2470304050648,advisor_summarized,1.0573604041426838
3,2021-07-01,254.11287083825636,211.16785895959103,advisor_summarized,1.2033690737323963
3,2021-07-02,236.3029854333582,153.9645202061303,advisor_summarized,1.5347885676322817
3,2021-07-03,284.74299430687023,171.29635646210536,advisor_summarized,1.6622828423665965
3,2021-07-04,251.89586811441708,168.13043460950215,advisor_summarized,1.4982169569683657
3,2021-07-05,225.2987880246571,156.6418484786765,advisor_summarized,1.4383052180039027
3,2021-07-06,235.24368862988453,154.4260299243461,advisor_summarized,1.5233422030284098
3,2021-07-07,947.5618742648467,411.1293780719563,advisor_summarized,2.3047778261640146
3,2021-07-08,1699.6058457523916,773.6647498989933,advisor_summarized,2.196824717649713
3,2021-07-09,1165.8429043606397,643.6633184277067,advisor_summarized,1.8112619920744821
3,2021-07-10,730.8457323284107,442.8504706953583,advisor_summarized,1.6503216789650146
3,2021-07-11,460.85406261599496,305.873593849462,advisor_summarized,1.5066814261933568
3,2021-07-12,353.84833693246236,282.24690779327017,advisor_summarized,1.2536836619362937
3,2021-07-13,288.57504562186676,276.0439244408617,advisor_summarized,1.0453953884563385
3,2021-07-14,242.49812129408235,240.1465360406661,advisor_summarized,1.0097922930398548
3,2021-07-15,209.24850405703756,188.7879323825156,advisor_summarized,1.1083785992902633
3,2021-07-16,186.7421286141112,171.34640021234836,advisor_summarized,1.0898514843771625
3,2021-07-17,168.27152030087979,173.28366241188107,advisor_summarized,0.9710755068236737
3,2021-07-18,154.65759505482814,172.40712804187118,advisor_summarized,0.8970487288510928
3,2021-07-19,145.20233319348384,164.8119286388022,advisor_summarized,0.8810183485669034
3,2021-07-20,137.05806704727013,137.8450339622224,advisor_summarized,0.9942909302400553
3,2021-07-21,129.32943735052683,133.50691555766025,advisor_summarized,0.9687096493115429
3,2021-07-22,122.46366818899217,140.07101741428008,advisor_summarized,0.8742969848415418
3,2021-07-23,114.46538903644054,123.1656023709258,advisor_summarized,0.92936166293992
3,2021-07-24,113.65814894499958,113.93058488168155,advisor_summarized,0.9976087550418099
3,2021-07-25,102.45846212607343,100.95996395335396,advisor_summarized,1.0148424990861904
3,2021-07-26,95.031386758465,89.88217027311474,advisor_summarized,1.0572885197331565
3,2021-07-27,99.4986874353648,107.95028812066153,advisor_summarized,0.9217084008534564
3,2021-07-28,127.20759512832183,131.11738362456967,advisor_summarized,0.9701810058424991
3,2021-07-29,153.6204546690652,139.12882158499744,advisor_summarized,1.1041598205100476
3,2021-07-30,129.34826767736593,113.51649830266896,advisor_summarized,1.1394666820366914
3,2021-07-31,112.11813551711936,102.51729724943095,advisor_summarized,1.093650910873401
3,2021-08-01,99.82365727949554,94.22174368058808,advisor_summarized,1.0594545736480738
3,2021-08-02,92.16308725516554,82.89242193095033,advisor_summarized,1.1118397207882007
3,2021-08-03,113.56296775368506,82.08327614142435,advisor_summarized,1.3835092005589928
3,2021-08-04,107.19539654698458,82.00536955615526,advisor_summarized,1.307175336531833
3,2021-08-05,128.48403433613115,106.4294859273744,advisor_summarized,1.2072221642018113
3,2021-08-06,139.146694385569,123.68328942699289,advisor_summarized,1.125024205211681
3,2021-08-07,151.83087094970642,130.8831039338657,advisor_summarized,1.1600494363766425
3,2021-08-08,195.89270494912088,168.13527114406813,advisor_summarized,1.165089892300281
3,2021-08-09,149.64780327877583,164.18974261423494,advisor_summarized,0.9114321083404977
3,2021-08-10,130.3749990751302,158.60270104850184,advisor_summarized,0.8220225646425819
3,2021-08-11,129.48860665325324,131.92748021170996,advisor_summarized,0.9815135288376391
3,2021-08-12,112.24714896793672,117.69831735635732,advisor_summarized,0.9536852479214635
3,2021-08-13,102.64147910144834,130.85559691910237,advisor_summarized,0.7843873821071896
3,2021-08-14,96.848229939317,130.87623176877574,advisor_summarized,0.7399986126619433
3,2021-08-15,93.93364001087663,110.33134781105576,advisor_summarized,0.8513776172818945
3,2021-08-16,88.85363734616617,93.14598283507432,advisor_summarized,0.9539180825811002
3,2021-08-17,86.01023524465562,91.0531909254546,advisor_summarized,0.9446152778442696
3,2021-08-18,81.42450907859862,96.73949379547882,advisor_summarized,0.8416883930645918
3,2021-08-19,75.53832814180208,88.47308376083764,advisor_summarized,0.8538001042893332
3,2021-08-20,71.65493467517118,71.57986585355515,advisor_summarized,1.0010487421388803
3,2021-08-21,66.35343629375019,62.67613248004741,advisor_summarized,1.0586715176606252
3,2021-08-22,74.36425961301919,71.07689065231658,advisor_summarized,1.0462508831004338
3,2021-08-23,91.99738532218097,92.34306456809855,advisor_summarized,0.9962565759807261
3,2021-08-24,88.69232455949387,113.65809220908255,advisor_summarized,0.7803432455679241
3,2021-08-25,96.12887702117749,137.97485890690874,advisor_summarized,0.6967129938218337
3,2021-08-26,82.01185499390918,121.60024839461698,advisor_summarized,0.6744382193016942
3,2021-08-27,78.11940517879192,103.03421173997413,advisor_summarized,0.7581889923702302
3,2021-08-28,76.58757262001532,100.53397156647888,advisor_summarized,0.7618078886833908
3,2021-08-29,70.89470400870043,100.52607629102008,advisor_summarized,0.7052369556677246
3,2021-08-30,63.22347131920853,82.60026473522133,advisor_summarized,0.7654148751444569
3,2021-08-31,57.7806390436267,63.259609817358175,advisor_summarized,0.913389115273549
3,2021-09-01,104.31444789974988,90.11824243893815,advisor_summarized,1.1575286543169183
3,2021-09-02,117.4378611947055,114.61695574349388,advisor_summarized,1.0246115893840755
3,2021-09-03,110.42592300238753,110.66096735070876,advisor_summarized,0.9978759959003763
3,2021-09-04,91.24770364666259,79.52431228296494,advisor_summarized,1.1474189593992745
3,2021-09-05,79.6338744427058,57.57142735848373,advisor_summarized,1.3832186919188993
3,2021-09-06,72.97451857125371,57.09514959745096,advisor_summarized,1.2781211554004175
3,2021-09-07,68.61641779904696,68.74762416075554,advisor_summarized,0.9980914778756315
3,2021-09-08,66.34828076414044,76.59603284385298,advisor_summarized,0.8662104067373386
3,2021-09-09,75.17867074945514,75.89958593509472,advisor_summarized,0.9905017243933838
3,2021-09-10,68.48708278930995,69.1569485822916,advisor_summarized,0.9903138324244517
3,2021-09-11,65.70849716017432,63.68235521529869,advisor_summarized,1.0318163789329964
3,2021-09-12,59.90047756064919,68.41740976858088,advisor_summarized,0.8755151322340342
3,2021-09-13,54.464644804810774,60.43982063744374,advisor_summarized,0.9011384254682712
3,2021-09-14,62.325010114673475,56.000576592307226,advisor_summarized,1.1129351500862052
3,2021-09-15,113.08320150211979,107.2169396561162,advisor_summarized,1.0547139459941577
3,2021-09-16,117.35503123007865,126.07382554808908,advisor_summarized,0.9308437395303376
3,2021-09-17,169.3890971197072,164.49588763194043,advisor_summarized,1.029746697976519
3,2021-09-18,143.04691353636287,137.37729431360012,advisor_summarized,1.0412704242800148
3,2021-09-19,177.16549703754578,144.51010611688392,advisor_summarized,1.225973060280291
3,2021-09-20,401.8650912357197,247.42123446489083,advisor_summarized,1.624214235713647
3,2021-09-21,788.3533927301326,464.61231097782775,advisor_summarized,1.6967983286343749
3,2021-09-22,895.4271344273834,493.26942624826194,advisor_summarized,1.8152901574254796
3,2021-09-23,511.0200071059882,303.2715799463009,advisor_summarized,1.6850243837436811
3,2021-09-24,303.5217753628944,207.30738663358335,advisor_summarized,1.464114618835895
3,2021-09-25,227.21640173305622,165.58668990776167,advisor_summarized,1.3721900103180076
3,2021-09-26,186.0898277793466,164.83457084532597,advisor_summarized,1.1289490234058102
3,2021-09-27,158.04031703831828,163.1762605614339,advisor_summarized,0.9685251794259496
3,2021-09-28,138.0542754016266,138.58029787910272,advisor_summarized,0.9962042044538321
3,2021-09-29,123.1285375052585,112.96594540621014,advisor_summarized,1.0899615548960802
3,2021-09-30,110.31945999716613,109.39957453140671,advisor_summarized,1.0084084921691843
3,2021-10-01,103.85037213862995,122.67151476817766,advisor_summarized,0.846572835877053
3,2021-10-02,97.33473000159093,131.1072723220512,advisor_summarized,0.7424052707198303
3,2021-10-03,87.25980795213614,113.65542602350048,advisor_summarized,0.7677575194174493
3,2021-10-04,78.88303836409673,97.2481043545444,advisor_summarized,0.8111524526638296
3,2021-10-05,72.33994884039289,84.6482463552235,advisor_summarized,0.8545947725463885
3,2021-10-06,85.63367117798254,101.34477125658418,advisor_summarized,0.844973747695139
3,2021-10-07,117.95762804782056,133.76797991805762,advisor_summarized,0.8818076502319762
3,2021-10-08,96.20334157649391,108.08837486571848,advisor_summarized,0.8900433714172342
3,2021-10-09,84.50686894693231,93.354644688492,advisor_summarized,0.9052240435268845
3,2021-10-10,75.71711745058957,74.61640973889918,advisor_summarized,1.0147515501689512
3,2021-10-11,69.43862522752111,58.99831563658963,advisor_summarized,1.1769594517789352
3,2021-10-12,64.29708503408249,57.588427536317056,advisor_summarized,1.1164931529608921
3,2021-10-13,57.86308114988712,48.12230865774681,advisor_summarized,1.2024169821406154
3,2021-10-14,53.08654417953128,46.492952814354915,advisor_summarized,1.1418191567979
3,2021-10-15,55.129330513173386,58.35230809548026,advisor_summarized,0.9447669220378874
3,2021-10-16,55.350666024435924,61.54706556667927,advisor_summarized,0.8993225836976704
3,2021-10-17,49.44346336891105,65.41678748634622,advisor_summarized,0.7558222479089313
3,2021-10-18,44.60752185772319,83.82430009436902,advisor_summarized,0.5321550171907697
3,2021-10-19,41.1004852051816,97.8844900780792,advisor_summarized,0.41988761623416654
3,2021-10-20,37.60274573729577,97.74029720144354,advisor_summarized,0.38472100877487825
3,2021-10-21,34.61042101531549,102.4836799154774,advisor_summarized,0.337716415373259
3,2021-10-22,32.554688186988365,95.66428888818471,advisor_summarized,0.340301366009622
3,2021-10-23,31.08167375400402,79.66942423108308,advisor_summarized,0.3901330284984974
3,2021-10-24,29.507196871409427,57.254365386926985,advisor_summarized,0.5153702546871102
3,2021-10-25,28.233506855609715,28.58012199850151,advisor_summarized,0.9878721601359864
3,2021-10-26,28.501896883813387,23.162743921328584,advisor_summarized,1.2305060652839337
3,2021-10-27,26.965752369814847,23.96463282273205,advisor_summarized,1.125231192536196
3,2021-10-28,46.54682503204347,26.126271094764544,advisor_summarized,1.7816099688780698
3,2021-10-29,57.058779367913075,31.690839059126123,advisor_summarized,1.8004818131024416
3,2021-10-30,47.55083729015624,39.60775435625072,advisor_summarized,1.200543632503416
3,2021-10-31,40.81776262321168,50.169540292241315,advisor_summarized,0.8135965046808316
3,2021-11-01,36.18537851144258,48.46950014750396,advisor_summarized,0.746559762352037
3,2021-11-02,33.417751584931,39.87024482323898,advisor_summarized,0.8381626883177039
3,2021-11-03,30.5738380426336,42.1209122678965,advisor_summarized,0.7258588761843179
3,2021-11-04,29.02300443513724,46.27854537934704,advisor_summarized,0.6271373526811299
3,2021-11-05,29.956863102168004,46.243563895850066,advisor_summarized,0.6478061070214434
3,2021-11-06,435.4661427725441,289.2394535961667,advisor_summarized,1.5055558201286665
3,2021-11-07,413.66004301719823,287.85017339517856,advisor_summarized,1.4370672011001364
3,2021-11-08,270.5428916773877,217.8568964363266,advisor_summarized,1.2418376287503008
3,2021-11-09,204.98692859960823,174.88894704214056,advisor_summarized,1.1720976772203642
3,2021-11-10,166.22588823111604,134.33461482177677,advisor_summarized,1.237401755695282
3,2021-11-11,141.30858157267716,110.91781367737322,advisor_summarized,1.2739935713455515
3,2021-11-12,122.03492375194737,99.38988428629158,advisor_summarized,1.2278404852593146
3,2021-11-13,109.67120565728722,73.48759262950577,advisor_summarized,1.4923771718881083
3,2021-11-14,99.24987688543622,85.81760118705394,advisor_summarized,1.1565212207354103
3,2021-11-15,89.05249401708504,112.05228539838272,advisor_summarized,0.7947405418860859
3,2021-11-16,81.37810702665102,94.19741865458856,advisor_summarized,0.8639101600549742
3,2021-11-17,72.49277094392815,64.40071542441038,advisor_summarized,1.1256516401439007
3,2021-11-18,70.93149660211334,68.8064362758215,advisor_summarized,1.0308846154707563
3,2021-11-19,67.4753095868493,99.38205506854052,advisor_summarized,0.6789486244806853
3,2021-11-20,62.323416339450766,97.52035853558958,advisor_summarized,0.639081082917739
3,2021-11-21,57.900463921488054,83.95412213329156,advisor_summarized,0.6896679096895462
3,2021-11-22,55.2779915433846,61.35446563185968,advisor_summarized,0.9009611765680551
3,2021-11-23,53.55423503756819,64.19447583291031,advisor_summarized,0.8342498998973485
3,2021-11-24,49.49309704108989,77.84411144377557,advisor_summarized,0.6357975718797593
3,2021-11-25,45.94927662376039,71.800711298914635,advisor_summarized,0.6399557301384976
3,2021-11-26,44.93819248459791,53.235621921867,advisor_summarized,0.8441376443493591
3,2021-11-27,43.06778298620948,55.447698967797045,advisor_summarized,0.7767280480155258
3,2021-11-28,40.63655256784803,46.968681102937545,advisor_summarized,0.865184025048268
3,2021-11-29,39.93730620208414,50.4112063854912,advisor_summarized,0.7922307174457633
3,2021-11-30,38.477426436583244,66.54737354305792,advisor_summarized,0.578196018685656
3,2021-12-01,36.77046078272649,71.97112502688682,advisor_summarized,0.5109057385026267
3,2021-12-02,35.839515591285156,56.875552967978194,advisor_summarized,0.6301392025403841
3,2021-12-03,34.39879271396065,48.8575749738174,advisor_summarized,0.7040626296412551
3,2021-12-04,34.332622246978914,55.607672804860435,advisor_summarized,0.6174080035224572
3,2021-12-05,33.87302957999352,52.05522483349227,advisor_summarized,0.650713346995279
3,2021-12-06,32.38639103215514,31.550013284287587,advisor_summarized,1.0265095846499717
3,2021-12-07,32.257100726419,26.572155077168933,advisor_summarized,1.2139437178783676
3,2021-12-08,37.63287307024442,28.07872165183431,advisor_summarized,1.3402630481856699
3,2021-12-09,64.41850071625214,63.4296475510202,advisor_summarized,1.015589762885511
3,2021-12-10,55.891007456100134,62.22445706660712,advisor_summarized,0.8982160727617526
3,2021-12-11,49.338425796211645,58.49388544730754,advisor_summarized,0.8434800564010521
3,2021-12-12,51.51900733033861,89.5727286659252,advisor_summarized,0.5751639823599257
3,2021-12-13,52.08652384991294,96.70658420474716,advisor_summarized,0.538603697754802
3,2021-12-14,47.08288696486141,125.22449958718528,advisor_summarized,0.37598782283079363
3,2021-12-15,42.95597231586835,112.14024259485277,advisor_summarized,0.38305581762527796
3,2021-12-16,40.959267943414886,65.18399371690835,advisor_summarized,0.6283638913150897
3,2021-12-17,39.827967184248124,54.867586240736536,advisor_summarized,0.7258924606141646
3,2021-12-18,37.097780580547024,52.81204999622799,advisor_summarized,0.7024491680061021
3,2021-12-19,38.36396062185672,44.869041999518366,advisor_summarized,0.8550207205731856
3,2021-12-20,39.472651418317106,57.0283094722602,advisor_summarized,0.6921588906211126
3,2021-12-21,123.61070745053968,89.80092198474891,advisor_summarized,1.3764970862051145
3,2021-12-22,182.59679511611353,143.73107154485697,advisor_summarized,1.2704058569488015
3,2021-12-23,148.89059379130197,162.71417672145915,advisor_summarized,0.9150437705632684
3,2021-12-24,129.56036210702086,150.42635605011722,advisor_summarized,0.8612876460548943
3,2021-12-25,116.05829801407381,125.57345738451149,advisor_summarized,0.9242263487155424
3,2021-12-26,106.34138820406277,125.97175697117804,advisor_summarized,0.8441684926915274
3,2021-12-27,98.46692576947846,111.59878072515365,advisor_summarized,0.8823297631896497
3,2021-12-28,91.63714447481026,69.14874016320333,advisor_summarized,1.3252178457413728
3,2021-12-29,83.72164626410546,86.8038505389555,advisor_summarized,0.96449230931908
3,2021-12-30,77.72822208998775,92.2243694308844,advisor_summarized,0.84281651985964
3,2021-12-31,72.1465554500484,80.54761750039101,advisor_summarized,0.8957006760590798
3,2022-01-01,66.26022335039218,45.47409914650488,advisor_summarized,1.4570980974668724
3,2022-01-02,61.507714204976295,36.63717622478397,advisor_summarized,1.6788333748103692
3,2022-01-03,58.144703898701785,57.36536839993942,advisor_summarized,1.0135854701277085
3,2022-01-04,52.23745667373475,53.218960902411645,advisor_summarized,0.9815572455374186
3,2022-01-05,50.360545473124716,40.64680581528145,advisor_summarized,1.2389791636269563
3,2022-01-06,48.437552169674895,58.632252503127894,advisor_summarized,0.8261247027323547
3,2022-01-07,46.026847084649376,86.11916654734112,advisor_summarized,0.5344553242900657
3,2022-01-08,42.448564766684164,103.57189102399866,advisor_summarized,0.40984638155200237
3,2022-01-09,40.31222211183329,136.78187902454945,advisor_summarized,0.29471902564372654
3,2022-01-10,40.41474768073664,99.05675288980356,advisor_summarized,0.4079958862137984
3,2022-01-11,38.66236158778929,80.04869769981863,advisor_summarized,0.4829855163012463
3,2022-01-12,36.447572759149374,55.87126972177154,advisor_summarized,0.6523491043008591
3,2022-01-13,35.73832548879958,42.41307114872938,advisor_summarized,0.8426252690703875
3,2022-01-14,35.35284736071653,37.52320149076879,advisor_summarized,0.9421596760450679
3,2022-01-15,33.51932703883779,31.17716766438768,advisor_summarized,1.0751241870224617
3,2022-01-16,48.93103404704456,26.182540802963885,advisor_summarized,1.86884208126606
3,2022-01-17,54.56272274350216,58.79104554468853,advisor_summarized,0.9280787956395108
3,2022-01-18,47.82994391498555,84.06255753755839,advisor_summarized,0.5689803560118375
3,2022-01-19,43.366577202302985,74.36239317406844,advisor_summarized,0.5831788804966234
3,2022-01-20,41.37797599798866,48.12700236165126,advisor_summarized,0.8597663259193475
3,2022-01-21,40.62651060561796,62.70424061965022,advisor_summarized,0.6479069071587871
3,2022-01-22,40.4722827160622,61.37310336659519,advisor_summarized,0.6594465734331905
3,2022-01-23,39.01109757887398,34.476117122761295,advisor_summarized,1.1315397682391173
3,2022-01-24,37.89548502451617,29.733752038637032,advisor_summarized,1.2744938807343758
3,2022-01-25,36.70175822824123,26.520183895294338,advisor_summarized,1.38391793862159
3,2022-01-26,37.748077420088144,30.429361282335535,advisor_summarized,1.2405149444264274
3,2022-01-27,31.76923612060531,31.22860244795154,advisor_summarized,1.0173121315164468
3,2022-01-28,42.40352668490838,19.16957511390289,advisor_summarized,2.212022250516908
3,2022-01-29,35.628249449034826,27.107846758255036,advisor_summarized,1.3143149939854633
3,2022-01-30,34.98711725855879,43.19419756862215,advisor_summarized,0.8099957685977414
3,2022-01-31,34.37962616601714,43.09709720261836,advisor_summarized,0.7977248677418676
3,2022-02-01,33.583341500571485,47.3637563035823,advisor_summarized,0.7090514798977515
3,2022-02-02,33.036927033266515,45.513609509137126,advisor_summarized,0.7258691936229351
3,2022-02-03,33.275032374627465,40.300835318040335,advisor_summarized,0.8256660714854258
3,2022-02-04,41.169891532042506,42.1817725748122,advisor_summarized,0.9760114148599361
3,2022-02-05,42.837605470386954,61.82399535573867,advisor_summarized,0.6928961032669761
3,2022-02-06,43.765210204592094,65.17478350860085,advisor_summarized,0.6715052639770805
3,2022-02-07,59.20861544428431,37.142179703275275,advisor_summarized,1.594107182650435
3,2022-02-08,63.666314646957154,32.25194254267975,advisor_summarized,1.9740303878659722
3,2022-02-09,54.112492470002486,33.16219715740474,advisor_summarized,1.631752329713165
3,2022-02-10,48.06194490018434,45.721976851728975,advisor_summarized,1.0511781906553082
3,2022-02-11,43.67119305828447,56.685283519092486,advisor_summarized,0.7704150062789283
3,2022-02-12,43.815934055921055,41.66540358101592,advisor_summarized,1.051614296036364
3,2022-02-13,40.90401811340763,27.417187269415773,advisor_summarized,1.4919115411607737
3,2022-02-14,37.40420031245988,50.22549591032958,advisor_summarized,0.7447253558081282
3,2022-02-15,35.00889200832513,63.38410743861334,advisor_summarized,0.5523291787650519
3,2022-02-16,33.57331379625338,57.176377164348025,advisor_summarized,0.5871885464122727
3,2022-02-17,34.511637445940465,40.31494774171401,advisor_summarized,0.8560506556289335
3,2022-02-18,36.84342145554244,27.819730198499546,advisor_summarized,1.3243630039780037
3,2022-02-19,32.74751888371134,39.058814446186034,advisor_summarized,0.8384155880826799
3,2022-02-20,31.15889794733857,54.84588697030937,advisor_summarized,0.5681173132309143
3,2022-02-21,29.87315693696148,57.47519343960918,advisor_summarized,0.5197573970473027
3,2022-02-22,29.361959265071118,51.35124731550457,advisor_summarized,0.5717866809479779
3,2022-02-23,29.844584996922222,44.69641092018717,advisor_summarized,0.6677177066904693
3,2022-02-24,31.624714645327245,40.17131459959574,advisor_summarized,0.7872461969578037
3,2022-02-25,31.444357443436427,38.53155575730782,advisor_summarized,0.8160676833681378
3,2022-02-26,29.736280159938868,34.16108722592536,advisor_summarized,0.8704722997625076
3,2022-02-27,30.904777847623897,25.761522798972837,advisor_summarized,1.1996487198674501
3,2022-02-28,32.34773159262219,31.95423885595919,advisor_summarized,1.0123142578496942
3,2022-03-01,28.44045427888976,44.782500139854925,advisor_summarized,0.6350796447288728
3,2022-03-02,25.942374861091903,53.63691847453057,advisor_summarized,0.4836663924571023
3,2022-03-03,24.439140643137613,49.52681842792766,advisor_summarized,0.4934526670373931
3,2022-03-04,22.616236337444693,55.65778147486455,advisor_summarized,0.4063445530551437
3,2022-03-05,20.91384332768429,76.28407062605591,advisor_summarized,0.27415741131859406
3,2022-03-06,19.177429208029327,23.653973348962055,advisor_summarized,0.810748745046288
3,2022-03-07,18.397784599200552,13.95187316915274,advisor_summarized,1.3186605394233095
3,2022-03-08,19.65015504223902,14.64871802215368,advisor_summarized,1.3414248955110968
3,2022-03-09,44.53044831002527,24.38087002026929,advisor_summarized,1.8264503388519122
3,2022-03-10,152.02712999269514,49.0742760670384,advisor_summarized,3.0978985769452203
3,2022-03-11,478.75778801887486,101.20366096414308,advisor_summarized,4.730637048678515
3,2022-03-12,358.32699332459987,250.54064241513504,advisor_summarized,1.430215033658561
3,2022-03-13,266.90996816384376,302.96942478935205,advisor_summarized,0.8809798822089733
3,2022-03-14,228.65836371022596,219.52874957241295,advisor_summarized,1.041587328108939
3,2022-03-15,265.0944143808083,185.84520316369276,advisor_summarized,1.426425917204399
3,2022-03-16,226.59898981538907,192.42470377750735,advisor_summarized,1.177598226043762
3,2022-03-17,186.21642701695555,177.03117194481626,advisor_summarized,1.051884958853475
3,2022-03-18,158.87077817044303,159.7254113345871,advisor_summarized,0.9946493600673607
3,2022-03-19,168.12548804694566,142.27618880753047,advisor_summarized,1.1816839448404386
3,2022-03-20,146.87808939520295,154.8484429844377,advisor_summarized,0.9485280353123359
3,2022-03-21,128.91588060435208,141.51456360332995,advisor_summarized,0.910972534005105
3,2022-03-22,135.8181576149875,106.55084327605832,advisor_summarized,1.2746793309096736
3,2022-03-23,504.84964410113906,84.58783993470905,advisor_summarized,5.968347749402493
3,2022-03-24,704.396591232527,268.7729469785004,advisor_summarized,2.620786798490076
3,2022-03-25,417.6644957713729,433.61078822466,advisor_summarized,0.9632244102630005
3,2022-03-26,282.4547041428379,280.38976288493694,advisor_summarized,1.007364538693049
3,2022-03-27,215.92249181170223,205.85300442716877,advisor_summarized,1.0489159116844275
3,2022-03-28,174.1958117359917,192.3180552023763,advisor_summarized,0.9057694117834408
3,2022-03-29,145.3727917907492,173.37888683413414,advisor_summarized,0.8384688265406997
3,2022-03-30,132.60575032067376,146.3886013222768,advisor_summarized,0.9058475121894233
3,2022-03-31,138.1877994102853,115.63791126314165,advisor_summarized,1.1950042845017315
3,2022-04-01,135.36165027115734,151.51688897183075,advisor_summarized,0.8933766472483677
3,2022-04-02,152.28184263138093,133.2205118986993,advisor_summarized,1.1430810500651418
3,2022-04-03,128.4907863872417,122.18099654644205,advisor_summarized,1.051642972468319
3,2022-04-04,110.25268306990081,89.29398322744304,advisor_summarized,1.2347157007104648
3,2022-04-05,98.89655319187237,67.73043312508707,advisor_summarized,1.46014942808983
3,2022-04-06,92.18040967791764,56.47253557286309,advisor_summarized,1.6323051328018174
3,2022-04-07,83.88256599794127,51.15178047083749,advisor_summarized,1.6398757819537517
3,2022-04-08,76.57772518243115,69.38848974834673,advisor_summarized,1.1036084725313642
3,2022-04-09,68.64708832779486,79.85435391921156,advisor_summarized,0.8596536689438993
3,2022-04-10,62.210830242764715,99.36083732135006,advisor_summarized,0.6261101649291075
3,2022-04-11,55.64608218550951,103.39732151212394,advisor_summarized,0.5381772116696919
3,2022-04-12,49.47850467683144,76.42819520749133,advisor_summarized,0.6473854909500946
3,2022-04-13,42.754728142063186,44.73402060303482,advisor_summarized,0.9557542015162089
3,2022-04-14,39.21218280274161,30.741700922312432,advisor_summarized,1.275537189755212
3,2022-04-15,40.17356650194438,31.197152487971376,advisor_summarized,1.28773183762313
3,2022-04-16,37.85872889884597,32.038038579491165,advisor_summarized,1.1816806077223736
3,2022-04-17,37.0464486740134,32.981473529220395,advisor_summarized,1.1232502587002846
3,2022-04-18,42.85056792821203,37.87897696987043,advisor_summarized,1.1312493461028814
3,2022-04-19,35.245945637039405,49.10765627987583,advisor_summarized,0.7177281162872985
3,2022-04-20,42.27762638766824,65.9543880649095,advisor_summarized,0.6410130944746301
3,2022-04-21,48.924438302122915,68.73142294804184,advisor_summarized,0.7118205356974466
3,2022-04-22,44.72624434180533,62.736620391029014,advisor_summarized,0.7129208437278354
3,2022-04-23,22.5830602241384,53.79317413684043,advisor_summarized,0.4198127473699738
3,2022-04-24,21.210173213465612,44.34004699665127,advisor_summarized,0.4783525199030007
3,2022-04-25,22.3175351846421,38.64765064372111,advisor_summarized,0.5774616260734576
3,2022-04-26,22.201660796607324,36.31091662806298,advisor_summarized,0.6114321217506451
3,2022-04-27,16.819697805397897,31.26301624248849,advisor_summarized,0.5380062395431578
3,2022-04-28,17.239746185818543,33.44464033049584,advisor_summarized,0.5154711193021508
3,2022-04-29,18.996542829272315,37.28197679928288,advisor_summarized,0.5095368985272721
3,2022-04-30,22.339813115675888,46.56831760985913,advisor_summarized,0.4797212839603691
3,2022-05-01,9.757528558825099,43.78315273346195,advisor_summarized,0.2228603458098566
3,2022-05-02,16.840863221851833,37.90737684530303,advisor_summarized,0.444263481764461
3,2022-05-03,15.207892295737592,26.988247661794023,advisor_summarized,0.5635005461012824
3,2022-05-04,25.728029691412477,38.444956023930054,advisor_summarized,0.6692173005841929
3,2022-05-05,26.429156942966273,40.22262708997667,advisor_summarized,0.6570718735960517
3,2022-05-06,21.375612434177476,33.82451029368311,advisor_summarized,0.631956301764093
3,2022-05-07,43.65167789675177,47.24960572697881,advisor_summarized,0.9238527438510947
3,2022-05-08,40.38528270587664,48.104785016216944,advisor_summarized,0.8395273503927327
3,2022-05-09,51.22695953861313,64.61024521027257,advisor_summarized,0.7928612462604988
3,2022-05-10,40.99228157401817,63.07132467496576,advisor_summarized,0.649935319818783
3,2022-05-11,33.93785197956268,47.90530491620154,advisor_summarized,0.7084361959271221
3,2022-05-12,23.570146651372053,39.61089851165596,advisor_summarized,0.5950419590819498
3,2022-05-13,22.20685869659555,42.1407051162936,advisor_summarized,0.5269693194575741
3,2022-05-14,22.072116491484046,34.24334774423262,advisor_summarized,0.6445665492855179
3,2022-05-15,16.550368591699897,21.741442671194665,advisor_summarized,0.7612359879699958
3,2022-05-16,15.370999363701314,23.25129752775445,advisor_summarized,0.6610813588081854
3,2022-05-17,14.789916587255894,28.68836937805629,advisor_summarized,0.5155370245117065
3,2022-05-18,15.552457632449691,28.021177928071996,advisor_summarized,0.5550251196566947
3,2022-05-19,18.21225392360592,22.83345699733184,advisor_summarized,0.7976126403344915
3,2022-05-20,22.095237279888043,30.745239256792093,advisor_summarized,0.7186555646987481
3,2022-05-21,31.14328791472669,50.70227160191471,advisor_summarized,0.6142385130048217
3,2022-05-22,33.51018124484415,54.878719078745455,advisor_summarized,0.6106225110094207
3,2022-05-23,32.74491057882487,50.189062855463966,advisor_summarized,0.65243120145767
3,2022-05-24,29.979095435268633,37.18025618700689,advisor_summarized,0.8063176134258377
3,2022-05-25,38.76570481244901,41.253253095818586,advisor_summarized,0.9397005545819194
3,2022-05-26,42.0412134735372,45.22789370142785,advisor_summarized,0.9295417060779452
3,2022-05-27,39.41216100427912,43.180412289348645,advisor_summarized,0.9127323921823914
3,2022-05-28,34.656989279526115,49.95718640907648,advisor_summarized,0.6937338103018038
3,2022-05-29,22.926851023672622,48.62711737378556,advisor_summarized,0.4714828322526122
3,2022-05-30,19.610605654325823,38.759474037791584,advisor_summarized,0.5059564439704453
3,2022-05-31,16.939748590576563,30.485254371422027,advisor_summarized,0.5556702392634943
3,2022-06-01,11.687699181075706,22.161131921042823,advisor_summarized,0.5273963091198333
3,2022-06-02,7.625061961147362,15.775934669217976,advisor_summarized,0.48333503662546173
3,2022-06-03,3.8302196960458215,11.729713064538112,advisor_summarized,0.3265399311109787
3,2022-06-04,0.6999238047339154,7.585783313287354,advisor_summarized,0.0922678352158992
3,2022-06-05,0.13365256721989005,5.22095993541193,advisor_summarized,0.025599232492356783
3,2022-06-06,0.6470842954496104,5.455020876137241,advisor_summarized,0.11862178168377932
3,2022-06-07,0.40473512004038276,6.750444652545128,advisor_summarized,0.05995680890262318
3,2022-06-08,0.21350443804402625,6.683266533599425,advisor_summarized,0.03194612050419581
3,2022-06-09,0.46275158097729807,4.196681984030162,advisor_summarized,0.11026605845718812
3,2022-06-10,0.5966976065890015,2.897613845547244,advisor_summarized,0.2059272347507399
3,2022-06-11,0.22516590712174103,4.7891609418331464,advisor_summarized,0.047015731953153846
3,2022-06-12,0.005646417276082902,5.026947191559306,advisor_summarized,0.0011232298770839967
3,2022-06-13,0.020126601533723386,2.5499110971727568,advisor_summarized,0.007893060097679086
3,2022-06-14,0.09350299256108785,1.2493888511587474,advisor_summarized,0.07483898425567698
3,2022-06-15,0.04834571113303186,2.557010363504419,advisor_summarized,0.018907123656226946
3,2022-06-16,0.007769077754946022,5.641975829795885,advisor_summarized,0.0013770136543153342
3,2022-06-17,6.323587661111956e-5,3.4696076644480627,advisor_summarized,1.822565624899811e-5
3,2022-06-30,48.73532419035468,20.9962479581896,advisor_summarized,2.321144439111343
3,2022-07-01,68.31638106431984,81.1875714792932,advisor_summarized,0.8414635370851542
3,2022-07-02,60.9664411436425,70.35726022314974,advisor_summarized,0.8665266519798711
3,2022-07-03,41.9318574640034,69.39369927314401,advisor_summarized,0.6042602988918824
3,2022-07-04,36.68820365548003,72.88077742434179,advisor_summarized,0.5034002785380054
3,2022-07-05,27.0445417245184,54.685682796905645,advisor_summarized,0.49454519613401804
3,2022-07-06,23.618435960580637,37.91253580213783,advisor_summarized,0.6229716757497616
3,2022-07-07,19.507203266866128,30.352543644407405,advisor_summarized,0.6426875946675533
3,2022-07-08,18.587734338421647,31.093050197958195,advisor_summarized,0.5978099356634448
3,2022-07-09,25.330967362588577,39.46625509539644,advisor_summarized,0.6418386366114407
3,2022-07-10,29.29901089950186,40.31426017076726,advisor_summarized,0.7267654367311744
3,2022-07-11,27.975348436654375,32.58242765125656,advisor_summarized,0.8586023342424423
3,2022-07-12,26.325084301989946,33.6453546225893,advisor_summarized,0.782428498593248
3,2022-07-13,20.866600018229843,36.92486955266035,advisor_summarized,0.5651096475363568
3,2022-07-14,17.935741791458913,42.03151970191493,advisor_summarized,0.42672123013058155
3,2022-07-15,19.697179762877735,48.86110903349002,advisor_summarized,0.4031259247385695
3,2022-07-16,18.957738739446686,39.904055729393455,advisor_summarized,0.47508300579788826
3,2022-07-17,19.746914286279075,34.94230635944404,advisor_summarized,0.5651291040478779
3,2022-07-18,17.96898247705152,36.95111959400886,advisor_summarized,0.48629060971578664
3,2022-07-19,19.855887997299074,40.58341246721182,advisor_summarized,0.48926117322788115
3,2022-07-20,26.27285362561481,44.699166546644754,advisor_summarized,0.5877705482091796
3,2022-07-21,28.00515327658515,42.085174455749375,advisor_summarized,0.6654398761262421
3,2022-07-22,42.70535216995549,54.06571643708609,advisor_summarized,0.7898785956096567
3,2022-07-23,98.43473868124056,98.4792939441346,advisor_summarized,0.9995475671980415
3,2022-07-24,71.1007916915422,73.9254729765237,advisor_summarized,0.9617901493051181
3,2022-07-25,62.52933251963212,68.17059098506373,advisor_summarized,0.9172479160893938
3,2022-07-26,50.38425862554233,69.09452155462036,advisor_summarized,0.7292077214213394
3,2022-07-27,77.27135696012638,98.71777978841712,advisor_summarized,0.7827501502337564
3,2022-07-28,60.24020980795632,75.84022844477145,advisor_summarized,0.7943041713254408
3,2022-07-29,50.854166641651844,65.0290187449181,advisor_summarized,0.7820226665441726
3,2022-07-30,38.06392208475845,54.765365753716544,advisor_summarized,0.6950363895300986
3,2022-07-31,31.288814358173695,50.387991665572684,advisor_summarized,0.6209577584643368
3,2022-08-01,27.598646105657895,46.5906252758867,advisor_summarized,0.5923647931795791
3,2022-08-02,26.09897137918607,37.91063950037925,advisor_summarized,0.6884339521343338
3,2022-08-03,24.96423873580869,32.131057944276534,advisor_summarized,0.7769504128716539
3,2022-08-04,31.837906426555133,44.43605052616555,advisor_summarized,0.7164882128263812
3,2022-08-05,28.383843342660317,49.66241008178573,advisor_summarized,0.5715357610699289
3,2022-08-06,31.60660395819283,61.26308868298421,advisor_summarized,0.5159159395594031
3,2022-08-07,56.022680938037944,91.322968439764,advisor_summarized,0.613456635227425
3,2022-08-08,45.81340530774954,82.23676008098785,advisor_summarized,0.5570915641938216
3,2022-08-09,35.76372074327912,77.74156194603881,advisor_summarized,0.4600334730617205
3,2022-08-10,29.24587211455162,71.97347510219272,advisor_summarized,0.406342365337041
3,2022-08-11,24.96288412458972,57.84831396250863,advisor_summarized,0.4315231061145207
3,2022-08-12,22.63455838883894,44.02255500751655,advisor_summarized,0.5141582169634235
3,2022-08-13,36.80260993663501,43.58154340313683,advisor_summarized,0.8444540294547279
3,2022-08-14,144.90007173781967,115.57858419212056,advisor_summarized,1.2536930846718062
3,2022-08-15,102.08825765494363,92.777969608195,advisor_summarized,1.1003502025973013
3,2022-08-16,75.36367278007832,77.67314798512511,advisor_summarized,0.9702667489994216
3,2022-08-17,57.826329350434676,63.239922816828766,advisor_summarized,0.9143959507655585
3,2022-08-18,47.51387671779967,53.677441742159374,advisor_summarized,0.8851740167877875
3,2022-08-19,46.565753850265054,61.199808379055334,advisor_summarized,0.7608807132507533
3,2022-08-20,33.613852436865265,63.70654826384534,advisor_summarized,0.5276357510008395
3,2022-08-21,28.64239987629365,58.65535320351813,advisor_summarized,0.48831689371833303
3,2022-08-22,31.319400219921253,51.399681354203096,advisor_summarized,0.6093306299720899
3,2022-08-23,40.661391854856014,55.01778404880434,advisor_summarized,0.7390590616806145
3,2022-08-24,40.03357005988998,58.35019215783317,advisor_summarized,0.6860914862388454
3,2022-08-25,236.93670882371472,204.1887295151647,advisor_summarized,1.1603809347671066
3,2022-08-26,397.7045233934093,276.58593268241924,advisor_summarized,1.4379058238296614
3,2022-08-27,510.7193729164123,307.77359232861335,advisor_summarized,1.659399589978829
3,2022-08-28,394.76359595201995,264.93588708577295,advisor_summarized,1.4900344392536573
3,2022-08-29,464.9903097758238,310.7977827663896,advisor_summarized,1.4961184910554288
3,2022-08-30,334.38820510862655,234.3307184472134,advisor_summarized,1.4269926167787201
3,2022-08-31,260.70402586500114,210.51965281672992,advisor_summarized,1.2383833166016085
3,2022-09-01,231.10505461511215,231.07401482677156,advisor_summarized,1.0001343283378872
3,2022-09-02,225.6215211149143,250.241219236182,advisor_summarized,0.9016161358371931
3,2022-09-03,221.68232559726604,207.86033327498228,advisor_summarized,1.0664965369029713
3,2022-09-04,223.3344070198181,173.31212381151212,advisor_summarized,1.2886254123958942
3,2022-09-05,346.9839766798483,262.58365024688334,advisor_summarized,1.3214226260988111
3,2022-09-06,255.22145301423154,230.6899921932337,advisor_summarized,1.1063395103869502
3,2022-09-07,202.08080688547196,171.26016929343953,advisor_summarized,1.1799638393398053
3,2022-09-08,180.7709302044607,126.68322212934174,advisor_summarized,1.426952418528605
3,2022-09-09,266.8942701878431,164.69463127236477,advisor_summarized,1.620540196883923
3,2022-09-10,566.2677616164801,366.15547608943115,advisor_summarized,1.5465227167001945
3,2022-09-11,786.9830576347465,529.1412250921877,advisor_summarized,1.4872835838818592
3,2022-09-12,538.8985035672212,382.7184863919346,advisor_summarized,1.4080806721610661
3,2022-09-13,414.7021200774691,299.5949814698829,advisor_summarized,1.3842091681337374
3,2022-09-14,331.3559178487205,148.05771448358476,advisor_summarized,2.238018592982253
3,2022-11-15,22.008391543819823,17.879987948033953,advisor_summarized,1.23089521132702
3,2022-11-16,22.634894465236812,43.394629914748656,advisor_summarized,0.521605887864568
3,2022-11-17,18.691083983971097,38.67853489204932,advisor_summarized,0.4832417783180613
3,2022-11-18,14.743101082459727,33.59689553387467,advisor_summarized,0.4388233153147954
3,2022-11-19,11.85505846230142,29.6207398935525,advisor_summarized,0.4002283030371531
3,2022-11-20,10.612206586081026,27.737568305810296,advisor_summarized,0.3825932565205453
3,2022-11-21,9.668191310853691,26.3130149643645,advisor_summarized,0.36743000845578677
3,2022-11-22,9.81621316462968,26.7018021338934,advisor_summarized,0.3676236201364726
3,2022-11-23,9.989697474546087,26.85443494500454,advisor_summarized,0.3719943277527189
3,2022-11-24,9.726906912877826,26.48407645520528,advisor_summarized,0.36727378163742097
3,2022-11-25,9.112172996750319,25.525309634786534,advisor_summarized,0.3569857967298473
3,2022-11-26,9.92995776436571,26.850280336415064,advisor_summarized,0.36982696791058967
3,2022-11-27,10.871904066282273,28.17534970723806,advisor_summarized,0.3858658074965917
3,2022-11-28,10.43951492729229,27.339844207898313,advisor_summarized,0.3818425170205022
3,2022-11-29,9.183320723131194,25.543504032839746,advisor_summarized,0.3595168740876252
3,2022-11-30,9.028011881968753,25.201020074397743,advisor_summarized,0.3582399385150486
3,2022-12-01,10.121277742509783,26.827386809116813,advisor_summarized,0.37727408243393445
3,2022-12-02,11.547848460637157,29.193093136403892,advisor_summarized,0.39556782855040973
3,2022-12-03,11.173658278695564,28.762732110970415,advisor_summarized,0.38847694424806783
3,2022-12-04,10.339847031594893,27.54592876348553,advisor_summarized,0.37536752237961346
3,2022-12-05,9.534575427098131,26.095830055612343,advisor_summarized,0.3653677774103822
3,2022-12-06,8.585846211285933,24.480418034609343,advisor_summarized,0.3507230227501687
3,2022-12-07,7.639347506194012,23.05435028865654,advisor_summarized,0.3313625155575436
3,2022-12-08,6.753701015268375,21.687831598299713,advisor_summarized,0.3114050837520268
3,2022-12-09,5.826954317720337,19.976410239509047,advisor_summarized,0.29169176282713066
3,2022-12-10,5.041645102248055,18.439351108092627,advisor_summarized,0.27341770720095393
3,2022-12-11,4.823934348159205,18.100110183598385,advisor_summarized,0.26651408744077515
3,2022-12-12,4.367860183477992,17.134763660043024,advisor_summarized,0.25491219313771524
3,2022-12-13,3.949905379120097,16.247753094828525,advisor_summarized,0.2431047146068035
3,2022-12-14,3.512543738249811,15.447147577700376,advisor_summarized,0.22739109085230383
3,2022-12-15,4.096152152597767,16.40886514113283,advisor_summarized,0.2496304355826389
3,2022-12-16,4.758415545168078,17.76501549066712,advisor_summarized,0.2678531604809418
3,2022-12-17,4.301498003809127,17.033527956388706,advisor_summarized,0.2525312439573494
3,2022-12-18,3.7763964611327188,15.69572702231765,advisor_summarized,0.2406002892228621
3,2022-12-19,3.3677358648277407,14.979186436730243,advisor_summarized,0.22482768867672046
3,2022-12-20,3.0890775611840726,14.45376468471158,advisor_summarized,0.21372131265230393
3,2022-12-21,3.69204275490498,15.873603848434737,advisor_summarized,0.23259007785236147
3,2022-12-22,3.757147188676865,15.928059913835432,advisor_summarized,0.23588228629233945
3,2022-12-23,3.3092368270162913,14.59935183807755,advisor_summarized,0.22667011958607972
3,2022-12-24,2.918842883987875,13.916706888243704,advisor_summarized,0.20973660704556482
3,2022-12-25,2.67768284791706,13.37524325201076,advisor_summarized,0.20019694576504335
3,2022-12-26,2.474659294387703,12.890286724775436,advisor_summarized,0.19197860739834044
3,2022-12-27,2.2768445491034006,12.471392715285468,advisor_summarized,0.1825653799124458
3,2022-12-28,2.0499743239627795,11.798664365932268,advisor_summarized,0.1737463038513005
3,2022-12-29,1.886808501311246,11.423407414857694,advisor_summarized,0.1651703762974605
3,2022-12-30,1.6814286807703493,10.869347929521757,advisor_summarized,0.15469453104941971
3,2022-12-31,1.421928345407307,10.060235649051371,advisor_summarized,0.14134145511207657
3,2023-01-01,1.2679768523405133,9.4769740380142,advisor_summarized,0.133795539299188
3,2023-01-02,1.0765286584072824,8.87173371165339,advisor_summarized,0.12134366217430731
3,2023-01-03,0.9254016265189384,8.408116065119696,advisor_summarized,0.11006052002039825
3,2023-01-04,1.150812496703276,8.887825888409253,advisor_summarized,0.1294818903016617
3,2023-01-05,2.4357908330077467,12.722768277226608,advisor_summarized,0.19145132410905752
3,2023-01-06,2.284087302677718,12.360735407612411,advisor_summarized,0.18478571277167322
3,2023-01-07,1.8752096326802639,11.349136475138147,advisor_summarized,0.16522927861411923
3,2023-01-08,1.6861575259452062,10.88603025465784,advisor_summarized,0.1548918647570123
3,2023-01-09,1.4055039488258816,9.942174456238892,advisor_summarized,0.14136786223298495
3,2023-01-10,1.0779684949886879,8.890244825438524,advisor_summarized,0.12125295941279272
3,2023-01-11,0.8017065988248703,7.885648179060586,advisor_summarized,0.10166654415976967
3,2023-01-12,0.6469899399209372,7.348400142933922,advisor_summarized,0.08804500671388589
3,2023-01-13,0.9845721901723244,8.479627879179759,advisor_summarized,0.116110306277681
3,2023-01-14,0.9166116753181224,8.24007924979611,advisor_summarized,0.11123821113016634
3,2023-01-15,0.7586156080873536,7.709701012822894,advisor_summarized,0.09839753925938405
3,2023-01-16,0.6503597245765411,7.295051347978208,advisor_summarized,0.08915080834308116
3,2023-01-17,0.502700006981332,6.5995760657669855,advisor_summarized,0.07617156041111703
3,2023-01-18,0.39084502734049903,5.997207943114815,advisor_summarized,0.06517116482332659
3,2023-01-19,0.28356994389525064,5.390470626922014,advisor_summarized,0.052605785936203214
3,2023-01-20,0.18057189587456474,4.709184617663346,advisor_summarized,0.03834462025491004
3,2023-01-21,0.13340081015314245,4.334657645368259,advisor_summarized,0.03077539705948545
3,2023-01-22,0.1365006854457185,4.393216022223531,advisor_summarized,0.031070788405399567
3,2023-01-23,0.11307407241024743,3.976987595761601,advisor_summarized,0.028432090794236815
3,2023-01-24,0.06309525806896336,3.600342432378682,advisor_summarized,0.01752479361450001
3,2023-01-25,0.037819048653956286,3.162194223532286,advisor_summarized,0.011959748826468677
3,2023-01-26,0.0789933327560588,3.6560593523017055,advisor_summarized,0.021606140695261913
3,2023-01-27,0.04307421097373103,3.2074813261479806,advisor_summarized,0.013429294388273472
3,2023-01-28,0.015512516579473293,2.6823708927138927,advisor_summarized,0.005783136337189553
3,2023-01-29,0.0059678156106067444,2.3443183098162517,advisor_summarized,0.002545650727385439
3,2023-01-30,9.938189216801637e-4,1.8686118140332733,advisor_summarized,5.318487843310122e-4
3,2023-01-31,2.9720004962773112e-5,1.4315708421122573,advisor_summarized,2.0760415124774248e-5
3,2023-02-03,0.02329197066805367,1.9693586488504156,advisor_summarized,0.01182718581079684
3,2023-02-04,0.030389183937804105,2.9985888349805037,advisor_summarized,0.010134495127606146
3,2023-02-05,0.02056211783459158,2.882594647294331,advisor_summarized,0.007133197813258847
3,2023-02-06,0.006120338089199479,2.288790670816826,advisor_summarized,0.0026740488622383476
3,2023-02-07,5.523844233591222e-4,1.73082023761301,advisor_summarized,3.1914603917557644e-4
3,2023-02-11,0.011837791783937927,2.180951528455616,advisor_summarized,0.00542781058152198
3,2023-02-12,0.08454251579372352,3.775849973930636,advisor_summarized,0.022390327046208164
3,2023-02-13,0.06873430019447514,3.6101404269739104,advisor_summarized,0.01903923173761126
3,2023-02-14,0.03514107579282359,3.089514333916602,advisor_summarized,0.011374304176888207
3,2023-02-15,0.016894002138284927,2.721154196813448,advisor_summarized,0.006208395745477526
3,2023-02-16,0.00599396260906726,2.346699027981096,advisor_summarized,0.0025542102065913264
3,2023-02-17,0.0013791942361322295,1.9111183667807312,advisor_summarized,7.21668662760787e-4
3,2023-02-18,0.00108958381853375,1.9132532186669584,advisor_summarized,5.694927403769939e-4
3,2023-02-19,1.5391228644365672e-4,1.6009806793498071,advisor_summarized,9.613625475240827e-5
3,2023-03-12,0.02385122913986666,0.15438953946238934,advisor_summarized,0.1544873391223311
3,2023-03-13,41.94107050155855,60.887469126713114,advisor_summarized,0.6888292632803451
3,2023-03-14,46.98816654489666,69.1401792001867,advisor_summarized,0.6796072426837126
3,2023-03-15,27.632216039864,49.14428013587497,advisor_summarized,0.5622671847764574
3,2023-03-16,19.155899121162033,39.56388067049903,advisor_summarized,0.48417644570052776
3,2023-03-17,15.816680871325929,35.3700384023445,advisor_summarized,0.4471773734426458
3,2023-03-18,13.787315667020804,31.996611871669703,advisor_summarized,0.4308992377792446
3,2023-03-19,12.30834274092867,30.115254120877164,advisor_summarized,0.40870791564717385
3,2023-03-20,10.37007423976229,27.24757968814698,advisor_summarized,0.38058698638372623
3,2023-03-21,8.641167692758668,24.751633704743735,advisor_summarized,0.349115044115353
3,2023-03-22,7.820679487641591,23.40834919821153,advisor_summarized,0.3340978648865643
3,2023-03-23,7.045792445445309,22.2118935412164,advisor_summarized,0.31720809540038236
3,2023-03-24,6.450939285020527,21.21147569776846,advisor_summarized,0.3041249640966373
3,2023-03-25,5.697210854304639,19.58182349929471,advisor_summarized,0.2909438364874363
3,2023-03-26,5.280810697684787,18.877008197094614,advisor_summarized,0.2797482865159514
3,2023-03-27,4.8075283566015665,17.997035476964353,advisor_summarized,0.2671289036883354
3,2023-03-28,5.821730510056861,19.72871952841069,advisor_summarized,0.2950891213022303
3,2023-03-29,6.709194463508682,21.412860737206827,advisor_summarized,0.31332546107913717
3,2023-03-30,5.7519440337408145,19.730543215643426,advisor_summarized,0.29152486938019867
3,2023-03-31,5.286623121544143,18.958207197536197,advisor_summarized,0.2788567012935269
3,2023-04-01,4.954699632296587,18.38315214522859,advisor_summarized,0.26952394198524854
3,2023-04-02,4.453628567789765,17.30560380477243,advisor_summarized,0.2573518160956378
3,2023-04-03,3.869779224919832,16.409877633545133,advisor_summarized,0.23582011464907057
3,2023-04-04,3.6928665798667026,15.601690738693184,advisor_summarized,0.23669656332234293
3,2023-04-05,3.1240674540802957,14.390436735532807,advisor_summarized,0.21709330380268177
3,2023-04-06,2.5851113462474737,13.1961699595783,advisor_summarized,0.19589860953337435
3,2023-04-07,2.114265030678389,12.065810475695784,advisor_summarized,0.17522776732960976
3,2023-04-08,1.6149101142245303,10.665435928361475,advisor_summarized,0.15141529376498988
3,2023-04-09,1.331129348197871,9.632973933454496,advisor_summarized,0.1381846725002517
3,2023-04-10,1.0530125418217313,8.760791758485952,advisor_summarized,0.12019604744077536
3,2023-04-11,0.8754035444050048,8.138345789456055,advisor_summarized,0.10756529238892347
3,2023-04-12,0.6775313300999204,7.472195068302528,advisor_summarized,0.09067366736369697
3,2023-04-13,0.4154136352880985,6.138681817199823,advisor_summarized,0.06767147209424687
3,2023-04-14,0.2428618346805642,5.1165554852320705,advisor_summarized,0.047465885082559355
3,2023-04-15,0.0986833306325256,3.872922703967161,advisor_summarized,0.025480325370666718
3,2023-04-16,0.03096458589244017,2.964118314261045,advisor_summarized,0.010446474333855881
3,2023-04-17,0.003996813465382344,2.011595283091774,advisor_summarized,0.001986887471340327
3,2023-05-12,5.263399587370373,1.6344815742434882,advisor_summarized,3.220225709675872
3,2023-05-13,2.312995143417131,12.450533001504596,advisor_summarized,0.1857747891706817
3,2023-05-14,1.5075793233880885,10.249991189433745,advisor_summarized,0.14708103602490744
3,2023-05-15,1.0284415181332562,8.702039430730943,advisor_summarized,0.11818396438211387
3,2023-05-16,0.7665516333721216,7.726761092216559,advisor_summarized,0.09920736829100311
3,2023-05-17,0.7385652133446831,7.620167717727891,advisor_summarized,0.09692243539816751
3,2023-05-18,0.7052710380399139,7.486183907517024,advisor_summarized,0.09420968637061367
3,2023-05-19,0.5011924354141918,6.570205200839518,advisor_summarized,0.07628261524467321
3,2023-05-20,0.29482176351486306,5.447987867413517,advisor_summarized,0.05411571587343355
3,2023-05-21,3.7754362225271767,11.186412735484389,advisor_summarized,0.33750195990454795
3,2023-05-22,27.65118479422542,45.32828153423761,advisor_summarized,0.6100205844631408
3,2023-05-23,46.792663911607676,69.14463132385139,advisor_summarized,0.6767360388754663
3,2023-05-24,23.228662397889394,44.20836502016176,advisor_summarized,0.5254359076001948
3,2023-05-25,13.436867693022219,31.818568539545012,advisor_summarized,0.4222964234334584
3,2023-05-26,10.05132563851928,26.91989738969076,advisor_summarized,0.3733790472161508
3,2023-05-27,8.398348482150546,24.325121302413596,advisor_summarized,0.34525412546728973
3,2023-05-28,7.1921187941465154,22.32018494397544,advisor_summarized,0.3222248745787287
3,2023-05-29,6.226360591002007,20.635420333132775,advisor_summarized,0.30173170647775943
3,2023-05-30,5.799532877379689,19.8639381834893,advisor_summarized,0.2919628939542412
3,2023-05-31,5.474711612660501,19.263515715077457,advisor_summarized,0.28420106140726287
3,2023-06-01,5.111358626914809,4.774425775506282,advisor_summarized,1.0705703402358995
3,2023-06-02,4.698646612727595,4.529562160577155,advisor_summarized,1.0373290941058406
3,2023-06-03,4.2979017962038615,4.125358368198457,advisor_summarized,1.0418250761765344
3,2023-06-04,4.38409691848452,4.047359318460276,advisor_summarized,1.0831993340666248
3,2023-06-05,4.437082396402238,4.109228045209597,advisor_summarized,1.0797849006152977
3,2023-06-06,3.6159955470983705,3.558129781806828,advisor_summarized,1.0162629720780332
3,2023-06-07,2.8880918119472025,2.936147369223208,advisor_summarized,0.9836331248970248
3,2023-06-08,2.180786079937581,2.202324967373359,advisor_summarized,0.9902199322284999
3,2023-06-09,1.7322304691971395,1.7523167679347404,advisor_summarized,0.9885372901149178
3,2023-06-10,1.4944614274241086,1.5285932794464598,advisor_summarized,0.9776710702046844
3,2023-06-11,1.0598334111401886,1.1455316476496549,advisor_summarized,0.9251891148661866
3,2023-06-12,0.6725188412221457,0.7313139004759849,advisor_summarized,0.9196035256330124
3,2023-06-13,0.3500724035674193,0.39643333052960333,advisor_summarized,0.8830549214914661
3,2023-06-14,0.15554748248892525,0.183820976626745,advisor_summarized,0.8461900559084176
3,2023-06-15,0.8990934426419686,0.9603449516800632,advisor_summarized,0.9362192627441431
3,2023-06-16,5.290302614404324,4.935100816844899,advisor_summarized,1.0719745777729648
3,2023-06-17,5.361527513078657,5.056122010431616,advisor_summarized,1.06040311171624
3,2023-06-18,6.323737508409229,5.732954294641954,advisor_summarized,1.1030503966025726
3,2023-06-19,6.941106713905174,6.286247901334353,advisor_summarized,1.10417324019815
3,2023-06-20,8.025578357648353,7.273632384295941,advisor_summarized,1.103379705437945
3,2023-06-21,10.17529453633547,8.717596295747933,advisor_summarized,1.1672133224726795
3,2023-06-22,21.448801650292346,16.882937201466046,advisor_summarized,1.270442541741482
3,2023-06-23,50.16864596163958,35.61663394015583,advisor_summarized,1.4085734785026145
3,2023-06-24,53.23236032315263,37.768776371079106,advisor_summarized,1.409427718815761
3,2023-06-25,33.968101814730574,25.57805867919303,advisor_summarized,1.3280171978947952
3,2023-06-26,18.989114651384828,15.440794010681817,advisor_summarized,1.229801695317502
3,2023-06-27,12.65548520793306,10.71398096223014,advisor_summarized,1.181212217246538
3,2023-06-28,10.373923844545269,8.941754113434708,advisor_summarized,1.1601665302961943
3,2023-06-29,8.638695121305553,7.560918255265638,advisor_summarized,1.142545763576973
3,2023-06-30,7.505632825941049,6.7144869058716,advisor_summarized,1.1178267127719943
3,2023-07-01,6.692397722115512,6.080754904487319,advisor_summarized,1.1005866586033304
3,2023-07-02,6.013288297334084,5.534985773354813,advisor_summarized,1.0864144089189531
3,2023-07-03,5.653960246866649,5.1837054304424806,advisor_summarized,1.0907178894970557
3,2023-07-04,7.891323630936138,7.015012727511483,advisor_summarized,1.1249193604436294
3,2023-07-05,7.315754776679415,6.650190806533767,advisor_summarized,1.1000819359185507
3,2023-07-06,6.808847512463419,6.274507287293079,advisor_summarized,1.0851605075433521
3,2023-07-07,12.152312642272854,10.318098715992232,advisor_summarized,1.1777666580605337
3,2023-07-08,11.182179072292865,9.598082861373827,advisor_summarized,1.1650429813743344
3,2023-07-09,10.770645868362356,9.278652899682594,advisor_summarized,1.1607984461549155
3,2023-07-10,21.537862519602175,16.98349724925753,advisor_summarized,1.2681641598018778
3,2023-07-11,38.145652653687776,28.159160821227236,advisor_summarized,1.3546445114561942
3,2023-07-12,54.13834867609339,38.31428614832458,advisor_summarized,1.4130068472764898
3,2023-07-13,45.579364991348875,32.98207488595444,advisor_summarized,1.3819435299008143
3,2023-07-14,39.11500091866495,28.861034726007517,advisor_summarized,1.355287545647741
3,2023-07-15,33.09191617513519,24.94195515735301,advisor_summarized,1.3267571032970737
3,2023-07-16,30.809182732395023,23.432478312177384,advisor_summarized,1.3148068386938019
3,2023-07-17,26.484938532967146,20.520788800600553,advisor_summarized,1.290639399407105
3,2023-07-18,27.4047125679005,21.141296369618015,advisor_summarized,1.2962645283798013
3,2023-07-19,20.278281617173263,16.2171357441423,advisor_summarized,1.2504231287881935
3,2023-07-20,12.207624318812785,10.364930389833043,advisor_summarized,1.1777816019668825
3,2023-07-21,9.603068483645913,8.385383446372982,advisor_summarized,1.1452151884359718
3,2023-07-22,8.617056035777265,7.614250286148461,advisor_summarized,1.1317011802794386
3,2023-07-23,8.376347677426688,7.42692594546541,advisor_summarized,1.127835088020631
3,2023-07-24,13.95994178398564,11.636231896197836,advisor_summarized,1.1996960793250502
3,2023-07-25,15.443815163995428,12.767952931595138,advisor_summarized,1.2095764486865153
3,2023-07-26,13.878865264410667,11.62003980538516,advisor_summarized,1.1943905095728402
3,2023-07-27,11.632581003911097,9.940645591846163,advisor_summarized,1.1702037756433796
3,2023-07-28,13.287637097836992,11.128248115438168,advisor_summarized,1.1940457257960588
3,2023-07-29,20.881532892366458,16.645734698169694,advisor_summarized,1.2544674819707728
3,2023-07-30,30.694264615201387,22.25702667333472,advisor_summarized,1.3790819890589876
3,2023-07-31,205.7723555474722,120.7351516775146,advisor_summarized,1.7043284634875289
3,2023-08-01,379.9361215406378,202.8814555031025,advisor_summarized,1.8727000976924073
3,2023-08-02,886.6727579411424,426.88456163256615,advisor_summarized,2.0770785304349597
3,2023-08-03,473.10854770612264,249.0036215145373,advisor_summarized,1.9000066939930096
3,2023-08-04,312.8962288563462,174.76175193007398,advisor_summarized,1.7904159542961258
3,2023-08-05,247.7405016467445,142.93586565100648,advisor_summarized,1.7332283994531503
3,2023-08-06,198.75507429463096,118.21706180566024,advisor_summarized,1.6812723244752017
3,2023-08-07,161.91226814114262,99.0394601795688,advisor_summarized,1.6348258345469462
3,2023-08-08,133.78462181455603,83.98984305487345,advisor_summarized,1.5928666723088165
3,2023-08-09,112.98763604579754,72.57413019419756,advisor_summarized,1.5568582874291357
3,2023-08-10,101.87333442947293,66.3535704502592,advisor_summarized,1.5353105151416155
3,2023-08-11,91.19565514818208,60.275989853978665,advisor_summarized,1.5129681879817771
3,2023-08-12,78.13510075585361,52.71119224962459,advisor_summarized,1.482324671880479
3,2023-08-13,67.95943932753316,46.697485649928126,advisor_summarized,1.455312601560546
3,2023-08-14,101.96160854256823,65.21122757448197,advisor_summarized,1.5635591037772028
3,2023-08-15,192.85391031728986,115.2004149494464,advisor_summarized,1.6740730526180854
3,2023-08-16,191.41540239372202,114.46316447780782,advisor_summarized,1.6722882271076276
3,2023-08-17,191.80265404033673,114.57836899205482,advisor_summarized,1.673986597362342
3,2023-08-18,217.65308157677993,127.86029089131814,advisor_summarized,1.7022726920102667
3,2023-08-19,184.62752756992376,110.94476469431402,advisor_summarized,1.6641391604067823
3,2023-08-20,190.14447326443832,113.71270323949484,advisor_summarized,1.6721480348942852
3,2023-08-21,206.8892092441649,122.38556348181788,advisor_summarized,1.6904707006141393
3,2023-08-22,175.47516573196256,106.1794022235528,advisor_summarized,1.6526290604133627
3,2023-08-23,154.16144756107363,94.94785815098408,advisor_summarized,1.623643234963019
3,2023-08-24,138.71808739902087,86.67259394606317,advisor_summarized,1.600483856354246
3,2023-08-25,126.37766915552224,79.96342406860263,advisor_summarized,1.5804434418303506
3,2023-08-26,127.8309135515446,80.75086346164032,advisor_summarized,1.5830284416991907
3,2023-08-27,108.31350375941942,69.9622298730621,advisor_summarized,1.548171119701888
3,2023-08-28,89.77170270104011,59.45518517051065,advisor_summarized,1.509905358861219
3,2023-08-29,82.43263385836356,55.15087363677071,advisor_summarized,1.4946750327342646
3,2023-08-30,212.5181282937821,125.91591189105075,advisor_summarized,1.6877781775321952
3,2023-08-31,230.2447892592981,134.1865446638606,advisor_summarized,1.715856011018578
3,2023-09-01,191.08816801754833,114.2930550786245,advisor_summarized,1.6719140798720877
3,2023-09-02,180.04992784570993,108.5749650708296,advisor_summarized,1.6583005827195354
3,2023-09-03,165.6107490242643,101.01185286451822,advisor_summarized,1.6395179805917341
3,2023-09-04,146.17245803017101,90.6784140033069,advisor_summarized,1.6119873691752078
3,2023-09-05,123.2176073424535,78.22013348748996,advisor_summarized,1.5752671575555437
3,2023-09-06,100.84407788769283,65.7561435820419,advisor_summarized,1.5336069360860982
3,2023-09-07,81.73985581595686,54.81002799975929,advisor_summarized,1.4913303057665988
3,2023-09-08,68.43370205727533,46.984190001118805,advisor_summarized,1.456526164559733
3,2023-09-09,59.5846419299659,41.6566300881344,advisor_summarized,1.4303759522529924
3,2023-09-10,52.26028804266445,37.161674915317725,advisor_summarized,1.4062952803325666
3,2023-09-11,60.505964844321426,41.966213469705544,advisor_summarized,1.4417780362290562
3,2023-09-12,105.33413922133988,68.2979573291079,advisor_summarized,1.5422736395140697
3,2023-09-13,99.09715493006487,64.77750003499666,advisor_summarized,1.5298082648531772
3,2023-09-14,85.81050072508597,57.18140527240149,advisor_summarized,1.500671421352813
3,2023-09-15,121.50832884151784,77.20076993230072,advisor_summarized,1.5739263863310111
3,2023-09-16,111.56672340884782,71.7773356114086,advisor_summarized,1.5543447309447764
3,2023-09-17,102.88051086534841,66.91764587602385,advisor_summarized,1.5374197570540928
3,2023-09-18,102.32199821453801,66.59639490990445,advisor_summarized,1.536449508309951
3,2023-09-19,84.73845512851791,56.55295168875787,advisor_summarized,1.4983913765435346
3,2023-09-20,71.79060070460645,48.97950848009484,advisor_summarized,1.465727258855241
3,2023-09-21,64.35917508027843,44.546146644494485,advisor_summarized,1.4447753605694347
3,2023-09-22,60.98698160505302,44.25599984987474,advisor_summarized,1.378050022865445
3,2023-09-23,51.51611802915417,36.70416481451755,advisor_summarized,1.403549659541036
3,2023-09-24,45.601780588749676,33.00083584458593,advisor_summarized,1.3818371390199513
3,2023-09-25,40.31806985640224,29.642848720425196,advisor_summarized,1.3601280442598407
3,2023-09-26,80.39561674944783,52.51914940423194,advisor_summarized,1.530786725631349
3,2023-09-27,163.45726645586888,99.86363706755462,advisor_summarized,1.6368046593906365
3,2023-09-28,135.91976074874626,85.15818457493265,advisor_summarized,1.5960857013003527
3,2023-09-29,115.31673185878914,73.86449001919253,advisor_summarized,1.561193096017124
3,2023-09-30,100.47600330672167,65.56375079613352,advisor_summarized,1.5324932159410107
3,2023-10-01,88.94600290302229,58.98973892045129,advisor_summarized,1.5078216064486665
3,2023-10-02,76.78099906270964,51.91250266544984,advisor_summarized,1.4790463784326646
3,2023-10-03,65.24260762900633,45.07628924390023,advisor_summarized,1.4473819545346678
3,2023-10-04,59.678010754709696,41.71573724761234,advisor_summarized,1.4305874639222744
3,2023-10-05,54.87155375950497,38.776104412437775,advisor_summarized,1.4150868064483662
3,2023-10-06,51.069542927047976,36.42706301169181,advisor_summarized,1.4019670735095071
3,2023-10-07,48.32624342611148,34.71535435637438,advisor_summarized,1.3920711547407234
3,2023-10-08,42.83534092255757,31.25008770996566,advisor_summarized,1.3707270622762884
3,2023-10-09,37.560225107636256,27.862893457869536,advisor_summarized,1.3480374952597691
3,2023-10-10,32.814810212918545,24.759543573510246,advisor_summarized,1.3253398680590571
3,2023-10-11,30.33308829813656,23.11547054877275,advisor_summarized,1.3122418699690719
3,2023-10-12,197.70573875728422,116.53933600427337,advisor_summarized,1.6964721572640038
3,2023-10-13,226.0320453167164,132.08371588659367,advisor_summarized,1.7112786674686395
3,2023-10-14,181.1305652287712,109.114794157102,advisor_summarized,1.660000063492599
3,2023-10-15,147.95731359585204,91.62792634949191,advisor_summarized,1.6147622181419419
3,2023-10-16,122.76953729906106,77.98175740268378,advisor_summarized,1.574336631900987
3,2023-10-17,104.8933672138474,68.05320539093661,advisor_summarized,1.5413435210182942
3,2023-10-18,88.45223579150881,58.702768416098145,advisor_summarized,1.5067813354992032
3,2023-10-19,76.15879781692401,51.55911444510003,advisor_summarized,1.4771160955065983
3,2023-10-20,68.10274807082332,46.78949111355201,advisor_summarized,1.4555137585392157
3,2023-10-21,61.79342093716996,42.9947330537664,advisor_summarized,1.4372323433173815
3,2023-10-22,53.99770326624492,38.237900587958755,advisor_summarized,1.4121513586247718
3,2023-10-23,50.139607150874006,35.848326753388505,advisor_summarized,1.3986596221296337
3,2023-10-24,45.890493740439794,33.186151120967565,advisor_summarized,1.3828206101142417
3,2023-10-25,42.893529188793856,31.288814914028872,advisor_summarized,1.3708901825349036
3,2023-10-26,40.571972951683605,29.805604996095052,advisor_summarized,1.3612195745397249
3,2023-10-27,37.818564839158554,28.03186160669708,advisor_summarized,1.3491278378073661
3,2023-10-28,35.33359985021532,26.41580627611899,advisor_summarized,1.337593086536162
3,2023-10-29,34.25703770848939,25.71142784466336,advisor_summarized,1.3323662114548707
3,2023-10-30,32.588330680156446,24.612774856121632,advisor_summarized,1.324041310687533
3,2023-10-31,31.4307946725833,23.84603457084424,advisor_summarized,1.3180721758666196
3,2023-11-01,29.381106940838446,22.47772566781975,advisor_summarized,1.3071209861281439
3,2023-11-02,24.8034887365392,19.376604392076,advisor_summarized,1.2800740643021287
3,2023-11-03,22.830211265511622,18.017308941177607,advisor_summarized,1.2671265914375471
3,2023-11-04,20.302310051567005,16.24973325041676,advisor_summarized,1.2493934354920138
3,2023-11-05,16.66685321859957,13.65791751137082,advisor_summarized,1.2203070639959332
3,2023-11-06,12.706069830398816,10.746371746508125,advisor_summarized,1.1823590445330971
3,2023-11-07,10.22053826515141,8.862224386374212,advisor_summarized,1.1532700842991093
3,2023-11-08,8.689573462507951,7.671404042297461,advisor_summarized,1.1327226951672285
3,2023-11-09,7.078408597200658,6.389688769647164,advisor_summarized,1.1077861304959185
3,2023-11-10,6.0101244953312145,5.521000080971567,advisor_summarized,1.088593444518402
3,2023-11-11,5.44615995092672,5.054551398910841,advisor_summarized,1.0774764209738303
3,2023-11-12,5.3782933965759385,4.998478437140503,advisor_summarized,1.0759861154172985
3,2023-11-13,5.183062537854807,4.835256440710198,advisor_summarized,1.0719312618491696
3,2023-11-14,5.26375629267106,4.9016098733114255,advisor_summarized,1.0738831585376614
3,2023-11-15,8.987264311654437,7.870883191415828,advisor_summarized,1.1418368298815769
3,2023-11-16,15.208456451496325,12.599689874362111,advisor_summarized,1.207050062592615
3,2023-11-17,25.865485631733016,20.062443720324826,advisor_summarized,1.2892490063675173
3,2023-11-18,32.04333974785311,24.251508665352432,advisor_summarized,1.3212926333788333
3,2023-11-19,28.663802547680387,21.99551912637597,advisor_summarized,1.303165539444265
3,2023-11-20,24.622233912636773,19.252985304575017,advisor_summarized,1.2788787568848288
3,2023-11-21,21.85649537518354,17.34061641964814,advisor_summarized,1.2604220545711737
3,2023-11-22,21.833334745596865,17.323477647349833,advisor_summarized,1.2603320874741888
3,2023-11-23,24.372406842696357,19.08232720440352,advisor_summarized,1.2772240294188058
3,2023-11-24,23.070732131236404,18.18495136340692,advisor_summarized,1.2686716433930645
3,2023-11-25,22.432381415901208,17.742166909038076,advisor_summarized,1.2643540967069744
3,2023-11-26,31.91362486903256,23.829030299201307,advisor_summarized,1.339275013222096
3,2023-11-27,79.8034781048793,53.69470291494097,advisor_summarized,1.4862448951677385
3,2023-11-28,66.05852380378806,45.55564980708035,advisor_summarized,1.4500621565828509
3,2023-11-29,53.90133423325492,38.17649929154074,advisor_summarized,1.411898294330998
3,2023-11-30,46.91006227872853,33.82789119480486,advisor_summarized,1.3867273608214978
3,2023-12-01,42.801121990321064,31.229001299414342,advisor_summarized,1.3705568609113268
3,2023-12-02,40.87915274801481,30.003237119363707,advisor_summarized,1.3624914066899776
3,2023-12-03,44.172763653092495,32.094493001144016,advisor_summarized,1.3763346768406015
3,2023-12-04,50.279163507516635,35.936890142943184,advisor_summarized,1.3990961184322122
3,2023-12-05,47.56857290010741,34.241500700649084,advisor_summarized,1.3892081809138026
3,2023-12-06,40.77945523624043,29.87575185470391,advisor_summarized,1.3649683340042784
3,2023-12-07,37.24793393688302,27.66186323621559,advisor_summarized,1.346544649534566
3,2023-12-08,35.331422507328504,26.415033950809416,advisor_summarized,1.337549767042638
3,2023-12-09,34.42154076424335,25.818631573427197,advisor_summarized,1.3332054670035403
3,2023-12-10,37.70413327461337,27.884650353794814,advisor_summarized,1.3521465320967248
3,2023-12-11,79.11141237535763,53.28733906530147,advisor_summarized,1.4846193066313522
3,2023-12-12,71.524274099234745,48.82564537307339,advisor_summarized,1.4648915247862613
3,2023-12-13,65.34055506129476,45.13617656077088,advisor_summarized,1.4476315904454362
3,2023-12-14,61.42550670353048,42.77698446027252,advisor_summarized,1.435947565695685
3,2023-12-15,59.31851490302815,41.49886032961903,advisor_summarized,1.429401059013919
3,2023-12-16,59.83059007323856,41.77904412141856,advisor_summarized,1.4320717797984672
3,2023-12-17,825.6409125763988,398.6160558693732,advisor_summarized,2.0712685814315566
3,2023-12-18,824.0941713576702,401.3665259012924,advisor_summarized,2.0532209792710487
3,2023-12-19,589.0806717568679,300.95167633681626,advisor_summarized,1.9573928908692508
3,2023-12-20,436.0947976964164,232.51743563386765,advisor_summarized,1.8755358990932223
3,2023-12-21,354.2589598371613,194.49703124402004,advisor_summarized,1.821410628076377
3,2023-12-22,302.5672339600082,169.8297112778666,advisor_summarized,1.781591876258703
3,2023-12-23,267.56274182834585,152.76981048873782,advisor_summarized,1.7514110999572823
3,2023-12-24,235.78236239690023,137.00613982276982,advisor_summarized,1.7209620145630453
3,2023-12-25,223.97727941411947,131.0765806069506,advisor_summarized,1.7087513145139415
3,2023-12-26,218.78796666765518,128.45260623398164,advisor_summarized,1.703258291771239
3,2023-12-27,201.4954609663153,119.64732421141086,advisor_summarized,1.684078288372608
3,2023-12-28,185.60536517855172,111.462822200605,advisor_summarized,1.665177334596004
3,2023-12-29,173.31034476229345,105.05880650742915,advisor_summarized,1.6496508053328964
3,2023-12-30,152.03781579259677,93.77498140454992,advisor_summarized,1.6213046754624039
3,2023-12-31,87.85305558947674,58.364666391146976,advisor_summarized,1.5052438576570482
3,2024-01-01,81.9793674827852,54.966409046543625,advisor_summarized,1.4914448461308059
3,2024-01-02,75.77357355592429,51.33448769299782,advisor_summarized,1.4760753824813184
3,2024-01-03,70.02684292262998,47.93902910682206,advisor_summarized,1.460748042405904
3,2024-01-04,71.54555674221082,48.84048594641499,advisor_summarized,1.4648821639634493
3,2024-01-05,66.7463422989238,45.98128567435426,advisor_summarized,1.4515979994911519
3,2024-01-06,84.29082004722586,56.22710003169212,advisor_summarized,1.4991137725352326
3,2024-01-07,88.35479541746068,58.65384112566556,advisor_summarized,1.5063769690404585
3,2024-01-08,80.90011742727023,54.33819528913796,advisor_summarized,1.4888259905724532
3,2024-01-09,114.61450690185404,72.74942550971792,advisor_summarized,1.5754695806710357
3,2024-01-10,202.4712711750296,120.14109403226873,advisor_summarized,1.6852790696299786
3,2024-01-11,169.80554563910476,103.21487109346884,advisor_summarized,1.6451655060958517
3,2024-01-12,149.71586796977837,92.58490865370936,advisor_summarized,1.6170655687500113
3,2024-01-13,139.9368390839526,87.33043071460288,advisor_summarized,1.6023834754836859
3,2024-01-14,119.7968337344898,76.34847264579436,advisor_summarized,1.5690796368680047
3,2024-01-15,108.26124163518962,69.94710166675863,advisor_summarized,1.5477587927941159
3,2024-01-16,110.49199395857009,71.18204982670419,advisor_summarized,1.5522451829859871
3,2024-01-17,108.39284497382172,70.01487083003624,advisor_summarized,1.5481403263165259
3,2024-01-18,96.87353775373667,63.52753889463961,advisor_summarized,1.524906197206874
3,2024-01-19,92.63405927901232,61.11147745804064,advisor_summarized,1.5158209739343187
3,2024-01-20,86.94649934274777,57.84132023407857,advisor_summarized,1.503190089556794
3,2024-01-21,79.27562277962528,53.38992340013656,advisor_summarized,1.4848424146535208
3,2024-01-22,74.73071089825645,50.7226998252161,advisor_summarized,1.473318872137502
3,2024-01-23,72.00168122760061,49.1106941204117,advisor_summarized,1.4661100299471193
3,2024-01-24,69.00955470064925,47.33265534392587,advisor_summarized,1.4579692222888387
3,2024-01-25,65.76218677754872,45.390768783492064,advisor_summarized,1.4488009024748096
3,2024-01-26,140.961147898261,87.5863422461898,advisor_summarized,1.609396445647245
3,2024-01-27,145.57567666460037,90.35958964699132,advisor_summarized,1.6110705818089952
3,2024-01-28,127.42555209846375,80.53696187523431,advisor_summarized,1.5821996401586143
3,2024-01-29,108.97155847066493,70.33600475356536,advisor_summarized,1.5492998053054914
3,2024-01-30,94.70130510218384,62.28715931360936,advisor_summarized,1.5203985242828724
3,2024-01-31,85.53660142121308,57.02748477437918,advisor_summarized,1.4999188857728165
3,2024-02-01,77.15464311332117,52.14681715693487,advisor_summarized,1.4795657207826456
3,2024-02-02,71.60167682334642,48.87219714094136,advisor_summarized,1.465079963907824
3,2024-02-03,65.8055784045663,45.41617615683247,advisor_summarized,1.4489458156346002
3,2024-02-04,69.77134567456098,47.761560228812726,advisor_summarized,1.4608263494807396
3,2024-02-05,75.19073065641078,50.993075749689886,advisor_summarized,1.474528248217466
3,2024-02-06,69.4039708192593,47.56443494046878,advisor_summarized,1.4591568449435948
3,2024-02-07,62.0324508382446,43.143721143655846,advisor_summarized,1.4378094701589337
3,2024-02-08,57.49900551633079,40.485752905547265,advisor_summarized,1.420228139278408
3,2024-02-09,55.616218747226995,39.235983570932824,advisor_summarized,1.417479917297884
3,2024-02-10,53.246969939961964,37.77538464366381,advisor_summarized,1.409567908897342
3,2024-02-11,50.557263333805494,36.10938414021255,advisor_summarized,1.4001142511179894
3,2024-02-12,50.46285448838238,36.04930874207661,advisor_summarized,1.3998286305413212
3,2024-02-13,54.005124539071446,38.24322346309108,advisor_summarized,1.4121488632147428
3,2024-02-14,48.73052040746982,34.96930929379537,advisor_summarized,1.393522531373421
3,2024-02-15,45.59180334790542,32.99877417374807,advisor_summarized,1.3816211204650033
3,2024-02-16,44.48214482660949,32.29734773416498,advisor_summarized,1.3772692789741094
3,2024-02-17,46.88173539302681,33.786099663971434,advisor_summarized,1.3876042472881296
3,2024-02-18,116.76958349005052,74.50769756380474,advisor_summarized,1.5672150302330141
3,2024-02-19,136.62587179366488,85.53708131636472,advisor_summarized,1.5972706771270906
3,2024-02-20,112.50783838886571,72.30796064526626,advisor_summarized,1.5559536928556867
3,2024-02-21,95.2962888523036,62.62420988719421,advisor_summarized,1.5217164260269636
3,2024-02-22,83.24950424895282,55.70172533369619,advisor_summarized,1.4945588085507988
3,2024-02-23,76.29161679636123,51.64132395562765,advisor_summarized,1.4773365776197784
3,2024-02-24,72.79734679936928,49.578781016825154,advisor_summarized,1.4683165924282129
3,2024-02-25,66.08420332294178,45.58279336282042,advisor_summarized,1.4497620362345613
3,2024-02-26,59.716662636978626,41.7395520844801,advisor_summarized,1.4306972560729252
3,2024-02-27,56.5400257927398,39.80101007906689,advisor_summarized,1.4205676107319873
3,2024-02-28,53.23739978509601,37.77039573853015,advisor_summarized,1.4095007146241716
3,2024-02-29,50.22452501022079,35.90222714110468,advisor_summarized,1.3989250531123296
3,2024-03-01,47.77474237371558,34.371634711209424,advisor_summarized,1.3899467620646824
3,2024-03-02,48.54143518050616,34.84278791927256,advisor_summarized,1.3931558890457352
3,2024-03-03,74.2917253578876,49.96308710014774,advisor_summarized,1.4869322467800017
3,2024-03-04,148.47902152024034,91.9090362341927,advisor_summarized,1.6154997114962897
3,2024-03-05,138.7664973246147,86.70459774938207,advisor_summarized,1.6004514284896
3,2024-03-06,170.675068811529,103.66642758304926,advisor_summarized,1.6463870974505972
3,2024-03-07,163.1667890299707,99.72091199738152,advisor_summarized,1.636234424272565
3,2024-03-08,143.37046369113122,89.17978691078507,advisor_summarized,1.6076564954630155
3,2024-03-09,130.94232624589372,82.45298939619094,advisor_summarized,1.5880846431984288
3,2024-03-10,166.6551124776927,101.56568181125104,advisor_summarized,1.6408604708370236
3,2024-03-11,151.54372268154685,93.55220382991844,advisor_summarized,1.6198840484512718
3,2024-03-12,131.3019231747853,82.6532608975463,advisor_summarized,1.5885873315699175
3,2024-03-13,118.10000038005354,75.41339756077828,advisor_summarized,1.566034739183746
3,2024-03-14,106.41401649374053,68.90772183448503,advisor_summarized,1.5442974119699513
3,2024-03-15,95.37805044942365,62.671515014750945,advisor_summarized,1.5218724236517116
3,2024-03-16,86.84774450430393,57.78370050027552,advisor_summarized,1.5029799710368121
3,2024-03-17,79.22735448498038,53.359439196845905,advisor_summarized,1.484786116149128
3,2024-03-18,75.80151940100994,51.35399086007675,advisor_summarized,1.476058980645631
3,2024-03-19,71.505446768107,48.81267450390079,advisor_summarized,1.4648950809362589
3,2024-03-20,63.76137433430089,44.18713211167829,advisor_summarized,1.4429851245641103
3,2024-03-21,57.75268759055161,40.5417197425377,advisor_summarized,1.4245248587704975
3,2024-03-22,68.26245296403188,46.82381695162908,advisor_summarized,1.4578575051783966
3,2024-03-23,89.48161096049952,59.28757246266479,advisor_summarized,1.5092810726370833
3,2024-03-24,99.45139834677866,64.98708260099785,advisor_summarized,1.530325633439831
3,2024-03-25,87.5227318338325,58.300625852849485,advisor_summarized,1.501231428539712
3,2024-03-26,77.28690352653035,52.219765312896975,advisor_summarized,1.4800316137660317
3,2024-03-27,74.48541911735092,50.57393760158026,advisor_summarized,1.4728024482519926
3,2024-03-28,91.36278857889614,60.36705204349195,advisor_summarized,1.5134545333284297
3,2024-03-29,86.91500731670479,57.81834419113619,advisor_summarized,1.5032427602800367
3,2024-03-30,74.6155781755863,50.65227759807548,advisor_summarized,1.473094236110348
3,2024-03-31,66.7249571254999,45.96544051308364,advisor_summarized,1.4516331483107892
3,2024-04-01,60.06662899342781,41.949051047620685,advisor_summarized,1.4318948222509253
3,2024-04-02,54.45820102336843,38.52151932930507,advisor_summarized,1.41370854451059
3,2024-04-03,110.50563656684652,69.95720807769561,advisor_summarized,1.57961759200163
3,2024-04-04,184.50989208159103,110.884420101344,advisor_summarized,1.66398392049087
3,2024-04-05,151.55702676009602,93.54820500218402,advisor_summarized,1.6200955085835982
3,2024-04-06,124.88087478684625,79.13571632072957,advisor_summarized,1.5780595740198506
3,2024-04-07,103.52495652820498,67.2774975271201,advisor_summarized,1.5387753756220381
3,2024-04-08,88.13081559595206,58.52005559912889,advisor_summarized,1.505993367464674
3,2024-04-09,76.20403907605603,51.58477577863096,advisor_summarized,1.4772583175135874
3,2024-04-10,67.44692470647335,46.39554363032979,advisor_summarized,1.453737135701581
3,2024-04-11,75.44663229841551,51.070820401261194,advisor_summarized,1.4772943082886594
3,2024-04-12,85.75180477111061,57.14822288812983,advisor_summarized,1.5005156842579963
3,2024-04-13,72.77638025386229,49.56277395940564,advisor_summarized,1.468367777668573
3,2024-04-14,63.21774003267163,43.857500790523794,advisor_summarized,1.4414350770833473
3,2024-04-15,56.76339004373686,39.93624725943129,advisor_summarized,1.421350125238212
3,2024-04-16,50.9521297458453,36.35147464078636,advisor_summarized,1.401652346963581
3,2024-04-17,46.29373987426887,33.43776002985041,advisor_summarized,1.3844749119839885
3,2024-04-18,41.502100480087584,28.64413368604897,advisor_summarized,1.4488865655693068
3,2024-04-19,37.537118508878,22.76800109228071,advisor_summarized,1.6486787029189238
3,2024-04-20,33.99203834596104,19.408690055200655,advisor_summarized,1.751382409079829
3,2024-04-21,32.882589956162,13.615405899748536,advisor_summarized,2.4151017015783065
3,2024-04-22,38.45054587297135,21.330967467957013,advisor_summarized,1.8025692426155095
3,2024-04-23,33.09759159879455,25.211023361563235,advisor_summarized,1.3128222176516322
3,2024-04-24,28.4094917372825,18.95333157939453,advisor_summarized,1.4989180988195454
3,2024-04-25,25.161030180219253,14.6555554691913,advisor_summarized,1.7168254204429447
3,2024-04-26,22.449051531603157,14.143291634314291,advisor_summarized,1.5872579108202454
3,2024-04-27,20.30923791779104,16.103495134768217,advisor_summarized,1.2611695627455697
3,2024-04-28,20.16864854393069,13.204337408949568,advisor_summarized,1.527426020654462
3,2024-04-29,16.110613451254988,7.001681429470646,advisor_summarized,2.300963506200683
3,2024-04-30,13.424129820275907,3.3566591088812907,advisor_summarized,3.9992532410447565
3,2024-05-01,11.478010190684373,1.707212569284121,advisor_summarized,6.72324606624552
3,2024-05-02,9.779852407346333,1.0814025554572206,advisor_summarized,9.043674215483408
3,2024-05-03,10.001633612192059,1.3192987138016696,advisor_summarized,7.5810227870013716
3,2024-05-04,8.50145366419685,1.1800411362808343,advisor_summarized,7.204370595919307
3,2024-05-05,7.975025574750873,1.0425741246373847,advisor_summarized,7.649360737323735
3,2024-05-06,10.084668170728964,1.1518998620094882,advisor_summarized,8.754813246644781
3,2024-05-07,9.390190790973977,0.2888141050000846,advisor_summarized,32.51292311700367
3,2024-05-08,7.662219193107332,0.06298315663000441,advisor_summarized,121.65505197078586
3,2024-05-09,5.903963413047548,0.00458980623398972,advisor_summarized,1286.3208405892744
3,2024-05-10,6.655652799277636,0.00377065711120537,advisor_summarized,1765.117485623087
3,2024-05-11,9.462765951237046,0.01556611130957023,advisor_summarized,607.9081514353059
3,2024-05-12,9.10277777758155,0.12025097648952836,advisor_summarized,75.69816099060314
3,2024-05-13,10.113982352639168,0.14916460977691548,advisor_summarized,67.80416861456098
3,2024-05-14,42.955023397844585,2.9380502403337494,advisor_summarized,14.620248084309507
3,2024-05-15,45.8972305912437,2.450145185614412,advisor_summarized,18.732453432033765
3,2024-05-16,44.64877419702053,2.311812529456897,advisor_summarized,19.313319582842492
3,2024-05-17,36.97730665388279,1.966921108593144,advisor_summarized,18.799588093459988
3,2024-05-18,32.59428654329608,13.736103675660992,advisor_summarized,2.3728917102635085
3,2024-05-19,28.05809045882916,21.58018216446793,advisor_summarized,1.3001785733313778
3,2024-05-20,24.532711250334405,24.674535266867576,advisor_summarized,0.9942522112372423
3,2024-05-21,21.43110508551721,23.002881904323853,advisor_summarized,0.9316704391500095
3,2024-05-22,18.264379976011732,17.248286536212735,advisor_summarized,1.058909819109609
3,2024-05-23,17.151401572495107,16.937036365283475,advisor_summarized,1.012656594848614
3,2024-05-24,15.111503385444106,17.284805641432982,advisor_summarized,0.8742651609122346
3,2024-05-25,13.263467576917085,16.179569366327073,advisor_summarized,0.8197664150765978
3,2024-05-26,10.240255421912169,12.776266221883356,advisor_summarized,0.8015061085978723
3,2024-05-27,7.238839394674802,9.003401367363546,advisor_summarized,0.8040116284179988
3,2024-05-28,5.0204339147834265,6.208415538625826,advisor_summarized,0.8086497889113028
3,2024-05-29,3.7161170779525623,6.956714089651005,advisor_summarized,0.5341770597530748
3,2024-05-30,2.4819722183975235,4.221507310077111,advisor_summarized,0.5879350753397575
3,2024-05-31,1.500163514716168,1.5601431272636894,advisor_summarized,0.9615550576742797
3,2024-06-01,0.8583675604227915,0.9251523738110334,advisor_summarized,0.9278120931440391
3,2024-06-02,0.3994576557348282,0.444234721516704,advisor_summarized,0.8992040387365532
3,2024-06-03,0.13807646495389142,0.1526312339888784,advisor_summarized,0.9046409528730697
3,2024-06-04,0.022074685254111066,0.02070766686098393,advisor_summarized,1.0660150852485841
3,2024-06-05,0.001997087684280775,3.730038469069343e-4,advisor_summarized,5.3540672592019005
3,2024-06-06,0.0010139057094618413,2.260726503739979e-5,advisor_summarized,44.84866735469817
3,2024-06-23,0.002440692183082972,1.4336080839245997e-4,advisor_summarized,17.024821570490946
3,2024-06-24,0.7925090706830257,0.1415338178731598,advisor_summarized,5.599432577967047
3,2024-06-25,14.879795169213585,11.538002445521997,advisor_summarized,1.289633560009217
3,2024-06-26,39.76022923038159,29.28043529124247,advisor_summarized,1.3579111387826102
3,2024-06-27,38.44827006016282,28.43703820279192,advisor_summarized,1.3520490349936656
3,2024-06-28,38.48145080520678,28.45915800520484,advisor_summarized,1.3521640660686087
3,2024-06-29,39.619352184237584,29.193748850168166,advisor_summarized,1.3571176619891132
3,2024-06-30,39.18141904963385,28.888651204622978,advisor_summarized,1.3562910491080231
3,2024-07-01,55.93766694980985,39.42505180280913,advisor_summarized,1.4188355979743865
3,2024-07-02,58.74695507010142,41.14442978714947,advisor_summarized,1.4278228030869369
3,2024-07-03,49.42584576689446,35.397081433500524,advisor_summarized,1.3963254529825961
3,2024-07-04,42.574311601406905,31.08181595241516,advisor_summarized,1.3697498134145776
3,2024-07-05,38.25105115294185,28.310096525821887,advisor_summarized,1.3511452042578778
3,2024-07-06,35.645525118915124,26.618768529816418,advisor_summarized,1.3391124791887945
3,2024-07-07,37.69039764280013,27.930296045197704,advisor_summarized,1.3494449747975572
3,2024-07-08,52.85190904672714,37.52155070570772,advisor_summarized,1.4085747537797628
3,2024-07-09,61.20693536121031,42.63915636945698,advisor_summarized,1.4354630947870652
3,2024-07-10,59.16264439401243,41.31569959714419,advisor_summarized,1.431965208646784
3,2024-07-11,79.2835843735185,53.37853120510409,advisor_summarized,1.485308467347587
3,2024-07-12,60.34242755235148,42.09711250776691,advisor_summarized,1.4334101309494403
3,2024-07-13,44.29420167030416,32.16175136858555,advisor_summarized,1.3772322645827415
3,2024-07-14,36.60934955996664,27.242750854138283,advisor_summarized,1.343819857105419
3,2024-07-15,33.06594093875875,24.925628376940264,advisor_summarized,1.3265840458950848
3,2024-07-16,30.832444851340703,23.44784119403379,advisor_summarized,1.3149374646560597
3,2024-07-17,32.22816114496941,24.37221213933313,advisor_summarized,1.3223322101713513
3,2024-07-18,29.35805769987259,22.46138047427713,advisor_summarized,1.307046008747929
3,2024-07-19,27.346316294360342,21.10787531931672,advisor_summarized,1.295550399112627
3,2024-07-20,25.763363364604892,20.033171825299583,advisor_summarized,1.2860351615448502
3,2024-07-21,24.46412395267416,19.144598905169037,advisor_summarized,1.277860354967732
3,2024-07-22,23.138355687706433,18.230226808598985,advisor_summarized,1.269230269630674
3,2024-07-23,23.113209603847736,18.15506052824242,advisor_summarized,1.273100112659625
3,2024-07-24,52.695736403975175,37.418892285468424,advisor_summarized,1.408265536081609
3,2024-07-25,57.443300306382604,40.34825563665117,advisor_summarized,1.4236873292287462
3,2024-07-26,67.60491605407599,46.48995212319497,advisor_summarized,1.4541833873033019
3,2024-07-27,69.1494281033134,47.40637784889188,advisor_summarized,1.4586524269735948
3,2024-07-28,77.03415285903372,51.76373563293132,advisor_summarized,1.4881876649185601
3,2024-07-29,107.95556242609399,69.75035829467606,advisor_summarized,1.5477420484352418
3,2024-07-30,94.17980651909483,61.98759764129139,advisor_summarized,1.5193330618181509
3,2024-07-31,76.15766811548356,51.543642546137896,advisor_summarized,1.4775375653226892
3,2024-08-01,59.206753895418224,41.26914435597846,advisor_summarized,1.4346494171217588
3,2024-08-02,85.02330613265289,55.91321154134582,advisor_summarized,1.520629986882102
3,2024-08-03,111.79687100403069,71.86442181516944,advisor_summarized,1.5556636814189486
3,2024-08-04,90.72883789817419,59.967728500567,advisor_summarized,1.5129610570011227
3,2024-08-05,1453.24301132777,633.4649178036476,advisor_summarized,2.294117591178468
3,2024-08-06,1380.4070271777184,622.9882093352643,advisor_summarized,2.2157835517475184
3,2024-08-07,879.9081209337179,424.7464248917038,advisor_summarized,2.071608068644875
3,2024-08-08,769.0397065386514,378.4796515952099,advisor_summarized,2.0319182373406743
3,2024-08-09,693.3677441489327,346.26994836142404,advisor_summarized,2.002390757355647
3,2024-08-10,574.4871277333759,294.63017409482177,advisor_summarized,1.9498584267492132
3,2024-08-11,427.7573411175616,228.5812949847659,advisor_summarized,1.8713575891941205
3,2024-08-12,319.73873122032467,178.07913541720677,advisor_summarized,1.7954867675611488
3,2024-08-13,259.29831596016004,148.650947767793,advisor_summarized,1.7443435097716886
3,2024-08-14,209.94764150103575,123.94112243506254,advisor_summarized,1.6939304516225864
3,2024-08-15,180.84199882104977,108.97914937631464,advisor_summarized,1.6594183369571582
3,2024-08-16,158.7099392284673,97.36226396887014,advisor_summarized,1.630097049501766
3,2024-08-17,138.34922699530898,86.46463792153823,advisor_summarized,1.6000671525491506
3,2024-08-18,119.25994134531368,76.04742907640393,advisor_summarized,1.5682310736040093
3,2024-08-19,105.36586098301346,68.3173097311582,advisor_summarized,1.5423010858836284
3,2024-08-20,94.71441131682535,62.28970372646182,advisor_summarized,1.5205468263704216
3,2024-08-21,84.20047239480289,56.24835982711489,advisor_summarized,1.4969409357642016
3,2024-08-22,76.28488271900667,51.63446417526789,advisor_summarized,1.477402427573674
3,2024-08-23,74.92973696685117,51.124259150242466,advisor_summarized,1.4656395654878804
3,2024-08-24,84.44411605723035,56.377453420893424,advisor_summarized,1.4978348778331916
3,2024-08-25,68.68975427656888,47.13534303765888,advisor_summarized,1.4572876709879687
3,2024-08-26,62.73255425520138,43.561559442235165,advisor_summarized,1.4400897272373347
3,2024-08-27,84.37733764921934,56.06810795995932,advisor_summarized,1.5049078829176272
3,2024-08-28,104.73523365302432,67.94535583391418,advisor_summarized,1.5414627293885903
3,2024-08-29,83.97646981731624,56.11252687742174,advisor_summarized,1.4965725924402495
3,2024-08-30,72.67129622806578,49.500379926442946,advisor_summarized,1.468095726458152
3,2024-08-31,63.457737820670964,43.99829785698156,advisor_summarized,1.4422771086950497
3,2024-09-01,56.7716292339202,39.94040739778405,advisor_summarized,1.4214083664321855
3,2024-09-02,52.821116609439635,37.51132183966444,advisor_summarized,1.4081379705896322
3,2024-09-03,48.99645149336864,35.13476662673312,advisor_summarized,1.3945290149184748
3,2024-09-04,46.8775662112302,33.80797824375044,advisor_summarized,1.386582950132362
3,2024-09-05,53.385913000758286,37.86066554055271,advisor_summarized,1.4100627191451884
3,2024-09-06,48.52261488390737,34.837874242952935,advisor_summarized,1.3928121602804915
3,2024-09-07,49.82325626148927,35.59117566190701,advisor_summarized,1.3998766642264857
3,2024-09-08,84.6727876066041,56.52802918482083,advisor_summarized,1.497890317912248
3,2024-09-09,92.96730871790494,61.29761738053989,advisor_summarized,1.5166545241188967
3,2024-09-10,91.53715007721556,60.47535309459312,advisor_summarized,1.5136273769916948
3,2024-09-11,89.4270143838583,59.25266893679767,advisor_summarized,1.5092487138300275
3,2024-09-12,168.99546896684853,100.47403895343804,advisor_summarized,1.6819814424417125
3,2024-09-13,342.0884915840924,188.8570137279328,advisor_summarized,1.8113623890977366
3,2024-09-14,239.00393365359974,138.51483066145275,advisor_summarized,1.7254754058628905
3,2024-09-15,174.80438731380045,105.8151138324427,advisor_summarized,1.6519793910594063
3,2024-09-16,147.46001499661935,91.36899958693796,advisor_summarized,1.6138954750873744
3,2024-09-17,127.08658305698852,80.34492045583688,advisor_summarized,1.5817625101370791
3,2024-09-18,111.41911171658226,71.70630775787909,advisor_summarized,1.5538258097571553
3,2024-09-19,109.22184632391077,70.48176215362928,advisor_summarized,1.5496469297382156
3,2024-09-20,98.59822994422127,64.49843051109555,advisor_summarized,1.528691925724605
3,2024-09-21,88.51277724645523,58.741429576669304,advisor_summarized,1.506820278027595
3,2024-09-22,79.63040610972249,53.59167701495098,advisor_summarized,1.485872630697995
3,2024-09-23,72.6655054016246,49.498581716028944,advisor_summarized,1.468032070464225
3,2024-09-24,67.12151570997254,46.200718587086136,advisor_summarized,1.4528240634061071
3,2024-09-25,63.13339414423061,43.80900619634838,advisor_summarized,1.4411053713766504
3,2024-09-26,62.93353710992957,44.89109401896821,advisor_summarized,1.4019158696229976
3,2024-09-27,99.24647166782194,65.99040795177702,advisor_summarized,1.5039529948102008
3,2024-09-28,89.5475002157474,59.34167690547477,advisor_summarized,1.5090153309686112
3,2024-09-29,79.41650579775151,53.4620483209826,advisor_summarized,1.4854744307763905
3,2024-09-30,70.10347191521782,47.97826181104659,advisor_summarized,1.4611507226190734
3,2024-10-01,78.54859074966478,52.9568325703083,advisor_summarized,1.4832569649134417
3,2024-10-02,66.89182003195079,46.06092494928396,advisor_summarized,1.4522465648617127
3,2024-10-03,58.61769682886067,41.0670820209622,advisor_summarized,1.4273645446477055
3,2024-10-04,53.85633048591681,38.14897842445696,advisor_summarized,1.4117371607358693
3,2024-10-05,50.98411027096257,36.37468628943902,advisor_summarized,1.4016371128337464
3,2024-10-06,82.03420345087872,54.74796241517003,advisor_summarized,1.4983973801397217
3,2024-10-07,110.00043776157744,70.9171160164085,advisor_summarized,1.5511126783007647
3,2024-10-08,97.72207776306756,63.99314085254878,advisor_summarized,1.5270711276421962
3,2024-10-09,117.39219918535656,74.6189589888425,advisor_summarized,1.5732221512619842
3,2024-10-10,274.94620208831316,156.3458726188674,advisor_summarized,1.7585766575275323
3,2024-10-11,203.4825576365942,120.58930167773276,advisor_summarized,1.6874014096241174
3,2024-10-12,149.63442346899535,92.50843342366102,advisor_summarized,1.6175219699561265
3,2024-10-13,121.33713075010068,77.18622859284946,advisor_summarized,1.5720049154123508
3,2024-10-14,101.87361345999528,66.34775701928493,advisor_summarized,1.5354492455620505
3,2024-10-15,89.00403503713511,59.0213562849076,advisor_summarized,1.5079971156117673
3,2024-10-16,78.38363114969312,52.86459782810228,advisor_summarized,1.4827244388497962
3,2024-10-17,69.59304092832765,47.6786040026548,advisor_summarized,1.4596283256207045
3,2024-10-18,64.22420438428465,44.46608565982015,advisor_summarized,1.444341309365984
3,2024-10-19,59.19870242681927,41.42474081572524,advisor_summarized,1.429066332367899
3,2024-10-20,55.97749616576376,39.45758307816352,advisor_summarized,1.4186752405709977
3,2024-10-21,53.024149627544446,37.63865624090439,advisor_summarized,1.4087684025743628
3,2024-10-22,50.38579513727729,36.00269447080108,advisor_summarized,1.3995006728771702
3,2024-10-23,48.04189323333731,34.539292131226325,advisor_summarized,1.3909345058610376
3,2024-10-24,45.260230176410616,32.78737706683916,advisor_summarized,1.3804163133923384
3,2024-10-25,42.02286635715468,30.81379220588607,advisor_summarized,1.3637680839921886
3,2024-10-26,39.45047670944266,29.0849245426956,advisor_summarized,1.3563891717006455
3,2024-10-27,37.450449099558035,27.79291777674064,advisor_summarized,1.3474817361889078
3,2024-10-28,35.99450744944745,26.84754702223398,advisor_summarized,1.340700043085439
3,2024-10-29,35.14368913699078,26.29200732712231,advisor_summarized,1.3366681630556694
3,2024-10-30,35.23281903215971,26.34948521258141,advisor_summarized,1.3371350046465678
3,2024-10-31,33.28061486010789,25.06910500888453,advisor_summarized,1.3275549664941444
3,2024-11-01,31.422632782313055,23.83922753010511,advisor_summarized,1.3181061652535229
3,2024-11-02,29.802722608674443,22.76129541024064,advisor_summarized,1.309359685884388
3,2024-11-03,28.749848341746116,22.05495604514593,advisor_summarized,1.3035550051832303
3,2024-11-04,27.11267707474812,20.95125159700825,advisor_summarized,1.2940838855956318
3,2024-11-05,26.872120993047993,20.787869274448553,advisor_summarized,1.2926827967923538
3,2024-11-06,26.007852975703848,20.200304745596473,advisor_summarized,1.2874980503139875
3,2024-11-07,28.063804715806906,21.59410280155045,advisor_summarized,1.299605034472279
3,2024-11-08,28.93680209261848,22.18148279924743,advisor_summarized,1.304547687569392
3,2024-11-09,27.540089375778713,21.23973199756471,advisor_summarized,1.2966307380402156
3,2024-11-10,27.1395562228185,20.968370113797473,advisor_summarized,1.294309289445454
3,2024-11-11,29.492886319772865,22.553434911101075,advisor_summarized,1.307689335838423
3,2024-11-12,26.588422622156546,20.591446929889887,advisor_summarized,1.2912362454510975
3,2024-11-13,23.603059418255782,18.55211792302534,advisor_summarized,1.2722568666384788
3,2024-11-14,21.33042971212827,16.97393521157049,advisor_summarized,1.2566578961364319
3,2024-11-15,20.485679460258766,16.381575150500606,advisor_summarized,1.250531726775538
3,2024-11-16,19.137883274891283,15.42989862911812,advisor_summarized,1.2403116659999138
3,2024-11-17,17.80762164973861,14.48133001662328,advisor_summarized,1.229695175049325
3,2024-11-18,16.79758469084729,13.754817880736304,advisor_summarized,1.2212146199603557
3,2024-11-19,15.525541910168021,12.831594924166064,advisor_summarized,1.2099463863941324
3,2024-11-20,14.873712379315954,12.355620785805964,advisor_summarized,1.2038013012185313
3,2024-11-21,14.129859941873796,11.806952879165255,advisor_summarized,1.1967406058516235
3,2024-11-22,11.0092437610418,10.249401317965338,advisor_summarized,1.074135300151102
3,2024-11-23,7.5604141192295495,8.955686432679558,advisor_summarized,0.8442026388553959
3,2024-11-24,6.551076251497859,7.950835618712173,advisor_summarized,0.8239481440265221
3,2024-11-25,5.812704896573055,7.2177444442657475,advisor_summarized,0.8053353705520915
3,2024-11-26,5.144031625750178,6.549120023497395,advisor_summarized,0.7854538636174109
3,2024-11-27,4.68948608083749,6.152430580649406,advisor_summarized,0.7622168213627373
3,2024-11-28,4.180839762833245,5.573804148260781,advisor_summarized,0.7500873105018968
3,2024-11-29,3.785102188926498,5.1926112934490964,advisor_summarized,0.7289400217000094
3,2024-11-30,3.210951842833227,4.37037827974324,advisor_summarized,0.7347079903165432
3,2024-12-01,2.7435933379866433,3.913524852987863,advisor_summarized,0.7010542774225618
3,2024-12-02,2.4744411229808008,3.6247779032225687,advisor_summarized,0.6826462721428881
3,2024-12-03,2.1118703985811718,3.226801507016779,advisor_summarized,0.6544779385992119
3,2024-12-04,1.7416335781155858,2.7396666354881476,advisor_summarized,0.635710036964138
3,2024-12-05,1.4049831034511024,2.3803629344956794,advisor_summarized,0.5902390274568664
3,2024-12-06,1.2840184022846803,2.171106653389459,advisor_summarized,0.5914119420527378
3,2024-12-07,0.9711229494372464,1.691452318515345,advisor_summarized,0.5741355749771532
3,2024-12-08,0.7495664040652288,1.420778730070419,advisor_summarized,0.5275743422961277
3,2024-12-09,0.5865847602392149,1.1879084030569005,advisor_summarized,0.4937962882741875
3,2024-12-10,0.4464858973435764,0.9743755260677852,advisor_summarized,0.45822774217803514
3,2024-12-11,0.9072145201875111,1.679414186039989,advisor_summarized,0.5401970090098485
3,2024-12-12,1.2010947585776166,2.0515878538177272,advisor_summarized,0.5854464171946339
3,2024-12-13,1.4186047747251926,1.9094214789801116,advisor_summarized,0.7429500455200277
3,2024-12-14,1.7206302431092944,1.773865483730134,advisor_summarized,0.9699891332746973
3,2024-12-15,1.4716854397036645,1.5353480495477871,advisor_summarized,0.9585353888567003
3,2024-12-16,1.2293836418858353,1.2989078065875732,advisor_summarized,0.946474904262537
3,2024-12-17,1.0549673144800769,1.1259045713454754,advisor_summarized,0.9369953203221946
3,2024-12-18,0.9114053319916838,0.9814597659803488,advisor_summarized,0.928622204988006
3,2024-12-19,0.791137740041535,0.8586194356635274,advisor_summarized,0.9214067457373084
3,2024-12-20,0.580522386231002,0.6390791104463792,advisor_summarized,0.9083732776455846
3,2024-12-21,0.36585523177302876,0.40871610744083,advisor_summarized,0.8951328932540145
3,2024-12-22,0.23835878408722724,0.2673728335526023,advisor_summarized,0.8914846767344937
3,2024-12-23,0.14798734993522464,0.16450398836381963,advisor_summarized,0.8995973374696148
3,2024-12-24,0.10870625702539832,0.11912100074617568,advisor_summarized,0.9125700451176597
3,2024-12-25,0.06837885420808021,0.072129498079365445,advisor_summarized,0.9480012481556668
3,2024-12-26,0.03677877070821331,0.03544851430932229,advisor_summarized,1.0375264358693077
3,2024-12-27,0.02530153325603992,0.02252420399011044,advisor_summarized,1.1233042138647342
3,2024-12-28,0.011668781891104445,0.00792528124742511,advisor_summarized,1.4723492487910865
3,2024-12-29,0.06744988920928034,0.07235278782409843,advisor_summarized,0.9322362169825738
3,2024-12-30,0.15195058320381583,0.16915129758095512,advisor_summarized,0.8983116616713679
3,2024-12-31,0.10145938318196798,0.11070399043326352,advisor_summarized,0.9164925562744864
3,2025-01-01,0.0539215307533793,0.05537180503155935,advisor_summarized,0.9738084341416455
3,2025-01-02,0.011434515794916314,0.00806330380904129,advisor_summarized,1.418093137219377
3,2025-01-03,8.117713639097876e-4,9.259403947883734e-5,advisor_summarized,8.766993733925178
3,2025-01-19,83.13030561362537,47.03897076500714,advisor_summarized,1.7672645523840202
3,2025-01-20,111.31934550071371,71.63135953020726,advisor_summarized,1.5540588121012815
3,2025-01-21,92.20352663919832,60.85833232326076,advisor_summarized,1.5150518116310108
3,2025-01-22,185.67076010752902,111.31276465192732,advisor_summarized,1.6680096005890932
3,2025-01-23,176.33964712354015,106.63648310601155,advisor_summarized,1.6536521271827196
3,2025-01-24,153.57930533971702,94.64257644129948,advisor_summarized,1.6227295485237776
3,2025-01-25,137.700508281781,86.12703291682537,advisor_summarized,1.5988070599710684
3,2025-01-26,127.14256656219118,80.38783927570046,advisor_summarized,1.581614429592259
3,2025-01-27,119.21583830251623,78.64578257551858,advisor_summarized,1.5158579951574744
3,2025-01-28,102.80061335165065,74.23474914698117,advisor_summarized,1.3848044821719605
3,2025-01-29,95.18183096890284,69.56174463534303,advisor_summarized,1.3683071272560166
3,2025-01-30,90.69972305949096,66.4811341769393,advisor_summarized,1.3642926550875918
3,2025-01-31,84.72294565793919,62.76967744794405,advisor_summarized,1.3497432056776357
3,2025-02-01,81.05444508056124,60.176160413917074,advisor_summarized,1.346952755427307
3,2025-02-02,76.59305410185792,57.433839962671215,advisor_summarized,1.3335875531157089
3,2025-02-03,72.8162230567962,55.71137582944858,advisor_summarized,1.3070261140150508
3,2025-02-04,68.8027499024002,53.22317768791328,advisor_summarized,1.2927215715273792
3,2025-02-05,64.75194439389965,50.2610200591736,advisor_summarized,1.2883133752093672
3,2025-02-06,59.8269224635334,47.141231939934094,advisor_summarized,1.269099681988859
3,2025-02-07,55.32920527767704,44.23576309053028,advisor_summarized,1.2507799439210212
3,2025-02-08,51.71036353541851,41.88991035614627,advisor_summarized,1.2344348100957763
3,2025-02-09,47.752427803708194,39.47515355824198,advisor_summarized,1.209683142416504
3,2025-02-10,45.7995049999267,38.147360581697214,advisor_summarized,1.2005943347467378
3,2025-02-11,44.92216349967662,37.52182099050912,advisor_summarized,1.1972277014764119
3,2025-02-12,43.25565270091512,36.285413729420554,advisor_summarized,1.1920947911320916
3,2025-02-13,44.568855284627986,37.04337045753207,advisor_summarized,1.2031533506305376
3,2025-02-14,70.49600629076227,53.381897584037944,advisor_summarized,1.3205976085766145
3,2025-02-15,67.20628235001101,51.647062736619525,advisor_summarized,1.3012604936071122
3,2025-02-16,66.99398648908733,51.892544949715216,advisor_summarized,1.2910137006000704
3,2025-02-17,73.41883504073378,55.3937175962913,advisor_summarized,1.3254000313863985
3,2025-02-18,68.1157232210135,51.80381034930125,advisor_summarized,1.3148786307749323
3,2025-02-19,79.66386569674899,59.280598583063174,advisor_summarized,1.343843814011511
3,2025-02-20,92.1060495188223,67.2835007356534,advisor_summarized,1.3689247514140637
3,2025-02-21,85.86124460314834,63.202655593172274,advisor_summarized,1.3585069139472021
3,2025-02-22,79.31208352380936,59.31300505326693,advisor_summarized,1.3371786415573106
3,2025-02-23,75.77641718062142,56.947504630321326,advisor_summarized,1.3306363057087276
3,2025-02-24,80.6989223492722,59.64494974156531,advisor_summarized,1.352988353564406
3,2025-02-25,87.8866236433119,64.86475527032299,advisor_summarized,1.3549210704186827
3,2025-02-26,83.5953741322556,62.19279214561208,advisor_summarized,1.344132836752748
3,2025-02-27,76.85384903148251,58.44138287982256,advisor_summarized,1.315058700604722
3,2025-02-28,71.31753233759602,54.72870564477504,advisor_summarized,1.3031101594196888
3,2025-03-01,64.57722572928132,50.79881751193194,advisor_summarized,1.2712348218364145
3,2025-03-02,60.8512116753482,47.57720652106664,advisor_summarized,1.2789992545780084
3,2025-03-03,55.14517080139464,43.519231206272906,advisor_summarized,1.2671448753314825
3,2025-03-04,50.506350228160635,40.59256800472128,advisor_summarized,1.2442265348249535
3,2025-03-05,48.14851776370584,39.714188308531455,advisor_summarized,1.2123757229947594
3,2025-03-06,48.435894874034396,40.05877413659507,advisor_summarized,1.209120746153501
3,2025-03-07,42.453765113099934,35.47045849154066,advisor_summarized,1.196876694537927
3,2025-03-08,39.24952329256781,33.49023144686671,advisor_summarized,1.1719693055820888
3,2025-03-09,62.93103542290352,48.35967943556386,advisor_summarized,1.30131208803307
3,2025-03-10,139.37308092470758,95.3360731536924,advisor_summarized,1.461913379839157
3,2025-03-11,133.88307979420816,92.228071606748955,advisor_summarized,1.4516521647017828
3,2025-03-12,116.69075168769159,82.38068198885732,advisor_summarized,1.4164819818252414
3,2025-03-13,104.46017943221254,74.91286609576497,advisor_summarized,1.3944224120149897
3,2025-03-14,95.33162123234474,69.08104664105169,advisor_summarized,1.3799967699923867
3,2025-03-15,86.79949935617263,63.91574956549886,advisor_summarized,1.3580299057155425
3,2025-03-16,83.83331821809979,62.083028589282414,advisor_summarized,1.3503419553306424
3,2025-03-17,87.70303322790019,65.24617981780513,advisor_summarized,1.3441864868227393
3,2025-03-18,78.27815028271674,59.19811916202189,advisor_summarized,1.32230806300575
3,2025-03-19,71.0083971626165,54.61906338712623,advisor_summarized,1.3000661812767969
3,2025-03-20,64.60369877650078,50.785157249735754,advisor_summarized,1.2720980356290406
3,2025-03-21,57.85973666519597,46.05980111452764,advisor_summarized,1.256187288375992
3,2025-03-22,52.1085745806018,42.37839809731988,advisor_summarized,1.2296022719154474
3,2025-03-23,47.383133317758215,39.11266779680997,advisor_summarized,1.2114523500138945
3,2025-03-24,42.306196864143246,35.5660948770525,advisor_summarized,1.1895091943715055
3,2025-03-25,39.64546751789891,33.813405503672506,advisor_summarized,1.1724778065786061
3,2025-03-26,35.53574676556546,30.651160149353288,advisor_summarized,1.1593605786016303
3,2025-03-27,31.655522016925573,27.686005826818658,advisor_summarized,1.143376267957791
3,2025-03-28,27.81952888745767,25.012668745583273,advisor_summarized,1.1122175394566816
3,2025-03-29,25.24495935897073,23.02965975710904,advisor_summarized,1.0961933274406213
3,2025-03-30,41.76493160057572,34.39604682119741,advisor_summarized,1.2142363864569767
3,2025-03-31,82.16643519949389,61.97670400016932,advisor_summarized,1.3257632287007295
3,2025-04-01,72.4809005815908,55.461421491731294,advisor_summarized,1.3068705891787669
3,2025-04-02,64.80804042373059,50.25538055781332,advisor_summarized,1.289574165082205
3,2025-04-03,56.23371277760185,45.06132263099119,advisor_summarized,1.2479374659750173
3,2025-04-04,48.40422096620431,39.61233321402913,advisor_summarized,1.2219482428533506
3,2025-04-05,40.78737692711717,34.65146017623998,advisor_summarized,1.1770752724320837
3,2025-04-06,34.35356626051989,30.164667222762432,advisor_summarized,1.1388677357791799
3,2025-04-07,29.869188437285466,26.787581777134033,advisor_summarized,1.1150386281893463
3,2025-04-08,30.424246935260353,26.94553088223969,advisor_summarized,1.1291017819698461
3,2025-04-09,26.238939974160658,23.962069043055298,advisor_summarized,1.0950197967885935
3,2025-04-10,20.764087291973667,19.73235469667048,advisor_summarized,1.0522863394239146
3,2025-04-11,19.171080703334553,18.64317248552444,advisor_summarized,1.0283164369272457
3,2025-04-12,36.182477570670315,31.677160318420913,advisor_summarized,1.1422260457364755
3,2025-04-13,32.694901965685176,28.945822280537996,advisor_summarized,1.1295205798201804
3,2025-04-14,25.202069304740963,23.387843679052622,advisor_summarized,1.0775713080087523
3,2025-04-15,19.440276446172145,19.23839520876659,advisor_summarized,1.0104936630740158
3,2025-04-16,16.558685093548583,16.46841188643819,advisor_summarized,1.0054815976023002
3,2025-04-17,13.702178820197966,14.077559613581116,computed_RC,0.9733348106001977
3,2025-04-18,10.356516078608173,11.20310668187046,computed_RC,0.9244325143638692
3,2025-04-19,7.68118888313162,8.792132456697832,computed_RC,0.8736434444046738
3,2025-04-20,5.561516864345924,6.774844212840244,computed_RC,0.8209069743338567
3,2025-04-21,4.3865923390740065,5.601975159304574,computed_RC,0.7830438754781189
3,2025-04-22,3.648329192858786,4.8325347083538635,computed_RC,0.7549514722681712
3,2025-04-23,2.9050203963439625,4.028666962465547,computed_RC,0.7210872537763926
3,2025-04-24,2.1181679350117206,3.1352318995059103,computed_RC,0.6756016788887381
3,2025-04-25,1.4611494491270929,2.339897015956003,computed_RC,0.6244503237379089
3,2025-04-26,0.9413082214108766,1.6608159115942225,computed_RC,0.5667745683549671
3,2025-04-27,0.530172183327228,1.0667741068073024,computed_RC,0.4969863628523523
3,2025-04-28,0.2646184948601524,0.6328353435582806,computed_RC,0.418147465298424
3,2025-04-29,0.10073835775429522,0.3109842955762388,computed_RC,0.32393390659046606
3,2025-04-30,0.01480226580702825,0.07889117371583874,computed_RC,0.1876289210798805
3,2025-05-04,0.02103235396851743,0.09826870308302962,computed_RC,0.21402901746598488
3,2025-05-05,0.025393832719117743,0.11679648545832516,computed_RC,0.21741949357010973
3,2025-05-06,0.0015697638967540866,0.02386363875271107,computed_RC,0.06578057575464055
3,2025-05-12,0.02529796456942225,0.1196070752161978,computed_RC,0.21150893058537287
3,2025-05-13,0.03417806059973292,0.1490567373894465,computed_RC,0.22929564405018832
3,2025-05-14,0.006186480014837247,0.04818062590811189,computed_RC,0.1284018191593411
3,2025-06-13,0.0013171346686793536,0.01846580326340721,computed_RC,0.0713283169917366
3,2025-07-24,5.162574045736347,6.355456990411269,computed_RC,0.8123057167289982
3,2025-07-25,3.1645134945627715,4.311989304530078,computed_RC,0.7338871391072805
3,2025-07-26,2.357740193763259,3.4130310050866486,computed_RC,0.6908053839093096
3,2025-07-27,2.1996301566896226,3.233516114649947,computed_RC,0.6802595313268601
3,2025-07-28,2.217994162438015,3.2498943623744996,computed_RC,0.682481925602487
3,2025-07-29,2.438340256903295,3.4315010848075844,computed_RC,0.7105754002814254
3,2025-07-30,4.554649757557608,5.768940135446386,computed_RC,0.7895123975324768
3,2025-07-31,5.4631333571948435,6.683846766239958,computed_RC,0.8173636452572604
3,2025-08-01,4.7530436089637735,5.96992691629009,computed_RC,0.7961644548770241
3,2025-08-02,4.586408539970883,5.804004203614785,computed_RC,0.7902145448334491
3,2025-08-03,4.647295276292995,5.869649282628758,computed_RC,0.7917500778192451
3,2025-08-04,5.028183607037839,6.245718580131949,computed_RC,0.8050608656997178
3,2025-08-05,7.944750210747941,9.028413438355576,computed_RC,0.8799719092389047
3,2025-08-06,14.443078148774857,14.663562428290522,computed_RC,0.9849637984907212
3,2025-08-07,23.725828182221452,22.06149394373472,computed_RC,1.0754406860537833
3,2025-08-08,25.16734882336319,23.174809878577253,computed_RC,1.0859786533406617
3,2025-08-09,26.42661383284003,24.124884435875565,computed_RC,1.0954089294430616
3,2025-08-10,24.91113075510219,22.97959961123506,computed_RC,1.0840541687646628
3,2025-08-11,21.39562531364561,20.277216959209703,computed_RC,1.0551559100386276
3,2025-08-12,16.96048174096667,16.75763101915188,computed_RC,1.0121049760304996
3,2025-08-13,13.35760716110866,13.788104976947237,computed_RC,0.9687775936897537
3,2025-08-14,10.95304508088375,11.732397486911532,computed_RC,0.9335726217171543
3,2025-08-15,9.213539727831847,10.19408644389863,computed_RC,0.9038122031372747
3,2025-08-16,8.466850279056613,9.521498203825107,computed_RC,0.8892350865177072
3,2025-08-17,7.083407615832994,8.238373301727814,computed_RC,0.8598065851601321
3,2025-08-18,5.670905325085462,6.884774233158172,computed_RC,0.8236879137987527
3,2025-08-19,4.697309585908855,5.917307006800828,computed_RC,0.7938255663446537
3,2025-08-20,3.4835290652717728,4.657218064934853,computed_RC,0.7479849594117087
3,2025-08-21,3.0275034883146383,4.147125117106686,computed_RC,0.7300246322027605
3,2025-08-22,4.701906992149907,5.914598377560917,computed_RC,0.7949664021124788
3,2025-08-23,15.868946376478133,15.493258596987312,computed_RC,1.0242484676247432
3,2025-08-24,54.556005450251625,43.85579796819138,computed_RC,1.2439861541185753
3,2025-08-25,50.8770161880581,41.4001730955907,computed_RC,1.2289082963635416
3,2025-08-26,42.727194388410986,35.82554262098435,computed_RC,1.1926461195701215
3,2025-08-27,35.286307589645254,30.60558249228772,computed_RC,1.152936971499792
3,2025-08-28,32.537261140513465,28.62765421930591,computed_RC,1.1365674913933743
3,2025-08-29,29.884898347209326,26.69093278324395,computed_RC,1.119664816134507
5,2021-03-30,407.8711668737975,764.9120358012103,computed_RC,0.5332262375066058
5,2021-03-31,330.3091964752505,568.1671983422975,computed_RC,0.5813591447006637
5,2021-04-01,261.4545945564791,417.5415377743762,advisor_summarized,0.626176250511774
5,2021-04-02,211.87833816037534,315.2329250051599,advisor_summarized,0.6721326401958398
5,2021-04-03,173.99449603574763,243.9528385259705,advisor_summarized,0.7132300533458424
5,2021-04-04,145.07861841221353,192.4022875567355,advisor_summarized,0.7540379080442732
5,2021-04-05,121.99333037201453,152.81576518637524,advisor_summarized,0.7983033047881581
5,2021-04-06,119.1537810095038,121.3519549916531,advisor_summarized,0.9818859615215882
5,2021-04-07,118.40706261049648,97.48991958721967,advisor_summarized,1.2145569830382639
5,2021-04-08,106.19265190044176,79.60206422931337,advisor_summarized,1.3340439463294274
5,2021-04-09,94.86798549393885,65.07580809166481,advisor_summarized,1.457807260115913
5,2021-04-10,87.99587292937784,56.791532714957235,advisor_summarized,1.5494540950503752
5,2021-04-11,137.7199240021298,127.02228244750164,advisor_summarized,1.0842186217134737
5,2021-04-12,207.43274856948787,237.8438229139931,advisor_summarized,0.8721384731715223
5,2021-04-13,154.14927874808905,145.4813731990673,advisor_summarized,1.059580861511124
5,2021-04-14,126.14879087630827,101.75382642135727,advisor_summarized,1.2397449345436182
5,2021-04-15,110.2722377367641,81.44067879427753,advisor_summarized,1.3540191384617049
5,2021-04-16,112.84701112564753,85.01919233964459,advisor_summarized,1.3273121988131
5,2021-04-17,216.68456564817322,254.83954416291093,advisor_summarized,0.8502784226833084
5,2021-04-18,350.8482640248573,530.6654316434334,advisor_summarized,0.6611477648700519
5,2021-04-19,392.6148402732098,624.6358581581825,advisor_summarized,0.6285499545781507
5,2021-04-20,290.5608486228698,425.2098776915887,advisor_summarized,0.6833351336998292
5,2021-04-21,239.38973945959168,298.08659089509587,advisor_summarized,0.8030879173086954
5,2021-04-22,190.3183800804131,209.02302145984547,advisor_summarized,0.9105139651661498
5,2021-04-23,155.65970728310535,158.38374647486492,advisor_summarized,0.9828010180817899
5,2021-04-24,133.62970056624644,124.3439067787789,advisor_summarized,1.0746783178044097
5,2021-04-25,144.15323452627618,133.7773074014807,advisor_summarized,1.0775611897588593
5,2021-04-26,139.99619466364229,130.01543498763812,advisor_summarized,1.0767659599566246
5,2021-04-27,118.75584466272949,99.58889775896,advisor_summarized,1.1924606792030192
5,2021-04-28,104.45756026946044,79.48529975807195,advisor_summarized,1.3141745780338772
5,2021-04-29,95.28952796682707,65.09244903631853,advisor_summarized,1.46391062830744
5,2021-04-30,86.6685478139878,53.21106771348506,advisor_summarized,1.6287691929178063
5,2021-05-01,81.2027238100069,45.93564538389656,advisor_summarized,1.7677497100862274
5,2021-05-02,75.60726117317208,39.663716020662065,advisor_summarized,1.906207202920319
5,2021-05-03,74.24158555846824,35.7022730792022,advisor_summarized,2.079463831161958
5,2021-05-04,67.91855269931825,30.513319995476483,advisor_summarized,2.225865710758023
5,2021-05-05,61.20723760459421,24.443416872909783,advisor_summarized,2.5040377097372644
5,2021-05-06,68.47071668853548,31.848120265905205,advisor_summarized,2.1499139075355838
5,2021-05-07,79.52005078990881,42.24905932190393,advisor_summarized,1.8821732854222821
5,2021-05-08,73.07881637516225,35.335695356482184,advisor_summarized,2.068130134072945
5,2021-05-09,61.541194110709526,24.36774019256161,advisor_summarized,2.5255191340843055
5,2021-05-10,56.60405533502845,17.93698308305382,advisor_summarized,3.155717718689594
5,2021-05-11,67.01402733784695,29.11110330499453,advisor_summarized,2.302009189955693
5,2021-05-12,101.62386503010543,68.78552427582119,advisor_summarized,1.4774019112307217
5,2021-05-13,90.27725485159425,55.38414999640596,advisor_summarized,1.630019687174988
5,2021-05-14,84.0734272670014,47.86805334207452,advisor_summarized,1.7563577667593075
5,2021-05-15,74.57870905161909,38.804771321850744,advisor_summarized,1.9218953368660685
5,2021-05-16,65.57274018538223,29.526285490136924,advisor_summarized,2.2208259216109796
5,2021-05-17,56.69178483702783,21.355213895938984,advisor_summarized,2.654704612806928
5,2021-05-18,49.05125022612263,13.55580274255729,advisor_summarized,3.618468869580877
5,2021-05-19,42.97604401391405,8.285408629364591,advisor_summarized,5.186955277208806
5,2021-05-20,37.813542021572644,4.991761777179616,advisor_summarized,7.575189624320892
5,2021-05-21,33.884258974024974,2.822970198873278,advisor_summarized,12.003052312613528
5,2021-05-22,32.20780261437124,2.4511899485535227,advisor_summarized,13.139660038740555
5,2021-05-23,30.564137256864623,1.7581566047378805,advisor_summarized,17.384194999751664
5,2021-05-24,30.60467315979722,1.2420693479008882,advisor_summarized,24.640067973273375
5,2021-05-25,28.552323394243743,1.093545286749827,advisor_summarized,26.10986827907725
5,2021-05-26,25.04241137388837,0.49548354762429486,advisor_summarized,50.541358020785424
5,2021-05-27,21.70017800521951,0.7514105248500448,advisor_summarized,28.879257459895314
5,2021-05-28,17.10701205668363,0.2944832815594846,advisor_summarized,58.09162396619134
5,2021-05-29,12.75627160418954,0.00665782204099841,advisor_summarized,1915.9826630446557
5,2021-06-04,15.138003083639669,0.2666983456363368,advisor_summarized,56.76076860364732
5,2021-06-05,21.12223667177374,2.2630993874221557,advisor_summarized,9.33332260578869
5,2021-06-06,19.386107152241483,1.8512348115520472,advisor_summarized,10.471987146778243
5,2021-06-07,34.89925124852186,6.975590462951497,advisor_summarized,5.003053352096499
5,2021-06-08,28.360083008132424,0.7012536901072758,advisor_summarized,40.44197329470592
5,2021-06-09,24.12845535651502,0.02254404729021541,advisor_summarized,1070.2805510431695
5,2021-06-10,31.621740060671886,2.1624980405702483,advisor_summarized,14.62278321987902
5,2021-06-11,34.171185495924135,2.3985663319963324,advisor_summarized,14.246504272193038
5,2021-06-12,33.755156720797594,1.250694894610729,advisor_summarized,26.989121700463706
5,2021-06-13,35.199528760794706,1.3727028428126615,advisor_summarized,25.64249716906759
5,2021-06-14,44.82057090185477,2.3570708726359766,advisor_summarized,19.01536836341739
5,2021-06-15,68.23587831029586,12.212611941632629,advisor_summarized,5.5873287906316484
5,2021-06-16,200.66823094460364,154.2722877494098,advisor_summarized,1.3007406182408892
5,2021-06-17,119.72304152511964,93.78557247385828,advisor_summarized,1.2765613981669852
5,2021-06-18,91.28651722891549,65.4247578281447,advisor_summarized,1.3952901051419018
5,2021-06-19,88.01470239498802,62.47091089595033,advisor_summarized,1.4088909723372316
5,2021-06-20,128.54593314014386,119.32133111608418,advisor_summarized,1.0773089097965671
5,2021-06-21,215.08519537588734,242.63365690367615,advisor_summarized,0.886460675409408
5,2021-06-22,471.151609503008,525.3052383894229,advisor_summarized,0.8969101677865443
5,2021-06-23,515.1442475906975,753.5463427735962,advisor_summarized,0.6836264982649822
5,2021-06-24,519.9459939883103,962.4834419400228,advisor_summarized,0.5402129234974525
5,2021-06-25,555.1596494038527,1054.9400877947471,advisor_summarized,0.5262475621382079
5,2021-06-26,483.20367124930226,865.5130085026916,advisor_summarized,0.5582858564832299
5,2021-06-27,420.67281696134705,708.3691030075157,advisor_summarized,0.5938610466991017
5,2021-06-28,383.25818488926035,618.2970744579612,advisor_summarized,0.6198609062241626
5,2021-06-29,362.5092180216615,580.9221555698573,advisor_summarized,0.6240237431916451
5,2021-06-30,365.51405436186616,540.8382653487366,advisor_summarized,0.6758287602416222
5,2021-07-01,329.52268176363293,499.2620573193082,advisor_summarized,0.6600194766110241
5,2021-07-02,296.01830844786406,472.3146549038648,advisor_summarized,0.6267396223564475
5,2021-07-03,349.18116978789845,437.4074909711563,advisor_summarized,0.7982971873952756
5,2021-07-04,314.02910455076153,365.3466065342129,advisor_summarized,0.8595374883312464
5,2021-07-05,282.1373420249259,392.0159942337418,advisor_summarized,0.7197087521298936
5,2021-07-06,237.68574864506044,306.10528739959005,advisor_summarized,0.7764836428153079
5,2021-07-07,503.3754464148354,1277.2987263830544,advisor_summarized,0.3940937511464143
5,2021-07-08,694.4144810371027,1530.7397924180132,advisor_summarized,0.453646324787951
5,2021-07-09,528.6096677053916,1058.5337934431466,advisor_summarized,0.4993791138079363
5,2021-07-10,436.25795997480077,823.8143771496437,advisor_summarized,0.5295585657101923
5,2021-07-11,389.65613945118446,706.2528048803694,advisor_summarized,0.5517233160117325
5,2021-07-12,368.0945952552906,656.1730301584026,advisor_summarized,0.5609718448294517
5,2021-07-13,307.92939003699576,517.8511761483607,advisor_summarized,0.5946291216856794
5,2021-07-14,256.2450762820997,407.1977682812748,advisor_summarized,0.6292889997007464
5,2021-07-15,210.00056065754237,313.99273795985835,advisor_summarized,0.6688070622970567
5,2021-07-16,171.00169757732237,238.1594421521384,advisor_summarized,0.7180135124270444
5,2021-07-17,137.38316403567845,178.4673811652746,advisor_summarized,0.7697942511323737
5,2021-07-18,113.1992753048724,137.83586621308532,advisor_summarized,0.82126139164587
5,2021-07-19,100.36164091881676,118.04246845555208,advisor_summarized,0.8502163859493256
5,2021-07-20,94.04678916616913,108.22748105127148,advisor_summarized,0.868973279731195
5,2021-07-21,86.05198172714532,94.838977500666,advisor_summarized,0.9073482653958497
5,2021-07-22,91.18855686403884,103.76827451806147,advisor_summarized,0.8787710626157414
5,2021-07-23,72.74029434200598,77.45977602971452,advisor_summarized,0.939071839222746
5,2021-07-24,66.0726460236173,67.96359396886645,advisor_summarized,0.9721770460503402
5,2021-07-25,51.06628481988556,48.719976102533714,advisor_summarized,1.0481590695449834
5,2021-07-26,40.669902676904556,35.45422839381724,advisor_summarized,1.147110077397619
5,2021-07-27,127.81028781259812,176.5877481409625,advisor_summarized,0.7237777771002131
5,2021-07-28,305.2406414225996,511.02314001349447,advisor_summarized,0.5973127585074507
5,2021-07-29,320.7326049234158,548.4473502314867,advisor_summarized,0.5848010839837993
5,2021-07-30,222.89473570946868,339.53936176087234,advisor_summarized,0.6564621390389693
5,2021-07-31,172.75648580246,241.7669909055988,advisor_summarized,0.714557786219522
5,2021-08-01,141.87575676028456,186.02177168453272,advisor_summarized,0.7626836121144265
5,2021-08-02,139.44680349371706,181.05792664662224,advisor_summarized,0.7701778435024321
5,2021-08-03,285.7276648591516,468.2565774128941,advisor_summarized,0.6101946638695175
5,2021-08-04,252.67356241550738,399.2325054870992,advisor_summarized,0.632898270914146
5,2021-08-05,249.33620174241048,390.5338236931525,advisor_summarized,0.6384496978636022
5,2021-08-06,275.16664245154243,445.6648864502959,advisor_summarized,0.6174294875309437
5,2021-08-07,262.01587555500026,417.98705448760694,advisor_summarized,0.6268516518440856
5,2021-08-08,253.3940278663612,354.00779037001956,advisor_summarized,0.7157865865084668
5,2021-08-09,192.7396725197945,278.3729961278207,advisor_summarized,0.6923792005719337
5,2021-08-10,160.8368242915201,219.55769656745312,advisor_summarized,0.7325492424361782
5,2021-08-11,144.16435351342213,189.9242472386296,advisor_summarized,0.7590623925563721
5,2021-08-12,125.5456747629548,158.5119985457044,advisor_summarized,0.7920263192363682
5,2021-08-13,105.54311195866931,125.81638907784306,advisor_summarized,0.838866166262087
5,2021-08-14,92.05564952366429,105.20752392425136,advisor_summarized,0.8749911231628612
5,2021-08-15,86.32032570959083,97.09677735238404,advisor_summarized,0.8890132923394227
5,2021-08-16,72.74997523694431,77.42667328144856,advisor_summarized,0.9395983600185909
5,2021-08-17,76.93357651715004,81.8645735109841,advisor_summarized,0.9397664119856137
5,2021-08-18,78.41040436754052,84.49326411993628,advisor_summarized,0.9280077552245907
5,2021-08-19,58.043154239846956,57.69323348919363,advisor_summarized,1.0060651956822435
5,2021-08-20,60.7089648539658,61.13886335177221,advisor_summarized,0.9929684905109715
5,2021-08-21,57.0568296053624,55.68939916376703,advisor_summarized,1.0245545913967242
5,2021-08-22,53.59940916074461,51.282430913245605,advisor_summarized,1.045180741361864
5,2021-08-23,79.75801228029047,86.51741231912887,advisor_summarized,0.9218723739227704
5,2021-08-24,83.24358479596754,91.36967390568236,advisor_summarized,0.9110636082809807
5,2021-08-25,108.84168744765742,130.4482232182688,advisor_summarized,0.83436696002782
5,2021-08-26,113.25860966579557,137.6188929348516,advisor_summarized,0.8229873620579979
5,2021-08-27,103.03700990824063,121.53880559830776,advisor_summarized,0.8477704664038205
5,2021-08-28,89.50683999836866,101.0618098308567,advisor_summarized,0.8856643290692384
5,2021-08-29,79.34344517723457,86.67004629048638,advisor_summarized,0.9154655913221078
5,2021-08-30,60.09645703059622,60.76092923056319,advisor_summarized,0.989064153422579
5,2021-08-31,47.09222658508934,44.05980998187524,advisor_summarized,1.0688250041128533
5,2021-09-01,64.89440608142601,66.24677560402372,advisor_summarized,0.9795858815728449
5,2021-09-02,90.1639147199063,101.63028650632984,advisor_summarized,0.8871756424133531
5,2021-09-03,76.17643264261645,81.15905022412068,advisor_summarized,0.9386067534336007
5,2021-09-04,58.63660811326157,58.01798938522155,advisor_summarized,1.0106625330280337
5,2021-09-05,46.104391383873406,42.605203337041694,advisor_summarized,1.0821305327227357
5,2021-09-06,37.973651343065306,32.499407266301205,advisor_summarized,1.1684413513116707
5,2021-09-07,35.9559850638488,30.14476475185907,advisor_summarized,1.1927770994342008
5,2021-09-08,44.54095075258967,40.45126648051371,advisor_summarized,1.1011015136954008
5,2021-09-09,74.9046150896999,79.42305872158848,advisor_summarized,0.9431091712580897
5,2021-09-10,62.46940008681679,61.87159710629328,advisor_summarized,1.0096619936850266
5,2021-09-11,47.30178705678351,42.7335558482415,advisor_summarized,1.1069003296792115
5,2021-09-12,37.09410577612684,31.654765960332963,advisor_summarized,1.171833202703504
5,2021-09-13,28.21194384548892,16.81092104531162,advisor_summarized,1.6781914428987768
5,2021-09-14,22.995894045730306,0.5265722010404641,advisor_summarized,43.67092300028805
5,2021-09-15,27.917002038598927,2.1329024153439993,advisor_summarized,13.0887385366369
5,2021-09-16,59.5039974909056,27.58088615265235,advisor_summarized,2.1574360287616545
5,2021-09-17,98.2600041198816,75.61299221208219,advisor_summarized,1.2995121770115672
5,2021-09-18,112.4809201102106,98.73605974929936,advisor_summarized,1.139208110955722
5,2021-09-19,387.9895620727535,496.5837070476814,advisor_summarized,0.7813175433794471
5,2021-09-20,383.9443270750349,622.8754745439111,advisor_summarized,0.6164062365052516
5,2021-09-21,449.71418405855553,781.0071078729694,advisor_summarized,0.5758131770187441
5,2021-09-22,491.4502993173693,894.1278232389477,advisor_summarized,0.549642105462178
5,2021-09-23,379.8649742648118,611.7912033591108,advisor_summarized,0.6209062375841937
5,2021-09-24,326.0423568636112,492.7717668413764,advisor_summarized,0.6616498322408241
5,2021-09-25,272.7083996924543,379.7260205167779,advisor_summarized,0.7181714840645346
5,2021-09-26,226.49977860950105,289.0550204602561,advisor_summarized,0.7835870771206475
5,2021-09-27,183.93076755608314,211.10585930424205,advisor_summarized,0.8712726788459498
5,2021-09-28,149.6995141508162,153.10364918788187,advisor_summarized,0.9777658138449185
5,2021-09-29,123.83667751594707,111.01299056092564,advisor_summarized,1.1155151923232227
5,2021-09-30,102.99504585826418,80.58479055781656,advisor_summarized,1.2780953470911995
5,2021-10-01,87.1070492894132,59.00595732693372,advisor_summarized,1.4762416073817775
5,2021-10-02,73.72539921445616,43.23707896594064,advisor_summarized,1.7051429231038535
5,2021-10-03,64.01735320960702,32.38865212819747,advisor_summarized,1.9765365028535316
5,2021-10-04,56.21765487817524,23.72202800365466,advisor_summarized,2.3698502872315235
5,2021-10-05,49.66508322061981,16.43683839724741,advisor_summarized,3.0215715468089632
5,2021-10-06,71.01094253028701,39.20167241698234,advisor_summarized,1.811426353828842
5,2021-10-07,93.30150259383434,67.23834704556288,advisor_summarized,1.3876233829872444
5,2021-10-08,85.0361417354435,57.06304554107206,advisor_summarized,1.4902138665949287
5,2021-10-09,77.22518041992832,46.93608929189069,advisor_summarized,1.6453262635425996
5,2021-10-10,64.60231494633163,31.910650755667252,advisor_summarized,2.0244750080773084
5,2021-10-11,54.900579268339975,21.89598467343468,advisor_summarized,2.507335481237715
5,2021-10-12,47.01221263149079,14.52973408320915,advisor_summarized,3.235586581437787
5,2021-10-13,39.44330821407779,8.566264639337426,advisor_summarized,4.604493308897892
5,2021-10-14,32.650275342635304,3.638735896454768,advisor_summarized,8.972972007791654
5,2021-10-15,27.27331386811003,1.023135498493733,advisor_summarized,26.656600135819726
5,2021-10-16,23.48388523527751,0.03156244513099597,advisor_summarized,744.0451821083756
5,2021-10-17,26.081937731703373,0.5761328308905472,advisor_summarized,45.27070205561394
5,2021-10-28,52.60343896772589,28.22884463869754,advisor_summarized,1.863464114135738
5,2021-10-29,80.79618803039384,46.86990704552921,advisor_summarized,1.7238393059305366
5,2021-10-30,62.2312117053154,25.715111081989143,advisor_summarized,2.420025000354835
5,2021-10-31,50.853360005911256,14.27246475347215,advisor_summarized,3.5630398031664328
5,2021-11-01,42.901936208131936,9.304549479668532,advisor_summarized,4.61085582938512
5,2021-11-02,35.17013919625376,4.496990319913741,advisor_summarized,7.8208171897795795
5,2021-11-03,30.1356405494602,1.7848899850864244,advisor_summarized,16.88375238880677
5,2021-11-04,27.032333460317172,0.6109503884620838,advisor_summarized,44.246364305233314
5,2021-11-05,31.909989799374337,4.061400498908468,advisor_summarized,7.856893159871918
5,2021-11-06,427.37340732700494,735.3694646502028,advisor_summarized,0.5811682805326925
5,2021-11-07,389.50868530197766,630.9504868266673,advisor_summarized,0.6173363733515626
5,2021-11-08,314.13661659155287,462.75266675512626,advisor_summarized,0.6788434495565723
5,2021-11-09,253.55318499300182,339.26236599372675,advisor_summarized,0.7473660812637564
5,2021-11-10,204.80393762833887,249.89945418415763,advisor_summarized,0.819545357939891
5,2021-11-11,168.85950874193648,187.41584208347217,advisor_summarized,0.9009884482803168
5,2021-11-12,146.90206452536168,148.86998595019017,advisor_summarized,0.9867809390034675
5,2021-11-13,132.45903396971448,123.19923244984096,advisor_summarized,1.0751611948852322
5,2021-11-14,120.24759160712708,103.3440357921916,advisor_summarized,1.1635658573362262
5,2021-11-15,103.97381114461238,80.3861591736332,advisor_summarized,1.2934292695839607
5,2021-11-16,90.00265310484427,62.08141797411818,advisor_summarized,1.4497518910145784
5,2021-11-17,78.55548681035759,48.56791821822805,advisor_summarized,1.617435741375361
5,2021-11-18,72.10012832610167,41.07636977967045,advisor_summarized,1.7552702128459639
5,2021-11-19,70.54035305110139,38.060230704445594,advisor_summarized,1.853387426862391
5,2021-11-20,65.46219737634854,32.91127091024983,advisor_summarized,1.9890510322395694
5,2021-11-21,62.161570006591106,30.560470716381932,advisor_summarized,2.034051457632471
5,2021-11-22,65.25329018456017,32.75789680802103,advisor_summarized,1.9919865602782652
5,2021-11-23,64.62049356803026,30.276709814068766,advisor_summarized,2.1343301159494836
5,2021-11-24,57.25558445648787,24.36553000092439,advisor_summarized,2.349860005274487
5,2021-11-25,52.918773030371774,21.081556981549728,advisor_summarized,2.51019282288711
5,2021-11-26,54.197478470253316,20.95971780387825,advisor_summarized,2.5857923745626463
5,2021-11-27,54.86284569436165,21.554287409523507,advisor_summarized,2.5453333089602004
5,2021-11-28,51.16504770111152,18.667565357923447,advisor_summarized,2.740852742181214
5,2021-11-29,47.811249265736954,14.63317157059771,advisor_summarized,3.2673196671734264
5,2021-11-30,44.095654878876694,11.675221809954202,advisor_summarized,3.7768579986447097
5,2021-12-01,40.5400556891625,9.340261293115296,advisor_summarized,4.340355629991269
5,2021-12-02,38.429626945794325,7.478566739861782,advisor_summarized,5.138635287020862
5,2021-12-03,36.552703621725,6.129861616456274,advisor_summarized,5.963055270871912
5,2021-12-04,35.07760984440674,5.1592414958130375,advisor_summarized,6.7989858340366185
5,2021-12-05,34.16531074751555,4.870395074124918,advisor_summarized,7.014895142496044
5,2021-12-06,33.4430481604467,4.714525988111158,advisor_summarized,7.093618371132455
5,2021-12-07,34.14220272262211,4.778918117806412,advisor_summarized,7.144337249765193
5,2021-12-08,44.69652136238272,14.580058073062224,advisor_summarized,3.0655928212633783
5,2021-12-09,94.5215461950898,68.6753819399536,advisor_summarized,1.376352683087148
5,2021-12-10,87.87184729082296,60.60012253055134,advisor_summarized,1.4500275514545813
5,2021-12-11,78.49963680953013,48.25025584562734,advisor_summarized,1.6269268511380157
5,2021-12-12,86.24638640409626,57.27978315320784,advisor_summarized,1.5057037868563614
5,2021-12-13,83.72214592507392,54.3968175380825,advisor_summarized,1.5391000744935333
5,2021-12-14,77.65596252747363,46.948519724824955,advisor_summarized,1.654066261995722
5,2021-12-15,71.4596828817172,41.30074472305484,advisor_summarized,1.7302274658942671
5,2021-12-16,70.97541282814353,41.11165874716197,advisor_summarized,1.726405963443232
5,2021-12-17,70.62012291086836,40.03123006813589,advisor_summarized,1.7641257286040943
5,2021-12-18,68.37970178558689,37.770942435847736,advisor_summarized,1.810378491395251
5,2021-12-19,84.05547500587969,55.272875909765666,advisor_summarized,1.5207364122522289
5,2021-12-20,84.2707540291287,55.73905643876477,advisor_summarized,1.5118798094780992
5,2021-12-21,243.2169113926533,338.2836646305368,advisor_summarized,0.7189732665876357
5,2021-12-22,299.6898621876053,432.88966390221225,advisor_summarized,0.6923008035953102
5,2021-12-23,240.25676863349992,314.7285680297694,advisor_summarized,0.7633776944289805
5,2021-12-24,200.24219744738087,239.56385172174384,advisor_summarized,0.8358614874833641
5,2021-12-25,170.66048358420545,188.04000446899917,advisor_summarized,0.9075754069785775
5,2021-12-26,148.8533347695424,151.85675381317392,advisor_summarized,0.9802220252427722
5,2021-12-27,133.27191594069183,126.82367089438726,advisor_summarized,1.0508441760187999
5,2021-12-28,121.31770282860603,108.82756065162926,advisor_summarized,1.1147700279431907
5,2021-12-29,110.02303690668006,91.44444071477469,advisor_summarized,1.203168131891736
5,2021-12-30,99.27553173420192,75.2541799893234,advisor_summarized,1.3192028901024038
5,2021-12-31,90.67019974745448,62.910502612289726,advisor_summarized,1.4412569600062586
5,2022-01-01,82.12101450332977,53.743584353773734,advisor_summarized,1.5280152131789002
5,2022-01-02,75.69451452511457,45.46791001916126,advisor_summarized,1.6647898373427568
5,2022-01-03,79.04455895745014,45.59052638570819,advisor_summarized,1.7337935142207348
5,2022-01-04,69.59634039040809,38.80696045163243,advisor_summarized,1.7933983898880825
5,2022-01-05,66.29926882287246,34.613550934378374,advisor_summarized,1.9154136756602933
5,2022-01-06,65.52274384182745,33.20986713990107,advisor_summarized,1.9729902431046773
5,2022-01-07,62.019092386147044,28.233586025630956,advisor_summarized,2.1966424077283344
5,2022-01-08,54.76058107654945,23.049344507803298,advisor_summarized,2.375797761103809
5,2022-01-09,49.54166805051922,19.165032818637737,advisor_summarized,2.58500303752888
5,2022-01-10,48.24724144012621,15.935134000873491,advisor_summarized,3.02772737508712
5,2022-01-11,46.630989950004306,15.202224303818674,advisor_summarized,3.0673794188322154
5,2022-01-12,43.19117272448398,13.506469774961529,advisor_summarized,3.1978135992687253
5,2022-01-13,42.61477919168655,12.024100291735104,advisor_summarized,3.5441137513613623
5,2022-01-14,43.174580449881546,11.1197447015141,advisor_summarized,3.882695296412943
5,2022-01-15,38.69376850959127,8.907146589652227,advisor_summarized,4.344126159834768
5,2022-01-16,103.81622375288019,90.50114268226288,advisor_summarized,1.1471261099692933
5,2022-01-17,131.2312085953584,120.74538723761238,advisor_summarized,1.0868424177323741
5,2022-01-18,101.52989424145518,79.10321012103367,advisor_summarized,1.2835116815879792
5,2022-01-19,87.07061337815396,62.24675671703548,advisor_summarized,1.398797591559092
5,2022-01-20,79.03206105611261,51.7952549872563,advisor_summarized,1.5258552366535825
5,2022-01-21,72.79105682089737,44.09645703246054,advisor_summarized,1.6507234757503078
5,2022-01-22,74.95083817029625,47.29586168285609,advisor_summarized,1.5847229652539472
5,2022-01-23,73.34281208761404,44.944147018991146,advisor_summarized,1.6318657033722999
5,2022-01-24,70.27375052752741,40.345329113011616,advisor_summarized,1.7418063521227714
5,2022-01-25,66.07287738251776,35.68218373715542,advisor_summarized,1.8517049816577478
5,2022-01-26,66.52996321235658,36.24693317872222,advisor_summarized,1.8354646139114241
5,2022-01-27,53.6954836133841,34.58454336295405,advisor_summarized,1.5525861668857865
5,2022-01-28,66.42100194258228,33.24062229970486,advisor_summarized,1.9981876796323401
5,2022-01-29,56.06170092619705,30.156606428736115,advisor_summarized,1.8590188872437605
5,2022-01-30,105.57228431565163,29.00124624312575,advisor_summarized,3.6402671606112698
5,2022-01-31,142.5081406786941,103.24973914949656,advisor_summarized,1.3802276097991377
5,2022-02-01,77.56996481636982,171.6239121493003,advisor_summarized,0.45197643990826636
5,2022-02-02,47.25708672498475,74.2047757714102,advisor_summarized,0.6368469715555974
5,2022-02-03,45.49057790475079,22.76881450149146,advisor_summarized,1.9979335288524116
5,2022-02-04,54.802133327956604,19.946868796707054,advisor_summarized,2.7474053139109063
5,2022-02-05,59.50672031652529,26.35056288232603,advisor_summarized,2.2582713159587913
5,2022-02-06,63.70995194178269,32.0646958504944,advisor_summarized,1.986918954068306
5,2022-02-07,102.13889057618506,35.7556560612547,advisor_summarized,2.856579960418182
5,2022-02-08,124.44764620920523,87.17902210674355,advisor_summarized,1.4274953217166089
5,2022-02-09,100.70874598460539,118.336295724048,advisor_summarized,0.8510385200788367
5,2022-02-10,87.12946928828784,84.33931726262465,advisor_summarized,1.0330824592399168
5,2022-02-11,79.55713409314214,66.28638982543522,advisor_summarized,1.2002031533570516
5,2022-02-12,85.95278825411968,56.43634227319736,advisor_summarized,1.5230042343644268
5,2022-02-13,84.3577714696851,62.66312065960628,advisor_summarized,1.3462108267465136
5,2022-02-14,73.78344253937858,58.18177691379128,advisor_summarized,1.268153818139733
5,2022-02-15,67.5768728711835,47.55891906765162,advisor_summarized,1.4209085108737802
5,2022-02-16,64.98407812345938,43.1462238717009,advisor_summarized,1.5061359324675845
5,2022-02-17,65.90227640031361,42.03583639475283,advisor_summarized,1.5677641282413008
5,2022-02-18,64.27459184337752,40.18720519215571,advisor_summarized,1.599379492454069
5,2022-02-19,57.57451180975545,35.73698446852241,advisor_summarized,1.61106239561057
5,2022-02-20,52.2995450816492,30.80380881708203,advisor_summarized,1.697827219751048
5,2022-02-21,48.068299756633856,26.46316444184292,advisor_summarized,1.816422970210978
5,2022-02-22,44.115319953888125,22.76179595472301,advisor_summarized,1.9381300158230406
5,2022-02-23,40.00159511234884,18.661315739567954,advisor_summarized,2.1435570605309824
5,2022-02-24,35.32721191762937,14.119938909009091,advisor_summarized,2.501938014412313
5,2022-02-25,33.30008164981891,9.500992266184983,advisor_summarized,3.5049056684676345
5,2022-02-26,29.382175498490703,7.981625031394736,advisor_summarized,3.68122724168569
5,2022-02-27,28.328198820622426,6.012291285876373,advisor_summarized,4.711714298867875
5,2022-02-28,35.50805114596681,3.4762975510145107,advisor_summarized,10.214330224869348
5,2022-03-01,33.020077234200514,8.33955359794503,advisor_summarized,3.9594538060570854
5,2022-03-02,28.991258648399093,7.133792627296611,advisor_summarized,4.063933473124448
5,2022-03-03,25.64028011512915,4.475630837914318,advisor_summarized,5.7288639397877015
5,2022-03-04,21.51981788608084,2.6641411137277795,advisor_summarized,8.077581842490842
5,2022-03-05,18.834484480869346,1.483628893965222,advisor_summarized,12.694875758675302
5,2022-03-06,17.601803515673073,0.6265082436827462,advisor_summarized,28.095086845475485
5,2022-03-07,16.54364782112767,0.2603836787533201,advisor_summarized,63.535655922584304
5,2022-03-08,20.362213860180088,0.1337837768187043,advisor_summarized,152.20241455564326
5,2022-03-09,191.22556193174074,0.5857380092096903,advisor_summarized,326.46944354823876
5,2022-03-10,432.49369791796425,250.45510085805589,advisor_summarized,1.7268312621154311
5,2022-03-11,633.2766937910757,778.1412254781791,advisor_summarized,0.8138325962641524
5,2022-03-12,486.7341987242958,1269.7084625858745,advisor_summarized,0.3833432737252284
5,2022-03-13,403.64025289430725,888.9889648588882,advisor_summarized,0.454044165731999
5,2022-03-14,354.57161645737966,690.1284323186875,advisor_summarized,0.5137762767809653
5,2022-03-15,393.2196443232035,620.7763651404126,advisor_summarized,0.633432048003731
5,2022-03-16,343.55449577211044,573.3558291205219,advisor_summarized,0.5991994470503479
5,2022-03-17,291.4436270295682,518.7151902231302,advisor_summarized,0.561856742433552
5,2022-03-18,250.1227442668404,434.4696317869923,advisor_summarized,0.5756967253109839
5,2022-03-19,233.83320792495607,349.3614883176443,advisor_summarized,0.669315925607552
5,2022-03-20,199.8237660494856,313.2903395023266,advisor_summarized,0.6378229420253211
5,2022-03-21,163.44164774548022,252.16780019732263,advisor_summarized,0.6481463835493123
5,2022-03-22,141.30540624154776,190.30913796682296,advisor_summarized,0.7425045783465314
5,2022-03-23,381.1247625910503,151.28264272643636,advisor_summarized,2.5192894288622143
5,2022-03-24,484.05760453036265,658.8895349615727,advisor_summarized,0.7346566895444674
5,2022-03-25,386.99707539705895,888.9638670448566,advisor_summarized,0.435334989130139
5,2022-03-26,325.4341264841425,651.3023553594294,advisor_summarized,0.4996667428057244
5,2022-03-27,274.24396434195995,509.0332793186342,advisor_summarized,0.538754489115228
5,2022-03-28,232.0056050230574,400.80809035583655,advisor_summarized,0.5788446156789983
5,2022-03-29,191.51546945794215,318.76410343115685,advisor_summarized,0.6008062620492133
5,2022-03-30,172.64826893704037,246.69427519766623,advisor_summarized,0.6998470831911452
5,2022-03-31,216.49681395165356,207.6921643765556,advisor_summarized,1.0423927864661025
5,2022-04-01,225.07071538257102,286.9847069743444,advisor_summarized,0.7842603104376976
5,2022-04-02,311.0028826303997,306.3619954359065,advisor_summarized,1.0151483776174324
5,2022-04-03,243.55196985923203,484.27460092452384,advisor_summarized,0.5029212132832682
5,2022-04-04,191.76949497586912,344.47398591494544,advisor_summarized,0.556702400811245
5,2022-04-05,170.10471973303723,247.0729602742267,advisor_summarized,0.6884797087639122
5,2022-04-06,229.2386817246035,206.1687543908806,advisor_summarized,1.1118982718883972
5,2022-04-07,247.44033263818153,319.07225864289455,advisor_summarized,0.7754993608363696
5,2022-04-08,180.4623561352006,314.44483163141985,advisor_summarized,0.5739078464063663
5,2022-04-09,141.92965586766337,211.6895514767456,advisor_summarized,0.6704613188396052
5,2022-04-10,124.28233929794241,147.1797147876021,advisor_summarized,0.844425738134475
5,2022-04-11,106.00307692080587,110.26031443095115,advisor_summarized,0.9613892130444511
5,2022-04-12,100.66587348402463,81.66816314926523,advisor_summarized,1.2326207619000469
5,2022-04-13,76.95827364062963,61.78214564466053,advisor_summarized,1.245639380724238
5,2022-04-14,53.90098428182153,47.25858880535404,advisor_summarized,1.1405542493836582
5,2022-04-15,49.56411590017605,38.87204118704694,advisor_summarized,1.2750582265973713
5,2022-04-16,36.65351260674311,31.270784842046435,advisor_summarized,1.1721328003721576
5,2022-04-17,59.5911318248898,66.0113636539921,advisor_summarized,0.9027405059717466
5,2022-04-18,90.50980450621755,102.934101702937,advisor_summarized,0.8792985318648295
5,2022-04-19,53.629956203015254,50.37349426303626,advisor_summarized,1.0646463380716586
5,2022-04-20,35.394846018523566,29.238231047337383,advisor_summarized,1.2105672864140953
5,2022-04-21,25.41763049027693,18.99997592444217,advisor_summarized,1.3377717209409137
5,2022-04-22,17.899894376513057,12.170033612081395,advisor_summarized,1.4708171683883875
5,2022-04-23,13.343316737210287,8.373434037605522,advisor_summarized,1.593529808353988
5,2022-04-24,8.565834838832727,4.69726749814655,advisor_summarized,1.823578248888878
5,2022-04-25,4.215239487038899,1.899290662324531,advisor_summarized,2.2193756704305025
5,2022-04-26,1.7359745069038917,0.49247248448785846,advisor_summarized,3.525018273273074
5,2022-04-27,0.58792561854163,0.09773311846350376,advisor_summarized,6.015623237901465
5,2022-04-28,0.507078400396929,2.777697686344443e-4,advisor_summarized,1825.5348769227064
5,2022-05-01,361.6890953201061,173.90276240195192,advisor_summarized,2.0798352500238746
5,2022-05-02,311.43536505917075,382.4886399264365,advisor_summarized,0.8142342871126019
5,2022-05-03,258.1873166150863,459.46747564706465,advisor_summarized,0.5619272969245168
5,2022-05-04,365.91687470458584,652.1431453142179,advisor_summarized,0.5610990122855289
5,2022-05-05,261.930924745635,418.942231935237,advisor_summarized,0.6252196717807292
5,2022-05-06,183.36858702442242,279.4996332237547,advisor_summarized,0.6560602062673402
5,2022-05-07,187.3889889389948,255.4986965483646,advisor_summarized,0.7334244419658831
5,2022-05-08,159.05318205571777,213.61406112991833,advisor_summarized,0.744581986852368
5,2022-05-09,114.11435296913643,138.16654968013694,advisor_summarized,0.8259188148891129
5,2022-05-10,82.05408217891976,90.27210175305896,advisor_summarized,0.908963905630338
5,2022-05-11,58.33170335193954,57.705629883834774,advisor_summarized,1.0108494347841812
5,2022-05-12,41.538466810963754,36.90204561692645,advisor_summarized,1.125641305692567
5,2022-05-13,34.48239268439865,28.336926178574487,advisor_summarized,1.2168713172027368
5,2022-05-14,36.450749139650185,31.00286283972272,advisor_summarized,1.1757220398674701
5,2022-05-15,28.645493783918532,22.409312864125777,advisor_summarized,1.2782852360357744
5,2022-05-16,26.669666204656878,20.400043761809,advisor_summarized,1.3073337741846056
5,2022-05-17,19.318989734380676,13.15278571772956,advisor_summarized,1.4688135387425385
5,2022-05-18,11.44670371788211,6.799968177664251,advisor_summarized,1.6833466596918671
5,2022-05-19,4.865140280450049,2.3506302267916084,advisor_summarized,2.0697173996143636
5,2022-05-20,4.229549985406124,1.5847757456262688,advisor_summarized,2.6688634004394727
5,2022-05-21,22.17506794766859,15.780112721945304,advisor_summarized,1.4052540902847837
5,2022-05-22,44.95880303157213,41.19058808254323,advisor_summarized,1.091482426555252
5,2022-05-23,43.824273334998935,39.56526487781572,advisor_summarized,1.1076451395014226
5,2022-05-24,28.15843465508506,22.240334377247233,advisor_summarized,1.266097630433663
5,2022-05-25,14.866364410979138,9.336292364874769,advisor_summarized,1.592319930651459
5,2022-05-26,6.485391457762939,3.403668293724614,advisor_summarized,1.9054123075741947
5,2022-05-27,3.4781931095719067,1.3841130902772678,advisor_summarized,2.5129399714550416
5,2022-05-28,3.514828587088323,1.4631928286982776,advisor_summarized,2.402163623379205
5,2022-05-29,1.0779754596198285,0.0995255320722531,advisor_summarized,10.831144904980208
5,2022-06-06,123.52963775718266,40.41253623313284,advisor_summarized,3.0567157934498796
5,2022-06-07,37.36568452797852,32.667536477360294,advisor_summarized,1.1438170292967822
5,2022-06-08,15.424197367000593,10.271448380687191,advisor_summarized,1.5016574873707018
5,2022-06-09,7.050720036325632,3.82159763487088,advisor_summarized,1.8449666108200464
5,2022-06-10,2.407806646433329,0.8446075320225256,advisor_summarized,2.850799401075094
5,2022-06-11,10.371137415869867,6.810953291317264,advisor_summarized,1.5227145117983991
5,2022-06-12,13.21150026226982,7.814046188453498,advisor_summarized,1.690737416140683
5,2022-06-13,12.304872850026008,7.230610642541151,advisor_summarized,1.701775058614073
5,2022-06-14,4.268592938704547,1.697296285340107,advisor_summarized,2.514936829576104
5,2022-06-15,1.6396695504028844,0.3276263902607263,advisor_summarized,5.004693147881126
5,2022-06-16,0.6250862266220955,0.02807061240781045,advisor_summarized,22.268350171376014
5,2022-06-19,29.714794636374656,19.65442859201926,advisor_summarized,1.5118625554161587
5,2022-06-20,14.95015645272927,13.461986924623256,advisor_summarized,1.1105460535980771
5,2022-06-21,4.046834070979182,22.795308236596217,advisor_summarized,0.17752925422093144
5,2022-06-24,17.083383646462554,3.609406781343589,advisor_summarized,4.7330169973536
5,2022-06-25,8.250992187358454,4.418511343868999,advisor_summarized,1.867369243898694
5,2022-06-26,0.3326344039857067,8.111526756360575e-4,advisor_summarized,410.076196475435
5,2022-06-29,0.7399775774184127,0.01543627449407789,advisor_summarized,47.93757572154501
5,2022-06-30,22.068410899960927,4.760674232363104,advisor_summarized,4.6355641707092
5,2022-07-01,42.986393938978246,39.62912733409796,advisor_summarized,1.0847171469756691
5,2022-07-02,56.13184076918405,55.13756498074636,advisor_summarized,1.0180326387062049
5,2022-07-03,54.150275461046746,56.508805371691345,advisor_summarized,0.9582626124348025
5,2022-07-04,46.09440554810231,42.901302657879235,advisor_summarized,1.074429042765596
5,2022-07-05,13.307637209786671,8.423484045283068,advisor_summarized,1.5798257749699902
5,2022-07-06,32.267669978585324,26.27623020510591,advisor_summarized,1.228017479170782
5,2022-07-07,10.42585170091811,6.229143651901976,advisor_summarized,1.6737215070862483
5,2022-07-08,16.32183880628049,13.936870597190849,advisor_summarized,1.1711265231644155
5,2022-07-09,38.44710582025014,34.6525382255312,advisor_summarized,1.1095033088203388
5,2022-07-10,61.18261925443916,61.88466649222456,advisor_summarized,0.9886555543145149
5,2022-07-11,48.01659482033,45.24835045423835,advisor_summarized,1.061178901292574
5,2022-07-12,90.00278136241539,102.76711108982816,advisor_summarized,0.8757936309384474
5,2022-07-13,31.766265539842493,25.87171908097392,advisor_summarized,1.227837448312564
5,2022-07-14,9.710713714603017,5.441203488127493,advisor_summarized,1.7846628481716296
5,2022-07-15,3.016448840594845,1.2550966963395227,advisor_summarized,2.403359716739187
5,2022-07-16,1.61904629890923,0.3686820823062973,advisor_summarized,4.391442862591144
5,2022-07-17,2.861316633196111,0.9677135067247103,advisor_summarized,2.956780713829679
5,2022-07-19,12.217895482484561,1.3496921618835531,advisor_summarized,9.052357143005088
5,2022-07-20,23.693306399065204,17.73975846368963,advisor_summarized,1.3356047912129982
5,2022-07-21,22.827335392152527,16.95807812347684,advisor_summarized,1.346103917315386
5,2022-07-22,30.79667262103434,25.541476519407546,advisor_summarized,1.205751460673531
5,2022-07-23,96.59800769695651,120.36428702176592,advisor_summarized,0.8025470850792173
5,2022-07-24,182.18881695042847,260.9995947699983,advisor_summarized,0.6980425280390932
5,2022-07-25,268.6956147347436,436.4950202938696,advisor_summarized,0.6155754412818838
5,2022-07-26,137.57145591060603,178.88786086150446,advisor_summarized,0.7690374028068583
5,2022-07-27,83.29941120148203,92.20474633168082,advisor_summarized,0.9034178230026865
5,2022-07-28,53.29525372928485,51.01172705292038,advisor_summarized,1.044764739566561
5,2022-07-29,32.60713954126093,26.776095675443116,advisor_summarized,1.217770504576049
5,2022-07-30,20.984393969966508,14.507357381688337,advisor_summarized,1.4464656393213073
5,2022-07-31,13.786477671649239,8.555970667566143,advisor_summarized,1.6113283001203862
5,2022-08-01,8.937590399578857,5.024968240570577,advisor_summarized,1.7786361966267887
5,2022-08-02,5.906901414882089,3.0082254359300618,advisor_summarized,1.963583361915107
5,2022-08-03,9.023565008857927,5.5908960426436165,advisor_summarized,1.6139747439466245
5,2022-08-04,29.513069549994224,23.404841686722506,advisor_summarized,1.2609813791962925
5,2022-08-05,17.478437052258723,11.4806186853614,advisor_summarized,1.5224298908685963
5,2022-08-06,12.918848979404828,7.601315857584178,advisor_summarized,1.699554290526568
5,2022-08-07,10.079809517487684,5.857021975522646,advisor_summarized,1.7209786064680457
5,2022-08-08,7.907509772710041,4.046524107761459,advisor_summarized,1.9541486871517695
5,2022-08-09,6.534372368664727,3.1849236956818534,advisor_summarized,2.05165743139281
5,2022-08-10,5.596569234301885,2.5856718575019113,advisor_summarized,2.1644545567777054
5,2022-08-11,5.770287012091471,2.919131946747754,advisor_summarized,1.9767133234659806
5,2022-08-12,5.82746479780241,2.8530212497383673,advisor_summarized,2.0425591987219898
5,2022-08-13,7.82680183857528,3.82014984256603,advisor_summarized,2.0488206382286682
5,2022-08-14,7.160183807097008,3.6786192460076528,advisor_summarized,1.9464324324589564
5,2022-08-15,6.341207686197037,3.175063656662086,advisor_summarized,1.9971907249454923
5,2022-08-16,6.7255216788276675,3.365109692831106,advisor_summarized,1.998603995927814
5,2022-08-17,8.965641445699346,4.561242610433349,advisor_summarized,1.965613805586971
5,2022-08-18,10.71208903119469,6.206618052765399,advisor_summarized,1.7259140066500225
5,2022-08-19,8.67023408654577,4.472663830605156,advisor_summarized,1.938494466590099
5,2022-08-20,8.17977722290685,4.513067719352956,advisor_summarized,1.8124649864725704
5,2022-08-21,29.430988948184893,23.39000349863822,advisor_summarized,1.258272105427363
5,2022-08-22,52.26858511787793,53.34109761741999,advisor_summarized,0.9798933177709527
5,2022-08-23,63.254254328494696,64.32790565221411,advisor_summarized,0.9833097111924635
5,2022-08-24,49.17077511603957,146.09319807448534,advisor_summarized,0.336571283017365
5,2022-08-25,262.01617631859705,375.7952381659164,advisor_summarized,0.6972312304897141
5,2022-08-26,151.9694784898318,203.64190610945397,advisor_summarized,0.7462583777238407
5,2022-08-27,220.95854524927324,335.3956818348898,advisor_summarized,0.6587996125664128
5,2022-08-28,192.16714155626977,277.1368536552315,advisor_summarized,0.6934016137577025
5,2022-08-29,308.8891455772705,520.7426432197086,advisor_summarized,0.5931704453229228
5,2022-08-30,247.54944367157472,388.56211569145694,advisor_summarized,0.6370910432970381
5,2022-08-31,191.5294325093241,276.4302652958599,advisor_summarized,0.692867086403627
5,2022-09-01,264.78798204167316,423.8691470269591,advisor_summarized,0.6246927475116087
5,2022-09-02,172.89025739873844,239.9574137556893,advisor_summarized,0.7205039206447077
5,2022-09-03,146.10424832580037,197.29787481575067,advisor_summarized,0.7405262142952215
5,2022-09-04,200.6640273165552,294.87151723558725,advisor_summarized,0.6805134290275819
5,2022-09-05,136.57133720923156,176.7944825993635,advisor_summarized,0.7724864215288766
5,2022-09-06,94.27063123328476,108.6405186119053,advisor_summarized,0.8677299449392923
5,2022-09-07,65.51641033482845,67.5917507542001,advisor_summarized,0.9692959511151189
5,2022-09-08,69.44973381635106,75.525120028067107,advisor_summarized,0.9195580727384706
5,2022-09-09,284.7075809389602,475.7396798761246,advisor_summarized,0.598452458313113
5,2022-09-10,490.24997377979287,957.2068742636052,advisor_summarized,0.5121672095772924
5,2022-09-11,424.74692831230504,793.8429809109716,advisor_summarized,0.5350515637549484
5,2022-09-12,316.7918750430213,538.544085534778,advisor_summarized,0.5882375901100925
5,2022-09-13,256.44131681168614,405.76187194490575,advisor_summarized,0.6319995409684666
5,2022-09-14,209.80561771265698,311.2622566411687,advisor_summarized,0.6740477306072044
5,2022-09-15,162.0595358669318,221.21217162076445,advisor_summarized,0.7325977349237316
5,2022-09-16,130.02581421743346,165.13559695092425,advisor_summarized,0.7873881623238091
5,2022-09-17,118.02413098620097,145.9391013343069,advisor_summarized,0.8087217881096834
5,2022-09-18,108.26824659664322,130.21293763502783,advisor_summarized,0.831470732194883
5,2022-09-19,111.58555015259826,135.06756873007663,advisor_summarized,0.826146137090795
5,2022-09-20,122.03614173668713,151.97827440969232,advisor_summarized,0.8029841252685281
5,2022-09-21,94.85406169509251,109.25448700188504,advisor_summarized,0.8681937401203114
5,2022-09-22,72.14586702387518,76.56433601769037,advisor_summarized,0.9422907684748382
5,2022-09-23,58.45257526407918,56.88228167643317,advisor_summarized,1.0276060232003068
5,2022-09-24,47.73519595368877,44.217344092732354,advisor_summarized,1.0795581899622646
5,2022-09-25,39.59089947932903,34.759454406840455,advisor_summarized,1.138996573879991
5,2022-09-26,31.802471494978718,25.641481253751937,advisor_summarized,1.2402743499978297
5,2022-09-27,25.68366751285715,19.23877102848341,advisor_summarized,1.334995227856911
5,2022-09-28,24.361656816075588,18.486625011127753,advisor_summarized,1.31779904668437
5,2022-09-29,39.077315470183784,34.205094195404435,advisor_summarized,1.1424413932891302
5,2022-09-30,43.80412335440225,39.17858728173323,advisor_summarized,1.1180628601895926
5,2022-10-01,35.42391537042787,29.385311911721715,advisor_summarized,1.2054973408772078
5,2022-10-02,26.00942161023066,19.5692164475721,advisor_summarized,1.329098775104896
5,2022-10-03,19.633865988439464,13.5026592085331,advisor_summarized,1.4540740223993587
5,2022-10-04,16.720196088903524,11.128456245065058,advisor_summarized,1.5024721956666844
5,2022-10-05,13.527126732806444,8.360509224301735,advisor_summarized,1.6179788060620461
5,2022-10-06,11.304467228776069,6.466389078451608,advisor_summarized,1.7481885317489974
5,2022-10-07,9.118644484465076,4.881331491059924,advisor_summarized,1.8680649943905099
5,2022-10-08,7.289700696321386,3.67166120277562,advisor_summarized,1.98539579055134
5,2022-10-09,5.343906504775893,2.547001439910577,advisor_summarized,2.098116797673861
5,2022-10-10,5.004952534984179,2.29190481175913,advisor_summarized,2.1837523571245856
5,2022-10-11,4.547744085200688,2.0674735261000534,advisor_summarized,2.199662548414467
5,2022-10-12,5.489463605998654,2.8406196571768496,advisor_summarized,1.932488072498364
5,2022-10-13,11.916518835718076,7.404784042637616,advisor_summarized,1.6092999832407482
5,2022-10-14,10.884667166974856,5.938721741686206,advisor_summarized,1.832829965844523
5,2022-10-15,7.7364524119735085,3.8539365607031097,advisor_summarized,2.007415610017741
5,2022-10-16,5.3417659038383105,2.6987083189533556,advisor_summarized,1.9793787517985701
5,2022-10-17,9.623557388023867,5.9424770458015415,advisor_summarized,1.6194521769037493
5,2022-10-18,14.076877598494097,8.530910764141824,advisor_summarized,1.6501025491514651
5,2022-10-19,9.245149590381208,4.689364680869221,advisor_summarized,1.9715143136761817
5,2022-10-20,7.121085805035028,3.658188482967628,advisor_summarized,1.9466153365772443
5,2022-10-21,6.662506669531277,3.075335906389393,advisor_summarized,2.166432179226045
5,2022-10-22,5.431576746245707,2.492889878196241,advisor_summarized,2.1788273897504795
5,2022-10-23,5.21297693545091,2.296310343048409,advisor_summarized,2.2701534882826655
5,2022-10-24,4.693615859752559,2.2237090284661165,advisor_summarized,2.1107149360229696
5,2022-10-25,4.091626295012913,1.784721027113552,advisor_summarized,2.2925859183887933
5,2022-10-26,4.13442957643274,1.7981591322578865,advisor_summarized,2.2992567800388604
5,2022-10-27,5.220976371107682,1.9656638980552783,advisor_summarized,2.656088040418829
5,2022-10-28,5.304926636779505,2.283196986929382,advisor_summarized,2.3234642771292267
5,2022-10-29,7.685365623703245,4.086120449345463,advisor_summarized,1.8808465680286854
5,2022-10-30,8.653296707198843,4.817983898260144,advisor_summarized,1.796041018386071
5,2022-10-31,8.17171380191205,4.102203031181001,advisor_summarized,1.992030560115758
5,2022-11-01,6.318567487491838,2.9360367256329893,advisor_summarized,2.152073723168295
5,2022-11-02,5.5525205192690095,2.5722612984809614,advisor_summarized,2.158614493227429
5,2022-11-03,7.046753428324393,3.564371373945892,advisor_summarized,1.976997537303015
5,2022-11-04,6.788813014111946,3.5810423886385525,advisor_summarized,1.8957644946204977
5,2022-11-05,8.700617014201349,4.640982883667748,advisor_summarized,1.8747358549457287
5,2022-11-06,12.400208194903739,7.134734351599032,advisor_summarized,1.7380055912137238
5,2022-11-07,14.783223315709474,9.07202344914526,advisor_summarized,1.6295398042762232
5,2022-11-08,12.40950786153608,7.285648141099924,advisor_summarized,1.7032812484494482
5,2022-11-09,10.59941928550588,6.3335223407832375,advisor_summarized,1.6735425747618187
5,2022-11-10,132.12274074559502,196.38327321360677,advisor_summarized,0.6727800111666571
5,2022-11-11,149.44057958246097,155,advisor_summarized,0.9641327714997482
5,2022-11-12,92.90302096703788,123,advisor_summarized,0.7553091135531534
5,2022-11-13,69.36580085967968,98,advisor_summarized,0.7078142944865273
5,2022-11-14,56.02473072398376,82,advisor_summarized,0.6832284234632165
5,2022-12-08,54.4591026831896,18.857990630288786,advisor_summarized,2.8878528869199904
5,2022-12-09,55.99938060324722,33.20300517669623,advisor_summarized,1.6865756670288021
5,2022-12-10,55.80355516824749,32.7919949080055,advisor_summarized,1.7017432249790996
5,2022-12-11,57.0150858230947,34.527735865031126,advisor_summarized,1.6512836534074113
5,2022-12-12,56.82199721141606,34.15007779558308,advisor_summarized,1.663890710631568
5,2022-12-13,55.45596622711878,32.43756638457523,advisor_summarized,1.709621664265458
5,2022-12-14,53.66229017681605,31.08779959974665,advisor_summarized,1.7261527309013331
5,2022-12-15,84.78647961465715,70.83313133410853,advisor_summarized,1.1969890080777725
5,2022-12-16,95.92580543888891,83.75010076017641,advisor_summarized,1.1453813734932496
5,2022-12-17,79.92849971590813,62.36299875011428,advisor_summarized,1.2816654317118075
5,2022-12-18,73.55516137727116,53.1962670664347,advisor_summarized,1.382712837451753
5,2022-12-19,66.14411749225081,44.75641983045277,advisor_summarized,1.477868822904499
5,2022-12-20,64.83494951493391,43.78647523155596,advisor_summarized,1.4807072086087618
5,2022-12-21,79.9599467617631,62.92938301714619,advisor_summarized,1.2706297587563609
5,2022-12-22,81.73238623345733,64.95192733754553,advisor_summarized,1.258351977897534
5,2022-12-23,79.56159324551274,60.09489726321082,advisor_summarized,1.3239325944271
5,2022-12-24,69.69148973469206,48.95197543051058,advisor_summarized,1.4236706306903202
5,2022-12-25,66.8552244230357,45.69227312800506,advisor_summarized,1.4631625840925768
5,2022-12-26,66.1446355483879,44.79549871244374,advisor_summarized,1.4765911185182001
5,2022-12-27,66.49142332572421,45.619969639277,advisor_summarized,1.457506961347859
5,2022-12-28,67.02704768949181,45.79563037169503,advisor_summarized,1.4636122954411674
5,2022-12-29,67.9052137541779,47.35065311766278,advisor_summarized,1.4340924418811836
5,2022-12-30,67.71800970156723,47.2036317893162,advisor_summarized,1.4345932110438615
5,2022-12-31,69.22595079187604,48.77495891579915,advisor_summarized,1.419292857045389
5,2023-01-01,73.5108471960745,53.605882120391904,advisor_summarized,1.371320539618742
5,2023-01-02,75.43085758980624,56.54835373913568,advisor_summarized,1.3339178349519742
5,2023-01-03,75.07954481752985,56.290850342016824,advisor_summarized,1.333778835483121
5,2023-01-04,89.70050044249389,76.43154330261622,advisor_summarized,1.1736057727807712
5,2023-01-05,122.84492938731924,123.11455134045464,advisor_summarized,0.9978099911813852
5,2023-01-06,101.34709257444663,91.35351649804768,advisor_summarized,1.109394541770185
5,2023-01-07,89.14530417516704,74.66141203784856,advisor_summarized,1.1939943505217403
5,2023-01-08,83.71530778498564,67.68548213521123,advisor_summarized,1.2368281224288629
5,2023-01-09,83.227672640898,66.64696355547356,advisor_summarized,1.2487841636119477
5,2023-01-10,80.93928755014684,63.39425580459672,advisor_summarized,1.2767605916793163
5,2023-01-11,77.55798737621043,59.15586957104094,advisor_summarized,1.311078476888421
5,2023-01-12,74.93430920856711,56.68696036225322,advisor_summarized,1.3218967594964655
5,2023-01-13,107.66699108100933,100.48312395067605,advisor_summarized,1.0714932701919142
5,2023-01-14,100.4595591614782,90.358609650296,advisor_summarized,1.1117873498748452
5,2023-01-15,89.72771200151999,75.51937317055192,advisor_summarized,1.1881416414683443
5,2023-01-16,85.05038358812581,69.31111396336617,advisor_summarized,1.227081469691549
5,2023-01-17,83.40735311371378,66.8329809201588,advisor_summarized,1.2479969016099304
5,2023-01-18,82.81786157358948,65.97850195905323,advisor_summarized,1.2552249462254672
5,2023-01-19,81.450018913221,64.1430201915828,advisor_summarized,1.2698188933097558
5,2023-01-20,80.49235410679242,62.936463047197634,advisor_summarized,1.2789462611908964
5,2023-01-21,79.43374087979592,61.59104924702307,advisor_summarized,1.2896961790862047
5,2023-01-22,88.99875141283096,74.92972736815956,advisor_summarized,1.1877629151851132
5,2023-01-23,93.54741771056261,79.17268046581765,advisor_summarized,1.1815618362315163
5,2023-01-24,85.48665920178894,70.21216750483798,advisor_summarized,1.217547645084429
5,2023-01-25,84.66159136783696,68.88462314778765,advisor_summarized,1.2290346887171149
5,2023-01-26,95.58296841859698,82.4279507151541,advisor_summarized,1.1595941375384016
5,2023-01-27,88.09929715601083,72.51940653184154,advisor_summarized,1.2148375361749346
5,2023-01-28,80.46967162303234,63.005457165021454,advisor_summarized,1.27718574301063
5,2023-01-29,79.38147260352814,62.28177773693455,advisor_summarized,1.2745537376729865
5,2023-01-30,80.7292056113576,63.23746228057491,advisor_summarized,1.2766041314747025
5,2023-01-31,79.06749093121411,61.12006394659903,advisor_summarized,1.2936421499868824
5,2023-02-01,76.85531332139972,58.1317766934092,advisor_summarized,1.32208780968006
5,2023-02-02,73.7243832482456,52.357900694275735,advisor_summarized,1.4080851651927644
5,2023-02-03,97.53054838636488,98.62220023013326,advisor_summarized,0.9889309725272705
5,2023-02-04,106.44317259967062,102.26941792065536,advisor_summarized,1.0408113663290175
5,2023-02-05,92.8409518871739,69.84515220191493,advisor_summarized,1.3292397390556263
5,2023-02-06,87.51278599292748,76.53439889133561,advisor_summarized,1.1434438273589775
5,2023-02-07,81.33725447603024,66.58335256715098,advisor_summarized,1.2215854465123182
5,2023-02-08,76.91755527159802,56.73638424976966,advisor_summarized,1.3557006899309114
5,2023-02-09,73.90566953791397,52.15574608531758,advisor_summarized,1.4170187387793736
5,2023-02-10,72.9734362517772,51.411471779527794,advisor_summarized,1.4193998678877628
5,2023-02-11,109.06960830350017,94.15076624333422,advisor_summarized,1.1584569372660012
5,2023-02-12,133.3400374252299,145.76236731121,advisor_summarized,0.9147768377042217
5,2023-02-13,107.39338279842124,104.2697253609462,advisor_summarized,1.0299574725708927
5,2023-02-14,94.78585547547823,85.64695022956539,advisor_summarized,1.1067043861038508
5,2023-02-15,88.25010482768799,74.57539962209349,advisor_summarized,1.1833675082519206
5,2023-02-16,82.82324231543059,63.23262808416723,advisor_summarized,1.3098181243579947
5,2023-02-17,81.40862759021596,68.61316117093392,advisor_summarized,1.1864870558493155
5,2023-02-18,79.92366864869824,70.2907785563658,advisor_summarized,1.137043439981361
5,2023-02-19,75.17250148003062,49.44340688971737,advisor_summarized,1.5203746304881767
5,2023-02-20,72.23164624209049,47.22590589139151,advisor_summarized,1.5294920209303409
5,2023-02-21,70.52156424586343,51.46766884270525,advisor_summarized,1.370210966060857
5,2023-02-22,68.4557729189574,50.439726217568186,advisor_summarized,1.357179708384583
5,2023-02-23,67.26637125518457,51.402474464547275,advisor_summarized,1.3086212668920978
5,2023-02-24,65.16477690335343,45.48724983340716,advisor_summarized,1.4325943454927124
5,2023-02-25,62.89074616908744,38.51988061506591,advisor_summarized,1.6326827904157521
5,2023-02-26,61.78642570018858,34.72074710277894,advisor_summarized,1.7795246604945143
5,2023-02-27,60.049275092891,34.85576546228176,advisor_summarized,1.722793182031011
5,2023-02-28,58.43808542652243,38.416554394967086,advisor_summarized,1.521169359066162
5,2023-03-01,55.229634857106845,33.753884105556175,advisor_summarized,1.6362453187429051
5,2023-03-02,54.562081062633894,28.12462879494977,advisor_summarized,1.9400107094900179
5,2023-03-03,52.219101152017764,26.70180264350519,advisor_summarized,1.9556395442357624
5,2023-03-04,54.730507659053536,37.622902005156746,advisor_summarized,1.4547125485309973
5,2023-03-05,55.97849686957522,38.222417053407995,advisor_summarized,1.4645462318972853
5,2023-03-06,50.13719743570778,25.07254633779858,advisor_summarized,1.9996851041859487
5,2023-03-07,46.21733329530642,22.672078418816543,advisor_summarized,2.038513295585139
5,2023-03-08,45.31174948288481,26.83717734514006,advisor_summarized,1.6883947555345384
5,2023-03-09,43.67425223449223,19.455879334931005,advisor_summarized,2.244784287702672
5,2023-03-10,43.21066076338386,14.291557178862538,advisor_summarized,3.0235096303776596
5,2023-03-11,48.36738357620964,26.082079791452113,advisor_summarized,1.8544297066394642
5,2023-03-12,46.03474568618418,20.34084801569928,advisor_summarized,2.2631674771206236
5,2023-03-13,276.89098370546895,427.79676757383135,advisor_summarized,0.6472488917478361
5,2023-03-14,191.2496878424525,253.2886257224047,advisor_summarized,0.7550662304593785
5,2023-03-15,118.0191942796085,120.4190672494938,advisor_summarized,0.9800706563777557
5,2023-03-16,92.33227396773285,75.01237156155217,advisor_summarized,1.2308939451670136
5,2023-03-17,78.98120309845906,54.138865847946136,advisor_summarized,1.458863274311746
5,2023-03-18,77.38456107945126,65.09649871755495,advisor_summarized,1.188766870783828
5,2023-03-19,74.18116678778819,60.17064200102693,advisor_summarized,1.2328465231685934
5,2023-03-20,66.12264627222123,47.65918941778923,advisor_summarized,1.3874060192794708
5,2023-03-21,59.298841979030506,37.66437283276105,advisor_summarized,1.5744014175499945
5,2023-03-22,55.92021616586054,32.8150924460108,advisor_summarized,1.7041005219736485
5,2023-03-23,52.93498510640862,26.88867404966333,advisor_summarized,1.968672200370974
5,2023-03-24,49.79216946792191,21.83633575426269,advisor_summarized,2.28024381142802
5,2023-03-25,49.084555641742945,26.398936459096316,advisor_summarized,1.8593383759151334
5,2023-03-26,47.57043557936146,24.356172033394273,advisor_summarized,1.9531162579299637
5,2023-03-27,45.63289983438443,24.40551333437067,advisor_summarized,1.8697783246426902
5,2023-03-28,45.99856792227045,21.971389519574934,advisor_summarized,2.0935666304258556
5,2023-03-29,49.00295028120902,29.928731148030796,advisor_summarized,1.6373213431212648
5,2023-03-30,46.78124671551356,26.22850880329629,advisor_summarized,1.7836029896459187
5,2023-03-31,43.16614547329082,18.313089415149012,advisor_summarized,2.3571197898254557
5,2023-04-01,39.97536674963392,14.418715432713515,advisor_summarized,2.7724638117856797
5,2023-04-02,38.177389037201294,15.422311571161533,advisor_summarized,2.475464774592539
5,2023-04-03,37.181327288940224,13.644299361750896,advisor_summarized,2.725044819316318
5,2023-04-04,34.72210032607112,11.690800150425185,advisor_summarized,2.9700362575104244
5,2023-04-05,33.5952007112512,10.81204678662644,advisor_summarized,3.1072008264712228
5,2023-04-06,32.658112243542796,10.259888109564116,advisor_summarized,3.1830865887415856
5,2023-04-07,45.37012248107013,27.297902736880825,advisor_summarized,1.6620369307629204
5,2023-04-08,131.6657925123023,139.2479686414118,advisor_summarized,0.9455491078032531
5,2023-04-09,87.21081012055343,71.62897200457498,advisor_summarized,1.2175354145105313
5,2023-04-10,70.66642810574068,50.24256205056388,advisor_summarized,1.406505266085402
5,2023-04-11,61.78680523622401,39.90470628315413,advisor_summarized,1.5483588526576242
5,2023-04-12,55.40511235090935,33.20389451134185,advisor_summarized,1.668632947017223
5,2023-04-13,49.94858550463554,26.676493524850898,advisor_summarized,1.8723819702205302
5,2023-04-14,46.30506710954515,22.950792793707745,advisor_summarized,2.017580286910188
5,2023-04-15,43.297300644935326,19.59635101566394,advisor_summarized,2.2094572918359403
5,2023-04-16,39.79624563435799,16.8450166162123,advisor_summarized,2.362493700128294
5,2023-04-17,38.223811294155496,14.927355749727909,advisor_summarized,2.5606552114799186
5,2023-04-18,35.82421888140484,12.747243254765364,advisor_summarized,2.8103502981330886
5,2023-04-19,34.494844793207896,11.563855373408076,advisor_summarized,2.982988257751069
5,2023-04-20,33.499048637651356,11.03892497549503,advisor_summarized,3.034629614026263
5,2023-04-21,31.757714860872554,10.100222290312422,advisor_summarized,3.144259002233328
5,2023-04-22,32.34432475932263,9.782793940870263,advisor_summarized,3.306246145510178
5,2023-04-23,31.865090468638826,9.54255907304213,advisor_summarized,3.3392604881701153
5,2023-04-24,33.79439500306721,10.782669059738687,advisor_summarized,3.1341400552903735
5,2023-04-25,34.42547501096266,11.599450462874133,advisor_summarized,2.967853961801622
5,2023-04-26,33.3140992073928,10.911183860832423,advisor_summarized,3.053206657710123
5,2023-04-27,37.66176255238083,14.74683032109057,advisor_summarized,2.5538886480925913
5,2023-04-28,41.618456973814276,18.113085108937735,advisor_summarized,2.2977011769948583
5,2023-04-29,41.820969042206414,19.26615876615722,advisor_summarized,2.170695754654986
5,2023-04-30,48.74064891928755,24.919181165914164,advisor_summarized,1.9559490576663774
5,2023-05-01,44.9221915197896,20.958744830481788,advisor_summarized,2.1433626814548585
5,2023-05-02,37.77783658366214,14.681831637024157,advisor_summarized,2.573101062431151
5,2023-05-03,33.92529649204891,11.339088286815311,advisor_summarized,2.9918892625164615
5,2023-05-04,31.38809539779183,9.29385020357666,advisor_summarized,3.377297321374126
5,2023-05-05,28.15824376060509,6.80449480726315,advisor_summarized,4.1381828568006025
5,2023-05-06,28.711673540722085,7.165169072641791,advisor_summarized,4.0071173826657684
5,2023-05-07,28.459298642227537,7.051887514500758,advisor_summarized,4.035699461131057
5,2023-05-08,26.1325477313738,5.358656570701604,advisor_summarized,4.8766976175060774
5,2023-05-09,25.134833273296323,4.6589200385011225,advisor_summarized,5.39499134253928
5,2023-05-10,23.186342881204844,3.417643594646212,advisor_summarized,6.784306859125564
5,2023-05-11,23.047177628931244,3.4054466056367816,advisor_summarized,6.76774012277361
5,2023-05-12,26.781403402612792,5.855062545675859,advisor_summarized,4.574059319381937
5,2023-05-13,40.48569434363945,17.163987079869127,advisor_summarized,2.358758146067548
5,2023-05-14,36.20504183377438,13.29778982951934,advisor_summarized,2.7226360393667797
5,2023-05-15,32.06642755253586,9.824760152187173,advisor_summarized,3.2638382063095235
5,2023-05-16,29.996944070039927,8.192710173164746,advisor_summarized,3.6614189243865884
5,2023-05-17,35.869185968960366,13.491763264202165,advisor_summarized,2.6585988255614037
5,2023-05-18,45.517727589019636,22.027551250373463,advisor_summarized,2.066399804120211
5,2023-05-19,42.88908298505429,19.46335913180432,advisor_summarized,2.2035807228656075
5,2023-05-20,37.55063370554255,14.497903874350545,advisor_summarized,2.590073298249447
5,2023-05-21,38.64815635361929,15.932060825508955,advisor_summarized,2.4258102436904716
5,2023-05-22,83.09175345629997,70.39674118731273,advisor_summarized,1.1803352265299918
5,2023-05-23,163.92648350331584,192.49456663279045,advisor_summarized,0.8515901844441557
5,2023-05-24,108.29774247084951,102.43540708435307,advisor_summarized,1.057229580604575
5,2023-05-25,76.39596853118684,57.83868421100677,advisor_summarized,1.3208455478080983
5,2023-05-26,62.581856350405324,40.69843760449645,advisor_summarized,1.5376967774185797
5,2023-05-27,55.37807853146812,32.4907261990566,advisor_summarized,1.7044272323182506
5,2023-05-28,49.48402839288835,22.47681228668966,advisor_summarized,2.2015590005257035
5,2023-05-29,44.02493687874878,6.622368157615134,advisor_summarized,6.647914436488104
5,2023-05-30,41.063951439816385,4.581285460531333,advisor_summarized,8.963412516768564
5,2023-05-31,38.471133783788034,3.0164021823251943,advisor_summarized,12.753980224922312
5,2023-06-01,36.018351600110236,1.7757138513908357,advisor_summarized,20.283871509983832
5,2023-06-02,33.05775411671892,0.8246906415962858,advisor_summarized,40.08503607211032
5,2023-06-03,31.244159771151512,0.30957224287778556,advisor_summarized,100.9268772959281
5,2023-06-04,30.70292875983128,0.6425152258261072,advisor_summarized,47.785527137283495
5,2023-06-05,29.72934444727249,2.7164127490295087,advisor_summarized,10.944339904859405
5,2023-06-06,24.905864818105645,0.9246871925963158,advisor_summarized,26.93436766240432
5,2023-06-07,18.597718684775693,1.1052108160422975,advisor_summarized,16.8273042706668
5,2023-06-15,45.66586739467474,8.69249840064681,advisor_summarized,5.253480103174565
5,2023-06-16,58.04636518811175,18.75156071057957,advisor_summarized,3.095548476418935
5,2023-06-17,59.76054713896653,20.478387905044197,advisor_summarized,2.9182251755396442
5,2023-06-18,91.62391591070221,55.626512616333805,advisor_summarized,1.6471267315038973
5,2023-06-19,67.67831931990128,28.18909222975015,advisor_summarized,2.400869058439387
5,2023-06-20,88.14614519758872,55.300740448733166,advisor_summarized,1.5939415002825335
5,2023-06-21,90.97214346758169,77.0679319179262,advisor_summarized,1.1804150079499063
5,2023-06-22,278.22844710979734,415.9193955679598,advisor_summarized,0.6689479982770743
5,2023-06-23,382.0344916089587,645.4617602120916,advisor_summarized,0.5918778077316716
5,2023-06-24,278.2432975149499,413.2904193587335,advisor_summarized,0.6732391666535015
5,2023-06-25,191.3312563510291,241.0607733440754,advisor_summarized,0.7937054780701902
5,2023-06-26,140.42880218071576,152.339148213621,advisor_summarized,0.9218169054207676
5,2023-06-27,109.56339644606933,103.9092180959313,advisor_summarized,1.0544145981824056
5,2023-06-28,88.22638528931179,73.43713268969587,advisor_summarized,1.2013865745835557
5,2023-06-29,71.17680372063231,51.202216882022356,advisor_summarized,1.390111757946622
5,2023-06-30,58.18691372762398,35.70980725808834,advisor_summarized,1.6294379106301262
5,2023-07-01,48.89392039287306,25.56239966502618,advisor_summarized,1.9127281097857363
5,2023-07-02,43.073857651504255,19.674378648746355,advisor_summarized,2.189337636553463
5,2023-07-03,38.302520598845966,15.159313626225318,advisor_summarized,2.5266658862828293
5,2023-07-04,66.56142459086925,47.346107194225304,advisor_summarized,1.4058478834979615
5,2023-07-05,70.63110057312039,50.6321464215544,advisor_summarized,1.3949853120003681
5,2023-07-06,53.905293894174065,30.964018340800745,advisor_summarized,1.740901109826046
5,2023-07-07,43.46238069058279,20.06693553220019,advisor_summarized,2.165870350300441
5,2023-07-08,37.93656264126537,14.84485072147554,advisor_summarized,2.5555368223665487
5,2023-07-09,36.74373432502282,13.724395299323705,advisor_summarized,2.677257068428613
5,2023-07-10,57.768960486271084,36.72883434696572,advisor_summarized,1.5728503643907108
5,2023-07-11,81.91911832379692,64.83809810608922,advisor_summarized,1.2634411051008845
5,2023-07-12,72.94022716654901,53.3418733163816,advisor_summarized,1.3674103032326133
5,2023-07-13,77.03068378675907,58.55414179024742,advisor_summarized,1.315546286421519
5,2023-07-14,82.82495535783411,66.0417469612936,advisor_summarized,1.2541302913500605
5,2023-07-15,76.4655348749866,57.7620613588152,advisor_summarized,1.323802043697615
5,2023-07-16,71.865393653091175,51.91314660235276,advisor_summarized,1.3843390038282548
5,2023-07-17,67.82788244505669,46.96829837869573,advisor_summarized,1.4441204980043012
5,2023-07-18,61.86724578707796,39.88499788147808,advisor_summarized,1.5511407565050435
5,2023-07-19,54.199419473558194,31.288385835913544,advisor_summarized,1.7322536150569592
5,2023-07-20,43.24728823279544,20.118186905121306,advisor_summarized,2.149661320712075
5,2023-07-21,31.889803101056035,9.883751621824429,advisor_summarized,3.2264877064129966
5,2023-07-22,26.14756490980772,5.391513232047039,advisor_summarized,4.8497636534372495
5,2023-07-23,45.083371467356926,22.834180567095476,advisor_summarized,1.9743809651887834
5,2023-07-24,65.21798446824853,43.80648129498372,advisor_summarized,1.4887747780764269
5,2023-07-25,59.72370385305651,37.39605638307698,advisor_summarized,1.597058878114313
5,2023-07-26,51.454685503245265,28.349691835469155,advisor_summarized,1.8149998173478823
5,2023-07-27,41.16803310824016,17.877860520778214,advisor_summarized,2.302738242106396
5,2023-07-28,41.50198555612958,18.129741517750432,advisor_summarized,2.289165872304131
5,2023-07-29,48.602363657409256,25.19824986756368,advisor_summarized,1.9287991790244292
5,2023-07-30,46.54678451413056,20.238091331705245,advisor_summarized,2.2999592081694873
5,2023-07-31,67.2370245246278,23.14357504539265,advisor_summarized,2.9052134077277367
5,2023-08-01,85.57662701899926,45.0152955427809,advisor_summarized,1.9010566516812124
5,2023-08-02,262.9336777075629,72.05971019632494,advisor_summarized,3.6488306293656527
5,2023-08-03,186.82833971418432,62.27674572086504,advisor_summarized,2.9999695319916153
5,2023-08-04,183.31418354380992,121.52208536866708,advisor_summarized,1.5084845111707994
5,2023-08-05,306.2283019127383,331.6875755908032,advisor_summarized,0.9232432097201206
5,2023-08-06,248.44524419443425,223.7619410430669,advisor_summarized,1.1103105516349476
5,2023-08-07,194.71549063081525,134.23903276892602,advisor_summarized,1.4505132122487139
5,2023-08-08,155.76668049520913,77.5885625953756,advisor_summarized,2.0075984821053128
5,2023-08-09,127.8846473783571,53.31056738919798,advisor_summarized,2.3988611196861815
5,2023-08-10,107.87238521355151,101.3150457316233,advisor_summarized,1.064722267404371
5,2023-08-11,92.69144807698936,79.5090202474934,advisor_summarized,1.1657978904589954
5,2023-08-12,81.7562574942092,64.68335534195043,advisor_summarized,1.2639458337002212
5,2023-08-13,70.23380140515246,49.98315331041647,advisor_summarized,1.4051494704419891
5,2023-08-14,87.44278107532678,75.02684170831334,advisor_summarized,1.1654866323079902
5,2023-08-15,129.01817533668716,134.0372034853417,advisor_summarized,0.9625549622183559
5,2023-08-16,148.03424456800784,192.21454406662377,advisor_summarized,0.7701511105044031
5,2023-08-17,249.2759117426742,353.36282992737966,advisor_summarized,0.705438972723598
5,2023-08-18,245.9072961427922,327.5217910633815,advisor_summarized,0.750812015726931
5,2023-08-19,169.96795108729256,202.51512496001632,advisor_summarized,0.8392852194168227
5,2023-08-20,136.11583067918528,145.0260749173731,advisor_summarized,0.9385610881128491
5,2023-08-21,121.80321978879384,122.37280678167708,advisor_summarized,0.9953454774155877
5,2023-08-22,106.6778831274702,99.51895528943928,advisor_summarized,1.0719353194294494
5,2023-08-23,94.18231880344722,81.57483282045618,advisor_summarized,1.154551171569542
5,2023-08-24,83.24046772395693,66.63441889000218,advisor_summarized,1.2492112801548918
5,2023-08-25,77.46224200078217,59.09827647084358,advisor_summarized,1.3107360590963857
5,2023-08-26,97.07104383774426,85.60357569330405,advisor_summarized,1.1339601535515904
5,2023-08-27,90.34503382587077,76.28042363886567,advisor_summarized,1.1843803366062986
5,2023-08-28,80.06486598492857,62.44269989940501,advisor_summarized,1.2822133910595286
5,2023-08-29,79.82925117973882,62.29517203294321,advisor_summarized,1.2814677056758612
5,2023-08-30,215.91302669719076,296.02835587778895,advisor_summarized,0.7293660300107444
5,2023-08-31,267.19987436075803,389.77592343220743,advisor_summarized,0.6855217531342244
5,2023-09-01,218.40630677486874,291.8623514991328,advisor_summarized,0.7483195610980257
5,2023-09-02,209.59143161986674,260.2736367745512,advisor_summarized,0.8052733815734655
5,2023-09-03,180.2263704022233,219.0786335163027,advisor_summarized,0.822656082473747
5,2023-09-04,154.60427254389202,175.69552592592103,advisor_summarized,0.8799556603910235
5,2023-09-05,134.5375030469947,59.35555263752608,advisor_summarized,2.266637190097303
5,2023-09-06,118.27003408248451,3.4655270446769593,advisor_summarized,34.127574985786644
5,2023-09-07,105.3530094355665,0.02097134462868963,advisor_summarized,5023.664972413806
5,2023-09-11,82.3083296588708,0.05458217037814292,advisor_summarized,1507.9709928836148
5,2023-09-12,195.7156959100686,87.66987754350082,advisor_summarized,2.2324166680050017
5,2023-09-13,180.1216904477669,63.430020286465634,advisor_summarized,2.839691515693876
5,2023-09-14,148.30143723948697,27.47467889983423,advisor_summarized,5.397749607198567
5,2023-09-15,128.49383700249786,9.874267329004873,advisor_summarized,13.012999620240933
5,2023-09-16,115.99356397191396,2.206333316256386,advisor_summarized,52.573001149584684
5,2023-09-17,106.66029201040936,0.00484243222078332,advisor_summarized,22026.181709396402
5,2023-09-22,108.76808522317685,0.07604433818069938,advisor_summarized,1430.3245688682055
5,2023-09-26,136.37869612695297,30.062824823108897,advisor_summarized,4.536456468392832
5,2023-09-27,267.4751992630943,194.4768523494776,advisor_summarized,1.3753575092959527
5,2023-09-28,236.34533337950182,247.56747409114985,advisor_summarized,0.9546703752064125
5,2023-09-29,202.66392564259561,261.5488611879816,advisor_summarized,0.7748606693299119
5,2023-09-30,175.06945795008642,211.17630635850773,advisor_summarized,0.8290203620328325
5,2023-10-01,153.41915811061153,173.65315859602265,advisor_summarized,0.883480377500749
5,2023-10-02,134.43957681045728,142.31758864319,advisor_summarized,0.9446448474300392
5,2023-10-03,122.28489823757603,123.06459330237298,advisor_summarized,0.9936643428960821
5,2023-10-04,111.80978373681823,107.0984232136122,advisor_summarized,1.0439909419936935
5,2023-10-05,103.31770849119769,94.5611724484616,advisor_summarized,1.0926018133659312
5,2023-10-06,98.3858222956109,87.4519702745546,advisor_summarized,1.125026937491855
5,2023-10-07,93.1280205000126,80.05546262510347,advisor_summarized,1.1632937646757147
5,2023-10-08,87.61701569642076,72.47226859809383,advisor_summarized,1.2089729960340343
5,2023-10-09,82.02868629442766,64.98899656367135,advisor_summarized,1.2621934578426994
5,2023-10-10,77.8623533516158,59.566534523821794,advisor_summarized,1.3071492906890052
5,2023-10-11,73.83904620774891,54.39374078952947,advisor_summarized,1.357491599878392
5,2023-10-12,289.08566405211843,445.19089666576247,advisor_summarized,0.6493521458260102
5,2023-10-13,289.7719868250195,436.2962481873854,advisor_summarized,0.6641633707117394
5,2023-10-14,235.50961644651437,324.7981403174612,advisor_summarized,0.7250953352636955
5,2023-10-15,198.97786415150583,254.67008959547377,advisor_summarized,0.7813161901641795
5,2023-10-16,172.0351862080532,205.79009239357765,advisor_summarized,0.8359740948025451
5,2023-10-17,151.56798652758704,170.49892492991594,advisor_summarized,0.8889674031076118
5,2023-10-18,136.54551920999992,145.69732583944185,advisor_summarized,0.9371861729327332
5,2023-10-19,124.45814241145573,126.45737764351104,advisor_summarized,0.9841904421133004
5,2023-10-20,115.562905274217,112.758483872068,advisor_summarized,1.0248710456707701
5,2023-10-21,107.4807394416189,100.64879001778836,advisor_summarized,1.0678791014042304
5,2023-10-22,100.1498088065443,89.99798969275567,advisor_summarized,1.1128005097496727
5,2023-10-23,93.71108358673519,80.87615670876488,advisor_summarized,1.15869852624413
5,2023-10-24,88.52591254844226,73.71180895068075,advisor_summarized,1.2009732742778483
5,2023-10-25,83.69637418774794,67.2075360287697,advisor_summarized,1.2453421019916548
5,2023-10-26,79.62606810917238,61.83319796704101,advisor_summarized,1.2877559422305072
5,2023-10-27,76.0784197085148,57.24622503621874,advisor_summarized,1.328968323420125
5,2023-10-28,74.44234435784513,55.15928382584482,advisor_summarized,1.3495886674831201
5,2023-10-29,74.21426079198672,54.86217764478497,advisor_summarized,1.3527399745686415
5,2023-10-30,72.71596043079555,52.98188749141028,advisor_summarized,1.3724682881972572
5,2023-10-31,71.72215401734931,51.73292111987664,advisor_summarized,1.3863928899578895
5,2023-11-01,67.69972344824048,26.467125546662775,advisor_summarized,2.5578797111489386
5,2023-11-02,63.84019183682048,22.78574519462164,advisor_summarized,2.8017601044660743
5,2023-11-03,64.17567688010917,23.106576221519045,advisor_summarized,2.7773771529311495
5,2023-11-04,62.86162100071792,21.877021763561817,advisor_summarized,2.8734085324822276
5,2023-11-05,59.878868210389996,18.982810867728496,advisor_summarized,3.15437311300332
5,2023-11-06,57.88306020583872,17.09671114340218,advisor_summarized,3.3856254410765114
5,2023-11-07,56.33580351174713,15.69777234746134,advisor_summarized,3.5887769464855195
5,2023-11-08,54.651533424605375,14.212286450190843,advisor_summarized,3.8453723555418144
5,2023-11-09,53.15233169245999,12.878698692249229,advisor_summarized,4.12715080635038
5,2023-11-10,54.932512258361506,14.417719847966032,advisor_summarized,3.8100693339599787
5,2023-11-11,55.9623371283396,15.34134622292157,advisor_summarized,3.6478113664318474
5,2023-11-12,60.130358473283245,19.18507656024316,advisor_summarized,3.1342256198179657
5,2023-11-13,65.69311607889215,24.639931176294485,advisor_summarized,2.6661241709187076
5,2023-11-14,77.12672201697359,37.48357517928693,advisor_summarized,2.057613812131589
5,2023-11-15,100.96174633992875,66.12672358650605,advisor_summarized,1.5267919059660051
5,2023-11-16,101.07629597595579,66.26473997278741,advisor_summarized,1.5253405660003232
5,2023-11-17,112.47248942078662,81.66569844731488,advisor_summarized,1.3772304842693064
5,2023-11-18,109.36243556410643,77.38656913986976,advisor_summarized,1.4131965892743348
5,2023-11-19,101.67627770712492,67.08723540332105,advisor_summarized,1.5155830627966465
5,2023-11-20,96.08692475712971,59.80224754190993,advisor_summarized,1.6067443734416698
5,2023-11-21,92.46679017125412,55.212140130585176,advisor_summarized,1.674754681715941
5,2023-11-22,93.04212071267526,55.93811750196417,advisor_summarized,1.6633044669300543
5,2023-11-23,94.48280262174127,57.75224894271764,advisor_summarized,1.6360021358727577
5,2023-11-24,92.14764767637402,54.80314724195123,advisor_summarized,1.6814298505439842
5,2023-11-25,91.28325002311409,53.7282343921196,advisor_summarized,1.698981011676474
5,2023-11-26,113.64364797996559,85.02903380809487,advisor_summarized,1.3365275705290511
5,2023-11-27,156.37022790208206,147.74883156647772,advisor_summarized,1.058351705689972
5,2023-11-28,137.02552099213383,117.50238500067113,advisor_summarized,1.1661509763512563
5,2023-11-29,121.4197470289494,94.32905760516162,advisor_summarized,1.2871934705123715
5,2023-11-30,113.6315713504566,83.2796368256573,advisor_summarized,1.3644580557950785
5,2023-12-01,108.75656691950735,76.54928100704473,advisor_summarized,1.4207392347617038
5,2023-12-02,108.18100568711242,75.775408654398,advisor_summarized,1.427653213729433
5,2023-12-03,127.57319564735762,103.2628012194477,advisor_summarized,1.235422573674396
5,2023-12-04,129.32441733362725,105.8380378697475,advisor_summarized,1.2219086817613145
5,2023-12-05,122.91092964116282,96.46557627762807,advisor_summarized,1.2741429055212916
5,2023-12-06,115.82764857578498,86.25846945000852,advisor_summarized,1.3427974008153878
5,2023-12-07,107.8026087379311,75.25866082984739,advisor_summarized,1.432427943166069
5,2023-12-08,103.76041370763676,69.81347204314785,advisor_summarized,1.486252017998878
5,2023-12-09,102.17485150119248,67.70829038105917,advisor_summarized,1.5090449179289134
5,2023-12-10,111.17604709417783,80.54261476126432,advisor_summarized,1.3803381902079268
5,2023-12-11,152.8857656134583,142.13931080176465,advisor_summarized,1.0756050859616255
5,2023-12-12,143.5161709214956,127.4205468659387,advisor_summarized,1.126318905792261
5,2023-12-13,132.57758114387195,110.70181677092832,advisor_summarized,1.1976098045275123
5,2023-12-14,125.7067793027928,100.51806888303511,advisor_summarized,1.2505888811798382
5,2023-12-15,124.25163928612712,98.38975713923986,advisor_summarized,1.2628513668377885
5,2023-12-16,129.97493414872437,107.43234602824585,advisor_summarized,1.2098305487488068
5,2023-12-17,711.8279790212972,1466.9593668948262,advisor_summarized,0.485240419799802
5,2023-12-18,545.4461752468134,997.3798001986344,advisor_summarized,0.54687910777638
5,2023-12-19,470.95942019215295,808.4874808673493,advisor_summarized,0.5825191253263506
5,2023-12-20,410.2345857825192,662.2433903931118,advisor_summarized,0.6194619557305078
5,2023-12-21,362.45518364073524,552.4777107647013,advisor_summarized,0.6560539485639156
5,2023-12-22,325.31057116527256,470.64782660412374,advisor_summarized,0.6911974363347081
5,2023-12-23,296.14053232353973,408.84893439161374,advisor_summarized,0.7243275141812725
5,2023-12-24,267.33533329106103,349.98281821655974,advisor_summarized,0.7638527361238667
5,2023-12-25,256.5829493792934,328.62016492100577,advisor_summarized,0.7807888156862535
5,2023-12-26,264.68845682453554,344.65858926396487,advisor_summarized,0.7679729015017167
5,2023-12-27,242.58867025445107,301.3031231001249,advisor_summarized,0.8051316154922077
5,2023-12-28,224.44937583309257,266.78579962268867,advisor_summarized,0.8413093056321892
5,2023-12-29,210.81785860145126,241.5954664820523,advisor_summarized,0.872606848428228
5,2023-12-30,195.44635215699586,213.95869749142528,advisor_summarized,0.9134770142486434
5,2023-12-31,183.14175718128453,192.44116111636504,advisor_summarized,0.951676637777833
5,2024-01-01,173.20565622209497,175.50081574039044,advisor_summarized,0.9869222287736225
5,2024-01-02,166.4581693261584,164.22865690608387,advisor_summarized,1.013575660071004
5,2024-01-03,160.94951323477852,155.16079326183595,advisor_summarized,1.037307878177537
5,2024-01-04,170.8231295323425,171.5375722434982,advisor_summarized,0.9958350657420898
5,2024-01-05,167.7946679379542,166.18095015040572,advisor_summarized,1.0097106063365744
5,2024-01-06,194.42888042307197,213.05199474266053,advisor_summarized,0.9125888760530833
5,2024-01-07,212.0160126233833,243.85302968062072,advisor_summarized,0.8694417818021986
5,2024-01-08,191.0761745522359,206.25734042764273,advisor_summarized,0.9263969667991887
5,2024-01-09,252.17964340934938,333.1830351380098,advisor_summarized,0.7568802034139958
5,2024-01-10,406.40675970936394,654.4155063410487,advisor_summarized,0.6210225090503356
5,2024-01-11,327.52803735550174,475.6308515032568,advisor_summarized,0.688618150652616
5,2024-01-12,288.689109552695,393.3747193855913,advisor_summarized,0.7338781455086797
5,2024-01-13,269.5529457886339,354.44358397753166,advisor_summarized,0.7604960506372743
5,2024-01-14,239.56376282255945,295.48942911090705,advisor_summarized,0.8107354755240438
5,2024-01-15,221.07394052619833,260.4981067832932,advisor_summarized,0.8486585305977229
5,2024-01-16,243.51470057321194,304.15003462254003,advisor_summarized,0.8006400554102238
5,2024-01-17,264.83989365794406,345.16937964615687,advisor_summarized,0.7672751677145844
5,2024-01-18,231.46203726428917,280.0309047781113,advisor_summarized,0.82655890230292
5,2024-01-19,217.3934840792447,253.6557650280498,advisor_summarized,0.8570413688614759
5,2024-01-20,203.84301517986452,228.96001391959453,advisor_summarized,0.8902996278269335
5,2024-01-21,189.63761563201277,203.73531940249123,advisor_summarized,0.9308038301271288
5,2024-01-22,180.62345012346276,188.1004746151451,advisor_summarized,0.9602498371841944
5,2024-01-23,175.51506134880003,179.38957148568974,advisor_summarized,0.9784016980206746
5,2024-01-24,172.57720188082908,174.43237247439924,advisor_summarized,0.9893645281133671
5,2024-01-25,167.81331803739607,166.47563473237926,advisor_summarized,1.008035309834783
5,2024-01-26,485.2843631174246,860.1381025045781,advisor_summarized,0.5641935425303888
5,2024-01-27,428.3694409645717,705.4078979104671,advisor_summarized,0.607264877857863
5,2024-01-28,362.333571116414,552.3246036771405,advisor_summarized,0.6560156268689686
5,2024-01-29,310.0862729925584,438.24190506660534,advisor_summarized,0.7075687409341436
5,2024-01-30,270.48308797728805,356.34659323008054,advisor_summarized,0.7590449666587568
5,2024-01-31,242.02001991017187,300.22850899655634,advisor_summarized,0.8061193812641819
5,2024-02-01,219.4366385083926,257.47807487250094,advisor_summarized,0.8522536865208975
5,2024-02-02,204.35714173037246,229.87305192114877,advisor_summarized,0.8889999937899254
5,2024-02-03,192.1610992450709,208.153586168168,advisor_summarized,0.9231697746961864
5,2024-02-04,189.0125135953404,202.6442053923221,advisor_summarized,0.9327309075007078
5,2024-02-05,196.56258349957776,215.91017334392785,advisor_summarized,0.9103905594409815
5,2024-02-06,185.2172488794652,196.03679685010903,advisor_summarized,0.9448085862221237
5,2024-02-07,173.48494898359027,175.98605395784045,advisor_summarized,0.9857880501437384
5,2024-02-08,163.67873218072427,159.950596423942,advisor_summarized,1.0233080453598373
5,2024-02-09,158.60312074703663,151.34726712527228,advisor_summarized,1.047941755140901
5,2024-02-10,153.89195537927532,143.75877461342955,advisor_summarized,1.0704873896782587
5,2024-02-11,148.65397160266707,135.42687537591155,advisor_summarized,1.0976696552293654
5,2024-02-12,148.22768148612874,134.82743789328163,advisor_summarized,1.0993881052865044
5,2024-02-13,161.31758436809133,155.7600540536234,advisor_summarized,1.0356800743825798
5,2024-02-14,151.82264920155612,140.4683389944335,advisor_summarized,1.0808318108436703
5,2024-02-15,143.42645844414258,127.24591774760772,advisor_summarized,1.127159605454919
5,2024-02-16,139.7335399389768,121.54390068513284,advisor_summarized,1.149654891371023
5,2024-02-17,144.01371450991167,128.3488493411409,advisor_summarized,1.1220491282094383
5,2024-02-18,286.3492906058038,392.56820327431865,advisor_summarized,0.7294255831660129
5,2024-02-19,307.0001960354291,432.031570685983,advisor_summarized,0.7105966713218941
5,2024-02-20,250.8149555435405,317.4389859774696,advisor_summarized,0.7901202014340551
5,2024-02-21,218.27584519420034,255.36910213697033,advisor_summarized,0.8547464958275393
5,2024-02-22,197.29366677602343,217.2513656604303,advisor_summarized,0.9081354502709948
5,2024-02-23,185.4289826341374,196.3860706668253,advisor_summarized,0.9442063889995695
5,2024-02-24,179.2363982583877,185.74157894486316,advisor_summarized,0.96497725106339
5,2024-02-25,166.83168908203737,164.88411686072047,advisor_summarized,1.0118117636701298
5,2024-02-26,154.48332190598688,144.7109166631379,advisor_summarized,1.0675305323757809
5,2024-02-27,145.87750079997448,131.07623661282545,advisor_summarized,1.1129210341220672
5,2024-02-28,139.1846271766211,120.71426556235905,advisor_summarized,1.1530089383240338
5,2024-02-29,134.18593520703195,113.10396769808844,advisor_summarized,1.1863945884305154
5,2024-03-01,128.9285276246295,105.25675984764074,advisor_summarized,1.2248954633531726
5,2024-03-02,127.28065752563307,102.8203544787324,advisor_summarized,1.237893588005088
5,2024-03-03,127.93966567724672,103.79293559150342,advisor_summarized,1.232643290683841
5,2024-03-04,127.2859124214006,102.68959400635522,advisor_summarized,1.2395210405985553
5,2024-03-05,125.83060933526524,100.6956478715504,advisor_summarized,1.2496131858228623
5,2024-03-06,150.32037365358613,138.105208153164,advisor_summarized,1.0884482610306416
5,2024-03-07,149.18387170753184,136.28511781308097,advisor_summarized,1.0946453589462488
5,2024-03-08,139.40369699081612,121.05289182195872,advisor_summarized,1.151593282016321
5,2024-03-09,136.4060581887977,116.4953972792942,advisor_summarized,1.1709137131123584
5,2024-03-10,164.78325451846342,161.4731401024586,advisor_summarized,1.0204994738685609
5,2024-03-11,154.19489830547568,144.30492954859287,advisor_summarized,1.0685352107361827
5,2024-03-12,139.428924277474,121.11343152930742,advisor_summarized,1.151225941804271
5,2024-03-13,131.1891182639615,108.62698216613158,advisor_summarized,1.2077028713116957
5,2024-03-14,123.59191489829388,97.4525349447955,advisor_summarized,1.2682267831032379
5,2024-03-15,116.38365756503585,87.14753727873914,advisor_summarized,1.3354784449362664
5,2024-03-16,111.9624838525162,80.95274809615375,advisor_summarized,1.3830597044034851
5,2024-03-17,108.93529004833103,76.79627920341522,advisor_summarized,1.4184969789979947
5,2024-03-18,107.42862591429574,74.73614951286892,advisor_summarized,1.4374385971784305
5,2024-03-19,104.51832598262611,70.84004852086527,advisor_summarized,1.4754129643465903
5,2024-03-20,99.25656745374049,63.90257678394277,advisor_summarized,1.5532482796324631
5,2024-03-21,93.96885651894961,57.118823868824165,advisor_summarized,1.6451469087450596
5,2024-03-22,119.10213623233652,91.80831068297076,advisor_summarized,1.297291447215665
5,2024-03-23,138.2322714698999,119.24173567978691,advisor_summarized,1.1592608131863358
5,2024-03-24,133.59135966256562,112.22158136573016,advisor_summarized,1.1904248544421359
5,2024-03-25,115.84900921304232,84.35317556092544,advisor_summarized,1.373380533011096
5,2024-03-26,98.43037552722551,62.84419363175822,advisor_summarized,1.5662604584281572
5,2024-03-27,96.74240724451596,60.6355588292819,advisor_summarized,1.5954731697433862
5,2024-03-28,116.5431222745952,87.55301902683323,advisor_summarized,1.3311148327035656
5,2024-03-29,113.5682622922682,83.2501759066638,advisor_summarized,1.364180448334375
5,2024-03-30,100.08974778270021,65.03569562251307,advisor_summarized,1.5389971126572015
5,2024-03-31,93.12166350189327,56.081693956667856,advisor_summarized,1.6604645282976787
5,2024-04-01,92.4063835784285,55.17785463976668,advisor_summarized,1.6747005511850985
5,2024-04-02,86.9497519997419,48.439774380283914,advisor_summarized,1.7950073697108802
5,2024-04-03,230.08855853797166,311.3251013223776,advisor_summarized,0.7390620208927986
5,2024-04-04,306.56347794887546,432.5396298165149,advisor_summarized,0.7087523473373317
5,2024-04-05,227.06025016392672,272.02508486386233,advisor_summarized,0.8347033519999132
5,2024-04-06,188.07127648303657,201.1243533881936,advisor_summarized,0.9350994711219129
5,2024-04-07,163.07469325153622,158.7466599349098,advisor_summarized,1.0272637756183407
5,2024-04-08,145.340590684896,130.30311139698574,advisor_summarized,1.1154038389927359
5,2024-04-09,131.30278722498724,108.84345192507055,advisor_summarized,1.2063453051395139
5,2024-04-10,119.00960664454922,90.8958943242435,advisor_summarized,1.3092957336446747
5,2024-04-11,140.86969715785858,124.88102492903842,advisor_summarized,1.128031238035606
5,2024-04-12,164.99808558636886,161.98656705552085,advisor_summarized,1.0185911621289918
5,2024-04-13,139.01956089481666,120.57047233361304,advisor_summarized,1.1530149812315227
5,2024-04-14,121.8183871064088,94.9717196854877,advisor_summarized,1.282680649669477
5,2024-04-15,107.06527314022794,74.33930714844787,advisor_summarized,1.4402242534549012
5,2024-04-16,95.48443247171356,59.101356465665866,advisor_summarized,1.6156047539650626
5,2024-04-17,85.84878078174893,47.141594892353424,advisor_summarized,1.8210835033855417
5,2024-04-18,83.58046294307923,44.75653196548199,advisor_summarized,1.8674472590400835
5,2024-04-19,81.97604122746402,42.53059657845167,advisor_summarized,1.9274604125585573
5,2024-04-20,75.95386697696428,35.62959744770687,advisor_summarized,2.131763264753155
5,2024-04-21,76.90278172665062,36.67034194050133,advisor_summarized,2.0971383864221274
5,2024-04-22,73.84349591163802,33.278242721231436,advisor_summarized,2.218972213473461
5,2024-04-23,69.79243171112999,28.923560699280955,advisor_summarized,2.412995842274186
5,2024-04-24,67.11144715692947,26.117811510383152,advisor_summarized,2.569566256738214
5,2024-04-25,64.21744050130741,23.197257165068915,advisor_summarized,2.7683204115186446
5,2024-04-26,61.16098883566,20.193735416150727,advisor_summarized,3.028711012363969
5,2024-04-27,62.10658266663242,21.069099745249904,advisor_summarized,2.947756829554834
5,2024-04-28,59.248570398454724,18.41739137072362,advisor_summarized,3.2169903547055285
5,2024-04-29,56.51610732060595,15.876936859095986,advisor_summarized,3.559635452491426
5,2024-04-30,54.291713369608566,13.89127179896541,advisor_summarized,3.908332811805762
5,2024-05-01,53.31650290241969,13.086429882232563,advisor_summarized,4.074182445649861
5,2024-05-02,51.756785830660746,11.799773099571423,advisor_summarized,4.386252633327381
5,2024-05-03,50.2747156715388,10.585461144278606,advisor_summarized,4.749411951572092
5,2024-05-04,51.38533842971169,11.420808707303548,advisor_summarized,4.499273190422236
5,2024-05-05,53.88376966963371,13.579509040406087,advisor_summarized,3.968020457094695
5,2024-05-06,53.37162062625037,13.162425038582803,advisor_summarized,4.0548470718581875
5,2024-05-07,52.43546505340941,12.410830307885805,advisor_summarized,4.224976391796451
5,2024-05-08,50.16759666310803,10.239174184186703,advisor_summarized,4.899574493086215
5,2024-05-09,48.51157568241838,9.221737138366,advisor_summarized,5.260568042065678
5,2024-05-10,57.542779024430786,16.77676244061859,advisor_summarized,3.4299096281600012
5,2024-05-11,53.426965704080146,13.24125210181328,advisor_summarized,4.034887735183576
5,2024-05-12,52.01092521039206,11.963519738321075,advisor_summarized,4.347460141165038
5,2024-05-13,54.453714496669946,14.77202061588793,advisor_summarized,3.6862739304670806
5,2024-05-14,87.08865037432265,49.07478146142838,advisor_summarized,1.7746110686763277
5,2024-05-15,115.04006772397537,88.48094588195858,advisor_summarized,1.3001676979973633
5,2024-05-16,117.32783514068416,88.88804162362139,advisor_summarized,1.3199507267522597
5,2024-05-17,93.59441046332297,56.67936506199513,advisor_summarized,1.6512960291801198
5,2024-05-18,84.7860619574855,45.838118489736,advisor_summarized,1.849684602051689
5,2024-05-19,76.92782510838077,36.77335059543531,advisor_summarized,2.0919449509702783
5,2024-05-20,69.81008422344239,28.92223379237777,advisor_summarized,2.413716890769353
5,2024-05-21,65.67774042824209,24.67464157373426,advisor_summarized,2.6617505357465836
5,2024-05-22,59.8980061778926,19.05128347138916,advisor_summarized,3.1440404667667794
5,2024-05-23,53.463088029274616,13.27316254317626,advisor_summarized,4.027908786271891
5,2024-05-24,47.16722893980089,8.335440068996908,advisor_summarized,5.6586369225106825
5,2024-05-25,42.10710245196915,5.009820773800286,advisor_summarized,8.404911942593923
5,2024-05-26,39.23391180581992,3.3488428003913495,advisor_summarized,11.715662437554549
5,2024-05-27,35.39678138478648,1.7459420132421657,advisor_summarized,20.273743982513853
5,2024-05-28,32.97702142260887,1.019029140922922,advisor_summarized,32.36121529629859
5,2024-05-29,29.343908133275896,0.18969913156029983,advisor_summarized,154.68657073924624
5,2024-06-06,24.669097904641593,0.04312054746467524,advisor_summarized,572.0961201814692
5,2024-07-02,45.948536381552515,8.214502218324958,advisor_summarized,5.593587433581826
5,2024-07-03,99.2575284233042,86.34469083693045,advisor_summarized,1.1495498734341498
5,2024-07-04,183.02121241707013,194.9653466504342,advisor_summarized,0.9387371425816533
5,2024-07-05,125.43979866326146,100.34485448022656,advisor_summarized,1.2500870055871174
5,2024-07-06,138.43020988091018,119.55525783952498,advisor_summarized,1.157876386053388
5,2024-07-07,124.04059042927365,98.25520682874826,advisor_summarized,1.2624327446123793
5,2024-07-08,190.74305242829033,238.217187878097,advisor_summarized,0.8007107049131121
5,2024-07-09,374.59451732774585,581.6249493895621,advisor_summarized,0.6440482268184976
5,2024-07-10,249.69800767619245,316.2941996641013,advisor_summarized,0.7894485828110891
5,2024-07-11,187.60715846551932,199.69629026886187,advisor_summarized,0.9394624117099707
5,2024-07-12,150.5249635394948,138.63168258841117,advisor_summarized,1.0857904970135437
5,2024-07-13,126.03251087651006,101.17857375824632,advisor_summarized,1.245644272251249
5,2024-07-14,108.46716625639682,76.28559839803154,advisor_summarized,1.4218563992964062
5,2024-07-15,98.98124270472141,63.54333889965333,advisor_summarized,1.5576965960355196
5,2024-07-16,94.58360284287072,58.01221795150217,advisor_summarized,1.6304083205703663
5,2024-07-17,83.64212007880901,44.569469762694915,advisor_summarized,1.8766685025456213
5,2024-07-18,75.42296964095621,35.097496549215016,advisor_summarized,2.148955824675282
5,2024-07-19,76.19856086055557,36.25976486583117,advisor_summarized,2.1014631821939944
5,2024-07-20,105.69583332452639,72.55346654546284,advisor_summarized,1.4567992179711517
5,2024-07-21,103.71011217873719,70.43678412371388,advisor_summarized,1.472385678434476
5,2024-07-22,129.94075916058037,106.77739227533802,advisor_summarized,1.2169313783718645
5,2024-07-23,127.88646306660036,103.81584629226352,advisor_summarized,1.2318587926025568
5,2024-07-24,156.6083171448196,148.54959930547415,advisor_summarized,1.0542493408061888
5,2024-07-25,198.1962104202055,224.101372397314,advisor_summarized,0.8844042689253115
5,2024-07-26,339.24287552598395,505.09701820998066,advisor_summarized,0.6716390382351312
5,2024-07-27,375.07238058900543,581.2286998239005,advisor_summarized,0.6453094637319942
5,2024-07-28,332.96165754692186,487.20129432365184,advisor_summarized,0.6834170217243567
5,2024-07-29,289.19561203561113,393.7917488099261,advisor_summarized,0.7343871803042754
5,2024-07-30,237.1636904142124,291.06841212741136,advisor_summarized,0.8148039448210448
5,2024-07-31,200.5993801928655,223.29282248039829,advisor_summarized,0.8983691368336529
5,2024-08-01,172.17455043025436,173.87319341462515,advisor_summarized,0.9902305642922188
5,2024-08-02,212.17947222227113,256.9245667937912,advisor_summarized,0.8258434561945465
5,2024-08-03,374.23879847592355,580.727572606858,advisor_summarized,0.6444309106867161
5,2024-08-04,336.5240045602676,496.7085304719565,advisor_summarized,0.6775080030143901
5,2024-08-05,829.3026060922888,2341.275776765454,advisor_summarized,0.3542097066574517
5,2024-08-06,789.158686687092,1677.038117334581,advisor_summarized,0.4705669349611146
5,2024-08-07,610.5440830662719,1170.685513613136,advisor_summarized,0.5215269822395974
5,2024-08-08,491.49557748624153,860.0059276235348,advisor_summarized,0.5715025463189509
5,2024-08-09,402.33934321599634,644.0403359292753,advisor_summarized,0.6247114051256859
5,2024-08-10,342.1590096560897,507.53253858782995,advisor_summarized,0.6741617209570853
5,2024-08-11,290.8859035462603,398.1424131813379,advisor_summarized,0.7306076768409334
5,2024-08-12,265.532741147928,346.6055852645298,advisor_summarized,0.7660948133460489
5,2024-08-13,247.84833990216583,312.0296565896544,advisor_summarized,0.794310203110301
5,2024-08-14,193.2916254055357,210.49183937232624,advisor_summarized,0.9182856018642789
5,2024-08-15,159.63552663395737,153.15998285927455,advisor_summarized,1.0422796062900623
5,2024-08-16,135.42992348743107,115.21255862823602,advisor_summarized,1.1754788288699651
5,2024-08-17,111.03447310949993,79.8444901645612,advisor_summarized,1.3906341299275067
5,2024-08-18,90.57812305912927,53.05492803838334,advisor_summarized,1.7072518314151561
5,2024-08-19,76.17471262717108,35.92573925678001,advisor_summarized,2.12033806966951
5,2024-08-20,63.98491561378714,23.106560694672424,advisor_summarized,2.7691233004892783
5,2024-08-21,49.36067363795498,10.016873369693869,advisor_summarized,4.92775258468337
5,2024-08-22,42.5319893586578,4.86176242541473,advisor_summarized,8.748265677549975
5,2024-08-23,34.50548438400149,1.9989944949300655,advisor_summarized,17.261420414871456
5,2024-08-26,22.51125191684054,0.3782075203852213,advisor_summarized,59.520899779866404
5,2024-08-27,81.95229740043142,47.16252503619349,advisor_summarized,1.73765711945108
5,2024-08-28,95.2851429058096,59.598121125796105,advisor_summarized,1.5987944100567781
5,2024-08-29,60.52814948330327,20.175958169784337,advisor_summarized,3.0000136287926424
5,2024-08-30,37.56170781932887,3.135016608149958,advisor_summarized,11.981342529950696
5,2024-09-04,26.512961981081048,2.497679136711098,advisor_summarized,10.615039214361564
5,2024-09-05,59.71762395051235,18.895904482446596,advisor_summarized,3.160347471378637
5,2024-09-06,55.20710759578864,16.623059155084118,advisor_summarized,3.321115991992587
5,2024-09-07,82.80747706947334,43.617692207510544,advisor_summarized,1.8984836858290888
5,2024-09-08,124.44247922447609,132.6094357715664,advisor_summarized,0.9384134582914692
5,2024-09-09,344.08855203699136,515.1290858541088,advisor_summarized,0.6679656837207629
5,2024-09-10,207.85585113901243,237.14993922766985,advisor_summarized,0.876474401873937
5,2024-09-11,157.07839086390103,148.9877794327481,advisor_summarized,1.0543038594303298
5,2024-09-12,156.84305064014217,149.12122749367472,advisor_summarized,1.0517821860525858
5,2024-09-13,170.47413029508408,171.13373614263858,advisor_summarized,0.99614567026688
5,2024-09-14,163.60382114784446,159.66461862859185,advisor_summarized,1.0246717309889168
5,2024-09-15,137.89510718198272,118.83038185821404,advisor_summarized,1.1604364559437024
5,2024-09-16,152.58784001906014,141.71268656575833,advisor_summarized,1.0767408600940993
5,2024-09-17,130.54461451993834,107.90552657989804,advisor_summarized,1.2098047121180333
5,2024-09-18,114.01073420926939,83.91968995351942,advisor_summarized,1.3585695356169272
5,2024-09-19,123.96612343025853,98.0008762413102,advisor_summarized,1.264949132954826
5,2024-09-20,108.8506506434146,76.89572282448198,advisor_summarized,1.4155618367990532
5,2024-09-21,86.5669495056017,48.1305638782278,advisor_summarized,1.7985858159613393
5,2024-09-22,67.41629146480312,26.672467151846817,advisor_summarized,2.527561139395205
5,2024-09-23,49.83897857613685,10.411263023446592,advisor_summarized,4.787025211436636
5,2024-09-24,36.29191335082839,2.0594946133105254,advisor_summarized,17.621756869997885
5,2024-09-26,41.730474979207344,7.007921720540954,advisor_summarized,5.954757579110929
5,2024-09-27,182.13312863534816,192.3656324375633,advisor_summarized,0.946807006674977
5,2024-09-28,176.541257461388,181.20842111835472,advisor_summarized,0.9742442231538544
5,2024-09-29,152.82387117569695,142.29654276806627,advisor_summarized,1.0739816175631864
5,2024-09-30,124.0644028524808,98.2046112992769,advisor_summarized,1.2633256342148396
5,2024-10-01,122.15124887962612,95.34647696141076,advisor_summarized,1.2811301767244527
5,2024-10-02,111.02033419680643,79.80450652135121,advisor_summarized,1.3911536959019177
5,2024-10-03,89.77943766842981,52.08806309873433,advisor_summarized,1.7236086797516441
5,2024-10-04,73.20216505177021,32.31714872921426,advisor_summarized,2.2651183019000825
5,2024-10-05,61.08299830291101,20.165080278787432,advisor_summarized,3.029147291179743
5,2024-10-06,60.09602326147423,19.37047487851499,advisor_summarized,3.1024548256238416
5,2024-10-07,93.48330422756851,56.790501980010475,advisor_summarized,1.6461080808983415
5,2024-10-08,108.09209588505381,75.68060304557177,advisor_summarized,1.4282668416366233
5,2024-10-09,138.78653325384306,125.81664012897777,advisor_summarized,1.1030856738152404
5,2024-10-10,373.30647839842754,577.6901350212659,advisor_summarized,0.6462053889576727
5,2024-10-11,297.3005428116292,411.77775570064296,advisor_summarized,0.7219927222775064
5,2024-10-12,241.5217244287632,299.4639272746119,advisor_summarized,0.8065135812076791
5,2024-10-13,201.99419392460396,225.81769776288743,advisor_summarized,0.8945011658771822
5,2024-10-14,167.71271824175616,166.52109956946174,advisor_summarized,1.0071559620695236
5,2024-10-15,140.66311172226463,123.10628384367772,advisor_summarized,1.1426152047679454
5,2024-10-16,118.59949887100402,90.38644320249108,advisor_summarized,1.3121381334290116
5,2024-10-17,99.55396426939934,64.41193925034288,advisor_summarized,1.5455824716357907
5,2024-10-18,81.66266556774858,42.20192542511269,advisor_summarized,1.9350459663898265
5,2024-10-19,71.09396613305417,30.322992626011075,advisor_summarized,2.3445563902577917
5,2024-10-20,61.579041797908985,20.61113580071897,advisor_summarized,2.9876588264369666
5,2024-10-21,54.8985333322489,14.444465820693884,advisor_summarized,3.800662067654897
5,2024-10-22,48.45462116705093,9.083934568326065,advisor_summarized,5.3341006369643935
5,2024-10-23,43.048702627201216,5.213056709017471,advisor_summarized,8.257861947432144
5,2024-10-24,36.77390626311963,1.689858664873414,advisor_summarized,21.761527770060187
5,2024-10-25,30.60329960831206,0.07565592259725011,advisor_summarized,404.5063302079725
5,2024-12-11,36.076277059989636,3.8276230287033903,advisor_summarized,9.425242974413417
5,2024-12-12,37.39737695788053,2.079844676226421,advisor_summarized,17.980850870908636
5,2024-12-13,29.89937964567887,0.00845884479259348,advisor_summarized,3534.6882912260794
5,2024-12-16,31.669847786945315,0.00270974646219017,advisor_summarized,11687.38412572664
5,2024-12-17,34.19128220142882,0.4789622807307059,advisor_summarized,71.38616875898144
5,2024-12-18,36.23795641220652,1.3229158073988436,advisor_summarized,27.39248878086858
5,2024-12-19,37.90049480465738,2.0900647647966615,advisor_summarized,18.133646116150206
5,2024-12-20,37.10362988049578,1.6959913555658888,advisor_summarized,21.87725176707383
5,2024-12-21,34.90398945011998,0.7876328250319803,advisor_summarized,44.31505181199472
5,2024-12-22,32.19830455055677,0.06657084109456525,advisor_summarized,483.6697872694505
5,2024-12-23,32.33479204227825,0.05829004607239457,advisor_summarized,554.7223620670906
5,2024-12-24,32.92499857341363,0.13997831550467857,advisor_summarized,235.21499351314284
5,2024-12-25,33.07438296873922,0.2098699416425145,advisor_summarized,157.59466415193955
5,2024-12-26,32.285008105747195,0.08632023538219573,advisor_summarized,374.0143659571884
5,2024-12-27,32.72279089742351,0.1224299754324914,advisor_summarized,267.2776073165762
5,2024-12-28,33.755717028102566,0.3542412067025383,advisor_summarized,95.29020449743373
5,2024-12-29,48.33571969241757,11.219370917129073,advisor_summarized,4.308237961775687
5,2024-12-30,59.53554713529829,18.71429440357908,advisor_summarized,3.181287301107768
5,2024-12-31,49.69358564530875,10.049198622389287,advisor_summarized,4.945029699641229
5,2025-01-01,44.250013368425776,5.9977403832661205,advisor_summarized,7.377780720866923
5,2025-01-02,37.6061516075072,2.0002792520705133,advisor_summarized,18.800450771351358
5,2025-01-03,31.898063691423314,0.371043343245284,advisor_summarized,85.9685647839169
5,2025-01-13,27.239829552575607,8.542669490725219e-4,advisor_summarized,31886.788529217836
5,2025-01-14,33.563463207053076,0.32376209907875325,advisor_summarized,103.6670546137303
5,2025-01-15,29.428352997179456,1.0105435734792307e-4,advisor_summarized,291213.10321988096
5,2025-01-18,26.06308730143451,0.12089816220936472,advisor_summarized,215.5788543443688
5,2025-01-19,202.82927821775914,246.68330410840463,advisor_summarized,0.8222253992861475
5,2025-01-20,194.30961856897358,213.93705956778504,advisor_summarized,0.9082560027773374
5,2025-01-21,127.66257826429637,103.61467781560668,advisor_summarized,1.23208970925418
5,2025-01-22,278.82774066431875,375.4646594802294,advisor_summarized,0.7426204667313058
5,2025-01-23,223.16189743089987,265.1706106267798,advisor_summarized,0.8415785478768383
5,2025-01-24,173.7888044350691,176.6668445435491,advisor_summarized,0.983709223335505
5,2025-01-25,149.98998718095967,137.583489376576,advisor_summarized,1.0901743215018058
5,2025-01-26,136.56632521765644,116.7320571533786,advisor_summarized,1.1699127775861677
5,2025-01-27,125.69338347424512,100.61302786809276,advisor_summarized,1.2492754282182383
5,2025-01-28,117.5240024657579,88.74720468720011,advisor_summarized,1.3242558216902152
5,2025-01-29,108.7192143639391,76.52236650651875,advisor_summarized,1.4207508121782615
5,2025-01-30,100.87510807036756,66.01871995887545,advisor_summarized,1.5279773393547307
5,2025-01-31,93.05558595164266,55.96865702701094,advisor_summarized,1.6626374634419627
5,2025-02-01,87.36472666167201,48.92796808921145,advisor_summarized,1.7855784753288337
5,2025-02-02,77.17050863127442,36.99116718860814,advisor_summarized,2.0861874467978394
5,2025-02-03,69.4236989463442,28.5190061491996,advisor_summarized,2.43429587213342
5,2025-02-04,65.38849875175504,24.344993712758935,advisor_summarized,2.6859115070334014
5,2025-02-05,61.0952218491073,20.106135453043393,advisor_summarized,3.0386357433924247
5,2025-02-06,57.388841054142155,16.629184731014977,advisor_summarized,3.4510916790230026
5,2025-02-07,53.63177672466942,13.293726097805385,advisor_summarized,4.0343675151787055
5,2025-02-08,51.07111535933687,11.152460593756484,advisor_summarized,4.579358512858424
5,2025-02-09,48.12185797318732,8.804562194029174,advisor_summarized,5.465559435291538
5,2025-02-10,45.657513914628495,6.967084742872767,advisor_summarized,6.553316860590151
5,2025-02-11,44.54012354277408,6.156838792100102,advisor_summarized,7.234252032053192
5,2025-02-12,44.00964698521096,5.789133577247822,advisor_summarized,7.602112889254377
5,2025-02-13,53.15289119435458,14.667865312770628,advisor_summarized,3.6237646079335644
5,2025-02-14,85.44957038189183,46.62636497044016,advisor_summarized,1.8326449088635695
5,2025-02-15,75.99025358881103,35.66542221084162,advisor_summarized,2.1306421984740003
5,2025-02-16,78.53271101202388,38.83500477310013,advisor_summarized,2.022214532246464
5,2025-02-17,88.73896566203696,50.62398786837531,advisor_summarized,1.7529035028366857
5,2025-02-18,76.52859288030429,36.279745183179,advisor_summarized,2.109402712006548
5,2025-02-19,115.83045258278896,90.1393276672407,advisor_summarized,1.2850157148984946
5,2025-02-20,149.3950027314631,136.76551330282538,advisor_summarized,1.0923441087130905
5,2025-02-21,119.57476290897448,91.81768972599828,advisor_summarized,1.302306377625147
5,2025-02-22,97.3233676718613,61.439720106084515,advisor_summarized,1.5840464035939374
5,2025-02-23,88.27990907316142,50.059979778298576,advisor_summarized,1.7634827154171466
5,2025-02-24,104.42631405922664,71.35261361560353,advisor_summarized,1.4635247227494759
5,2025-02-25,131.43303506633785,108.97474323658042,advisor_summarized,1.2060871277393261
5,2025-02-26,119.13765770794147,91.13278775858728,advisor_summarized,1.3072974133474298
5,2025-02-27,102.5406031096297,68.3239401334598,advisor_summarized,1.5008004940776714
5,2025-02-28,92.62743464306303,55.47622975011308,advisor_summarized,1.6696778973678221
5,2025-03-01,79.20812688392759,39.31634307535881,advisor_summarized,2.014636171327201
5,2025-03-02,73.93966696135415,33.38441404074134,advisor_summarized,2.2147960084343667
5,2025-03-03,66.75835383161277,25.752317551882243,advisor_summarized,2.5923241159603276
5,2025-03-04,62.93755708930746,21.8998266782222,advisor_summarized,2.8738837989021313
5,2025-03-05,68.1919376889259,27.447948629087843,advisor_summarized,2.4844092580623602
5,2025-03-06,83.57327652618626,44.37276103531411,advisor_summarized,1.8834364726520934
5,2025-03-07,76.4216789847582,36.18108623471128,advisor_summarized,2.1121996860183
5,2025-03-08,76.47412766640521,36.37478033674716,advisor_summarized,2.1023942126503563
5,2025-03-09,95.27396458221037,58.9724933265274,advisor_summarized,1.6155661598820954
5,2025-03-10,331.60762940134526,489.3699498357276,advisor_summarized,0.6776215611781226
5,2025-03-11,252.85537363069568,322.3971190908054,advisor_summarized,0.7842978694839925
5,2025-03-12,195.2576318418478,213.81022126904497,advisor_summarized,0.9132287066676209
5,2025-03-13,167.11595855192041,165.41854903729174,advisor_summarized,1.0102613009514791
5,2025-03-14,148.53762836996023,135.31092354687897,advisor_summarized,1.0977504585466733
5,2025-03-15,132.46408248839722,110.55643629438887,advisor_summarized,1.1981580351927483
5,2025-03-16,130.83314506314568,108.5210858620418,advisor_summarized,1.2056011421546984
5,2025-03-17,150.4039784937407,138.23869751470858,advisor_summarized,1.0880019936366787
5,2025-03-18,127.84362701601484,103.75757167926189,advisor_summarized,1.2321378088069408
5,2025-03-19,112.38243108668965,81.60001382324515,advisor_summarized,1.3772354417748347
5,2025-03-20,100.27217141242491,65.24463671528092,advisor_summarized,1.536864583214703
5,2025-03-21,91.51689415265054,54.06739249023287,advisor_summarized,1.6926448629676902
5,2025-03-22,82.63403196065687,43.28674958010447,advisor_summarized,1.9089913833270877
5,2025-03-23,75.2272236516863,34.81427387379127,advisor_summarized,2.160815529986352
5,2025-03-24,70.03325276341941,29.16016493770376,advisor_summarized,2.4016754676468657
5,2025-03-25,65.45635548789306,24.415503125635123,advisor_summarized,2.6809341241535583
5,2025-03-26,59.564883120042694,33.68311525362555,advisor_summarized,1.768389968431774
5,2025-03-27,51.094776124366845,8.716701033332003,advisor_summarized,5.861710287984446
5,2025-03-28,45.34576263815597,3.1673864972342556,advisor_summarized,14.316460172369755
5,2025-03-29,41.23145830101613,35.79984789702486,advisor_summarized,1.1517216056228736
5,2025-03-30,125.50899214045221,50.495044615654706,advisor_summarized,2.4855704771779
5,2025-03-31,228.58370763973767,70.22491700151642,advisor_summarized,3.2550228238048566
5,2025-04-01,179.84593082465128,74.1277857484564,advisor_summarized,2.4261608384599063
5,2025-04-02,201.977553344867,150.75656444303107,advisor_summarized,1.3397595924998125
5,2025-04-03,159.67495239937173,153.35736397319403,advisor_summarized,1.041195207471628
5,2025-04-04,131.14041034165203,108.69110469586067,advisor_summarized,1.206542253007815
5,2025-04-05,108.7471792390893,76.66535900005645,advisor_summarized,1.4184656624253102
5,2025-04-06,92.36708904432342,55.16856371876464,advisor_summarized,1.6742703238602956
5,2025-04-07,79.48091047570925,39.66285025656249,advisor_summarized,2.003913232699624
5,2025-04-08,74.61170526019419,34.1342622753378,advisor_summarized,2.185830314958984
5,2025-04-09,65.36124768255968,24.39482105223996,advisor_summarized,2.6793083475624897
5,2025-04-10,54.989687411350204,14.52458386953555,advisor_summarized,3.7859733473457924
5,2025-04-11,49.09758148734735,9.619777384645865,advisor_summarized,5.103816806167681
5,2025-04-12,50.2531409148002,10.497254350400436,advisor_summarized,4.787265244543037
5,2025-04-13,42.762555104762455,5.103476932338157,advisor_summarized,8.379102261400995
5,2025-04-14,35.89670467041722,1.377147519950164,advisor_summarized,26.065983600446994
5,2025-04-15,31.458443255498185,0.15597755043630626,advisor_summarized,201.68571161363573
5,2025-04-16,29.829027957789915,0.11316958315573876,advisor_summarized,263.578137570239
5,2025-05-12,33.81973260940835,0.8034207272746905,computed_RC,42.09467276769092
5,2025-05-13,29.403416645237243,0.1698614564528218,computed_RC,173.1023462253422
5,2025-07-10,27.33571152970734,0.04132564703557085,computed_RC,661.4708659292922
5,2025-07-14,37.95923952545094,4.804606028867712,computed_RC,7.900593575701915
5,2025-07-15,48.52864968257247,9.48927313687026,computed_RC,5.114053414061399
5,2025-07-16,47.45512791826496,14.860431032770734,computed_RC,3.1933883891803188
5,2025-07-17,81.16394831638866,45.83338999198439,computed_RC,1.7708475923466076
5,2025-07-18,33.835706436098384,1.271133653849266,computed_RC,26.618527747760115
5,2025-07-22,30.01424930388045,2.632977072039252,computed_RC,11.399358400274366
5,2025-07-23,86.86732827333395,74.08965204461335,computed_RC,1.172462359804666
5,2025-07-24,243.0942409634324,305.37648360599394,computed_RC,0.7960476788942269
5,2025-07-25,122.85489734546142,97.95260257848392,computed_RC,1.2542280052949557
5,2025-07-26,72.40249409701809,32.06070926387991,computed_RC,2.2582935861181297
5,2025-07-27,54.38867338505562,14.376300813732277,computed_RC,3.7832175390419924
5,2025-07-28,37.28560720626341,2.344498786859238,computed_RC,15.903444870710445
5,2025-08-11,22.260554540740085,0.03195487601629075,computed_RC,696.6246568877798
5,2025-08-12,32.52515200746617,0.48139653582439024,computed_RC,67.56415883169358
5,2025-08-23,52.09635402026733,36.76681349164227,computed_RC,1.4169396004935193
5,2025-08-24,146.14276508982348,132.4144033890945,computed_RC,1.1036772537530433
5,2025-08-25,92.22568552646658,55.47923829673874,computed_RC,1.6623459217876089
5,2025-08-26,60.67086875018231,20.279159780998075,computed_RC,2.9917841471436093
5,2025-08-27,41.27627585704249,4.360113796382877,computed_RC,9.466788663012656
5,2025-08-28,31.190374674000324,0.2301359242877249,computed_RC,135.53022966985765
5,2025-09-27,65.09397790662365,24.328033527002344,computed_RC,2.6756777457731666
5,2025-09-28,58.643456071077416,18.167459305010368,computed_RC,3.2279393109692696
5,2025-09-29,60.003743130356334,19.61007057691834,computed_RC,3.0598433032149615
5,2025-09-30,63.875090251013546,22.90190766491209,computed_RC,2.789072909802893
5,2025-10-01,49.81538834170714,10.373766254818367,computed_RC,4.802054250891674
5,2025-10-02,37.85766448156181,2.224859467372184,computed_RC,17.0157553934299
5,2025-10-03,33.42948352265327,0.3011310792356192,computed_RC,111.01306317338457
5,2025-10-04,30.689092836929962,0.02575552176674955,computed_RC,1191.5539166653446
5,2025-10-05,32.564243880583604,0.7398259882119702,computed_RC,44.016085403117124
5,2025-10-06,47.98302674453956,9.36684257804987,computed_RC,5.122646862559891
5,2025-10-07,60.20063593233274,19.298683005262447,computed_RC,3.119416797297358
5,2025-10-08,46.470955573665435,7.869612389467664,computed_RC,5.905113654118477
5,2025-10-09,36.72156284285136,1.6156447325889236,computed_RC,22.728736152290363
5,2025-10-10,33.51802529084155,0.29830924267956593,computed_RC,112.35999592156627
5,2025-10-11,31.299579803212065,0.05540147642725242,computed_RC,564.9593083374139
5a,2021-04-13,18.761091519712156,24.762371062938595,computed_RC,0.7576451977085326
5a,2021-04-14,15.759461786682888,22.850467599316588,computed_RC,0.6896778684368902
5a,2021-04-15,12.883570475998253,20.74877367086697,computed_RC,0.6209316598834886
5a,2021-04-16,14.58432925481654,21.4032939250358,computed_RC,0.6814058296773189
5a,2021-04-17,32.67141163511844,31.103940759016655,computed_RC,1.0503946071736068
5a,2021-04-18,100.89221000425142,44.96601566935935,computed_RC,2.2437436028605307
5a,2021-04-19,100.45296544390922,45.85865623459078,computed_RC,2.1904908187898107
5a,2021-04-20,46.67038207758758,35.47962429819477,computed_RC,1.3154136494044613
5a,2021-04-21,29.896157827993807,30.067138131696687,computed_RC,0.9943133828383011
5a,2021-04-22,22.13619285807572,26.585118760687536,computed_RC,0.832653525355297
5a,2021-04-23,17.416301066571226,23.929561346549782,computed_RC,0.7278153082017255
5a,2021-04-24,14.50491054602834,21.979722963012744,computed_RC,0.6599223552743161
5a,2021-04-25,21.03128400057382,25.809735303237744,computed_RC,0.8148585699728396
5a,2021-04-26,17.072022448581713,23.709245319417377,computed_RC,0.7200576070044744
5a,2021-04-27,13.983505611220616,21.59164622674644,computed_RC,0.6476349910688461
5a,2021-04-28,11.88009857454886,19.92252319370581,computed_RC,0.5963149576506543
5a,2021-04-29,10.596379695877074,18.774916129549407,computed_RC,0.5643902546760077
5a,2021-04-30,8.928811307423793,17.100009558946088,computed_RC,0.5221524161518711
5a,2021-05-01,7.5888390287062695,15.564381872018515,computed_RC,0.4875772832552641
5a,2021-05-02,7.500052510839589,15.449886283015154,computed_RC,0.48544386498719916
5a,2021-05-03,7.330553123770294,15.23374389611936,computed_RC,0.48120496010423786
5a,2021-05-04,6.750290595299976,14.485567277263527,computed_RC,0.4660011213986212
5a,2021-05-05,6.299146599586576,13.8593582137025,computed_RC,0.45450492746184473
5a,2021-05-06,6.869770177197737,14.621212949182157,computed_RC,0.4698495399167277
5a,2021-05-07,7.024899975754377,14.85343725885117,computed_RC,0.4729477664550834
5a,2021-05-08,6.113957500465191,13.600276306233674,computed_RC,0.44954656529021136
5a,2021-05-09,5.615670862040796,12.836769992748504,computed_RC,0.4374675923314892
5a,2021-05-10,5.540854911865154,12.73062257282828,computed_RC,0.435238330267628
5a,2021-05-11,5.822862271478886,13.127512714331242,computed_RC,0.4435617316235463
5a,2021-05-12,5.786180961178079,13.08098393782192,computed_RC,0.442335300515744
5a,2021-05-13,5.612257437250826,12.838325522103808,computed_RC,0.43714870974319625
5a,2021-05-14,5.580375742513569,12.781134490611183,computed_RC,0.4366103608887633
5a,2021-05-15,4.91078756992602,11.649016318754756,computed_RC,0.42156242514826936
5a,2021-05-16,3.812097614757328,9.552735606027005,computed_RC,0.39905821452361795
5a,2021-05-17,3.110794315853059,8.367581971919282,computed_RC,0.3717674145640347
5a,2021-05-18,2.562525890870423,6.891259075614692,computed_RC,0.3718516257701208
5a,2021-05-19,2.0045305857866467,5.135993850684051,computed_RC,0.3902906903830634
5a,2021-05-20,1.557048444857874,3.420405078614725,computed_RC,0.45522340455899557
5a,2021-05-21,1.131591597985045,1.4892574657871471,computed_RC,0.759836108920859
5a,2021-05-22,0.7537172836114865,0.18471599326613852,computed_RC,4.080411610734387
5a,2021-06-16,0.5981207890632171,0.09943821701533566,computed_RC,6.014999132285056
5a,2021-06-20,0.7579295669581364,1.5412468878417216,computed_RC,0.49176389126047143
5a,2021-06-21,14.70730625449749,18.60681752655491,computed_RC,0.7904256723917353
5a,2021-06-22,173.8116893085914,48.296360148576795,computed_RC,3.5988569071020007
5a,2021-06-23,185.3827570765175,56.661584397946875,computed_RC,3.2717538530961874
5a,2021-06-24,204.96787944803984,54.07272844125501,computed_RC,3.790596209154091
5a,2021-06-25,252.53993887725338,62.058837845098616,computed_RC,4.069363005275789
5a,2021-06-26,123.60326351923099,50.45011237226951,computed_RC,2.4500096770284094
5a,2021-06-27,64.65062393843827,41.29880769108582,computed_RC,1.5654356034204069
5a,2021-06-28,47.973609873597546,37.42215500123749,computed_RC,1.2819574359630315
5a,2021-06-29,46.03604335461151,36.91429798295542,computed_RC,1.24710602314225
5a,2021-06-30,34.54150952866492,33.3149751493431,computed_RC,1.0368163077962256
5a,2021-07-01,29.66028294549737,31.454995624102754,computed_RC,0.9429434770853962
5a,2021-07-02,28.177928133299805,30.764769280585497,computed_RC,0.9159154705925862
5a,2021-07-03,40.52492869678588,35.302805594428264,computed_RC,1.147923741879082
5a,2021-07-04,33.79970969708842,33.064616156528416,computed_RC,1.0222320300674308
5a,2021-07-05,29.569112671343653,31.40996429143338,computed_RC,0.941392750306571
5a,2021-07-06,23.32345304680973,28.64230415645373,computed_RC,0.8143008648818657
5a,2021-07-07,889.6838622006813,74.3135921661982,computed_RC,11.97202067975604
5a,2021-07-08,18557.178601863092,143.2826947654733,computed_RC,129.51444438030487
5a,2021-07-11,54354.17482070784,213.2852896004952,computed_RC,254.84258629612327
5a,2021-07-12,9219.374062021554,143.80250046398976,computed_RC,64.1113612925682
5a,2021-07-13,181.00572384140847,53.87711384808354,computed_RC,3.3596031953713688
5a,2021-07-14,18.514118552664897,33.431191519485246,computed_RC,0.5537977472886065
5a,2021-07-15,15.135890505957164,31.189619103045256,computed_RC,0.4852861606276988
5a,2021-07-16,13.058306398239536,29.582219311910514,computed_RC,0.44142416295933373
5a,2021-07-17,10.977719122391017,27.75612362836647,computed_RC,0.39550620502251627
5a,2021-07-18,9.812976982176858,26.61356752447061,computed_RC,0.36872084034408514
5a,2021-07-19,9.319011744011071,26.09059104733635,computed_RC,0.35717902009592345
5a,2021-07-20,8.826848158411526,25.54069192961653,computed_RC,0.3455994137800186
5a,2021-07-21,8.341522523803427,24.968672618357136,computed_RC,0.33407953443510985
5a,2021-07-22,8.762368428853236,25.475926382950547,computed_RC,0.3439469991056869
5a,2021-07-23,8.156716892370827,24.754797795245626,computed_RC,0.32950044511926474
5a,2021-07-24,7.591696719614664,24.047200911528893,computed_RC,0.3156998083704201
5a,2021-07-25,7.176741027243282,23.509482494004462,computed_RC,0.30527005556475095
5a,2021-07-26,6.675797432535001,22.81841192028813,computed_RC,0.2925618774810296
5a,2021-07-27,17.990127196386506,30.201361043131335,computed_RC,0.5956727304671583
5a,2021-07-28,52.746526545359266,45.083566723323266,computed_RC,1.169972350880386
5a,2021-07-29,69.36610369728503,49.992721768983536,computed_RC,1.3875240483569973
5a,2021-07-30,39.66952778838025,42.57424755948993,computed_RC,0.9317728453791027
5a,2021-07-31,28.640249165265114,38.53723060459662,computed_RC,0.7431838955715977
5a,2021-08-01,21.491794964459906,35.14571610803954,computed_RC,0.6115053936699753
5a,2021-08-02,18.503859381744665,33.441611982489746,computed_RC,0.5533184043709798
5a,2021-08-03,44.96060668314997,44.24447713513971,computed_RC,1.016185738749334
5a,2021-08-04,35.351299929653095,41.15256803801548,computed_RC,0.8590302286116542
5a,2021-08-05,35.221980062014865,40.91938847679077,computed_RC,0.8607650645119626
5a,2021-08-06,41.23259703826917,43.14052706000936,computed_RC,0.9557740678715811
5a,2021-08-07,36.578662752663206,41.61508450999912,computed_RC,0.8789760535960036
5a,2021-08-08,32.16615519147822,39.94999472422072,computed_RC,0.8051604365288352
5a,2021-08-09,23.94849666489303,36.41497615855216,computed_RC,0.6576551515678711
5a,2021-08-10,20.6439529492878,34.649295066989446,computed_RC,0.5957971990303317
5a,2021-08-11,20.820567342282384,34.771053911542005,computed_RC,0.5987902292306172
5a,2021-08-12,16.873582588692685,32.39189539131471,computed_RC,0.5209198901406993
5a,2021-08-13,14.646435388593371,30.832770148885068,computed_RC,0.4750282027164204
5a,2021-08-14,13.199763674131722,29.717585090221863,computed_RC,0.4441734964014593
5a,2021-08-15,12.18248648847854,28.854739703816417,computed_RC,0.4222005332062395
5a,2021-08-16,10.928253812516846,27.724419404206277,computed_RC,0.3941743072483906
5a,2021-08-17,11.501246166061115,28.241615434371543,computed_RC,0.407244627800699
5a,2021-08-18,11.020827264525469,27.789579585842564,computed_RC,0.39658128797817593
5a,2021-08-19,13.460499815899707,29.110840692548077,computed_RC,0.462387876669786
5a,2021-08-20,20.875094205706635,34.773577373487804,computed_RC,0.6003148304672933
5a,2021-08-21,15.344631062653287,31.329035062385596,computed_RC,0.4897894567163489
5a,2021-08-22,15.593333118526823,31.284522691572743,computed_RC,0.498436024492305
5a,2021-08-23,20.306773296983717,34.49566311254087,computed_RC,0.5886761251909725
5a,2021-08-24,19.113075767460934,33.7457617121606,computed_RC,0.5663844820125473
5a,2021-08-25,28.829518863287674,38.07322113567372,computed_RC,0.7572124974809418
5a,2021-08-26,39.66174234286691,42.60246041707774,computed_RC,0.930973046030177
5a,2021-08-27,27.709876873721754,38.143552375742,computed_RC,0.7264629314217805
5a,2021-08-28,21.129118849129032,34.9502873048434,computed_RC,0.6045477871136403
5a,2021-08-29,17.664538416085875,32.905395607096445,computed_RC,0.5368280213679092
5a,2021-08-30,15.092227705112025,31.15732138641252,computed_RC,0.48438784316336114
5a,2021-08-31,13.264727491576531,29.7655632707342,computed_RC,0.4456400630126339
5a,2021-09-01,21.673819550343158,34.76133638822619,computed_RC,0.623503633700463
5a,2021-09-02,23.71899400726232,36.28594278696593,computed_RC,0.6536689468568055
5a,2021-09-03,18.361548361011803,33.33083770505662,computed_RC,0.550887695157634
5a,2021-09-04,14.937077869138863,31.044459459377592,computed_RC,0.48115116607794
5a,2021-09-05,12.92193726275116,29.478335161600818,computed_RC,0.43835369914592676
5a,2021-09-06,11.884456622249573,28.60121319033086,computed_RC,0.4155228151744039
5a,2021-09-07,10.99925119862446,27.79246468711314,computed_RC,0.3957637914612378
5a,2021-09-08,11.243048566744275,28.00225185798703,computed_RC,0.40150515836237793
5a,2021-09-09,14.771623792873067,30.92013202663984,computed_RC,0.4777348227409342
5a,2021-09-10,12.457244494371709,29.07660873615164,computed_RC,0.42842838404615324
5a,2021-09-11,10.243368076518255,27.057256515826005,computed_RC,0.3785811791571266
5a,2021-09-12,9.228664254822938,25.996070597742236,computed_RC,0.35500227698352416
5a,2021-09-13,8.626739530178627,25.319247536998127,computed_RC,0.34071863777044226
5a,2021-11-10,23.003560118677644,35.96427928546937,computed_RC,0.6396224413698112
5a,2021-11-11,20.81836509560388,34.793847595688746,computed_RC,0.5983346635737823
5a,2021-11-12,18.730385406109786,33.58045576835904,computed_RC,0.5577763903895065
5a,2021-11-13,16.79121019927903,32.35681029056615,computed_RC,0.5189389821954923
5a,2021-11-14,14.817411008900295,30.96499676497611,computed_RC,0.4785213162256801
5a,2021-11-15,12.878582736033179,29.4480752490017,computed_RC,0.43733190122399485
5a,2021-11-16,11.173011914009919,27.94952816498865,computed_RC,0.39975672748586655
5a,2021-11-17,9.747352906472807,26.547437807814177,computed_RC,0.3671673694854159
5a,2021-11-18,9.586204661813923,26.380965089290253,computed_RC,0.3633758139388762
5a,2021-11-19,10.290318366827082,27.101753872597005,computed_RC,0.3796919717890206
5a,2021-11-20,8.897388021843708,25.6266341330009,computed_RC,0.3471930014557014
5a,2021-11-21,8.219181946011396,24.84432902879313,computed_RC,0.3308272860372217
5a,2021-11-22,8.3640725740852009,25.00833033576533,computed_RC,0.33445145924529934
5a,2021-11-23,8.017806678034779,24.591899159354323,computed_RC,0.32603446468610564
5a,2021-11-24,7.0333593143911886,23.318010636827474,computed_RC,0.3016277599291854
5a,2021-11-25,6.199075338392548,22.119002277604505,computed_RC,0.28026016999279907
5a,2021-11-26,6.147475825661863,22.040486774393464,computed_RC,0.2789174253993325
5a,2021-11-27,5.860418167857687,21.594204303765856,computed_RC,0.27138847467677596
5a,2021-11-28,5.675426656363685,21.293273308756316,computed_RC,0.26653612970016266
5a,2021-11-29,5.7071671109237485,21.345867968101185,computed_RC,0.26736636427492283
5a,2021-11-30,5.244462642009833,13.576413847442804,computed_RC,0.3862921903340224
5a,2021-12-01,4.707055333209985,12.641979056858958,computed_RC,0.3723353212372357
5a,2021-12-02,4.52170765992035,12.299855680313188,computed_RC,0.367622822368369
5a,2021-12-03,4.4275276632390375,12.12419486867582,computed_RC,0.3651811696525959
5a,2021-12-04,4.5293771096341455,12.316081550083116,computed_RC,0.36776121457263156
5a,2021-12-05,4.521477889812686,12.301795067407127,computed_RC,0.36754618858771854
5a,2021-12-06,4.404126797058437,12.079220339827554,computed_RC,0.3646035648954236
5a,2021-12-07,4.576487222765786,12.403213978003668,computed_RC,0.368975914700972
5a,2021-12-08,4.9993299321760665,13.055100332865344,computed_RC,0.38294075148473483
5a,2021-12-09,6.313068559586079,15.226835154393084,computed_RC,0.41460149108954525
5a,2021-12-10,9.785284759114028,19.34456677716864,computed_RC,0.5058415043268416
5a,2021-12-11,10.004610650813738,19.601294310255483,computed_RC,0.5104056136527312
5a,2021-12-12,10.718269118881025,20.26564050507779,computed_RC,0.5288887423121632
5a,2021-12-13,11.75755804557216,21.221943148948725,computed_RC,0.5540283452391869
5a,2021-12-14,12.10245377901028,21.518840415997815,computed_RC,0.5624119861966594
5a,2021-12-15,11.388268028973846,20.89908164545645,computed_RC,0.544917151010303
5a,2021-12-16,11.861997619229282,21.308696218701247,computed_RC,0.5566740216052629
5a,2021-12-17,10.895958595574422,20.243144854209856,computed_RC,0.5382542423149459
5a,2021-12-18,8.273985316617935,17.74373331230921,computed_RC,0.46630464801215726
5a,2021-12-19,14.074610174408768,22.890813789928576,computed_RC,0.6148584451200799
5a,2021-12-20,15.853035577270452,24.352889980703836,computed_RC,0.6509714284354631
5a,2021-12-21,42.63133853495839,34.55209959199813,computed_RC,1.2338277279344065
5a,2021-12-22,51.16809433431731,38.222777986774965,computed_RC,1.3386806775797775
5a,2021-12-23,32.562334095974244,32.547275411669474,computed_RC,1.0004626711180675
5a,2021-12-24,25.17366952846163,29.524383420050007,computed_RC,0.8526399745698395
5a,2021-12-25,21.307980443476378,27.615164490866317,computed_RC,0.7716043281409375
5a,2021-12-26,18.95497329195069,26.30614113071542,computed_RC,0.7205531665691018
5a,2021-12-27,17.388656371001783,25.355029021547907,computed_RC,0.6858069993224649
5a,2021-12-28,15.64893943890262,24.21308310528303,computed_RC,0.6463009840943466
5a,2021-12-29,14.12302007657986,23.1195932057138,computed_RC,0.610868017915189
5a,2021-12-30,13.10056185878789,22.334993964162592,computed_RC,0.5865487082650783
5a,2021-12-31,12.2392794781257,21.633885182022073,computed_RC,0.5657457906958218
5a,2022-01-01,11.077591071709026,20.616071113827207,computed_RC,0.5373279423875911
5a,2022-01-02,10.25237238731985,19.839666853334,computed_RC,0.5167613177736887
5a,2022-01-03,10.269383675322276,19.845109618069586,computed_RC,0.5174767926689448
5a,2022-01-04,8.916197243591746,18.463844218217663,computed_RC,0.48290037211180703
5a,2022-01-05,8.657225831422249,18.187731591831035,computed_RC,0.475992610057574
5a,2022-01-06,8.542803971154383,18.060156584157404,computed_RC,0.473019374519058
5a,2022-01-07,8.196315314971201,17.65871345380699,computed_RC,0.46415132882764926
5a,2022-01-08,7.256622570059899,16.513215746292015,computed_RC,0.4394433332398838
5a,2022-01-09,6.927011084187749,16.083476186407868,computed_RC,0.4306911642671974
5a,2022-01-10,7.114192271773021,16.326074250406297,computed_RC,0.43575645698144333
5a,2022-01-11,6.682769078291724,15.74791368089616,computed_RC,0.4243590112129336
5a,2022-01-12,5.713234466350801,14.329267874106389,computed_RC,0.3987108424900664
5a,2022-01-13,5.562314496168659,14.097395386127737,computed_RC,0.39456327525878604
5a,2022-01-14,5.34917351130453,13.74754037275665,computed_RC,0.38910040387333056
5a,2022-01-15,4.91781747275559,13.014461007163357,computed_RC,0.3778733110843967
5a,2022-01-16,11.394678477961321,19.720664459454923,computed_RC,0.5778039832982519
5a,2022-01-17,15.557105868930963,24.140494647291725,computed_RC,0.6444402277679212
5a,2022-01-18,13.225306327496726,22.4242611858076,computed_RC,0.5897766806188947
5a,2022-01-19,11.499802597850147,20.98695831727178,computed_RC,0.5479499422451359
5a,2022-01-20,10.495287916994636,20.075094433131575,computed_RC,0.5228014220283518
5a,2022-01-21,9.874338574360717,19.469177078871812,computed_RC,0.5071780144768661
5a,2022-01-22,9.751235389579213,19.34663254357863,computed_RC,0.5040275286985673
5a,2022-01-23,9.590601877649219,19.184617553601885,computed_RC,0.4999110277206749
5a,2022-01-24,9.24090486955756,18.81947994888568,computed_RC,0.49102870507878854
5a,2022-01-25,9.425587490593589,18.96896841670154,computed_RC,0.4968951017017181
5a,2022-01-26,11.156734626113252,20.691428705783608,computed_RC,0.5391959532980317
5a,2022-01-27,8.602451917523512,17.508194171992194,computed_RC,0.49133861739349616
5a,2022-01-28,13.581053671809446,22.013117610723704,computed_RC,0.6169527602575215
5a,2022-01-29,10.09817163305449,19.691235361094034,computed_RC,0.5128257038157428
5a,2022-01-30,9.698451421542714,19.295078295718618,computed_RC,0.5026386145162574
5a,2022-01-31,8.808039781016456,18.320510389767733,computed_RC,0.48077480341027357
5a,2022-02-01,6.580919092392599,15.528982642229272,computed_RC,0.4237830155400233
5a,2022-02-02,5.704226842685041,14.322544840864635,computed_RC,0.39826908598044114
5a,2022-02-03,5.566077418734369,14.099673827971705,computed_RC,0.3947663957794598
5a,2022-02-04,6.962630388684059,16.09348007635151,computed_RC,0.4326367172079371
5a,2022-02-05,8.161440136682696,17.607943182024275,computed_RC,0.46350900001850337
5a,2022-02-06,8.53284416890223,18.04547471449525,computed_RC,0.47285229698324965
5a,2022-02-07,12.999697348498398,21.87817776441273,computed_RC,0.5941855619092665
5a,2022-02-08,17.096523415565926,25.16270886493282,computed_RC,0.6794389072868038
5a,2022-02-09,14.468049725833616,23.362058815261538,computed_RC,0.6192968625000719
5a,2022-02-10,12.672983572823147,21.990581973803703,computed_RC,0.576291413656985
5a,2022-02-11,11.497235920689562,20.99143981411803,computed_RC,0.5477106869514003
5a,2022-02-12,11.624821374067038,21.096125650568744,computed_RC,0.5510405828358174
5a,2022-02-13,11.095785903530155,20.627872104003227,computed_RC,0.5379025935194163
5a,2022-02-14,9.748295270252324,19.334986472805696,computed_RC,0.5041790582043139
5a,2022-02-15,8.982008799103555,18.54180921723716,computed_RC,0.48441922219507816
5a,2022-02-16,8.450792135227067,17.953212508879936,computed_RC,0.47071197597907194
5a,2022-02-17,9.02357151441752,18.582071626157536,computed_RC,0.485606325062016
5a,2022-02-18,9.484096263953129,19.075192663467785,computed_RC,0.4971953065573369
5a,2022-02-19,8.974828466021439,18.535628977709308,computed_RC,0.48419335954633336
5a,2022-02-20,8.297700702840354,17.77630480952809,computed_RC,0.4667843397010604
5a,2022-02-21,7.61946393131336,16.969773294217884,computed_RC,0.44900210504930804
5a,2022-02-22,7.2440161220635995,16.48589691763273,computed_RC,0.4394068553416501
5a,2022-02-23,6.803962148625683,15.907203190745042,computed_RC,0.42772837355747684
5a,2022-02-24,6.368835381724591,15.31089742457083,computed_RC,0.4159674776152523
5a,2022-02-25,6.366400778822746,15.30685705450864,computed_RC,0.41591822254245986
5a,2022-02-26,5.937047842401713,14.677282997453446,computed_RC,0.40450591866572366
5a,2022-02-27,6.2489112323474405,15.136401772463255,computed_RC,0.4128399421661566
5a,2022-02-28,5.751227653206164,14.392581998669652,computed_RC,0.3995966570652692
5a,2022-03-01,5.570466985546907,14.108792156475037,computed_RC,0.3948223861948677
5a,2022-03-02,5.294589649113137,13.66109923772663,computed_RC,0.3875668829409821
5a,2022-03-03,5.144083804902794,13.40235454297892,computed_RC,0.38381940937367764
5a,2022-03-04,4.8837915728010035,12.958283253146076,computed_RC,0.3768856936828644
5a,2022-03-05,4.958670005684321,13.09015317382334,computed_RC,0.37880916593094416
5a,2022-03-06,4.627290638656144,12.490416471568857,computed_RC,0.3704672817907195
5a,2022-03-07,4.108404233839891,11.489879294985478,computed_RC,0.35756722315028316
5a,2022-03-08,3.911332668705786,11.077699541176708,computed_RC,0.3530816713494571
5a,2022-03-09,20.040236378265227,23.694948447867045,computed_RC,0.8457598640637345
5a,2022-03-10,245.72253689210942,51.38954254337616,computed_RC,4.781566924529507
5a,2022-03-11,595.9028033025498,77.87312718731985,computed_RC,7.652226446090137
5a,2022-03-12,279.53020250022985,63.43734650024224,computed_RC,4.406398090739222
5a,2022-03-13,106.1201188929543,48.31751505720004,computed_RC,2.1963074625697416
5a,2022-03-14,70.87704203355021,42.679460999011525,computed_RC,1.6606826884526904
5a,2022-03-15,101.63110625716774,47.846068220824606,computed_RC,2.1241266009175157
5a,2022-03-16,69.82750234296539,42.45605169504663,computed_RC,1.6447008036574489
5a,2022-03-17,48.75226197700534,37.66481595632367,computed_RC,1.294371437618034
5a,2022-03-18,39.85868294260556,35.10229862587349,computed_RC,1.1355006510378838
5a,2022-03-19,38.81368831073793,34.7557002383344,computed_RC,1.1167574827891888
5a,2022-03-20,33.013821675807826,32.762714200510096,computed_RC,1.0076644283425644
5a,2022-03-21,29.21923361989474,31.29145430140823,computed_RC,0.9337767857782107
5a,2022-03-22,28.330355026477395,30.907431341112712,computed_RC,0.9166195247287561
5a,2022-03-23,210.50453971092796,53.66958477492522,computed_RC,3.9222315692160348
5a,2022-03-24,232.91103660734035,60.5390457560576,computed_RC,3.8472862216206147
5a,2022-03-25,99.10197301810824,47.28102645502025,computed_RC,2.09601991429663
5a,2022-03-26,57.21548393663014,39.72373471879074,computed_RC,1.4403349619985553
5a,2022-03-27,41.59554186118151,35.62944539060192,computed_RC,1.1674484799068268
5a,2022-03-28,33.54968625164798,32.94990246143266,computed_RC,1.0182029003247386
5a,2022-03-29,28.440125512613548,30.96279658593218,computed_RC,0.9185257356738636
5a,2022-03-30,29.837675271577723,31.414768886993674,computed_RC,0.9497977011675901
5a,2022-03-31,35.309734976677994,33.57705655931001,computed_RC,1.0516030466907487
5a,2022-04-01,43.79049920030584,35.546526975587234,computed_RC,1.2319206101451325
5a,2022-04-02,57.9586805878682,39.91640138743477,computed_RC,1.4520016477766189
5a,2022-04-03,41.21373171381271,35.49944914732636,computed_RC,1.160968203838079
5a,2022-04-04,32.73188443643041,32.65970526443638,computed_RC,1.002210037457767
5a,2022-04-05,29.583399490936312,31.445960363961273,computed_RC,0.9407694708170035
5a,2022-04-06,37.02019879843756,33.990813552717725,computed_RC,1.08912364633525
5a,2022-04-07,37.88997139203581,34.47592833968466,computed_RC,1.0990268635760363
5a,2022-04-08,20.080278245845047,26.81141799353412,computed_RC,0.7489450297141179
5a,2022-04-09,15.980679636584735,24.332445021823126,computed_RC,0.6567642348416728
5a,2022-04-10,22.211406702752367,28.057818053308623,computed_RC,0.791629864465999
5a,2022-04-11,22.664691449501472,28.2757367788386,computed_RC,0.8015597127238643
5a,2022-04-12,29.822765090324065,31.458306890193665,computed_RC,0.948009223586682
5a,2022-04-13,23.00465901273925,28.03663452002518,computed_RC,0.8205214144482341
5a,2022-04-14,15.198515448646774,23.86141951108626,computed_RC,0.6369493416594678
5a,2022-04-15,15.471063894591666,24.04445470051621,computed_RC,0.6434358394602943
5a,2022-04-16,12.604777010916466,29.225586735317037,computed_RC,0.4312925220311999
5a,2022-04-17,12.117310926178682,28.80447160917738,computed_RC,0.4206746469988358
5a,2022-04-18,14.320959441065455,30.585666122874493,computed_RC,0.46822453967595806
5a,2022-04-19,12.949645954999069,29.51684367887574,computed_RC,0.43872055209841815
5a,2022-04-20,11.244072371245405,28.022402709356943,computed_RC,0.40125297205478044
5a,2022-04-21,9.921192660763706,26.708835165639705,computed_RC,0.37145733234847655
5a,2022-04-22,8.6418224687155,25.335304497817784,computed_RC,0.3410980305944161
5a,2022-04-23,8.177979388913462,24.77105224578032,computed_RC,0.3301425917547188
5a,2022-04-24,7.0813342354483675,23.36978565232417,computed_RC,0.3030123742167963
5a,2022-04-25,6.2489202423010966,22.18421689267536,computed_RC,0.2816831566573948
5a,2022-04-26,5.143196867729576,20.360450236720254,computed_RC,0.2526072266542404
5a,2022-04-27,4.119587007271544,18.39075280651133,computed_RC,0.22400317434602166
5a,2022-04-28,3.0749103239693216,15.87196370846817,computed_RC,0.19373219221316418
5a,2022-04-29,2.2773314671095695,13.481821875933084,computed_RC,0.16891867346021838
5a,2022-04-30,1.876454705359452,11.99508237076311,computed_RC,0.1564353330272358
5a,2022-05-01,2.889586898769165,13.480750711932927,computed_RC,0.21434910863023027
5a,2022-05-02,18.986911957255074,33.347219469445065,computed_RC,0.569370168168058
5a,2022-05-03,37.074569571834736,41.73049786439439,computed_RC,0.8884286425795984
5a,2022-05-04,59.107180683493276,47.83109861876904,computed_RC,1.2357479211296951
5a,2022-05-05,35.39976712326379,41.14522865437091,computed_RC,0.8603614144577911
5a,2022-05-06,27.105930441606336,37.740180237357826,computed_RC,0.7182247215336567
5a,2022-05-07,46.27520526686384,44.62026472876966,computed_RC,1.0370894379079543
5a,2022-05-08,31.679062599466047,39.79972705148083,computed_RC,0.7959618054286973
5a,2022-05-09,23.820661271259286,36.36331215038928,computed_RC,0.6550740255107449
5a,2022-05-10,19.02155436647898,33.75868929471803,computed_RC,0.563456543007881
5a,2022-05-11,16.450917133467943,32.12505965117759,computed_RC,0.5120898548390683
5a,2022-05-12,14.55609382598474,30.778314161783538,computed_RC,0.4729334345432923
5a,2022-05-13,13.869707403659104,30.25384609344489,computed_RC,0.4584444358188316
5a,2022-05-14,14.030564582042471,30.376327846913565,computed_RC,0.46189139953821207
5a,2022-05-15,12.515939940395233,29.155378187656943,computed_RC,0.4292840881650409
5a,2022-05-16,11.958925013834675,28.66872922497416,computed_RC,0.4171417895780643
5a,2022-05-17,9.8953056161949835,26.695222761757663,computed_RC,0.37067701979885853
5a,2022-05-18,8.225510087800341,24.8257009793012,computed_RC,0.33133042626504217
5a,2022-05-19,7.600998750795886,24.065272288463348,computed_RC,0.3158492727480889
5a,2022-05-20,7.731831056273964,24.22460208220504,computed_RC,0.31917267536681765
5a,2022-05-21,7.8405951727076335,24.349392470480907,computed_RC,0.3220037289313436
5a,2022-05-22,7.665151970066028,24.148176329962173,computed_RC,0.31742156696758045
5a,2022-05-23,7.41094656428864,23.815112598674453,computed_RC,0.31118671110969814
5a,2022-05-24,6.882362984590188,23.0881353257426,computed_RC,0.2980908976619066
5a,2022-05-25,5.712002937943405,21.329722359845594,computed_RC,0.26779546595020726
5a,2022-05-26,4.340130655612853,18.834989081176325,computed_RC,0.2304291569752157
5a,2022-05-27,3.6823202197501956,17.43657656801714,computed_RC,0.2111836693049284
5a,2022-05-28,3.198553829950897,16.218118251630816,computed_RC,0.19722102036278258
5a,2022-05-29,2.2973875956226677,13.525485816150272,computed_RC,0.16985619791042506
5a,2022-05-30,1.5078419783600325,10.3413776509182,computed_RC,0.14580668352500914
5a,2022-05-31,1.0333019385568831,7.749632590407575,computed_RC,0.1333356035273072
5a,2022-06-01,0.8743731998808645,6.673830631605433,computed_RC,0.13101519174611242
5a,2022-06-02,0.7472587747177347,5.671597292432561,computed_RC,0.1317545545264258
5a,2022-06-03,0.5059639194084555,3.244291016494823,computed_RC,0.15595515841088325
5a,2022-06-04,0.3172070302214499,1.232859944288328,computed_RC,0.2572936461201671
5a,2022-06-05,0.18697482096467594,0.05211683368349474,computed_RC,3.5876089883006523
5a,2022-06-12,0.21029739102079226,1.009559179070669,computed_RC,0.20830615518188603
5a,2022-06-13,0.24115219516565106,0.6411377197674689,computed_RC,0.37613166053170816
5a,2022-07-24,0.30183578923820414,2.1815793106086425,computed_RC,0.13835655104099537
5a,2022-07-25,14.180270428930964,28.88171216651499,computed_RC,0.49097748593213075
5a,2022-07-26,15.113028299137389,31.174132120706872,computed_RC,0.48479387463360446
5a,2022-07-27,13.348883589992845,29.799506139974103,computed_RC,0.44795653751074027
5a,2022-07-28,10.758682658314976,27.546585501225763,computed_RC,0.39056320275470213
5a,2022-07-29,10.135969938091584,26.922871037379497,computed_RC,0.3764817624397816
5a,2022-07-30,9.51528008112612,26.28798227060355,computed_RC,0.3619631199982416
5a,2022-07-31,8.620449175376855,25.25010760014551,computed_RC,0.34140247288796416
5a,2022-08-01,6.530531400674381,22.50142426089075,computed_RC,0.2902274684907372
5a,2022-08-02,3.7884913662370674,17.502207058660126,computed_RC,0.21645792176607317
5a,2022-08-03,2.555189265292023,14.264383770690207,computed_RC,0.17913071509912032
5a,2022-08-04,2.286199334061048,13.325884393232077,computed_RC,0.17156079601156965
5a,2022-08-05,1.3655545425722564,9.648749559904148,computed_RC,0.14152658166679807
5a,2022-08-06,1.2484030635158554,9.048142529634212,computed_RC,0.1379734082909417
5a,2022-08-07,1.116312122664294,8.252956620038457,computed_RC,0.13526208534210038
5a,2022-08-08,0.945891146154651,7.121189066674844,computed_RC,0.1328276973548076
5a,2022-08-09,0.702020485231618,5.030799952716275,computed_RC,0.1395445042199654
5a,2022-08-10,0.44842641481784434,2.5616608903797133,computed_RC,0.17505299647658454
5a,2022-08-11,0.3099075737655717,0.9850900545675492,computed_RC,0.3145982159992672
5a,2022-08-12,0.21445199080272026,0.16490435880827817,computed_RC,1.300462840112355
5a,2022-08-20,0.11774924034027844,0.5132387305537228,computed_RC,0.22942391781937652
5a,2022-08-21,0.8895712061428264,6.495888969820039,computed_RC,0.13694372090960644
5a,2022-08-22,1.0833067609548772,8.044781087295839,computed_RC,0.13465956987513483
5a,2022-08-23,0.94394499447411,7.046666870789487,computed_RC,0.1339562394225049
5a,2022-08-24,0.9661538309721196,5.921756149537766,computed_RC,0.163153261730903
5a,2022-08-25,26.21155297033044,37.484846920542026,computed_RC,0.6992573032482168
5a,2022-08-26,27.28065816638601,37.726352318593975,computed_RC,0.7231194242158511
5a,2022-08-27,50.66690457428934,45.74589793977628,computed_RC,1.1075726317798262
5a,2022-08-28,46.8452176931393,44.0696528499524,computed_RC,1.0629813185195058
5a,2022-08-29,63.969875663925514,48.93406460469093,computed_RC,1.307266751305045
5a,2022-08-30,39.27924942845721,42.456828325379206,computed_RC,0.9251574123114008
5a,2022-08-31,36.231438779836544,40.8955932155062,computed_RC,0.8859497058499406
5a,2022-09-01,58.490678905578584,47.6810907881955,computed_RC,1.226705973766423
5a,2022-09-02,36.8178749449351,41.6440894150791,computed_RC,0.8841080561988118
5a,2022-09-03,29.964917200744125,39.093737678626354,computed_RC,0.7664889309657078
5a,2022-09-04,29.28978565857618,38.82796566664244,computed_RC,0.7543476758489919
5a,2022-09-05,23.401256515236334,36.126750560875934,computed_RC,0.6477542583245534
5a,2022-09-06,19.481682937820448,34.00561585899104,computed_RC,0.5728960480705282
5a,2022-09-07,16.720516531892244,32.28799410289191,computed_RC,0.5178555372194723
5a,2022-09-08,18.687539560143197,33.17143945543294,computed_RC,0.5633623341926599
5a,2022-09-09,86.26458737449816,49.81704296956687,computed_RC,1.73162801788932
5a,2022-09-10,253.2020901442063,70.2153061780061,computed_RC,3.606081122858054
5a,2022-09-11,177.5183033961708,63.88001519149263,computed_RC,2.7789333309334
5a,2022-09-12,72.67369969057935,50.6596178983981,computed_RC,1.4345489110544072
5a,2022-09-13,49.05787170340646,45.40870535758097,computed_RC,1.080362703959281
5a,2022-09-14,37.79477271380475,42.01639840747173,computed_RC,0.8995243320780141
5a,2022-09-15,30.368047710459226,39.280955636015186,computed_RC,0.7730984956642943
5a,2022-09-16,25.123693258413397,36.997474815794,computed_RC,0.6790650816981769
5a,2022-09-17,22.361437184399264,35.62909681176305,computed_RC,0.6276172899509642
5a,2022-09-18,21.82563488649051,35.32952726401836,computed_RC,0.6177731936062162
5a,2022-09-19,22.864237246510122,35.878116028711716,computed_RC,0.6372753025329662
5a,2022-09-20,22.57715926543234,35.717104043351604,computed_RC,0.6321105775549253
5a,2022-09-21,19.35575018293598,33.93760928544757,computed_RC,0.570333343758416
5a,2022-09-22,16.810333093606808,32.35277263619763,computed_RC,0.5195948205934816
5a,2022-09-23,15.700636589320752,31.608763113565477,computed_RC,0.49671784159698856
5a,2022-09-24,15.56560645048263,31.508119383016435,computed_RC,0.49401889910550584
5a,2022-09-25,14.64221480300962,30.83354078461498,computed_RC,0.47487944719977315
5a,2022-09-26,13.517779668640737,29.96628380300613,computed_RC,0.45109963442596346
5a,2022-09-27,12.723556541329215,29.32058632388921,computed_RC,0.4339461837760926
5a,2022-09-28,10.807320556569861,27.605037028016778,computed_RC,0.39149813657563093
5a,2022-09-29,11.579384367615368,28.310428839173696,computed_RC,0.409014799224544
5a,2022-09-30,12.015251496247455,28.720238770008393,computed_RC,0.41835486092109336
5a,2022-10-01,10.665219647096329,27.458071406447704,computed_RC,0.38841838121929867
5a,2022-10-02,9.776040418684111,26.574449026891713,computed_RC,0.3678736823025515
5a,2022-10-03,9.758276718952231,26.559449926797964,computed_RC,0.3674126062794065
5a,2022-10-04,9.771343047744558,26.56743271235297,computed_RC,0.36779402637580444
5a,2022-10-05,9.367387594961874,26.142299580402955,computed_RC,0.35832301462813726
5a,2022-10-06,9.32077251822537,26.08679320549658,computed_RC,0.3572985167169359
5a,2022-10-07,8.367471040385304,25.000017849099365,computed_RC,0.33469860265266754
5a,2022-10-08,7.609654390999399,24.05856581859994,computed_RC,0.316297091371768
5a,2022-10-09,6.802219976273316,22.976007007215895,computed_RC,0.29605753402394924
5a,2022-10-10,5.9913089292708825,21.773344866155963,computed_RC,0.2751671351416313
5a,2022-10-11,4.93155308538891,19.98454622098686,computed_RC,0.2467683294309689
5a,2022-10-12,3.991844679210129,18.11055333499893,computed_RC,0.22041539015242712
5a,2022-10-13,3.7552896333916035,17.58471721874722,computed_RC,0.21355416676180933
5a,2022-10-14,3.113374149953166,15.976969425056572,computed_RC,0.19486637716602767
5a,2022-10-15,2.2791477716839275,13.427992089633932,computed_RC,0.16973109281493928
5a,2022-10-16,1.5492268225993233,10.532128006009856,computed_RC,0.1470953279066967
5a,2022-10-17,1.1802595110338234,8.649187528614082,computed_RC,0.13645900347624262
5a,2022-10-18,1.1055873727153636,8.208870714514019,computed_RC,0.13468203010684357
5a,2022-10-19,0.9569863850537703,7.231714075456578,computed_RC,0.13233188910242563
5a,2022-10-20,0.7396560058619014,5.601423216899521,computed_RC,0.13204787019669495
5a,2022-10-21,0.6354910938826921,4.675418563086481,computed_RC,0.13592175444997423
5a,2022-10-22,0.5158988392260409,3.470280572824219,computed_RC,0.14866199674632843
5a,2022-10-23,0.30933967655579786,1.2239699117816116,computed_RC,0.25273470661180125
5a,2022-10-27,0.17910076741356246,0.00249746374542211,computed_RC,71.71305999610884
5a,2022-11-05,0.1048106765246923,0.06339394482338942,computed_RC,1.653323149658641
5a,2022-11-06,0.23967776564178594,0.11906110026912207,computed_RC,2.013065267329343
5a,2022-11-10,1.4108018328266199,7.924334077291746,computed_RC,0.17803411858536652
5a,2022-11-11,2.2300494068286048,13.295418207424875,computed_RC,0.16773067022316196
5a,2022-11-12,1.638716447435122,10.978167905587032,computed_RC,0.14927048497783887
5a,2022-11-13,1.5088710603423747,10.395273733102249,computed_RC,0.14514971890904543
5a,2022-11-20,1.378785415174997,0.00755044199177997,computed_RC,182.60989445068986
5a,2023-03-13,6.249729380322179,7.348523692840646,computed_RC,0.8504741416852237
5a,2023-03-14,13.866806435346934,16.13104450888637,computed_RC,0.8596347513459468
5a,2023-03-15,11.96432092237207,14.659234038182282,computed_RC,0.8161627607014877
5a,2023-03-16,10.33349081236907,13.244111477644935,computed_RC,0.7802328476176922
5a,2023-03-17,9.256801728449645,12.20380830416278,computed_RC,0.758517464199442
5a,2023-03-18,9.812178711739216,12.752221799326458,computed_RC,0.7694485608976368
5a,2023-03-19,9.404812306118487,12.35309089675598,computed_RC,0.7613327210753599
5a,2023-03-20,8.628978519502096,11.555152387898458,computed_RC,0.746764579975518
5a,2023-03-21,7.973409232532109,10.84400273674287,computed_RC,0.7352828495252686
5a,2023-03-22,7.654961707192996,10.475194254633934,computed_RC,0.7307703820200426
5a,2023-03-23,7.386468246581717,10.14592858703676,computed_RC,0.7280228894986756
5a,2023-03-24,6.719236684175737,9.313893605277055,computed_RC,0.7214208116322866
5a,2023-03-25,5.7245202900819185,7.938096801592044,computed_RC,0.7211451854471999
5a,2023-03-26,4.338065073316867,5.677495380347569,computed_RC,0.7640807755357955
5a,2023-03-27,3.0055555361895627,2.9723675012861643,computed_RC,1.011165522059112
5a,2023-03-28,2.1389725481991806,0.8402843071885814,computed_RC,2.5455343267753543
5a,2023-03-29,1.716772833459221,0.1647146680814028,computed_RC,10.422707664449065
5a,2023-06-22,4.240093274918261,4.515097843784943,computed_RC,0.9390922238273912
5a,2023-06-23,56.2684217228957,31.330921914073393,computed_RC,1.7959389090820448
5a,2023-06-24,47.37512200560558,30.031763791012786,computed_RC,1.5775004869938047
5a,2023-06-25,30.398690149613255,24.612404759615085,computed_RC,1.2350963039374565
5a,2023-06-26,20.05183796001961,19.96048235253657,computed_RC,1.004576823639306
5a,2023-06-27,15.204898679424545,17.062459162711363,computed_RC,0.8911317257628157
5a,2023-06-28,12.026993718379105,14.69862137640647,computed_RC,0.8182395756981852
5a,2023-06-29,9.435721512105781,12.367560147586069,computed_RC,0.7629412268471941
5a,2023-06-30,7.915207338702833,10.774785071383956,computed_RC,0.7346046613703983
5a,2023-07-01,7.367655100160268,10.137833760019523,computed_RC,0.726748462695849
5a,2023-07-02,7.030758460260384,9.725640534339066,computed_RC,0.7229095539194921
5a,2023-07-03,7.5049410745205405,10.209618309106055,computed_RC,0.7350853721756486
5a,2023-07-04,22.624416707275465,21.304341079522505,computed_RC,1.0619627531696723
5a,2023-07-05,16.713788232118436,18.04750381806291,computed_RC,0.9260997199729294
5a,2023-07-06,13.345508604371611,15.742015381229628,computed_RC,0.8477636618424633
5a,2023-07-07,11.026549500170043,13.865139189662465,computed_RC,0.7952714609883751
5a,2023-07-08,10.150155564237192,13.073810553319538,computed_RC,0.7763731563067504
5a,2023-07-09,10.036161267941978,12.92412014513354,computed_RC,0.7765450301636977
5a,2023-07-10,14.48595437649252,16.458380475409015,computed_RC,0.8801567321970981
5a,2023-07-11,17.214461849616434,18.386035690439012,computed_RC,0.9362791489939394
5a,2023-07-12,19.6529752587127,19.510592121486617,computed_RC,1.0072977353193335
5a,2023-07-13,40.78967062683031,28.204641708407923,computed_RC,1.4462041761966695
5a,2023-07-14,27.012409341254205,23.280455277623584,computed_RC,1.1603041701344068
5a,2023-07-15,19.441594973869126,19.64121036955557,computed_RC,0.9898369096440283
5a,2023-07-16,15.814020297508325,17.494382412069502,computed_RC,0.903948474717125
5a,2023-07-17,14.227046957578123,16.396824156519514,computed_RC,0.8676708868602052
5a,2023-07-18,11.765892791283607,14.487920985255755,computed_RC,0.812117404785522
5a,2023-07-19,9.743541896598334,12.699053953338852,computed_RC,0.7672651783668144
5a,2023-07-20,9.15443593286382,12.111456957472136,computed_RC,0.7558492727182596
5a,2023-07-21,7.7399536402029465,10.558125968297585,computed_RC,0.7330802514994954
5a,2023-07-22,7.65827123753148,10.473420417726622,computed_RC,0.7312101426358856
5a,2023-07-23,8.11561811786946,10.976264488083553,computed_RC,0.7393788776391302
5a,2023-07-24,12.322253589565834,14.923981894927188,computed_RC,0.8256679535207888
5a,2023-07-25,10.722676562508942,13.59435504327272,computed_RC,0.7887594908605207
5a,2023-07-26,8.700322362928706,11.619535697784167,computed_RC,0.7487667828747966
5a,2023-07-27,7.429089122268476,10.211810225288806,computed_RC,0.7274997241792523
5a,2023-07-28,7.324271536834431,10.087704050466064,computed_RC,0.7260593193647509
5a,2023-07-29,7.314940421783683,10.061238328109638,computed_RC,0.7270417599935787
5a,2023-07-30,7.889932194800367,10.72013144980136,computed_RC,0.7359921127596402
5a,2023-07-31,18.576537794098424,19.02411340932053,computed_RC,0.9764732471052856
5a,2023-08-01,49.6513881481018,24.954378973469677,computed_RC,1.9896863873426314
5a,2023-08-02,150.8599283460265,45.86813883638398,computed_RC,3.288991709128601
5a,2023-08-03,50.33212705569306,30.31727626543366,computed_RC,1.6601797145306023
5a,2023-08-04,51.11646799664282,29.259058076760407,computed_RC,1.7470305388006695
5a,2023-08-05,76.50968140821594,36.4324284047211,computed_RC,2.1000434162193105
5a,2023-08-06,43.180844632352745,28.73357175580678,computed_RC,1.5028011484032198
5a,2023-08-07,25.24331267485242,22.492756487551617,computed_RC,1.1222863097647933
5a,2023-08-08,18.94603091770503,19.387410673122375,computed_RC,0.9772336923759887
5a,2023-08-09,16.087576932563437,17.660930836780743,computed_RC,0.9109133080946882
5a,2023-08-10,14.121907179928561,16.315523836280597,computed_RC,0.8655503385386792
5a,2023-08-11,12.350151733496283,14.982143162228796,computed_RC,0.8243247711470293
5a,2023-08-12,11.569622080925424,14.34964164363183,computed_RC,0.8062655757023632
5a,2023-08-13,10.67474155983129,13.561982281893483,computed_RC,0.7871077647758816
5a,2023-08-14,10.349137818856297,13.264004129865477,computed_RC,0.7802423549879623
5a,2023-08-15,11.955227455830286,14.628344100438529,computed_RC,0.8172645771623523
5a,2023-08-16,24.88332725996257,20.85284974353073,computed_RC,1.1932818567247498
5a,2023-08-17,39.72163140841199,27.883576342533942,computed_RC,1.4245529669671582
5a,2023-08-18,26.638778446279268,23.079464180710257,computed_RC,1.1542199696535362
5a,2023-08-19,18.335978472609657,19.016574367170367,computed_RC,0.9642103839829497
5a,2023-08-20,15.683373616921635,17.41263492619065,computed_RC,0.9006892801348519
5a,2023-08-21,14.36237697556605,16.489580740109105,computed_RC,0.8709970982240401
5a,2023-08-22,12.907230691567598,15.42207926473072,computed_RC,0.8369319382948307
5a,2023-08-23,11.578491575597619,14.347439135158568,computed_RC,0.8070075409641843
5a,2023-08-24,10.679634492129408,13.570332414808872,computed_RC,0.7869840005153493
5a,2023-08-25,10.252192365362575,13.17763128753664,computed_RC,0.7779996375417686
5a,2023-08-26,12.72488692008191,15.262502318635736,computed_RC,0.8337352980804884
5a,2023-08-27,10.853020395495646,13.721539103187045,computed_RC,0.7909477438267009
5a,2023-08-28,9.766312721312918,12.717958564177785,computed_RC,0.7679151234869831
5a,2023-08-29,9.580087140623398,12.403985584605866,computed_RC,0.7723394287488446
5a,2023-08-30,43.94117091119944,28.237027610095573,computed_RC,1.5561542637543468
5a,2023-08-31,39.051181359756484,27.5139610644319,computed_RC,1.4193224039354728
5a,2023-09-01,27.738825872254935,23.450375614288436,computed_RC,1.1828734144178707
5a,2023-09-02,38.209489631341015,27.382137188182156,computed_RC,1.3954166312420577
5a,2023-09-03,24.680590933308633,22.250033639753873,computed_RC,1.1092383648900248
5a,2023-09-04,18.15791517044543,18.924959700692828,computed_RC,0.9594691591222085
5a,2023-09-05,15.103792331039141,17.00200492056753,computed_RC,0.8883536030958268
5a,2023-09-06,12.956239819772357,15.45514940582384,computed_RC,0.8383121689454623
5a,2023-09-07,11.578857004490166,14.343030043687984,computed_RC,0.8072810953628127
5a,2023-09-08,10.831434646745665,13.70873310349976,computed_RC,0.7901120085254605
5a,2023-09-09,10.261649195825422,13.191889375147156,computed_RC,0.7778756252427225
5a,2023-09-10,9.483468935383847,12.440142712765418,computed_RC,0.7623279856470144
5a,2023-09-11,23.61526693862425,17.62547419772022,computed_RC,1.3398372533817435
5a,2023-09-12,47.76624404375346,29.973365052653655,computed_RC,1.5936230036181585
5a,2023-09-13,25.888592821160316,22.72418036219741,computed_RC,1.1392530955363755
5a,2023-09-14,17.08900065089936,18.275207459775043,computed_RC,0.9350920195304703
5a,2023-09-15,14.25173840995232,16.41621801753306,computed_RC,0.8681499231266908
5a,2023-09-16,12.304678108607662,14.945201297464822,computed_RC,0.8233196638639404
5a,2023-09-17,11.454163894730351,14.248719572359237,computed_RC,0.803873206751154
5a,2023-09-18,10.737844408416462,13.621028551531118,computed_RC,0.7883284560922118
5a,2023-09-19,10.09348207005246,13.03074875914488,computed_RC,0.7745895693805723
5a,2023-09-20,9.067187501393956,12.022749585368674,computed_RC,0.7541692053894603
5a,2023-09-21,9.377175430360326,12.279681204782616,computed_RC,0.7636334587178176
5a,2023-09-22,10.50481433311595,13.39990312801164,computed_RC,0.7839470354943319
5a,2023-09-23,8.7803267048763,11.71448694587424,computed_RC,0.7495272089546072
5a,2023-09-24,8.039098214621719,10.922135413573338,computed_RC,0.7360372225957972
5a,2023-09-25,8.058845072425722,10.76763083962834,computed_RC,0.7484325189499053
5a,2023-09-26,26.231977218699704,20.55934108240006,computed_RC,1.275915269539243
5a,2023-09-27,43.600475254625984,28.96650993582195,computed_RC,1.5052029171352355
5a,2023-09-28,26.537216848353548,23.079433085837568,computed_RC,1.1498210007869651
5a,2023-09-29,17.504665876191897,18.528485572611835,computed_RC,0.9447434766102356
5a,2023-09-30,14.042005397474611,16.264782511990056,computed_RC,0.8633380364676343
5a,2023-10-01,12.116433957835559,14.788541528878692,computed_RC,0.8193122989292008
5a,2023-10-02,10.579377423903239,13.470575830581394,computed_RC,0.7853693529481902
5a,2023-10-03,9.866530753951775,12.81330501359108,computed_RC,0.7700223122360967
5a,2023-10-04,9.130234561004876,12.08768584152668,computed_RC,0.7553335419785963
5a,2023-10-05,8.532000562377853,11.460211319126277,computed_RC,0.7444889387108029
5a,2023-10-06,7.98047877696935,10.858026943507706,computed_RC,0.7349842488409999
5a,2023-10-07,7.412004763484599,10.193003046878282,computed_RC,0.7271659519178311
5a,2023-10-08,6.801629636858596,9.434971217451032,computed_RC,0.7208956424030445
5a,2023-10-09,5.929986620014939,8.257944429353982,computed_RC,0.7180947596275895
5a,2023-10-10,5.077784407026815,6.963360670947412,computed_RC,0.7292146202066464
5a,2023-10-11,4.903006391241155,6.688594403008896,computed_RC,0.7330398729268909
5a,2023-10-12,54.61494323366004,30.44318741472817,computed_RC,1.7939955658926099
5a,2023-10-13,44.60160215049664,29.25273873508658,computed_RC,1.5246983386550466
5a,2023-10-14,28.720514307430317,24.01089647573865,computed_RC,1.1961450225921555
5a,2023-10-15,21.766796259107764,20.900707067928153,computed_RC,1.0414382723208735
5a,2023-10-16,18.486410046153228,19.13110049919158,computed_RC,0.9663014444430108
5a,2023-10-17,15.12331492803093,17.02780624425734,computed_RC,0.8881540411661246
5a,2023-10-18,13.752006178329715,16.055186523286096,computed_RC,0.8565460238275091
5a,2023-10-19,12.706154265563569,15.268655325376187,computed_RC,0.8321724470684858
5a,2023-10-20,11.773163771241162,14.510168992935958,computed_RC,0.8113733049541144
5a,2023-10-21,11.075790293225188,13.915172401123598,computed_RC,0.795950633880099
5a,2023-10-22,10.521293143748508,13.430236537861749,computed_RC,0.7834034131928715
5a,2023-10-23,9.380687227589968,12.305628763918984,computed_RC,0.7623086481444036
5a,2023-10-24,8.544227361266039,11.47772643667879,computed_RC,0.7444181047878684
5a,2023-10-25,8.137815883379771,11.036000806513115,computed_RC,0.7373881196689545
5a,2023-10-26,7.595697623258623,10.405731768679855,computed_RC,0.7299532403978415
5a,2023-10-27,7.455173124464448,10.244988311917067,computed_RC,0.7276897637640563
5a,2023-10-28,7.369258088571803,10.14105998958854,computed_RC,0.7266753274448188
5a,2023-10-29,7.175221739999028,9.90543133460338,computed_RC,0.7243724677524432
5a,2023-10-30,7.029550124972502,9.726602590332174,computed_RC,0.722713821160903
5a,2023-10-31,6.9159522306873304,9.582515444877128,computed_RC,0.7217261762290862
5a,2023-11-01,5.769371920104915,6.576685811751709,computed_RC,0.8772460910016068
5a,2023-11-02,4.476184064260407,4.616829107098177,computed_RC,0.9695364416626264
5a,2023-11-03,4.211222320677261,4.1578249483250795,computed_RC,1.012842621566762
5a,2023-11-04,3.8262200779742526,3.437668310756731,computed_RC,1.1130277071821364
5a,2023-11-05,3.223933422981471,2.2312552331663507,computed_RC,1.4448967446930852
5a,2023-11-06,2.7000096183167055,1.086060779870913,computed_RC,2.4860575654316723
5a,2023-11-07,2.0875534249977505,0.10732727944625176,computed_RC,19.450352564309362
5a,2023-11-17,2.2243727652117986,0.20302047727310907,computed_RC,10.956396098997972
5a,2023-11-18,2.9076385328928165,1.558698990938485,computed_RC,1.8654265831930394
5a,2023-11-19,3.055405817454356,1.8822344968599096,computed_RC,1.623286483459751
5a,2023-11-20,2.8555351613306725,1.4415901382883896,computed_RC,1.980823179548849
5a,2023-11-21,2.657354771152996,0.994175351528358,computed_RC,2.672923611582013
5a,2023-11-22,2.6241670516768076,0.9182571538967652,computed_RC,2.8577692431153427
5a,2023-11-23,2.334638612779469,0.35957402577511344,computed_RC,6.492789927600638
5a,2023-11-26,2.477200919027895,1.3591681242322746,computed_RC,1.8225860913469705
5a,2023-11-27,6.060138033874713,6.640927369275358,computed_RC,0.9125439410634573
5a,2023-11-28,8.446041258893237,9.924908885828918,computed_RC,0.8509943371825556
5a,2023-11-29,7.756088203838807,9.16459243457275,computed_RC,0.8463102161073236
5a,2023-11-30,7.368506961614222,8.712951262678288,computed_RC,0.8456958772599865
5a,2023-12-01,6.931227840806735,8.182887999673817,computed_RC,0.8470393143695752
5a,2023-12-02,6.978436414301909,8.244469868761893,computed_RC,0.8464384642538442
5a,2023-12-03,7.544462151563217,8.919579591787997,computed_RC,0.8458315858865354
5a,2023-12-04,8.192659107835148,9.654540844518912,computed_RC,0.8485809154234708
5a,2023-12-05,7.471602193250766,8.829385066198551,computed_RC,0.8462199957564688
5a,2023-12-06,6.417388869308759,7.527440426302635,computed_RC,0.852532667928517
5a,2023-12-07,5.687938179142081,6.51801697736562,computed_RC,0.872648567638584
5a,2023-12-08,5.421589624106129,6.1335079300109365,computed_RC,0.8839296673243988
5a,2023-12-09,5.315047712616986,5.964267625632186,computed_RC,0.8911484269711345
5a,2023-12-10,5.073506628994521,5.566623408583269,computed_RC,0.9114154589964891
5a,2023-12-11,10.661011236022075,12.04907135756594,computed_RC,0.8847994106473389
5a,2023-12-12,9.94397674509686,11.40895027568498,computed_RC,0.8715943627425299
5a,2023-12-13,8.93969516612626,10.438872088319943,computed_RC,0.8563851621602766
5a,2023-12-14,8.390767249244513,9.867744974799814,computed_RC,0.8503226695331915
5a,2023-12-15,8.247582158928592,9.71504264519396,computed_RC,0.848949660865223
5a,2023-12-16,8.784434750856366,10.212058575224976,computed_RC,0.8602021508344944
5a,2023-12-17,688.4556876345029,68.18771656660451,computed_RC,10.096476642710744
5a,2023-12-18,338.39463277750207,57.67453405733987,computed_RC,5.867314548931961
5a,2023-12-19,127.49241383442508,41.72380095976672,computed_RC,3.055627984549227
5a,2023-12-20,61.548464315853,31.841186058246315,computed_RC,1.9329827790731124
5a,2023-12-21,44.04585125631522,27.59135466229538,computed_RC,1.5963642160892348
5a,2023-12-22,35.54725060151098,24.993314680663083,computed_RC,1.4222703573213242
5a,2023-12-23,30.795545823113564,23.29589038713203,computed_RC,1.321930405378458
5a,2023-12-24,27.40863080450039,21.94620763199284,computed_RC,1.2489005510247937
5a,2023-12-25,27.490646200585175,21.952209425885044,computed_RC,1.2522951866598657
5a,2023-12-26,29.136719938697922,22.65489176878914,computed_RC,1.2861116369948222
5a,2023-12-27,26.18299080868237,21.43145227089355,computed_RC,1.221708658738072
5a,2023-12-28,24.333129725632993,20.610609756802283,computed_RC,1.1806118311275162
5a,2023-12-29,22.646845831810975,19.812088417500227,computed_RC,1.1430822109498955
5a,2023-12-30,20.411907848546637,18.669306289293974,computed_RC,1.0933404558396456
5a,2023-12-31,18.833358934795324,17.81097809867409,computed_RC,1.0574017232774735
5a,2024-01-01,17.944980861867787,17.295164259919193,computed_RC,1.037572155556482
5a,2024-01-02,17.273735436287197,16.89680993568112,computed_RC,1.0223074948490793
5a,2024-01-03,16.623540775773986,16.495681735110978,computed_RC,1.0077510613211493
5a,2024-01-04,18.79270749179106,17.785199178683726,computed_RC,1.056648694399491
5a,2024-01-05,17.72378392016846,17.166769917686352,computed_RC,1.0324472224625225
5a,2024-01-06,22.983958752083943,19.865831393742685,computed_RC,1.1569593185676288
5a,2024-01-07,24.173887502820648,20.53307851002706,computed_RC,1.1773143267832753
5a,2024-01-08,22.337454472279717,19.65903715418809,computed_RC,1.136243565597058
5a,2024-01-09,56.89247445686687,27.111561462008883,computed_RC,2.09845805217046
5a,2024-01-10,82.54597115324681,35.73939561536418,computed_RC,2.309663320600775
5a,2024-01-11,50.350106496467575,29.23940725994619,computed_RC,1.7219947739994041
5a,2024-01-12,38.098389911218746,25.82319833560904,computed_RC,1.4753551986890316
5a,2024-01-13,33.083592930662526,24.139714139579187,computed_RC,1.3705047516042894
5a,2024-01-14,27.22094220292982,21.871293829087794,computed_RC,1.2445967950340113
5a,2024-01-15,24.22256161718863,20.55751282471762,computed_RC,1.1782826951743057
5a,2024-01-16,30.7107083341621,23.078331720095253,computed_RC,1.3307161326319363
5a,2024-01-17,31.03978329326487,23.37467452642493,computed_RC,1.3279236576395783
5a,2024-01-18,26.278619627600303,21.47345938609648,computed_RC,1.2237720599697617
5a,2024-01-19,24.39708718008946,20.636350648154338,computed_RC,1.1822384488447075
5a,2024-01-20,22.134346922321164,19.55345371765402,computed_RC,1.1319916799320706
5a,2024-01-21,20.069769433531178,18.491121635013393,computed_RC,1.0853732850650106
5a,2024-01-22,19.33382107458464,18.092616265928175,computed_RC,1.068602837224481
5a,2024-01-23,18.856879139374662,17.825246729108716,computed_RC,1.057874789950665
5a,2024-01-24,18.12226228532814,17.402623303148903,computed_RC,1.0413523277291776
5a,2024-01-25,17.286240186568723,16.902322636752334,computed_RC,1.0227138931179554
5a,2024-01-26,199.50533683966648,47.2337979773903,computed_RC,4.22378350636053
5a,2024-01-27,99.99141789724125,38.37597993364251,computed_RC,2.605573019116138
5a,2024-01-28,56.06814441548198,30.60654250960403,computed_RC,1.831900627059994
5a,2024-01-29,39.97817784617371,26.39736168901768,computed_RC,1.5144762691495102
5a,2024-01-30,31.455954635861897,23.531043838254188,computed_RC,1.336785348413837
5a,2024-01-31,26.659458142679245,21.628153394503524,computed_RC,1.2326275690949349
5a,2024-02-01,23.33001322671761,20.13039898752894,computed_RC,1.1589444025014544
5a,2024-02-02,21.331439938617464,19.15339347548948,computed_RC,1.1137159567005828
5a,2024-02-03,19.849079313883752,18.36814879132364,computed_RC,1.0806249197665276
5a,2024-02-04,21.281265852287017,19.10577299215177,computed_RC,1.1138657337250313
5a,2024-02-05,21.703854551905316,19.34316005421928,computed_RC,1.1220428560312257
5a,2024-02-06,19.48815706451433,18.168755313365786,computed_RC,1.0726192701917192
5a,2024-02-07,18.588070713157126,17.672853767279566,computed_RC,1.0517865964336808
5a,2024-02-08,18.164251219542013,17.42768828757547,computed_RC,1.0422639491717127
5a,2024-02-09,17.768883249278534,17.191493157154788,computed_RC,1.0335858023992202
5a,2024-02-10,17.277808677169563,16.896997464642986,computed_RC,1.0225372119113723
5a,2024-02-11,16.624583696606987,16.494911445960724,computed_RC,1.0078613486996328
5a,2024-02-12,16.435720508823657,16.370076995229773,computed_RC,1.0040099697523117
5a,2024-02-13,17.700523160432507,17.155408097338647,computed_RC,1.0317751148792798
5a,2024-02-14,16.274640150010057,16.274467714316447,computed_RC,1.0000105954736362
5a,2024-02-15,15.425997674147558,15.72669510554508,computed_RC,0.9808798079075433
5a,2024-02-16,15.762246672826306,15.949324833483615,computed_RC,0.988270465200849
5a,2024-02-17,17.488585742970937,16.979766512225968,computed_RC,1.0299662089215775
5a,2024-02-18,37.613925655971045,25.488977754801137,computed_RC,1.475693769197395
5a,2024-02-19,38.824163836627136,26.03100582294043,computed_RC,1.491458459219906
5a,2024-02-20,29.635375782755908,22.83051697680708,computed_RC,1.2980597773086657
5a,2024-02-21,24.819433704301062,20.824295684489908,computed_RC,1.191849850786875
5a,2024-02-22,21.986721918238647,19.4780120861773,computed_RC,1.1287970158844736
5a,2024-02-23,20.231007544389936,18.577131257738863,computed_RC,1.0890275394895592
5a,2024-02-24,18.89704771289607,17.83727506064669,computed_RC,1.059413371641473
5a,2024-02-25,17.23029218108729,16.862666346922285,computed_RC,1.0218011687239545
5a,2024-02-26,15.881360069694999,16.02075987440768,computed_RC,0.9912988019416379
5a,2024-02-27,14.887081298806065,15.357333469953366,computed_RC,0.9693793084543387
5a,2024-02-28,14.369209064435033,14.994431333624172,computed_RC,0.9583030356218236
5a,2024-02-29,14.221117334145433,14.900616920922984,computed_RC,0.9543978890012655
5a,2024-03-01,14.28249619628603,14.938110380507752,computed_RC,0.9561113040724876
5a,2024-03-02,14.239078330534758,14.914183212030473,computed_RC,0.954734035924197
5a,2024-03-03,14.29921757455973,14.950790438877908,computed_RC,0.9564188350454145
5a,2024-03-04,15.262306659408086,15.61418366560286,computed_RC,0.9774642713490082
5a,2024-03-05,15.328675155042628,15.662488761530808,computed_RC,0.9786870648994129
5a,2024-03-06,15.906331820114003,16.037962102923004,computed_RC,0.9917925805059103
5a,2024-03-07,15.840314296317127,15.991699149964608,computed_RC,0.9905335354156024
5a,2024-03-08,15.327890007270174,15.66163330224203,computed_RC,0.9786903901699652
5a,2024-03-09,15.37431581009081,15.67621868510043,computed_RC,0.9807413457878993
5a,2024-03-10,20.150075232837118,18.5322275639207,computed_RC,1.0872991475706952
5a,2024-03-11,16.78425483252419,16.540246375585415,computed_RC,1.014752407636379
5a,2024-03-12,13.908648054652996,14.666774502896647,computed_RC,0.9483099403966481
5a,2024-03-13,12.969880990041375,13.972951333671574,computed_RC,0.9282134232291332
5a,2024-03-14,12.18875384172585,13.36885489005526,computed_RC,0.9117275893833467
5a,2024-03-15,11.544679089073915,12.840229724713662,computed_RC,0.8991022229807778
5a,2024-03-16,11.215978031128063,12.560040903473002,computed_RC,0.8929889733103267
5a,2024-03-17,10.281073981582907,11.739636519117942,computed_RC,0.8757574363431292
5a,2024-03-18,10.207568243861102,11.67341749809706,computed_RC,0.8744284392745387
5a,2024-03-19,10.09347092251786,11.56329303177297,computed_RC,0.8728889681151887
5a,2024-03-20,10.383703613466704,11.831308006903663,computed_RC,0.8776462929887151
5a,2024-03-21,9.368785828367905,10.830203937372152,computed_RC,0.8650608873613836
5a,2024-03-22,11.180787587613548,12.491212356214808,computed_RC,0.8950922671689847
5a,2024-03-23,13.856798034046887,14.632257660518016,computed_RC,0.9470034191262543
5a,2024-03-24,13.47317468431264,14.344637308333883,computed_RC,0.9392481939215749
5a,2024-03-25,11.939829114738185,13.153390696441928,computed_RC,0.9077377377658205
5a,2024-03-26,10.627216478443657,12.044354136692924,computed_RC,0.8823400871341054
5a,2024-03-27,10.713237482830603,12.124096013767648,computed_RC,0.8836318576382991
5a,2024-03-28,14.154898279589679,14.822160004302049,computed_RC,0.9549821534433105
5a,2024-03-29,12.72921329969236,13.76026494259197,computed_RC,0.9250703640372352
5a,2024-03-30,10.782239391588291,12.18407284102645,computed_RC,0.8849454145810851
5a,2024-03-31,10.305127842689728,11.7541803637547,computed_RC,0.8767202411209135
5a,2024-04-01,10.36049482075093,11.80443738485401,computed_RC,0.8776779852332676
5a,2024-04-02,10.25334159290944,11.706550302093316,computed_RC,0.8758636257750484
5a,2024-04-03,38.01582131348779,22.66831340890958,computed_RC,1.677046749254226
5a,2024-04-04,40.789265598432195,26.57344338651516,computed_RC,1.534963497396462
5a,2024-04-05,27.84904276462247,22.09035781520401,computed_RC,1.2606877171294602
5a,2024-04-06,21.67585169462406,19.313117837814133,computed_RC,1.122338292379898
5a,2024-04-07,18.23569312842579,17.445149666398642,computed_RC,1.0453159461021895
5a,2024-04-08,15.519241327019621,15.767400481471444,computed_RC,0.9842612512605715
5a,2024-04-09,13.313062273256293,14.222710862885288,computed_RC,0.9360425309634355
5a,2024-04-10,11.397238231389718,12.704558821571714,computed_RC,0.8970983086825313
5a,2024-04-11,14.514799826667,14.887626185618204,computed_RC,0.9749572998204802
5a,2024-04-12,15.969374751607566,16.054609988532224,computed_RC,0.9946909182480582
5a,2024-04-13,13.585877116985749,14.424307185278323,computed_RC,0.9418738066568432
5a,2024-04-14,12.081930261533515,13.261736294121189,computed_RC,0.9110368351155744
5a,2024-04-15,10.90991173690864,12.287156777050718,computed_RC,0.887911820030292
5a,2024-04-16,9.715926707729164,11.204240445424034,computed_RC,0.8671651376151323
5a,2024-04-17,9.122760419036075,10.623566080544922,computed_RC,0.8587286368691872
5a,2024-04-18,7.481388235743378,8.748431060697934,computed_RC,0.8551691364813162
5a,2024-04-19,6.581256498679988,7.72731825737679,computed_RC,0.8516869992247662
5a,2024-04-20,6.45191958000695,7.559442253844601,computed_RC,0.8534914830159085
5a,2024-04-21,6.537693470637949,7.6771104795385,computed_RC,0.8515825697783829
5a,2024-04-22,6.02983363883282,6.992385256830581,computed_RC,0.8623428797694631
5a,2024-04-23,5.164128222226672,5.725272661479007,computed_RC,0.9019881720170555
5a,2024-04-24,4.615232049387715,4.835152799593746,computed_RC,0.9545162770813553
5a,2024-04-25,4.078541486276084,3.901533381774211,computed_RC,1.0453688555706728
5a,2024-04-26,3.609025224523938,3.0135890007339294,computed_RC,1.1975837526766244
5a,2024-04-27,2.993651514948504,1.7442535821953518,computed_RC,1.7162937462227457
5a,2024-04-28,2.2663127172071693,0.4349611099107145,computed_RC,5.210380113459754
5a,2024-07-26,9.804660434565426,10.18084076118802,computed_RC,0.9630501708604765
5a,2024-07-27,14.258693466501008,14.625055516774497,computed_RC,0.974949698491518
5a,2024-07-28,17.6005905785148,17.081947485603244,computed_RC,1.0303620587376627
5a,2024-07-29,13.81288695268648,14.56630653439159,computed_RC,0.9482765531587394
5a,2024-07-30,11.541261190051847,12.830895863816991,computed_RC,0.8994898963055337
5a,2024-07-31,9.695328038590795,11.183441356307112,computed_RC,0.8669360109911903
5a,2024-08-01,7.674423746100898,9.046615965132922,computed_RC,0.8483198331485864
5a,2024-08-02,60.00896475710217,21.432598931586472,computed_RC,2.7998921152144294
5a,2024-08-03,43.25184069557544,27.139946181268854,computed_RC,1.5936597812941322
5a,2024-08-04,38.47917985211195,25.42268844692409,computed_RC,1.5135763447066737
5a,2024-08-05,8112.905771459925,109.63352031801416,computed_RC,74.00023047628866
5a,2024-08-10,37870.18889098537,172.5535028971608,computed_RC,219.46925594176676
5a,2024-08-11,1308.894562388898,67.96745232485057,computed_RC,19.257666980557605
5a,2024-08-12,18.807938340130107,17.789561618429428,computed_RC,1.0572457457661955
5a,2024-08-13,16.16505204351843,16.18260962403316,computed_RC,0.9989150340444068
5a,2024-08-14,14.279468385815171,14.9310648233385,computed_RC,0.956359680623392
5a,2024-08-15,12.858124331326932,13.891721903447532,computed_RC,0.9255961514847133
5a,2024-08-16,11.549373281867762,12.829547019205334,computed_RC,0.9002167624919881
5a,2024-08-17,10.113184399923735,11.555801030636244,computed_RC,0.875160828151341
5a,2024-08-18,8.821985354306193,10.305236122562482,computed_RC,0.8560682403958866
5a,2024-08-19,8.555231042100989,10.040950642388468,computed_RC,0.8520339703677632
5a,2024-08-20,7.647137120850241,9.028588363978416,computed_RC,0.8469914467869877
5a,2024-08-21,6.282172195273344,7.297006468276625,computed_RC,0.8609245753837245
5a,2024-08-22,4.982354208325998,5.451365089196656,computed_RC,0.9139645073854751
5a,2024-08-23,4.5818692036629045,4.803182778020555,computed_RC,0.9539235576521499
5a,2024-08-24,4.436644915523984,4.552586713950102,computed_RC,0.9745327644016427
5a,2024-08-25,4.33591825240351,4.378567112704968,computed_RC,0.9902596307870428
5a,2024-08-26,4.425142199840147,4.484795290784305,computed_RC,0.9866988152019475
5a,2024-08-27,4.525502172782762,4.702212331600683,computed_RC,0.9624197832092012
5a,2024-08-28,4.546327464425053,4.7411609651591915,computed_RC,0.958905951060112
5a,2024-08-29,4.486310926140759,4.6374716603292745,computed_RC,0.9674044942459481
5a,2024-08-30,4.271746509943388,4.25659328819267,computed_RC,1.0035599411841276
5a,2024-08-31,3.738477548428622,3.243889987003785,computed_RC,1.152467427504119
5a,2024-09-01,2.819907404779999,1.3429545164581491,computed_RC,2.0997787864157176
5a,2024-09-02,2.080699801112063,0.16983758833200377,computed_RC,12.251114853589694
5a,2024-09-08,2.500699208787884,1.7524294328076762,computed_RC,1.426989961462447
5a,2024-09-09,16.336858594037945,16.302917265634083,computed_RC,1.0020819174783773
5a,2024-09-10,13.813370636051653,14.59701790325627,computed_RC,0.9463145642213809
5a,2024-09-11,13.031803229927787,14.013341899966267,computed_RC,0.9299568456228958
5a,2024-09-12,14.277413106019816,14.92485722934738,computed_RC,0.9566197442710228
5a,2024-09-13,15.470419905452495,15.7545087951343,computed_RC,0.981967772313565
5a,2024-09-14,15.213239586416762,15.581453246269552,computed_RC,0.9763684648644089
5a,2024-09-15,13.890753479999532,14.653625251284655,computed_RC,0.9479397242523147
5a,2024-09-16,14.374698673912803,14.997989671672078,computed_RC,0.9584416970938088
5a,2024-09-17,12.226435534859682,13.381424420085128,computed_RC,0.9136871495166209
5a,2024-09-18,11.579929232608517,12.825079164595037,computed_RC,0.9029128852924444
5a,2024-09-19,12.482976922796372,13.59350501469126,computed_RC,0.9183045071381752
5a,2024-09-20,10.602973087387504,12.016218334645975,computed_RC,0.882388517926334
5a,2024-09-21,8.969643578814878,10.450045758447793,computed_RC,0.8583353399734005
5a,2024-09-22,7.843798963579618,9.25676414678475,computed_RC,0.8473586276154705
5a,2024-09-23,7.051722125474126,8.326723439316034,computed_RC,0.8468783882238993
5a,2024-09-24,6.2937709827995585,7.357703731244405,computed_RC,0.8553988054823588
5a,2024-09-25,6.23261759800372,7.280550329922027,computed_RC,0.8560640769679934
5a,2024-09-26,6.759790739024601,7.959564401849632,computed_RC,0.8492664168222285
5a,2024-09-27,14.466451312774769,14.964662198483342,computed_RC,0.9667075087228453
5a,2024-09-28,14.682436033127647,15.182667207866409,computed_RC,0.9670524837375357
5a,2024-09-29,14.384243993881087,14.99528133905574,computed_RC,0.9592513583867757
5a,2024-09-30,13.822513296784242,14.465382107382949,computed_RC,0.9555581175923038
5a,2024-10-01,17.08175353007868,16.753270485721263,computed_RC,1.0196070996786795
5a,2024-10-02,13.473073272483852,14.33458640341239,computed_RC,0.9398996869052705
5a,2024-10-03,11.292798723492002,12.613545421433244,computed_RC,0.8952913987452729
5a,2024-10-04,9.87585531848455,11.342619155242865,computed_RC,0.8706856135533444
5a,2024-10-05,9.19885038646564,10.7049809706898,computed_RC,0.8593056271330197
5a,2024-10-06,13.677505738626495,14.29856561889084,computed_RC,0.9565648823233136
5a,2024-10-07,20.367901057745673,18.645041982322013,computed_RC,1.0924030676389551
5a,2024-10-08,19.247979898194956,18.010432739488692,computed_RC,1.0687127942235883
5a,2024-10-09,26.036267449212556,20.634752220953725,computed_RC,1.261767874429518
5a,2024-10-10,66.95616828800863,32.855535004504986,computed_RC,2.0378961498824455
5a,2024-10-11,36.32569112786701,25.10499537043028,computed_RC,1.4469507200408782
5a,2024-10-12,23.087719456666477,19.96932700042435,computed_RC,1.1561591162374105
5a,2024-10-13,17.52892520205688,17.02588010669602,computed_RC,1.0295459084762977
5a,2024-10-14,14.376486837153731,14.988757827455144,computed_RC,0.959151318785076
5a,2024-10-15,12.289212517527842,13.438994627082891,computed_RC,0.9144443359447473
5a,2024-10-16,10.791159470961881,12.194962057745029,computed_RC,0.8848866786025307
5a,2024-10-17,9.891391892075882,11.370576519090296,computed_RC,0.8699112024327895
5a,2024-10-18,8.898450179911999,10.390803332986126,computed_RC,0.8563774998669663
5a,2024-10-19,8.19400609300233,9.649467100360422,computed_RC,0.8491666957127892
5a,2024-10-20,7.360684604926175,8.698285384896792,computed_RC,0.8462224770995499
5a,2024-10-21,6.9506013801984095,8.205423355321841,computed_RC,0.8470740727460961
5a,2024-10-22,6.429742732714613,7.543471886068334,computed_RC,0.85235854654531
5a,2024-10-23,6.181876078108395,7.209178619600174,computed_RC,0.8575007506820862
5a,2024-10-24,5.837367864269081,6.731429789954003,computed_RC,0.8671809773580017
5a,2024-10-25,5.460435268485266,6.182778522241062,computed_RC,0.8831685056876388
5a,2024-10-26,5.2756239238877525,5.909692633362226,computed_RC,0.8927069902256947
5a,2024-10-27,5.021656944820833,5.512431993739871,computed_RC,0.9109694143208695
5a,2024-10-28,5.076827704258416,5.605893014293206,computed_RC,0.9056233665740953
5a,2024-10-29,5.143386937439381,5.710670590124361,computed_RC,0.9006625152454072
5a,2024-10-30,5.069646710059774,5.5927791658205415,computed_RC,0.906462880036849
5a,2024-10-31,4.701397359333267,4.9933362489241775,computed_RC,0.9415343019101089
5a,2024-11-01,4.553232252134482,4.739934963425406,computed_RC,0.96061070189115
5a,2024-11-02,3.508555364563173,2.79910518240027,computed_RC,1.25345606396775
5a,2024-11-03,2.5774494705828404,0.8145889762625016,computed_RC,3.164110423404817
5a,2024-11-04,1.9612725564819158,0.01241883254557641,computed_RC,157.92728900113252
5a,2025-01-19,9.01978394876225,8.604709650481277,computed_RC,1.048238036510361
5a,2025-01-20,16.383800936579927,16.343345072308313,computed_RC,1.0024753723361175
5a,2025-01-21,15.194613238946213,15.552225919965265,computed_RC,0.9770056914772589
5a,2025-01-22,42.74900576319766,27.069122757311597,computed_RC,1.5792534596138987
5a,2025-01-23,34.22809613412736,24.520876714068315,computed_RC,1.3958757075961212
5a,2025-01-24,25.937563951921987,21.29886457784529,computed_RC,1.2177909229443993
5a,2025-01-25,21.308348820701635,19.132378446649064,computed_RC,1.1137323506390122
5a,2025-01-26,18.229335813538608,17.459824736658607,computed_RC,1.0440732417699667
5a,2025-01-27,16.189641066319954,16.213099513468883,computed_RC,0.9985531176731851
5a,2025-01-28,14.649857910472551,15.198169778748658,computed_RC,0.9639225067058533
5a,2025-01-29,13.125211173338817,14.09500285296956,computed_RC,0.9311960636158065
5a,2025-01-30,12.395554566562849,13.531821745782858,computed_RC,0.9160299920759655
5a,2025-01-31,11.878626118849128,13.117270604005109,computed_RC,0.9055714772875247
5a,2025-02-01,11.525588467832097,12.823797401943596,computed_RC,0.898765639114453
5a,2025-02-02,10.691388937774677,12.102378575733564,computed_RC,0.8834122045406796
5a,2025-02-03,10.103246061666573,11.56494600871387,computed_RC,0.873609444787209
5a,2025-02-04,9.515543126874174,11.01554394482959,computed_RC,0.8638287110043733
5a,2025-02-05,9.011725389477855,10.513005862233232,computed_RC,0.8571977898206492
5a,2025-02-06,8.495369459291,9.974237045010032,computed_RC,0.8517312573337238
5a,2025-02-07,8.044988480895881,9.489707864937122,computed_RC,0.8477593404767246
5a,2025-02-08,7.5530087763933755,8.928112705156067,computed_RC,0.8459804469125309
5a,2025-02-09,6.869134041745974,8.100578332108482,computed_RC,0.8479806947262767
5a,2025-02-10,6.3124145298984855,7.3850962105083,computed_RC,0.8547504798808865
5a,2025-02-11,6.297565948810572,7.367924976339067,computed_RC,0.8547272086827995
5a,2025-02-12,6.093809184264245,7.091114152931901,computed_RC,0.859358494707731
5a,2025-02-13,6.625355213847267,7.762663494712344,computed_RC,0.8534899417397428
5a,2025-02-14,9.193038578495221,10.68654931522332,computed_RC,0.8602438736140442
5a,2025-02-15,9.088608977484766,10.591451903608151,computed_RC,0.8581079402710201
5a,2025-02-16,9.156137576581454,10.657120250860322,computed_RC,0.8591568229552728
5a,2025-02-17,9.590147337394765,11.086875457915587,computed_RC,0.8650000059798436
5a,2025-02-18,8.920479543792567,10.419364224055194,computed_RC,0.8561443243530972
5a,2025-02-19,12.596676435476537,13.474125820867693,computed_RC,0.934878937820795
5a,2025-02-20,15.406176513928443,15.715463074264372,computed_RC,0.9803196024912294
5a,2025-02-21,14.10161763736501,14.81490454307611,computed_RC,0.9518534254718191
5a,2025-02-22,12.949549209045108,13.963241493927551,computed_RC,0.9274027964550147
5a,2025-02-23,12.153909137833246,13.33902036362346,computed_RC,0.9111545530718205
5a,2025-02-24,13.395905308492548,14.28124328431619,computed_RC,0.9380069397182016
5a,2025-02-25,14.568905950309915,15.145818747190017,computed_RC,0.9619094347747206
5a,2025-02-26,13.444222438623845,14.333628737366512,computed_RC,0.937949676593474
5a,2025-02-27,12.063563781525609,13.251435111427424,computed_RC,0.9103590426309789
5a,2025-02-28,11.17359956207816,12.519404023693308,computed_RC,0.8925025137723667
5a,2025-03-01,10.076058862073005,11.541601876127046,computed_RC,0.8730208310957762
5a,2025-03-02,9.55770355388033,11.052257007679046,computed_RC,0.8647739142547709
5a,2025-03-03,8.830985157359631,10.324758201153392,computed_RC,0.855321256470017
5a,2025-03-04,8.18362505550284,9.638864040262543,computed_RC,0.8490238083366445
5a,2025-03-05,8.008587544609044,9.450517876709254,computed_RC,0.8474231411535829
5a,2025-03-06,8.030635943003903,9.473018528188245,computed_RC,0.8477378059704689
5a,2025-03-07,7.402038183237946,8.750320408853561,computed_RC,0.8459162450495612
5a,2025-03-08,7.25686018629019,8.57917488917941,computed_RC,0.8458692450066492
5a,2025-03-09,8.936679828653233,10.381776065066097,computed_RC,0.8608045263781497
5a,2025-03-10,38.99261106462004,25.67799747532247,computed_RC,1.5185222719214542
5a,2025-03-11,29.99151712959445,22.921027401631655,computed_RC,1.30847176280848
5a,2025-03-12,22.044157922577767,19.483707322433,computed_RC,1.1314149590615508
5a,2025-03-13,17.785289736118195,17.182260821490924,computed_RC,1.0350960168101409
5a,2025-03-14,15.273657201093974,15.612729935693787,computed_RC,0.9782822904132463
5a,2025-03-15,13.459957057315133,14.33540054659153,computed_RC,0.938931354835108
5a,2025-03-16,13.548488947832908,14.398304923122952,computed_RC,0.940978054025979
5a,2025-03-17,13.92289839807577,14.678100564871292,computed_RC,0.9485490535060832
5a,2025-03-18,12.389874349867085,13.51949356680364,computed_RC,0.9164451529670999
5a,2025-03-19,11.255890376741018,12.591043658733138,computed_RC,0.8939600784351137
5a,2025-03-20,10.54124462493349,11.96500724582039,computed_RC,0.8810061212972313
5a,2025-03-21,10.068916737334167,11.537085180537426,computed_RC,0.8727435552196496
5a,2025-03-22,9.253710777525953,10.751414329236328,computed_RC,0.8606970668372748
5a,2025-03-23,8.748401230080065,10.23926832508418,computed_RC,0.8543971065440501
5a,2025-03-24,8.5985939905843,10.088844296998356,computed_RC,0.852287312347814
5a,2025-03-25,8.300321704911143,9.766674103071594,computed_RC,0.8498616435149313
5a,2025-03-26,7.434533662881441,8.782644376385445,computed_RC,0.8465028690984266
5a,2025-03-27,6.304040284205507,7.366286027672705,computed_RC,0.8557962941600841
5a,2025-03-28,5.786673792843361,6.652847908294167,computed_RC,0.8698040106446836
5a,2025-03-29,5.54946905677993,6.314891563272972,computed_RC,0.8787908709399395
5a,2025-03-30,11.79963437318887,11.700601787473548,computed_RC,1.0084638882267871
5a,2025-03-31,19.133217856786693,17.968359412719774,computed_RC,1.064828313888374
5a,2025-04-01,19.270806658965594,17.827809083664825,computed_RC,1.0809408250070924
5a,2025-04-02,22.10072666981493,19.51390141007798,computed_RC,1.132563202271842
5a,2025-04-03,17.649931211004603,17.093199695823465,computed_RC,1.0325703510804456
5a,2025-04-04,14.230334330554195,14.885773186321693,computed_RC,0.9559687731659267
5a,2025-04-05,11.827318461105575,13.059323421701674,computed_RC,0.9056608890971501
5a,2025-04-06,10.339053141383035,11.780033231180711,computed_RC,0.8776760590128448
5a,2025-04-07,9.335694902808404,10.822362048782535,computed_RC,0.862630067329768
5a,2025-04-08,9.616019765651846,11.105504924048942,computed_RC,0.8658786639073366
5a,2025-04-09,7.3396830933774595,8.649163541150362,computed_RC,0.848600336721262
5a,2025-04-10,6.697724369712082,7.885199696020396,computed_RC,0.8494045335455963
5a,2025-04-11,6.878018647202422,8.11241100623223,computed_RC,0.84783902614383
5a,2025-04-12,6.193349778770983,7.226791556726448,computed_RC,0.8569985352637475
5a,2025-04-13,5.701331578644852,6.5367022346700745,computed_RC,0.8722030427522777
5a,2025-04-14,5.382358977710531,6.066908065393653,computed_RC,0.8871667280425973
5a,2025-04-15,5.277683573906261,5.908211411276912,computed_RC,0.8932794049706528
5a,2025-04-16,5.267458481097041,5.892269384972732,computed_RC,0.8939609065618811
5a,2025-04-17,5.080276101026452,5.603200401481448,computed_RC,0.9066739964687432
5a,2025-04-18,4.879835073199235,5.284583273856458,computed_RC,0.9234096276503833
5a,2025-04-19,4.950714959371571,5.3970041905609385,computed_RC,0.9173079702309843
5a,2025-04-20,4.596467290121325,4.80286909743012,computed_RC,0.9570253106795613
5a,2025-04-21,3.9780726006805573,3.7154905279491017,computed_RC,1.0706722492645937
5a,2025-04-22,3.0541888536633772,1.8584200080892677,computed_RC,1.6434330454736858
5a,2025-04-23,2.1950229651964963,0.3405617915698599,computed_RC,6.4453001467906255
5a,2025-07-24,14.731507494505443,15.036831905499268,computed_RC,0.9796948976411606
5a,2025-07-25,8.562199113199009,9.99987065227586,computed_RC,0.8562309864728448
5a,2025-07-26,6.689941423850973,7.862437765138749,computed_RC,0.8508736887576388
5a,2025-07-27,6.022195025011167,6.984252279231497,computed_RC,0.862253364317735
5a,2025-07-28,5.354011832497435,6.0237082583111485,computed_RC,0.8888232302934481
5a,2025-07-29,5.217350099980026,5.814373326106247,computed_RC,0.8973194198856107
5a,2025-07-30,5.3203769578091515,5.969930828082478,computed_RC,0.8911957459845542
5a,2025-07-31,4.9880844031473845,5.454088752422978,computed_RC,0.914558715409871
5a,2025-08-01,4.212702878178658,4.117527167178967,computed_RC,1.0231147742650837
5a,2025-08-02,2.993639926940448,1.7155487169953214,computed_RC,1.7450043226890257
5a,2025-08-03,2.071628216955733,0.08569401483747355,computed_RC,24.174713028497536
5a,2025-08-27,2.5010278738493983,0.902184191361298,computed_RC,2.772192084274519
5a,2025-08-28,3.496172024421869,2.7920487352409302,computed_RC,1.25218875311651
5a,2025-08-29,2.981949334480889,1.7099404859737724,computed_RC,1.7438907137067619
6,2021-04-06,933.7230863945772,341.29392560176314,advisor_summarized,2.7358327129563
6,2021-04-07,807.5028273908226,413.60045974682583,advisor_summarized,1.9523741049154377
6,2021-04-08,661.5558217777236,376.81840550270414,advisor_summarized,1.7556356380606153
6,2021-04-09,554.9246233436122,347.4821639010491,advisor_summarized,1.5969873593328823
6,2021-04-10,471.2907523863192,322.7146752366776,advisor_summarized,1.4603945483442193
6,2021-04-11,563.7029066990289,348.9470029832568,advisor_summarized,1.6154398859418673
6,2021-04-12,655.1141726580465,374.4273528428574,advisor_summarized,1.7496429352291205
6,2021-04-13,585.4400167326369,355.5605917163363,advisor_summarized,1.6465267253230829
6,2021-04-14,518.5669336508905,337.04866006031784,advisor_summarized,1.538552129410894
6,2021-04-15,460.6578672050136,319.16298652794575,advisor_summarized,1.443331108711375
6,2021-04-16,440.0800189154144,312.0627040985257,advisor_summarized,1.4102294607319386
6,2021-04-17,518.2208808914003,337.06603168179925,advisor_summarized,1.537446174287348
6,2021-04-18,745.627462236598,396.5602718545288,advisor_summarized,1.8802374195217377
6,2021-04-19,1087.4082115122417,473.9262378801804,advisor_summarized,2.2944672073361
6,2021-04-20,1190.684044398691,494.8086964295126,advisor_summarized,2.4063522993644644
6,2021-04-21,1099.268358367436,476.50603588712835,advisor_summarized,2.306934803713218
6,2021-04-22,923.2347631197382,439.15194899629336,advisor_summarized,2.1023127990888884
6,2021-04-23,759.0334412377423,401.96755119315065,advisor_summarized,1.8882953088743644
6,2021-04-24,639.492871577795,371.9516058985341,advisor_summarized,1.7192905244566796
6,2021-04-25,656.0012951432793,374.8027179696389,advisor_summarized,1.7502575720286508
6,2021-04-26,589.7809728487183,356.8467137780563,advisor_summarized,1.6527571925898057
6,2021-04-27,503.9511023374367,332.1996951550101,advisor_summarized,1.5170125369991216
6,2021-04-28,441.6518293500063,312.9490547257817,advisor_summarized,1.4112579114098909
6,2021-04-29,389.1994938281944,294.6456010709756,advisor_summarized,1.3209071929583711
6,2021-04-30,341.2158855565945,277.6978518164745,advisor_summarized,1.228730734950366
6,2021-05-01,304.410333649371,263.0811856989207,advisor_summarized,1.1570965549689625
6,2021-05-02,283.2984514708915,254.746081685785,advisor_summarized,1.1120816838326262
6,2021-05-03,267.94043040951453,247.87249549657284,advisor_summarized,1.0809607168102247
6,2021-05-04,228.53986728798895,230.2366022925196,advisor_summarized,0.9926304723591477
6,2021-05-05,199.65817883855095,216.5678687113216,advisor_summarized,0.9219196736182931
6,2021-05-06,223.0710748885718,227.44740954498695,advisor_summarized,0.9807589162471883
6,2021-05-07,243.01201564558647,236.61371584449293,advisor_summarized,1.0270411196504712
6,2021-05-08,214.4934088911714,223.54614352336841,advisor_summarized,0.9595039552482789
6,2021-05-09,191.11758807478517,212.46877193759863,advisor_summarized,0.8995090729423323
6,2021-05-10,178.1557050655509,205.2219036533718,advisor_summarized,0.8681125254858915
6,2021-05-11,171.25464909385204,201.73403394975125,advisor_summarized,0.8489130254367929
6,2021-05-12,170.98969070750525,201.25162827215897,advisor_summarized,0.8496313405040901
6,2021-05-13,164.110714404757,197.3711987317929,advisor_summarized,0.8314825843854073
6,2021-05-14,157.39905602936633,193.86873110026193,advisor_summarized,0.8118846971147978
6,2021-05-15,142.9567955293373,185.3438645015019,advisor_summarized,0.7713057883725031
6,2021-05-16,131.56851135004987,178.50649826984306,advisor_summarized,0.7370516626860362
6,2021-05-17,121.17398139053928,171.92658804728214,advisor_summarized,0.7048007103893367
6,2021-05-18,110.72170920066134,164.6723731936497,advisor_summarized,0.6723757425324525
6,2021-05-19,102.24746992369205,158.7077382480795,advisor_summarized,0.644250060219917
6,2021-05-20,95.30759919648439,153.63315279301042,advisor_summarized,0.6203582850694478
6,2021-05-21,89.10464675172234,149.0508909667294,advisor_summarized,0.5978135801389604
6,2021-05-22,83.88000571405503,144.8991258435017,advisor_summarized,0.5788855193277676
6,2021-05-23,76.9906766133994,139.77730842922776,advisor_summarized,0.5508095518406797
6,2021-05-24,73.40627523523911,135.95985061696766,advisor_summarized,0.5399114143045262
6,2021-05-25,69.05354643831366,132.27539879520734,advisor_summarized,0.5220437592119785
6,2021-05-26,64.12381431990079,128.04742661580448,advisor_summarized,0.5007817495020723
6,2021-05-27,60.006988262436444,124.45328570572336,advisor_summarized,0.4821647570183584
6,2021-05-28,56.619763575941526,121.12441097285421,advisor_summarized,0.4674513016920335
6,2021-05-29,54.42908397233598,118.44133402790035,advisor_summarized,0.45954467179096886
6,2021-05-30,51.99011241869573,115.56670374576952,advisor_summarized,0.44987103320924215
6,2021-05-31,48.529709742461996,112.12835644855252,advisor_summarized,0.4328049681592249
6,2021-06-01,45.48616344148423,109.47961500697627,advisor_summarized,0.41547609971578503
6,2021-06-02,45.83140374571011,109.67125612585768,advisor_summarized,0.4178980469879403
6,2021-06-03,58.584187556839524,121.84090744021547,advisor_summarized,0.48082527278931697
6,2021-06-04,70.4825396429115,133.70590102996982,advisor_summarized,0.5271460653566294
6,2021-06-05,65.3884444470543,129.10819310995757,advisor_summarized,0.5064623930672233
6,2021-06-06,61.33451263566158,125.169037430361,advisor_summarized,0.4900134561615178
6,2021-06-07,83.08857797264628,144.2301747418679,advisor_summarized,0.5760831817707484
6,2021-06-08,77.06803532369696,139.21974846587463,advisor_summarized,0.5535711432677081
6,2021-06-09,67.29123150580463,130.97718792009826,advisor_summarized,0.5137629886118428
6,2021-06-10,69.00780245305677,132.34861056300144,advisor_summarized,0.521409345814078
6,2021-06-11,72.88544744127493,135.8734722252942,advisor_summarized,0.5364214680583292
6,2021-06-12,63.59086442776086,127.78012992395612,advisor_summarized,0.49765847370482985
6,2021-06-13,69.53273947102838,132.3449562500066,advisor_summarized,0.525390173084325
6,2021-06-14,98.0990057642035,156.65879073676027,advisor_summarized,0.6261953466054963
6,2021-06-15,103.64591423031591,210.28574535567975,advisor_summarized,0.49288131278231917
6,2021-06-16,95.31298074400591,158.12412589461306,advisor_summarized,0.6027731707907137
6,2021-06-17,80.2531337268581,141.75384872023668,advisor_summarized,0.5661443019105923
6,2021-06-18,71.71239334676206,134.7373839969945,advisor_summarized,0.5322382787865444
6,2021-06-19,66.89073622618315,130.7951949733129,advisor_summarized,0.5114158531575366
6,2021-06-20,105.1680371085452,158.34566572383437,advisor_summarized,0.664167450544339
6,2021-06-21,140.9227180700301,182.92721738516124,advisor_summarized,0.770375890938696
6,2021-06-22,284.0724953198299,249.26923666660463,advisor_summarized,1.1396211546945696
6,2021-06-23,468.10950469722354,320.63658179305787,advisor_summarized,1.4599379212423933
6,2021-06-24,758.1530385565936,398.81552948467055,advisor_summarized,1.9010118275390153
6,2021-06-25,1182.151632531967,493.3079008765867,advisor_summarized,2.3963768478699303
6,2021-06-26,1553.9794719434403,558.7828680902188,advisor_summarized,2.781007723544848
6,2021-06-27,2192.3280703249393,656.3135731323238,advisor_summarized,3.3403668003723115
6,2021-06-28,2153.462701499228,650.8306932466137,advisor_summarized,3.308790940324068
6,2021-06-29,1800.063338140072,598.4974250031718,advisor_summarized,3.0076375652418763
6,2021-06-30,1436.3177762354678,540.390659493076,advisor_summarized,2.6579248752797353
6,2021-07-01,1365.6927394517384,527.6733701647898,advisor_summarized,2.588140347172038
6,2021-07-02,1394.8891267456652,533.1348226653952,advisor_summarized,2.616390952989995
6,2021-07-03,1356.062018158342,525.2280626227517,advisor_summarized,2.5818537025359625
6,2021-07-04,1268.9907802531397,509.13562395093504,advisor_summarized,2.49244154318974
6,2021-07-05,1139.6061362619528,484.4295613318727,advisor_summarized,2.3524702603382868
6,2021-07-06,1038.2166487084626,464.0262478195811,advisor_summarized,2.2374093137768654
6,2021-07-07,2442.012036892385,650.8447048299772,advisor_summarized,3.7520656137631505
6,2021-07-08,7530.619462241667,971.2455816736192,advisor_summarized,7.753568823721334
6,2021-07-09,7852.806601080605,1131.0690137476097,advisor_summarized,6.942818259216237
6,2021-07-10,6521.838089586566,1019.5083873021356,advisor_summarized,6.39704211443019
6,2021-07-11,4842.891780556192,881.4696127922716,advisor_summarized,5.494110869250663
6,2021-07-12,3496.1886584610165,804.9768784448194,advisor_summarized,4.343216248913263
6,2021-07-13,2413.114854507655,684.936145245998,advisor_summarized,3.52312382877819
6,2021-07-14,1757.221551409558,592.2945748518711,advisor_summarized,2.9668033880759883
6,2021-07-15,1372.017402533115,528.5852451977815,advisor_summarized,2.5956407504710906
6,2021-07-16,1111.900190554019,479.0598770688942,advisor_summarized,2.3210046254700543
6,2021-07-17,897.685954867933,434.0217070530716,advisor_summarized,2.0682973691870328
6,2021-07-18,733.9287254549279,395.2274243133472,advisor_summarized,1.8569782365938474
6,2021-07-19,617.6562371141825,365.3154484514959,advisor_summarized,1.690747653109969
6,2021-07-20,533.8750728711954,341.4654302092142,advisor_summarized,1.5634820559846796
6,2021-07-21,466.69435180671366,320.2718524281683,advisor_summarized,1.4571819167636204
6,2021-07-22,409.44183977368664,301.87181232295126,advisor_summarized,1.3563433982887207
6,2021-07-23,412.1771555872744,303.06394703751477,advisor_summarized,1.3600336154014818
6,2021-07-24,417.13777232064666,304.49463708802375,advisor_summarized,1.3699347098847585
6,2021-07-25,362.4847680937497,285.54552737451996,advisor_summarized,1.269446492216692
6,2021-07-26,324.95321205726356,271.0154393069594,advisor_summarized,1.1990210332231765
6,2021-07-27,335.82011627918627,274.9943363925908,advisor_summarized,1.2211892095106955
6,2021-07-28,465.7997054371229,317.50334649405704,advisor_summarized,1.4670702232924075
6,2021-07-29,662.774502013018,377.2149379103257,advisor_summarized,1.757020826599867
6,2021-07-30,632.9452089472445,369.4934129588972,advisor_summarized,1.7130080990581935
6,2021-07-31,561.1287589221704,349.2359106497022,advisor_summarized,1.6067327036279648
6,2021-08-01,485.81962960768533,326.82463501662636,advisor_summarized,1.4864841188699576
6,2021-08-02,433.2159621536368,309.8211856157723,advisor_summarized,1.3982774008582282
6,2021-08-03,485.6709698218464,327.03188047278655,advisor_summarized,1.485087536786068
6,2021-08-04,444.8165930427446,313.7175004636595,advisor_summarized,1.4178890000887006
6,2021-08-05,455.15050655316765,317.19098826684564,advisor_summarized,1.4349414812827526
6,2021-08-06,471.0290352530327,321.91898849507004,advisor_summarized,1.4631912129664453
6,2021-08-07,456.29705975041134,317.60456168633624,advisor_summarized,1.4366829535686794
6,2021-08-08,454.5117860207747,316.81722759348787,advisor_summarized,1.4346182796724818
6,2021-08-09,439.57959710451973,311.6032930542655,advisor_summarized,1.4107026687550674
6,2021-08-10,443.089481681366,313.0345151203607,advisor_summarized,1.4154652611102632
6,2021-08-11,428.1786626077239,308.24165861557293,advisor_summarized,1.3891005665192444
6,2021-08-12,387.20311310383244,294.25116234206735,advisor_summarized,1.3158932322371197
6,2021-08-13,358.00466080478435,283.65129351637137,advisor_summarized,1.2621294842927326
6,2021-08-14,343.5465978909946,278.5932386772061,advisor_summarized,1.2331476511138417
6,2021-08-15,328.55631293580444,272.90428153758324,advisor_summarized,1.2039250944861304
6,2021-08-16,298.4793056499325,261.15454269159574,advisor_summarized,1.1429221279233674
6,2021-08-17,279.84555285820636,252.9366641338042,advisor_summarized,1.1063858765456291
6,2021-08-18,256.5743047739692,242.75719740400635,advisor_summarized,1.056917395314001
6,2021-08-19,227.44920882217465,230.1846587651706,advisor_summarized,0.9881162803912723
6,2021-08-20,207.11016763108682,220.61153691672885,advisor_summarized,0.9388002573467488
6,2021-08-21,185.72679736791355,209.33198362464927,advisor_summarized,0.88723564431959
6,2021-08-22,183.2056928084416,207.95881336597745,advisor_summarized,0.8809710434634288
6,2021-08-23,202.20437901618666,217.76831647062772,advisor_summarized,0.9285298352547979
6,2021-08-24,240.39503526905523,233.67709200010384,advisor_summarized,1.028748831181742
6,2021-08-25,315.07043539436233,267.1714993523079,advisor_summarized,1.1792816080988195
6,2021-08-26,285.66792746998743,255.45985238222343,advisor_summarized,1.118249794658795
6,2021-08-27,274.7660071585455,250.8157572294074,advisor_summarized,1.095489414994099
6,2021-08-28,253.630529316462,241.96653231498792,advisor_summarized,1.0482050012862527
6,2021-08-29,229.04137337028257,230.73455658146415,advisor_summarized,0.9926617701471874
6,2021-08-30,203.2529479342036,218.67956129141697,advisor_summarized,0.9294556232593885
6,2021-08-31,181.4341961809053,207.566890045814,advisor_summarized,0.8740998920437614
6,2021-09-01,248.43608050148754,237.94885970753225,advisor_summarized,1.044073423200453
6,2021-09-02,278.04278799105145,252.01323895406736,advisor_summarized,1.1032864350500582
6,2021-09-03,356.1886526638076,282.5639796483725,advisor_summarized,1.2605593009662979
6,2021-09-04,314.7454491399552,267.27110771424583,advisor_summarized,1.1776261633055631
6,2021-09-05,284.57526282303877,255.470216507586,advisor_summarized,1.1139273560469563
6,2021-09-06,259.71934133321093,244.45993106480955,advisor_summarized,1.0624209055526401
6,2021-09-07,240.5625680733305,236.02266043878453,advisor_summarized,1.0192350498299865
6,2021-09-08,246.12327375394418,238.5228568139113,advisor_summarized,1.0318645225097338
6,2021-09-09,275.72692485149446,214.6001806343841,advisor_summarized,1.2848401340409514
6,2021-09-10,253.7094339944238,204.9890685159945,advisor_summarized,1.2376729931558659
6,2021-09-11,244.7121843294618,201.3536305296716,advisor_summarized,1.2153353465032302
6,2021-09-12,224.1280309734778,189.88415991160912,advisor_summarized,1.1803408513791207
6,2021-09-13,199.1890109171491,182.9188520840864,advisor_summarized,1.0889474138268886
6,2021-09-14,205.69267765186498,194.83363800609743,advisor_summarized,1.0557349324115568
6,2021-09-15,343.5306700277686,278.1008881269575,advisor_summarized,1.235273545300371
6,2021-09-16,433.0362996600925,309.43323617617125,advisor_summarized,1.3994498619842817
6,2021-09-17,678.2335919127095,381.00201459992127,advisor_summarized,1.7801312484525893
6,2021-09-18,714.1788688696452,390.65986959121614,advisor_summarized,1.8281347137522908
6,2021-09-19,770.2210484185778,404.8460700740412,advisor_summarized,1.9025034583581708
6,2021-09-20,948.7984087272404,442.09625540218343,advisor_summarized,2.146135365621001
6,2021-09-21,2147.969867446278,645.6389804506698,advisor_summarized,3.326889999651119
6,2021-09-22,3746.137463798902,841.4720158427027,advisor_summarized,4.451885972758447
6,2021-09-23,3515.206866895619,815.7121094970865,advisor_summarized,4.309371929102364
6,2021-09-24,2614.907614415956,710.859179951278,advisor_summarized,3.678517051148134
6,2021-09-25,1792.5839264188533,596.9144834875796,advisor_summarized,3.0030833159640578
6,2021-09-26,1291.9775224356858,513.3365251331253,advisor_summarized,2.5168236803345194
6,2021-09-27,1041.3366251862833,465.0565656547299,advisor_summarized,2.239161216271052
6,2021-09-28,845.8454626492545,422.4817936890195,advisor_summarized,2.002087368697039
6,2021-09-29,685.2948255323832,382.8979714954837,advisor_summarized,1.7897583078223915
6,2021-09-30,571.3149183789826,351.8546907024975,advisor_summarized,1.6237240357328206
6,2021-10-01,487.09067300874887,327.0146596537141,advisor_summarized,1.4895071478585828
6,2021-10-02,418.8886684288604,305.2195008566966,advisor_summarized,1.3724177755782798
6,2021-10-03,363.6380065833838,286.13930984959825,advisor_summarized,1.2708425374148025
6,2021-10-04,323.9994346375967,270.88957388108474,advisor_summarized,1.196057234671668
6,2021-10-05,290.3821866737154,257.3090931495504,advisor_summarized,1.1285344918025988
6,2021-10-06,265.81858086373114,246.9822677974445,advisor_summarized,1.0762658519344988
6,2021-10-07,256.42176834657863,243.08308594407728,advisor_summarized,1.054872935114745
6,2021-10-08,242.28936962678824,236.94584836217885,advisor_summarized,1.0225516560072478
6,2021-10-09,234.3006020121072,233.312005857121,advisor_summarized,1.0042372279615632
6,2021-10-10,224.45088687438678,228.67008569880736,advisor_summarized,0.9815489690681365
6,2021-10-11,212.81227108871707,222.91427892849077,advisor_summarized,0.9546820962374764
6,2021-10-12,200.57232444916778,216.74130090083065,advisor_summarized,0.9253996520992511
6,2021-10-13,188.60793805592735,210.8910999891218,advisor_summarized,0.8943380638901126
6,2021-10-14,177.4653687472228,205.0809513167247,advisor_summarized,0.8653430150767504
6,2021-10-15,165.77605607267392,198.70568318644203,advisor_summarized,0.8342793895689897
6,2021-10-16,154.38171461207395,192.28853372414332,advisor_summarized,0.8028649011050737
6,2021-10-17,144.37082925182824,185.7130054219614,advisor_summarized,0.7773867474913835
6,2021-10-18,133.12555130215918,179.5408733161472,advisor_summarized,0.7414776860739842
6,2021-10-19,124.67417468462384,173.79260130655032,advisor_summarized,0.7173733159371544
6,2021-10-20,115.64027071873528,168.13186765570993,advisor_summarized,0.6877950761573427
6,2021-10-21,107.01957238912524,162.6368204416199,advisor_summarized,0.6580279428639038
6,2021-10-22,100.14273706533965,157.62747776245348,advisor_summarized,0.6353126909526267
6,2021-10-23,96.88992665893036,154.96924543880715,advisor_summarized,0.6252203550748356
6,2021-10-24,91.79849375604172,151.13366991489266,advisor_summarized,0.6073993558664714
6,2021-10-25,88.93933596083963,149.28823583747496,advisor_summarized,0.595755824040046
6,2021-10-26,86.9454809435517,147.1660948706863,advisor_summarized,0.5907983154676355
6,2021-10-27,82.06784274122161,143.66914536763238,advisor_summarized,0.5712280290330933
6,2021-10-28,152.83211181191052,189.01208584603265,advisor_summarized,0.8085838063096453
6,2021-10-29,171.53431559491608,201.33923202118729,advisor_summarized,0.8519666727290647
6,2021-10-30,149.41213490254384,188.667167897347,advisor_summarized,0.7919350068573581
6,2021-10-31,136.49233785033343,180.8690168515136,advisor_summarized,0.7546474251164217
6,2021-11-01,124.83189657116385,173.8752358502294,advisor_summarized,0.7179394809200437
6,2021-11-02,116.54159788491697,168.89602682189093,advisor_summarized,0.6900197717961463
6,2021-11-03,109.23846356249767,163.8241008753468,advisor_summarized,0.666803376174894
6,2021-11-04,103.86897482409778,160.20333008651707,advisor_summarized,0.6483571519268908
6,2021-11-05,107.37989127723142,162.93091106396625,advisor_summarized,0.6590516837843886
6,2021-11-06,543.2956718729637,337.8549336004731,advisor_summarized,1.6080738146491962
6,2021-11-07,824.6299302512075,416.51117448270475,advisor_summarized,1.9798506757360708
6,2021-11-08,1060.6894203810134,468.5140027613975,advisor_summarized,2.263943903766727
6,2021-11-09,1020.3425223297413,460.63212301941235,advisor_summarized,2.215091981951813
6,2021-11-10,895.4434631962237,433.9610539664606,advisor_summarized,2.0634189520275004
6,2021-11-11,779.3077074452373,406.85549535444073,advisor_summarized,1.9154410259749028
6,2021-11-12,681.0782815152724,382.03670532715773,advisor_summarized,1.7827561383978272
6,2021-11-13,601.9003877006229,360.8028631955102,advisor_summarized,1.66822508660212
6,2021-11-14,530.4234977059176,339.99306095330815,advisor_summarized,1.5601009509390005
6,2021-11-15,465.4751457238939,320.0837302833008,advisor_summarized,1.4542293209089683
6,2021-11-16,410.39056807890074,302.139920142431,advisor_summarized,1.358279858833085
6,2021-11-17,369.9008655931747,287.9967068702369,advisor_summarized,1.2843926918922772
6,2021-11-18,343.13964720344416,278.7055328124987,advisor_summarized,1.2311906539519402
6,2021-11-19,343.25045987693835,277.8833050218456,advisor_summarized,1.2352323931441436
6,2021-11-20,327.53278306821096,272.2224775064206,advisor_summarized,1.2031805237702526
6,2021-11-21,299.37760005901663,262.2564998986013,advisor_summarized,1.1415450148033235
6,2021-11-22,276.40522949420074,252.346442422501,advisor_summarized,1.0953403061312763
6,2021-11-23,258.39030721091933,242.16432173326265,advisor_summarized,1.0670040299971568
6,2021-11-24,235.73099373858471,233.31782339870017,advisor_summarized,1.0103428461003634
6,2021-11-25,219.01255827156623,227.11583072579265,advisor_summarized,0.9643209703685963
6,2021-11-26,210.6586876942314,222.11016075047976,advisor_summarized,0.9484423719403227
6,2021-11-27,198.93427676673494,215.85031790650123,advisor_summarized,0.9216306869323504
6,2021-11-28,184.88949052579022,209.570879700768,advisor_summarized,0.8822289183963982
6,2021-11-29,174.4608667756111,202.74038912639537,advisor_summarized,0.8605136230001322
6,2021-11-30,162.78244888327976,196.5992508005955,advisor_summarized,0.8279911964078892
6,2021-12-01,152.66459991438705,191.5434245185334,advisor_summarized,0.7970234441517751
6,2021-12-02,144.31750224196844,186.28829447973143,advisor_summarized,0.7746997880087978
6,2021-12-03,136.82471228887223,181.9576079321116,advisor_summarized,0.7519592824056114
6,2021-12-04,131.7528985414207,178.38817477933765,advisor_summarized,0.7385741723317492
6,2021-12-05,127.1825187734266,175.6997682962752,advisor_summarized,0.7238627575135103
6,2021-12-06,123.35233943494919,173.68045937128022,advisor_summarized,0.71022577831428
6,2021-12-07,121.65093445281975,172.21490499818512,advisor_summarized,0.7063902770442649
6,2021-12-08,154.90168716434135,189.01783294351912,advisor_summarized,0.8195083223212484
6,2021-12-09,249.41749894319358,239.2626641425861,advisor_summarized,1.042442203997845
6,2021-12-10,218.1166522603519,225.3949880229507,advisor_summarized,0.967708528807847
6,2021-12-11,196.59484506728222,215.15101038395673,advisor_summarized,0.9137528320989089
6,2021-12-12,206.68806360382513,218.74486860236564,advisor_summarized,0.9448818841988135
6,2021-12-13,203.5425571877899,218.09388898202016,advisor_summarized,0.9332795069951277
6,2021-12-14,193.25900979646653,213.20165613612312,advisor_summarized,0.906461109631701
6,2021-12-15,183.77665393665504,208.94601822040605,advisor_summarized,0.8795413068977406
6,2021-12-16,182.99925663799397,208.44902193778145,advisor_summarized,0.8779089243825581
6,2021-12-17,175.1593261094365,203.65504383199865,advisor_summarized,0.8600785073309103
6,2021-12-18,166.53205578929132,199.74597766484624,advisor_summarized,0.8337191954308859
6,2021-12-19,168.41154165618013,200.0356625631143,advisor_summarized,0.8419075853689025
6,2021-12-20,183.00076802030048,207.7474264058297,advisor_summarized,0.8808810351412623
6,2021-12-21,398.74281558211834,295.1649641849212,advisor_summarized,1.3509151287085195
6,2021-12-22,559.4248285278729,347.4894862508213,advisor_summarized,1.609904329951654
6,2021-12-23,559.7752870398853,348.16319477464793,advisor_summarized,1.6077956988021245
6,2021-12-24,548.6928732944451,346.12737431358283,advisor_summarized,1.5852339745811117
6,2021-12-25,518.8594182474015,337.3045589851603,advisor_summarized,1.5382520171339538
6,2021-12-26,485.5029886597345,326.5740587942909,advisor_summarized,1.4866550957911602
6,2021-12-27,452.68249409553334,316.66688874332533,advisor_summarized,1.4295226630481586
6,2021-12-28,418.44012086386175,304.98255802732166,advisor_summarized,1.372013283547763
6,2021-12-29,380.96855005372885,292.1071726388299,advisor_summarized,1.3042081322829062
6,2021-12-30,353.5948218315905,282.0367726601274,advisor_summarized,1.2537188626026976
6,2021-12-31,327.2147761477876,271.9165732087658,advisor_summarized,1.2033645918910807
6,2022-01-01,300.5809251203228,262.09489495358434,advisor_summarized,1.1468400602520477
6,2022-01-02,278.02403699528696,253.06525174259215,advisor_summarized,1.098625888306791
6,2022-01-03,268.0077835385665,246.0189362892191,advisor_summarized,1.089378677840869
6,2022-01-04,246.90395536436776,239.61944119412033,advisor_summarized,1.0304003470417331
6,2022-01-05,233.76533164402008,233.7819062238625,advisor_summarized,0.9999291023838836
6,2022-01-06,221.0673503261642,227.2094922094927,advisor_summarized,0.9729670542211972
6,2022-01-07,210.03950565694063,219.73905426507451,advisor_summarized,0.9558587860470484
6,2022-01-08,196.03277321806627,214.24602373387475,advisor_summarized,0.9149890849856237
6,2022-01-09,189.64007391055287,212.60270114810533,advisor_summarized,0.8919927775444584
6,2022-01-10,184.7006810879905,208.1197555842289,advisor_summarized,0.887473082838787
6,2022-01-11,173.6640135845633,202.6914475005861,advisor_summarized,0.8567900408529133
6,2022-01-12,162.52874995323606,198.34802725893363,advisor_summarized,0.819411981048154
6,2022-01-13,151.44604845420818,191.94008734995373,advisor_summarized,0.7890277145601429
6,2022-01-14,140.64717330504442,183.6510528723835,advisor_summarized,0.7658391885331479
6,2022-01-15,132.92695738947995,179.8600732197318,advisor_summarized,0.7390576185693281
6,2022-01-16,200.21207594988627,215.1507012111238,advisor_summarized,0.9305666903377717
6,2022-01-17,212.52012223607474,221.28697900848695,advisor_summarized,0.9603824101549329
6,2022-01-18,194.88663507207528,213.2066773331757,advisor_summarized,0.9140737875086722
6,2022-01-19,179.84977357419325,206.69387291785335,advisor_summarized,0.8701262937081411
6,2022-01-20,170.07563404465193,201.8246702445797,advisor_summarized,0.8426900132602574
6,2022-01-21,163.5076571831244,196.48605761844388,advisor_summarized,0.8321590812343529
6,2022-01-22,160.88797878304666,195.80466364534888,advisor_summarized,0.821675928385725
6,2022-01-23,156.1649582214008,194.07813813744696,advisor_summarized,0.8046499194608108
6,2022-01-24,145.72982811281133,187.0664487144163,advisor_summarized,0.7790270736110929
6,2022-01-25,139.2233858679736,182.74362478703424,advisor_summarized,0.7618508499556237
6,2022-01-26,137.0811589451841,181.06821168593697,advisor_summarized,0.7570691601182405
6,2022-01-27,120.59120967022835,167.65086920398446,advisor_summarized,0.7192996388435208
6,2022-01-28,125.427691925645,109.2369324135724,advisor_summarized,1.1482169002217508
6,2022-01-29,106.59328963389972,117.41349407742544,advisor_summarized,0.90784530748748
6,2022-01-30,103.06746581879548,127.11897793308998,advisor_summarized,0.8107952682961769
6,2022-01-31,99.76375501279969,140.07437232746224,advisor_summarized,0.7122198968671769
6,2022-02-01,94.74932982038025,137.87487428361283,advisor_summarized,0.6872124476101279
6,2022-02-02,90.98930444578394,134.97024773527065,advisor_summarized,0.674143420291037
6,2022-02-03,91.29916216211798,132.32166750101993,advisor_summarized,0.6899789270069034
6,2022-02-04,108.26664597841538,131.465284764847,advisor_summarized,0.8235379109555255
6,2022-02-05,105.04990320448563,140.6449661451642,advisor_summarized,0.7469154857349124
6,2022-02-06,105.1721591215972,139.0703161853273,advisor_summarized,0.756251671862478
6,2022-02-07,154.70081642790677,138.25825928667604,advisor_summarized,1.1189264006798856
6,2022-02-08,171.03303598287891,168.32609959163938,advisor_summarized,1.0160815013108875
6,2022-02-09,160.36764260389438,177.45108562373605,advisor_summarized,0.9037287207356676
6,2022-02-10,149.72826762681933,172.4796370186201,advisor_summarized,0.8680924323295935
6,2022-02-11,141.45763645175003,167.0306950702347,advisor_summarized,0.8468960534006551
6,2022-02-12,145.49932755908986,162.35335272653262,advisor_summarized,0.8961892385688418
6,2022-02-13,140.719578312752,163.1992198967261,advisor_summarized,0.8622564397170561
6,2022-02-14,132.3063338643491,158.38844456225758,advisor_summarized,0.8353281972684794
6,2022-02-15,126.94247460356158,155.533005278546,advisor_summarized,0.816177083289934
6,2022-02-16,123.18586283497936,154.82301080103343,advisor_summarized,0.7956560345754309
6,2022-02-17,123.56852633254479,154.07957574378602,advisor_summarized,0.8019786252398755
6,2022-02-18,118.99028384322745,151.87711680189918,advisor_summarized,0.7834642001956907
6,2022-02-19,109.57803213552967,146.69078471856955,advisor_summarized,0.7470001087372887
6,2022-02-20,103.31125830012067,142.78915916240388,advisor_summarized,0.7235231225265337
6,2022-02-21,98.90373013320459,139.69525345127042,advisor_summarized,0.7079963541331413
6,2022-02-22,94.90712887770981,137.20256854133626,advisor_summarized,0.6917299718708712
6,2022-02-23,92.07174355289715,134.17393609030725,advisor_summarized,0.6862118399129861
6,2022-02-24,88.37745704337156,131.2853972803468,advisor_summarized,0.6731705039110356
6,2022-02-25,84.01941130893596,127.76293957353651,advisor_summarized,0.6576195850642346
6,2022-02-26,79.93670576514647,124.57321065274256,advisor_summarized,0.6416845591944821
6,2022-02-27,81.91633469683032,122.37146986569684,advisor_summarized,0.6694071321259262
6,2022-02-28,84.12739141556722,121.47444009112566,advisor_summarized,0.6925522056529583
6,2022-03-01,80.34486657048768,123.12223846878923,advisor_summarized,0.6525617757579565
6,2022-03-02,76.60474706862368,120.93192546389064,advisor_summarized,0.6334534637960204
6,2022-03-03,74.22380913233557,118.10479669988064,advisor_summarized,0.6284571940032863
6,2022-03-04,71.07010905141269,116.62259089803376,advisor_summarized,0.609402590905832
6,2022-03-05,68.5180297285903,115.59377700635038,advisor_summarized,0.5927484290510391
6,2022-03-06,66.21449942219857,113.7332200009118,advisor_summarized,0.582191372245222
6,2022-03-07,64.39948561596188,111.35112948527718,advisor_summarized,0.5783460474415463
6,2022-03-08,65.43561067926453,110.26005089200244,advisor_summarized,0.593466175191207
6,2022-03-09,156.20451126086584,109.8684372476734,advisor_summarized,1.421741449809997
6,2022-03-10,377.76931405347995,169.46849431009437,advisor_summarized,2.2291418566700405
6,2022-03-11,1116.9755568311016,257.5963812639333,advisor_summarized,4.33614614984303
6,2022-03-12,1576.0645659664979,447.09380171877086,advisor_summarized,3.5251317730364504
6,2022-03-13,1528.3074249953147,533.7348382666361,advisor_summarized,2.8634207764264836
6,2022-03-14,1363.1390118671895,528.4905324315193,advisor_summarized,2.5793063985376543
6,2022-03-15,1406.9364422495346,501.1088739338912,advisor_summarized,2.8076462330522305
6,2022-03-16,1300.42525619487,507.6738824779556,advisor_summarized,2.5615366499601984
6,2022-03-17,1118.5048532547628,487.0133252117794,advisor_summarized,2.296661703801179
6,2022-03-18,934.9766327360613,454.11739657919344,advisor_summarized,2.0588875030534335
6,2022-03-19,838.6008738853327,416.1502954020293,advisor_summarized,2.0151394415692714
6,2022-03-20,727.2791537227632,393.621030192364,advisor_summarized,1.847663356216865
6,2022-03-21,629.840243855017,368.4285730388283,advisor_summarized,1.7095314803085015
6,2022-03-22,557.226528695287,345.5283568710535,advisor_summarized,1.612679589430156
6,2022-03-23,1007.1396492206738,325.0141371972723,advisor_summarized,3.0987564353527643
6,2022-03-24,2155.1277075695816,422.9915211081852,advisor_summarized,5.094966683784618
6,2022-03-25,2333.4731070792886,621.649826493472,advisor_summarized,3.7536777259983563
6,2022-03-26,2000.7602846817604,647.7998400930045,advisor_summarized,3.0885470493393634
6,2022-03-27,1582.0706161673872,600.7983469873781,advisor_summarized,2.6332805742566805
6,2022-03-28,1237.780159660987,537.7183894136028,advisor_summarized,2.3019115284690588
6,2022-03-29,967.6174988285693,489.75116126343545,advisor_summarized,1.975732934113639
6,2022-03-30,801.9337850806918,400.27111406441526,advisor_summarized,2.0034765360351168
6,2022-03-31,758.8776819168602,349.9596652331417,advisor_summarized,2.168471847780798
6,2022-04-01,688.2755748771914,405.2057939790081,advisor_summarized,1.698582757463848
6,2022-04-02,705.5217662699298,371.1998837422154,advisor_summarized,1.9006519052680755
6,2022-04-03,615.6868029632872,353.3006668879439,advisor_summarized,1.7426709334759451
6,2022-04-04,533.5511790900159,346.5926712109345,advisor_summarized,1.5394185261502527
6,2022-04-05,472.5126536743799,303.6974148288421,advisor_summarized,1.5558665652148496
6,2022-04-06,433.5547399224378,294.2646641797217,advisor_summarized,1.4733496498160747
6,2022-04-07,386.5277818325459,272.76091654791844,advisor_summarized,1.417093719747202
6,2022-04-08,337.988481707854,311.7945699446713,advisor_summarized,1.0840101601763972
6,2022-04-09,295.3665900397841,284.72897594160077,advisor_summarized,1.0373604901398064
6,2022-04-10,259.2781953160317,274.93228128708586,advisor_summarized,0.9430620300469261
6,2022-04-11,226.5325833304753,238.32345114504437,advisor_summarized,0.9505257759657352
6,2022-04-12,199.81485083982398,218.33835182112043,advisor_summarized,0.915161487540804
6,2022-04-13,182.13451482904065,161.016258330652,advisor_summarized,1.1311560504344949
6,2022-04-14,67.882471715972315,138.16071898974556,advisor_summarized,0.4913297514108234
6,2022-04-15,62.14468018989624,118.78199914199315,advisor_summarized,0.5231826424777368
6,2022-04-16,53.5136569611523,112.29175493605668,advisor_summarized,0.4765590936896932
6,2022-04-17,49.68422451407154,108.38205335739222,advisor_summarized,0.4584174498912353
6,2022-04-18,54.9276513842025,119.08293385112891,advisor_summarized,0.4612554428065242
6,2022-04-19,47.20193122962901,107.71167874091373,advisor_summarized,0.4382248218706817
6,2022-04-20,60.51785640301387,99.8494443308048,advisor_summarized,0.6060910684942425
6,2022-04-21,70.67797841766233,93.76473850611524,advisor_summarized,0.7537799341599272
6,2022-04-22,62.65241166908018,88.54739304593544,advisor_summarized,0.707557947376025
6,2022-04-23,25.47098113245108,83.66666069964691,advisor_summarized,0.3044340591515752
6,2022-04-24,22.583569749519654,78.25904921775644,advisor_summarized,0.28857454793094517
6,2022-04-25,23.88112804719279,72.89986206477751,advisor_summarized,0.32758811019384987
6,2022-04-26,23.075019704928366,68.04988053133773,advisor_summarized,0.3390897900886403
6,2022-04-27,15.799399703711419,64.22164883220178,advisor_summarized,0.24601361053485352
6,2022-04-28,17.40875796872865,61.00550306563338,advisor_summarized,0.285363731039137
6,2022-04-29,22.07479342800122,56.769669004932126,advisor_summarized,0.38884837299444835
6,2022-04-30,27.95003570987121,52.52773861802425,advisor_summarized,0.5321004948094319
6,2022-05-01,8.773250290107976,50.83979100728323,advisor_summarized,0.1725666080895402
6,2022-05-02,10.931021614295725,54.49606088966333,advisor_summarized,0.20058370157115507
6,2022-05-03,8.468380428291315,50.05517239877499,advisor_summarized,0.16918092621530084
6,2022-05-04,10.612470538745894,54.702798351484866,advisor_summarized,0.19400233367508934
6,2022-05-05,10.416060558048066,49.07065086817568,advisor_summarized,0.21226660689767426
6,2022-05-06,9.834338163456685,52.242540012273814,advisor_summarized,0.18824387484119676
6,2022-05-07,29.552806920576124,105.16168924250135,advisor_summarized,0.28102255805750487
6,2022-05-08,23.75073392728319,84.90659811069388,advisor_summarized,0.27972777682505945
6,2022-05-09,37.19115966042423,73.5855022806364,advisor_summarized,0.5054142257341209
6,2022-05-10,27.624445521892735,65.61317050281967,advisor_summarized,0.4210198243766562
6,2022-05-11,21.5618111984627,60.411826488626026,advisor_summarized,0.35691374440602663
6,2022-05-12,12.165336080125552,55.79344061302635,advisor_summarized,0.21804240689335183
6,2022-05-13,10.830634900710878,61.620418577577006,advisor_summarized,0.17576373466330245
6,2022-05-14,16.982441883677378,88.10417585862893,advisor_summarized,0.19275410862394574
6,2022-05-15,17.15276840403694,85.33517744860927,advisor_summarized,0.20100466087817906
6,2022-05-16,20.53256835371713,89.9284344582901,advisor_summarized,0.22832120315894508
6,2022-05-17,16.566317629316007,79.62087951100342,advisor_summarized,0.20806499163359002
6,2022-05-18,15.470644570057356,71.90743415176966,advisor_summarized,0.21514666393748133
6,2022-05-19,18.25361965309171,64.82464288610771,advisor_summarized,0.28158457710537677
6,2022-05-20,24.048172899994505,59.0921516733676,advisor_summarized,0.4069605221505725
6,2022-05-21,34.79547169440248,59.88212888578758,advisor_summarized,0.581066043272567
6,2022-05-22,35.37260979800253,67.19221875254927,advisor_summarized,0.5264390796242384
6,2022-05-23,22.410456830694645,65.8439447535749,advisor_summarized,0.3403571416409996
6,2022-05-24,19.240266435729946,58.89240593931711,advisor_summarized,0.32670199372657943
6,2022-05-25,28.60861353307979,52.92772279639826,advisor_summarized,0.5405222824932611
6,2022-05-26,33.67394887118465,49.22835728068643,advisor_summarized,0.6840355992215044
6,2022-05-27,27.18080897299673,47.081930910902535,advisor_summarized,0.5773087137066123
6,2022-05-28,16.86820931399187,45.69451616909004,advisor_summarized,0.3691517216545633
6,2022-05-29,11.572792035367813,43.79991435595419,advisor_summarized,0.2642195128811844
6,2022-05-30,11.981344301899174,44.22734546317755,advisor_summarized,0.2709035366337893
6,2022-05-31,11.997722569803098,40.64939342981652,advisor_summarized,0.29515133086838913
6,2022-06-01,8.567242421859016,38.51403324050255,advisor_summarized,0.22244469615426926
6,2022-06-02,5.676372556677568,35.42759547460653,advisor_summarized,0.16022460685332784
6,2022-06-03,2.807561091427597,32.18316551983984,advisor_summarized,0.08723694658615325
6,2022-06-04,0.4127200589744346,30.82866272145687,advisor_summarized,0.013387543361949975
6,2022-06-05,0.04395925715089806,28.730972811234285,advisor_summarized,0.0015300302373927716
6,2022-06-06,1.1126185574439342,29.71918904227131,advisor_summarized,0.03743771594377602
6,2022-06-07,0.7849597140305594,32.7600292170094,advisor_summarized,0.023960897862172814
6,2022-06-08,0.39650060252580427,29.053812136507844,advisor_summarized,0.013647111114468096
6,2022-06-09,1.2675022309531925,26.769860643219214,advisor_summarized,0.047348107180910926
6,2022-06-10,3.541062023954241,30.83383318011383,advisor_summarized,0.11484339307634434
6,2022-06-11,2.1540148058207107,33.50487508764221,advisor_summarized,0.06428959368409011
6,2022-06-12,0.6145409308776575,33.000985084868425,advisor_summarized,0.018621896567549315
6,2022-06-13,1.4410925066906297,31.96255850435738,advisor_summarized,0.04508689460808243
6,2022-06-14,2.803872089937803,27.58480713004458,advisor_summarized,0.10164552091009206
6,2022-06-15,1.9501047190631438,25.30132175452535,advisor_summarized,0.07707521124718915
6,2022-06-16,1.7478691980506167,23.878326389918556,advisor_summarized,0.07319898260493533
6,2022-06-17,1.336141925366581,21.476427874300857,advisor_summarized,0.062214346500585244
6,2022-06-18,1.115727749955559,19.624278676534978,advisor_summarized,0.05685445912922395
6,2022-06-19,1.2309927778020726,20.16521109276074,advisor_summarized,0.0610453702735597
6,2022-06-20,1.1324360367734936,19.472020484012813,advisor_summarized,0.05815708943523667
6,2022-06-21,0.9092687967445625,23.381415734840687,advisor_summarized,0.038888526129307883
6,2022-06-22,0.6418417182906859,54.025933168742974,advisor_summarized,0.01188025232782147
6,2022-06-23,0.43611244512514774,40.84548115676659,advisor_summarized,0.010677128357267496
6,2022-06-24,0.435099824398138,23.215460869564623,advisor_summarized,0.01874181291694933
6,2022-06-25,0.3415915475758867,11.080607112833532,advisor_summarized,0.030827872886157678
6,2022-06-26,0.23410920237583352,9.371648842417754,advisor_summarized,0.024980577731019277
6,2022-06-27,0.23632962491602028,9.501087247154915,advisor_summarized,0.02487395587139659
6,2022-06-28,0.2064643362041515,8.72839855381435,advisor_summarized,0.02365432042673231
6,2022-06-29,0.17798356291076337,8.097790552244625,advisor_summarized,0.021979274687640337
6,2022-06-30,0.9106430006013495,14.533667118440585,advisor_summarized,0.06265748301376112
6,2022-07-01,0.9943381250200601,18.63947967674849,advisor_summarized,0.05334580912472738
6,2022-07-02,0.7084889807574686,15.795225902974662,advisor_summarized,0.04485462791792305
6,2022-07-03,0.6181432487777524,14.80380353968654,advisor_summarized,0.041755704682287426
6,2022-07-04,0.5030648772826664,13.421814004241648,advisor_summarized,0.037481139071341964
6,2022-07-05,1.0161101732843587,17.464004650260616,advisor_summarized,0.0581831139897913
6,2022-07-06,1.064852830591456,18.94379240425698,advisor_summarized,0.056211175031255424
6,2022-07-07,0.6565666295873197,15.264565209714815,advisor_summarized,0.04301246845664897
6,2022-07-08,1.8292090363482134,21.814206534349868,advisor_summarized,0.08385402574546265
6,2022-07-09,1.8541146446689805,24.80602718449875,advisor_summarized,0.07474452200179858
6,2022-07-10,1.2634328307119782,20.97818723521772,advisor_summarized,0.06022602508718937
6,2022-07-11,1.080354663989182,19.176822733986015,advisor_summarized,0.05633647862190067
6,2022-07-12,0.8925459974926047,17.552202170095057,advisor_summarized,0.050850941029684536
6,2022-07-13,0.6947975753716483,15.428543083768467,advisor_summarized,0.04503325891493975
6,2022-07-14,0.5540779006508905,13.97649726428751,advisor_summarized,0.03964354517255623
6,2022-07-15,0.6574502356188319,15.35287097112518,advisor_summarized,0.04282262495759441
6,2022-07-16,0.4873208650516404,13.474969732819227,advisor_summarized,0.03616489496556987
6,2022-07-17,0.6412053901259305,14.643617527478844,advisor_summarized,0.04378736257777181
6,2022-07-18,0.9118021546604901,17.805335729418236,advisor_summarized,0.051209489588786426
6,2022-07-19,1.2823637594321176,20.492361253735933,advisor_summarized,0.06257764752211421
6,2022-07-20,1.2697985411279455,20.79895452277216,advisor_summarized,0.0610510754152417
6,2022-07-21,1.881428934076248,24.522194591133083,advisor_summarized,0.07672351375747377
6,2022-07-22,8.76559965048604,42.7167241688075,advisor_summarized,0.2052029929974554
6,2022-07-23,15.672514158203015,66.56135725740292,advisor_summarized,0.23545965412927222
6,2022-07-24,10.842719104717778,55.98896518469724,advisor_summarized,0.19365814440309181
6,2022-07-25,8.310975051817618,49.667467020363375,advisor_summarized,0.16733237167923554
6,2022-07-26,6.426048514949899,43.890254978750846,advisor_summarized,0.1464117380512149
6,2022-07-27,5.671979386447624,41.640649364255275,advisor_summarized,0.13621255847456845
6,2022-07-28,5.192504077421932,39.846646006645976,advisor_summarized,0.13031219933933413
6,2022-07-29,4.127257270340721,35.83871941630682,advisor_summarized,0.11516196274755272
6,2022-07-30,3.548677963743015,33.1171034261484,advisor_summarized,0.10715544527185526
6,2022-07-31,3.114441254492319,31.382053856918063,advisor_summarized,0.09924274774022643
6,2022-08-01,2.6874075639235366,29.523865175651057,advisor_summarized,0.09102492332677015
6,2022-08-02,2.3860618291654525,27.901334526025867,advisor_summarized,0.0855178388309626
6,2022-08-03,3.867406436125348,32.154297478204384,advisor_summarized,0.12027650234768303
6,2022-08-04,6.187048996222766,42.99150677044662,advisor_summarized,0.14391328569288225
6,2022-08-05,4.246085782529633,36.129314408040266,advisor_summarized,0.1175246708137009
6,2022-08-06,3.8709885669189457,34.68023125491879,advisor_summarized,0.1116194565850801
6,2022-08-07,3.6408544466485693,34.040808867880145,advisor_summarized,0.1069555797213728
6,2022-08-08,3.267695356049348,32.12910884380486,advisor_summarized,0.10170513511393037
6,2022-08-09,2.823506109118612,29.998290119244903,advisor_summarized,0.09412223489722299
6,2022-08-10,2.573546760220843,28.728497168656062,advisor_summarized,0.08958167025279294
6,2022-08-11,2.3876273573583875,28.10323085206143,advisor_summarized,0.084959176755410315
6,2022-08-12,2.0899831555803807,26.199685417796427,advisor_summarized,0.07977130726007635
6,2022-08-13,3.001006687773157,29.983722611270014,advisor_summarized,0.10008786189361174
6,2022-08-14,3.6115935105560855,33.68776373182987,advisor_summarized,0.10720787343754946
6,2022-08-15,2.718302826483529,29.51295441785039,advisor_summarized,0.09210541201660961
6,2022-08-16,2.3143033318907213,27.482371877471792,advisor_summarized,0.08421046561078785
6,2022-08-17,2.2662580033311595,26.94704729838035,advisor_summarized,0.08410042028862184
6,2022-08-18,2.6143751069305883,29.099243359148105,advisor_summarized,0.08984340502134366
6,2022-08-19,2.462248689752536,28.003093048747704,advisor_summarized,0.08792774017735329
6,2022-08-20,2.051740080179118,25.822812961282377,advisor_summarized,0.07945455374112068
6,2022-08-21,2.1305098389270105,26.418960059909605,advisor_summarized,0.08064321358962304
6,2022-08-22,1.911234580880142,25.249122358994367,advisor_summarized,0.07569508966315863
6,2022-08-23,1.7284511324364653,23.96853157135354,advisor_summarized,0.07211335109499396
6,2022-08-24,2.1196203874869464,25.115717510125076,advisor_summarized,0.08439418012375911
6,2022-08-25,3.795238397820709,34.48530293084398,advisor_summarized,0.11005379321827596
6,2022-08-26,4.870649489387141,36.82049186045358,advisor_summarized,0.13228094583435968
6,2022-08-27,9.568503804842996,53.02503795061935,advisor_summarized,0.18045255929385398
6,2022-08-28,11.359093690294175,55.601759438001714,advisor_summarized,0.20429378143977692
6,2022-08-29,35.91126522690846,97.46283088007328,advisor_summarized,0.3684611343897531
6,2022-08-30,44.73639637628644,108.4573792976172,advisor_summarized,0.4124790462945411
6,2022-08-31,44.608488853217715,108.26036359960445,advisor_summarized,0.4120482083193438
6,2022-09-01,67.1642710633523,130.25446471329028,advisor_summarized,0.515638916571428
6,2022-09-02,92.39113860574074,151.36071234856087,advisor_summarized,0.6104036983717274
6,2022-09-03,104.13947944909802,160.39771007077982,advisor_summarized,0.6492578940381609
6,2022-09-04,129.95498400258208,175.64336676255667,advisor_summarized,0.73987982807379
6,2022-09-05,205.50303709481437,219.33181993059677,advisor_summarized,0.9369504030917254
6,2022-09-06,200.00831759543271,216.8371860145182,advisor_summarized,0.9223893801224725
6,2022-09-07,185.7548078612,209.84209188650493,advisor_summarized,0.8852123336707262
6,2022-09-08,190.3311321623171,211.6434466029831,advisor_summarized,0.8993008534743565
6,2022-09-09,297.3184640006311,258.79031713166955,advisor_summarized,1.1488778532983475
6,2022-09-10,605.9823071839254,356.6809908114904,advisor_summarized,1.6989475828393483
6,2022-09-11,1219.1334380786802,461.75969469738857,advisor_summarized,2.6401902376465145
6,2022-09-12,1291.971516234478,469.2187834848026,advisor_summarized,2.7534522523570786
6,2022-09-13,1074.510790139052,615.1986749888756,advisor_summarized,1.7466077770055046
6,2022-09-14,658.7030914341958,349.5516599028096,advisor_summarized,1.8844227248623096
6,2022-09-15,472.1144854227672,293.56737959017363,advisor_summarized,1.6081980432630123
6,2022-09-16,340.2800412696165,250.12027488188153,advisor_summarized,1.3604656456991047
6,2022-09-17,255.26415119750564,217.8290018162851,advisor_summarized,1.1718556715087598
6,2022-09-18,213.28196491468358,199.2078079320875,advisor_summarized,1.0706506292534184
6,2022-09-19,197.5019307200383,192.79056751671976,advisor_summarized,1.0244377267207845
6,2022-09-20,174.9168826753587,181.64411462188727,advisor_summarized,0.962964767889496
6,2022-09-21,137.7923934299157,160.84660180204233,advisor_summarized,0.8566695962871508
6,2022-09-22,105.83813538276765,142.02434355933292,advisor_summarized,0.7452112273875928
6,2022-09-23,85.41677088999755,125.5439936509404,advisor_summarized,0.6803732174355418
6,2022-09-24,69.74654278021924,113.75959307338552,advisor_summarized,0.6131047140369624
6,2022-09-25,57.337597368845515,102.6774110181162,advisor_summarized,0.5584246505663157
6,2022-09-26,46.71709480334488,92.86849850734006,advisor_summarized,0.5030456565382339
6,2022-09-27,38.83148472634873,82.33274693682118,advisor_summarized,0.47164082544393227
6,2022-09-28,35.28655053902115,77.8217053923788,advisor_summarized,0.4534281324356176
6,2022-09-29,39.30386221681029,84.13630016573028,advisor_summarized,0.46714512213384946
6,2022-09-30,33.36300257303622,77.75109351840196,advisor_summarized,0.42910010732054765
6,2022-10-01,27.057646512760385,68.7710923707153,advisor_summarized,0.39344505925402906
6,2022-10-02,21.68430037981716,60.22592105505357,advisor_summarized,0.3600492943892906
6,2022-10-03,18.05507497787037,54.57157147610389,advisor_summarized,0.3308512928893101
6,2022-10-04,14.97807711218575,49.720683357200095,advisor_summarized,0.3012443936979149
6,2022-10-05,11.943061831478138,44.508146819586464,advisor_summarized,0.2683342867518002
6,2022-10-06,9.795299590531224,39.87399785801304,advisor_summarized,0.24565632032712692
6,2022-10-07,8.023948040059368,35.5436830379679,advisor_summarized,0.22574891947714465
6,2022-10-08,6.537557706571122,31.079406829180215,advisor_summarized,0.2103501441486026
6,2022-10-09,5.26132884800451,27.22022144580619,advisor_summarized,0.19328751084848803
6,2022-10-10,4.4670806191933705,24.357289367454303,advisor_summarized,0.1833981011516901
6,2022-10-11,3.809520034858217,21.873508711182986,advisor_summarized,0.1741613604455957
6,2022-10-12,3.3384206191433297,20.398718724138742,advisor_summarized,0.16365834856053105
6,2022-10-13,3.585650303788362,21.354409677876763,advisor_summarized,0.1679114692410864
6,2022-10-14,3.23289174241402,19.138196753010515,advisor_summarized,0.1689235294284177
6,2022-10-15,2.520927271630416,16.046595506250856,advisor_summarized,0.15710044355816183
6,2022-10-16,1.9073557588551533,13.869005638447293,advisor_summarized,0.13752649674953132
6,2022-10-17,2.265956326035521,16.06175942672167,advisor_summarized,0.1410777154503814
6,2022-10-18,3.345181717858401,20.05709333534709,advisor_summarized,0.1667829760737618
6,2022-10-19,2.2121865907541927,15.563111556308176,advisor_summarized,0.14214295019028697
6,2022-10-20,1.4376764976708865,12.193530988574524,advisor_summarized,0.11790485455099146
6,2022-10-21,1.1461177780705256,10.061483153087288,advisor_summarized,0.11391141451336112
6,2022-10-22,0.8688109267544691,7.948028840155835,advisor_summarized,0.10931149650149415
6,2022-10-23,0.6951970130991081,6.610728702475484,advisor_summarized,0.10516193363657193
6,2022-10-24,0.5713661835829638,5.304795190879294,advisor_summarized,0.10770749162292488
6,2022-10-25,0.44296736455203195,4.373628324426346,advisor_summarized,0.10128143767454964
6,2022-10-26,0.3631523156415839,3.394415186165229,advisor_summarized,0.10698523772863737
6,2022-10-27,0.36985064268069856,2.707239721787147,advisor_summarized,0.13661540191813779
6,2022-10-28,0.32946074582356905,2.5215002848558985,advisor_summarized,0.13066060226219545
6,2022-10-29,0.32695212472257484,2.534070534514879,advisor_summarized,0.12902250362386475
6,2022-10-30,0.32481367779807924,2.5826980242896984,advisor_summarized,0.12576525584612647
6,2022-10-31,0.29530083971961857,2.194933815598245,advisor_summarized,0.134537468793396
6,2022-11-01,0.24292680851192844,1.4486341783489995,advisor_summarized,0.16769368840157478
6,2022-11-02,0.21301138092174413,1.2279067241136812,advisor_summarized,0.17347521333552307
6,2022-11-03,0.18791706126493823,0.7461384038011176,advisor_summarized,0.25185282021085637
6,2022-11-04,0.1549215194490955,0.40710162767030905,advisor_summarized,0.38054753142514713
6,2022-11-05,0.14352154859105237,0.387934355877207,advisor_summarized,0.36996349103063536
6,2022-11-06,0.15905862077661967,0.351039551613247,advisor_summarized,0.453107406403767
6,2022-11-07,0.1495394196634958,0.2288715610912703,advisor_summarized,0.6533770248714381
6,2022-11-08,0.11249589561136432,0.01935960098321068,advisor_summarized,5.810858173622725
6,2022-11-09,0.1076919115406737,0.01007691131759783,advisor_summarized,10.686996059259325
6,2022-11-10,8.514447862192506,28.175439814383765,advisor_summarized,0.30219396461189646
6,2022-11-11,9.858647537503831,38.496041316435395,advisor_summarized,0.25609509966145033
6,2022-11-12,6.730885083340142,31.223096920798156,advisor_summarized,0.21557390993001088
6,2022-11-13,4.846528614465787,24.624606943669495,advisor_summarized,0.1968164862713366
6,2022-11-14,3.925900885471888,20.485846448597307,advisor_summarized,0.19163967158119063
6,2022-11-15,14.004378504629067,18.93442053077054,advisor_summarized,0.7396254076997176
6,2022-11-16,13.291566537720541,18.415650476494104,advisor_summarized,0.7217538448987187
6,2022-11-17,11.369719407761957,15.436343757576465,advisor_summarized,0.736555209337151
6,2022-11-18,10.063902038179588,13.300809681058922,advisor_summarized,0.7566383009382603
6,2022-11-19,8.880761975860523,11.291609121341985,advisor_summarized,0.7864921536360322
6,2022-11-20,8.489862403268516,10.505230993877694,advisor_summarized,0.8081557091144681
6,2022-11-21,7.902306634724156,9.44949371082394,advisor_summarized,0.8362677278331265
6,2022-11-22,7.296928729687435,8.5247538003064,advisor_summarized,0.8559694391907443
6,2022-11-23,7.052199094361433,7.89314581325122,advisor_summarized,0.8934586109535715
6,2022-11-24,6.476698536355815,6.830514036635443,advisor_summarized,0.9482007505757342
6,2022-11-25,6.221022493774357,6.330520204865587,advisor_summarized,0.9827032048634691
6,2022-11-26,6.247812172090855,6.450547482914779,advisor_summarized,0.9685708366055908
6,2022-11-27,6.222529989827291,6.268485877484745,advisor_summarized,0.9926687419329571
6,2022-11-28,6.343270157906299,6.273562237932275,advisor_summarized,1.0111113777675695
6,2022-11-29,5.811596254721128,5.392705831543289,advisor_summarized,1.0776772248038535
6,2022-11-30,7.801297744454407,8.908358844121471,advisor_summarized,0.8757278283196235
6,2022-12-01,8.997764506603673,11.161016786277658,advisor_summarized,0.8061778491065725
6,2022-12-02,7.476433733457558,8.709489506479594,advisor_summarized,0.8584238752334818
6,2022-12-03,6.516477428820145,7.006540124756444,advisor_summarized,0.9300563919979928
6,2022-12-04,5.791544126237081,5.628126733978064,advisor_summarized,1.0290358408726719
6,2022-12-05,5.657036561418243,5.104167062314424,advisor_summarized,1.1083172812241626
6,2022-12-06,5.399031899350748,4.452277106464586,advisor_summarized,1.2126450735762828
6,2022-12-07,4.9482004361480545,3.704889496746348,advisor_summarized,1.3355865108780136
6,2022-12-08,4.469070704913648,3.06635215669953,advisor_summarized,1.4574551377438443
6,2022-12-09,4.282848347222337,2.494685715389863,advisor_summarized,1.7167887404818944
6,2022-12-10,4.311747276341046,2.473263157089463,advisor_summarized,1.7433435111753783
6,2022-12-11,4.283038045394475,2.5147631731367617,advisor_summarized,1.7031576138647186
6,2022-12-12,4.14377619444766,2.1718474361400903,advisor_summarized,1.907949944132436
6,2022-12-13,4.034579371080645,1.9272624220384624,advisor_summarized,2.0934250182771046
6,2022-12-14,3.770329788623136,1.593431140404367,advisor_summarized,2.3661705190889735
6,2022-12-15,6.455037118818406,6.4619560977618375,advisor_summarized,0.9989292748451466
6,2022-12-16,6.402094757305,6.404162731527927,advisor_summarized,0.9996770890575991
6,2022-12-17,5.500595407610353,4.922669265529863,advisor_summarized,1.1174009690489097
6,2022-12-18,5.2508073501433445,4.047779271406294,advisor_summarized,1.2972069369580743
6,2022-12-19,4.658385925177171,3.120583815522958,advisor_summarized,1.4927930799373526
6,2022-12-20,4.469851188468082,2.9021746362231866,advisor_summarized,1.5401730594286458
6,2022-12-21,5.2957064279166906,4.694700915424019,advisor_summarized,1.128017848915172
6,2022-12-22,4.907706717331866,3.776820700506834,advisor_summarized,1.2994280392164954
6,2022-12-23,4.923996078262958,3.2753963516029123,advisor_summarized,1.5033283150154497
6,2022-12-24,4.17115477240597,2.107107343030309,advisor_summarized,1.979564442316108
6,2022-12-25,3.975469307109848,1.7857375867172112,advisor_summarized,2.2262337628330395
6,2022-12-26,3.743626471999633,1.3620037470149156,advisor_summarized,2.7486168670273385
6,2022-12-27,3.5690704703493252,1.1528812006262952,advisor_summarized,3.09578338896536
6,2022-12-28,3.507983095507733,0.94515955203078,advisor_summarized,3.711524776923053
6,2022-12-29,3.4695380691820477,0.965806389414412,advisor_summarized,3.5923743176784106
6,2022-12-30,3.4470067715883372,0.9726793505491624,advisor_summarized,3.5438264106688404
6,2022-12-31,3.526834821075688,1.068520611278381,advisor_summarized,3.3006708376511082
6,2023-01-01,3.6754995321344603,1.1935575718200784,advisor_summarized,3.079448883667691
6,2023-01-02,3.411448421168129,0.7823041258086346,advisor_summarized,4.360770074735141
6,2023-01-03,3.278566013048608,0.6649713281972615,advisor_summarized,4.9303870317789595
6,2023-01-04,4.9241084347108295,3.5844361295667064,advisor_summarized,1.3737470153516351
6,2023-01-05,5.756461745593202,5.179288329602436,advisor_summarized,1.1114387497394012
6,2023-01-06,4.698468999100614,3.141979863213782,advisor_summarized,1.4953848221976742
6,2023-01-07,4.0234762733686384,1.932133256811448,advisor_summarized,2.082401024455468
6,2023-01-08,3.6470763032674687,1.3295216583340317,advisor_summarized,2.743149222433479
6,2023-01-09,3.620693470470168,1.142537494678865,advisor_summarized,3.1689931291820255
6,2023-01-10,3.381932276392437,0.7443023124376541,advisor_summarized,4.543761613901639
6,2023-01-11,3.144258459560286,0.38764239771792175,advisor_summarized,8.111234679361077
6,2023-01-12,2.9650175712045606,0.27568888817022685,advisor_summarized,10.75494043624196
6,2023-01-13,5.787225845811248,5.2859313339578,advisor_summarized,1.0948356079907886
6,2023-01-14,5.224907788212085,4.137088015758248,advisor_summarized,1.262943347666356
6,2023-01-15,4.93489514613922,3.712228757491555,advisor_summarized,1.3293618116017858
6,2023-01-16,4.587314183543671,3.1016151437908985,advisor_summarized,1.4790081847281997
6,2023-01-17,4.480593746257173,2.830322570143824,advisor_summarized,1.5830682316996434
6,2023-01-18,3.513219976047918,0.9342479796003804,advisor_summarized,3.7604790727518393
6,2023-01-19,3.328122897095933,0.6547217816904788,advisor_summarized,5.083262830362517
6,2023-01-20,3.242748671961508,0.575730225432874,advisor_summarized,5.632409987721913
6,2023-01-21,3.254480092615622,0.6533725614575973,advisor_summarized,4.981048003233041
6,2023-01-22,4.012849646883631,2.080803772765544,advisor_summarized,1.928509405550651
6,2023-01-23,4.748841773993048,2.9232680921027985,advisor_summarized,1.6244975227629763
6,2023-01-24,3.9173065112078986,1.8664333030849452,advisor_summarized,2.0988194460167184
6,2023-01-25,4.056590622683654,2.0829139608552816,advisor_summarized,1.947555539460663
6,2023-01-26,4.748700259087824,3.028316451011872,advisor_summarized,1.568099086045353
6,2023-01-27,3.972395223675624,8.28519674742865,advisor_summarized,0.4794569573629589
6,2023-01-28,3.684960237562431,1.3703962950430129,advisor_summarized,2.6889741681961934
6,2023-01-29,3.601553023985507,1.2670942440136217,advisor_summarized,2.8423718606575794
6,2023-01-30,3.6569802953891246,1.2467010376313483,advisor_summarized,2.933325781405582
6,2023-01-31,3.5842307568366047,1.0843620840050625,advisor_summarized,3.3053818551072385
6,2023-02-01,3.5830749906371047,1.0683224752782374,advisor_summarized,3.3539264347161812
6,2023-02-02,3.3533850343442726,0.8289022058280233,advisor_summarized,4.045573785142052
6,2023-02-03,6.110259617864938,5.546632208968443,advisor_summarized,1.1016161497034465
6,2023-02-04,5.3833299205047105,4.43222868023106,advisor_summarized,1.2145875831082045
6,2023-02-05,4.756102104551064,3.643948042949273,advisor_summarized,1.3052057956077925
6,2023-02-06,4.719115372074315,3.1870509185661917,advisor_summarized,1.4807153988607678
6,2023-02-07,4.3010135222615355,2.4083955163988784,advisor_summarized,1.78584185735928
6,2023-02-08,4.064794830543318,2.058364390042141,advisor_summarized,1.9747693120847758
6,2023-02-09,3.86725129812938,1.6937060543478175,advisor_summarized,2.2833072410658133
6,2023-02-10,3.892723360028641,1.677809293783745,advisor_summarized,2.3201226590239514
6,2023-02-11,6.429316518073265,6.939249487969941,advisor_summarized,0.926514679897198
6,2023-02-12,7.687103177872568,8.926280052313443,advisor_summarized,0.8611765632291903
6,2023-02-13,6.416549752113596,6.579364396384904,advisor_summarized,0.9752537426927186
6,2023-02-14,5.886705148682646,5.461323119964303,advisor_summarized,1.077889921430088
6,2023-02-15,5.5606830693150275,4.942624368879156,advisor_summarized,1.1250466663676546
6,2023-02-16,5.312943457965129,4.6240867161248556,advisor_summarized,1.1489714151419632
6,2023-02-17,5.520288368079853,4.640478259307983,advisor_summarized,1.1895947054610427
6,2023-02-18,5.247527961877161,4.182653094747149,advisor_summarized,1.2545931596544193
6,2023-02-19,4.6918175006467076,3.469713451312947,advisor_summarized,1.3522204546520444
6,2023-02-20,4.272627787949722,2.605127034037214,advisor_summarized,1.6400842385518342
6,2023-02-21,4.122262558838943,2.027141624504633,advisor_summarized,2.0335345636476134
6,2023-02-22,4.0834383220109345,1.9847650040066496,advisor_summarized,2.05739133538111
6,2023-02-23,3.8922629875815984,1.5008509294450858,advisor_summarized,2.593370807999364
6,2023-02-24,3.4726637558304727,0.9190843219210212,advisor_summarized,3.778395162450487
6,2023-02-25,3.489394099512561,1.023683157298955,advisor_summarized,3.408666123529395
6,2023-02-26,3.339964348468701,0.7748507563325293,advisor_summarized,4.3104614936135475
6,2023-02-27,3.0405200483328696,0.35843735029789764,advisor_summarized,8.482709867724138
6,2023-02-28,2.9247144176856845,0.119540216543726,advisor_summarized,24.466363724678953
6,2023-03-01,2.782817250757143,0.06318103714866231,advisor_summarized,44.04513405199873
6,2023-03-02,2.666084298374209,0.03569791859663673,advisor_summarized,74.68458675418105
6,2023-03-03,2.4142091533786196,2.9421320255013133e-4,advisor_summarized,8205.645200328016
6,2023-03-06,2.372237177421698,0.00137249438761601,advisor_summarized,1728.413025820978
6,2023-03-10,2.040254356744298,3.223165649414152e-4,advisor_summarized,6329.970527934666
6,2023-03-11,2.360370821440354,15.22674611660551,advisor_summarized,0.15501478801608537
6,2023-03-12,2.491893157383967,15.470862897750273,advisor_summarized,0.16107008211845317
6,2023-03-13,21.320586769616074,59.658538699622774,advisor_summarized,0.35737695281079496
6,2023-03-14,20.22241385449104,137.53783011174062,advisor_summarized,0.14703164822406775
6,2023-03-15,25.915417180720404,8.924977937969206,advisor_summarized,2.903695377270278
6,2023-03-16,23.778019001584138,7.493183908233299,advisor_summarized,3.1732864551018856
6,2023-03-17,20.29924317661682,4.663946173990529,advisor_summarized,4.352375095969116
6,2023-03-18,19.20062956130905,3.1678679778958068,advisor_summarized,6.061057372113937
6,2023-03-19,16.396385285138603,1.2745637622701729,advisor_summarized,12.864311516227632
6,2023-03-20,13.869354138277133,1.6068339302651202,advisor_summarized,8.631479505781131
6,2023-03-21,11.547554103218978,0.8693627360298158,advisor_summarized,13.282780161424979
6,2023-03-22,10.524881002120665,0.2746506947322207,advisor_summarized,38.320969886430575
6,2023-03-23,9.149088100105562,6.497998856790066,advisor_summarized,1.4079854893395751
6,2023-03-24,7.7647721379323755,10.13944562417422,advisor_summarized,0.7657984889647018
6,2023-03-25,6.896863747883717,1.9438404999535923,advisor_summarized,3.548060526595868
6,2023-03-28,6.238161717017019,0.04719933801344513,advisor_summarized,132.16629680780747
6,2023-05-12,6.963448363043719,4.983893414247818,advisor_summarized,1.3971904662200045
6,2023-05-13,4.373532678936125,36.49149881076942,advisor_summarized,0.11985072746985669
6,2023-05-14,3.0400449345099836,31.13681963306766,advisor_summarized,0.09763504976858398
6,2023-05-15,2.958673179307471,30.78020949316229,advisor_summarized,0.09612258097089071
6,2023-05-16,3.1237160393974013,31.510929766663576,advisor_summarized,0.09913119233638357
6,2023-05-17,3.9907448412465385,35.24607365689861,advisor_summarized,0.1132252312724042
6,2023-05-18,3.9802575357941934,35.30042975889338,advisor_summarized,0.11275379826760978
6,2023-05-19,2.9854772922455317,30.822682986280313,advisor_summarized,0.09685974752990897
6,2023-05-20,2.3046240184264506,27.32130010830222,advisor_summarized,0.08435264827408913
6,2023-05-21,5.768778381683987,36.11312729663934,advisor_summarized,0.15974186711381333
6,2023-05-22,23.802590388392492,74.73147794584744,advisor_summarized,0.3185082249496059
6,2023-05-23,28.596633670072567,87.93486671453708,advisor_summarized,0.3252024451564339
6,2023-05-24,27.844935992572474,86.9773357209133,advisor_summarized,0.32014013491881754
6,2023-05-25,24.039443700882533,81.14893219990627,advisor_summarized,0.29623857084973815
6,2023-05-26,19.186227985464207,73.16962268630652,advisor_summarized,0.26221575677271947
6,2023-05-27,15.225550814327814,65.70253907826273,advisor_summarized,0.23173458785499343
6,2023-05-28,12.769868446260944,60.58307551990557,advisor_summarized,0.21078276955525627
6,2023-05-29,10.389615016481788,54.98289433727148,advisor_summarized,0.18896086031322173
6,2023-05-30,8.945248340097868,51.36416968320328,advisor_summarized,0.17415346914530333
6,2023-05-31,8.212880388170618,49.40064525346887,advisor_summarized,0.16625046790444334
6,2023-06-01,7.67831057279446,47.879230685133166,advisor_summarized,0.16036829462213203
6,2023-06-02,7.238970310226965,48.0133164325404,advisor_summarized,0.15077005397862597
6,2023-06-03,7.639834028373856,47.993603892651016,advisor_summarized,0.15918442060450683
6,2023-06-04,7.883268452770479,47.75669977222617,advisor_summarized,0.16507146621038388
6,2023-06-05,7.437967640328653,46.50606750856475,advisor_summarized,0.1599354243176731
6,2023-06-06,6.820743255274289,45.71151429190163,advisor_summarized,0.14921280471521525
6,2023-06-07,6.196507016955032,43.98964234167499,advisor_summarized,0.14086286423576064
6,2023-06-08,5.732979466528931,41.6789473631471,advisor_summarized,0.13755096587679377
6,2023-06-09,6.313249216438454,43.25658609098458,advisor_summarized,0.1459488551213764
6,2023-06-10,6.191057297414921,42.91361563438835,advisor_summarized,0.1442679020607573
6,2023-06-11,5.3585630354302864,40.65541084808823,advisor_summarized,0.1318044246423417
6,2023-06-12,5.0693289006466085,39.259673191039234,advisor_summarized,0.12912305397905477
6,2023-06-13,4.454163868594894,37.14594390132241,advisor_summarized,0.11990983135136657
6,2023-06-14,4.0618418478821905,35.238083098500894,advisor_summarized,0.11526852458256988
6,2023-06-15,7.367399026372986,46.53665537105752,advisor_summarized,0.15831389186931089
6,2023-06-16,7.233571368845665,46.433526016310594,advisor_summarized,0.15578337441582069
6,2023-06-17,6.153768020198602,43.441098905519645,advisor_summarized,0.14165774290338456
6,2023-06-18,6.256794559564489,43.15109293737654,advisor_summarized,0.1449973600586369
6,2023-06-19,5.323290987197049,40.40292052482389,advisor_summarized,0.13175510379073646
6,2023-06-20,8.4110094492017,50.21449295745129,advisor_summarized,0.16750163058160675
6,2023-06-21,8.38710016407705,49.342647673264075,advisor_summarized,0.1699766947978662
6,2023-06-22,18.209303652863547,70.91612374933102,advisor_summarized,0.25677240506303506
6,2023-06-23,28.22485215779413,86.71735977486709,advisor_summarized,0.3254809905544935
6,2023-06-24,23.82699595611828,80.82611855915943,advisor_summarized,0.2947932720371631
6,2023-06-25,19.71993532679914,74.29415090840807,advisor_summarized,0.2654305229372691
6,2023-06-26,16.568610715834065,68.73407482407042,advisor_summarized,0.24105381149368144
6,2023-06-27,14.740825729403843,64.71525300930502,advisor_summarized,0.22777977437999583
6,2023-06-28,12.376223235757646,59.44414439050291,advisor_summarized,0.20819919880510437
6,2023-06-29,10.656039287331534,55.31009953275563,advisor_summarized,0.19265991884575867
6,2023-06-30,9.491773131844955,52.65178594848776,advisor_summarized,0.18027447618075665
6,2023-07-01,8.114084436202969,48.980782992491235,advisor_summarized,0.16565852851815088
6,2023-07-02,7.4099064167707045,47.03950937094604,advisor_summarized,0.1575251637583498
6,2023-07-03,7.533699552424477,46.89651809122147,advisor_summarized,0.16064517919582402
6,2023-07-04,8.166482215466004,48.9675744353352,advisor_summarized,0.16677326393306174
6,2023-07-05,6.478650074860458,44.45481958208481,advisor_summarized,0.1457356060774868
6,2023-07-06,6.26207834683263,43.67099453318135,advisor_summarized,0.1433921625502411
6,2023-07-07,9.845147349216328,53.87322167839577,advisor_summarized,0.18274658619802622
6,2023-07-08,9.217938964310083,51.970347307121585,advisor_summarized,0.17736920074511284
6,2023-07-09,9.124624807921114,51.79962896647074,advisor_summarized,0.17615231981347532
6,2023-07-10,12.700115447910163,60.13363077767519,advisor_summarized,0.2111982144378537
6,2023-07-11,12.53941749212947,60.07406965306339,advisor_summarized,0.20873261233251642
6,2023-07-12,11.136074299122637,56.817409006167146,advisor_summarized,0.19599757352388053
6,2023-07-13,9.687780523816457,53.232618544611405,advisor_summarized,0.1819895543124118
6,2023-07-14,9.153646997365154,51.92810793936618,advisor_summarized,0.17627538072547153
6,2023-07-15,9.023553401251087,51.56911679376693,advisor_summarized,0.17497979337784098
6,2023-07-16,8.981745776349733,51.51613671995534,advisor_summarized,0.1743482013252472
6,2023-07-17,9.262225273651197,52.152714622147975,advisor_summarized,0.17759814308338528
6,2023-07-18,8.718998121865528,50.67039510696653,advisor_summarized,0.1720728268145432
6,2023-07-19,7.468621930096443,47.1684855626537,advisor_summarized,0.15833923521194895
6,2023-07-20,6.917427613065176,45.5753866875172,advisor_summarized,0.15177989954300958
6,2023-07-21,6.604352413737102,44.46567223823893,advisor_summarized,0.14852698905241307
6,2023-07-22,6.636924519071897,44.62048411598651,advisor_summarized,0.14874165196907932
6,2023-07-23,9.194326340751836,51.810232735095845,advisor_summarized,0.17746159118338936
6,2023-07-24,10.684826798560678,55.72193763360925,advisor_summarized,0.19175260682456988
6,2023-07-25,9.562202807352858,52.985276276330275,advisor_summarized,0.1804690562994103
6,2023-07-26,8.240190825447735,49.295795885049664,advisor_summarized,0.16715808473125401
6,2023-07-27,7.920493381718258,48.55451018047097,advisor_summarized,0.16312580133707016
6,2023-07-28,7.584991595074324,47.58319878800205,advisor_summarized,0.15940482750787352
6,2023-07-29,6.818462385776575,45.27230922114131,advisor_summarized,0.1506099976581818
6,2023-07-30,10.213151034896708,50.36565884119574,advisor_summarized,0.20278005430444274
6,2023-07-31,29.475032560903536,88.08459534353496,advisor_summarized,0.3346218762310166
6,2023-08-01,108.39083432701315,129.78995230750195,advisor_summarized,0.8351250031297537
6,2023-08-02,581.9064938469836,300.997327741407,advisor_summarized,1.9332613289740281
6,2023-08-03,611.2639557881698,114.00762415514512,advisor_summarized,5.361605948005221
6,2023-08-04,743.4277913089977,139.96641803145664,advisor_summarized,5.311472578671811
6,2023-08-05,725.5381657745768,66.77327334914483,advisor_summarized,10.865697147732668
6,2023-08-06,635.6150741688226,52.29698080302742,advisor_summarized,12.1539535248281
6,2023-08-07,527.3785030722153,71.67700701741286,advisor_summarized,7.357708211004074
6,2023-08-08,425.68333848289484,60.413936796110015,advisor_summarized,7.046111560640824
6,2023-08-09,346.62318694751514,53.06132399353938,advisor_summarized,6.5325016576992905
6,2023-08-10,289.43827341207947,89.59854530085715,advisor_summarized,3.230390319844964
6,2023-08-11,244.84163603482256,75.17705717144406,advisor_summarized,3.256866459622809
6,2023-08-12,199.2347617560424,59.320662395921055,advisor_summarized,3.3586064907080666
6,2023-08-13,163.22984863481483,45.97180884224747,advisor_summarized,3.550650991239849
6,2023-08-14,179.41614704212756,51.19439857604191,advisor_summarized,3.5046050355612772
6,2023-08-15,255.4879481307133,78.7501499528843,advisor_summarized,3.244285227184584
6,2023-08-16,247.5209511140347,76.10197441804753,advisor_summarized,3.2524905300661326
6,2023-08-17,253.9786806294572,78.23815322809014,advisor_summarized,3.2462254047462644
6,2023-08-18,250.68347692211688,77.12386939425072,advisor_summarized,3.250400672204919
6,2023-08-19,216.7541686302659,65.61238556077144,advisor_summarized,3.303555674400896
6,2023-08-20,225.50978158352763,68.56600793065185,advisor_summarized,3.2889443091336137
6,2023-08-21,248.94809909093559,76.58582460655398,advisor_summarized,3.250576727088362
6,2023-08-22,224.98720880680915,68.44571207645573,advisor_summarized,3.2870898991523716
6,2023-08-23,200.68434392415875,59.91702666741484,advisor_summarized,3.349370873126095
6,2023-08-24,185.5014879906226,54.38520981367575,advisor_summarized,3.4108811683572147
6,2023-08-25,158.76465224595685,44.24338931694846,advisor_summarized,3.5884378366360457
6,2023-08-26,160.31328805787285,44.86829103548621,advisor_summarized,3.5729751313924907
6,2023-08-27,140.46881122442932,37.0588596278416,advisor_summarized,3.7904245471951286
6,2023-08-28,126.17910474031247,31.26766891934859,advisor_summarized,4.035449686568486
6,2023-08-29,131.88938773548168,33.38424475731376,advisor_summarized,3.9506476391558203
6,2023-08-30,270.555156649094,84.41751849205964,advisor_summarized,3.204964579414195
6,2023-08-31,250.86160251528673,77.14841791322658,advisor_summarized,3.2516752682789387
6,2023-09-01,218.61230490580806,66.2725605356995,advisor_summarized,3.298685053643682
6,2023-09-02,212.2452769795797,64.04321677674855,advisor_summarized,3.3140945702252296
6,2023-09-03,195.8773240713393,58.18383367652319,advisor_summarized,3.366524886626275
6,2023-09-04,175.20541308793676,50.55600658496198,advisor_summarized,3.465570659610842
6,2023-09-05,154.60097167299173,42.6575344552524,advisor_summarized,3.6242359913034257
6,2023-09-06,134.90206812180057,34.802609224318154,advisor_summarized,3.876205581377456
6,2023-09-07,111.25403443515796,25.0292274266445,advisor_summarized,4.444964782122044
6,2023-09-08,98.20498565454467,19.414522206670892,advisor_summarized,5.058326164771705
6,2023-09-09,86.48248389541408,3.940558166143976,advisor_summarized,21.946759887582452
6,2023-09-10,76.78982913897252,3.900092007146627,advisor_summarized,19.689235279132106
6,2023-09-11,111.76489006168687,10.989742154676245,advisor_summarized,10.169928328494022
6,2023-09-12,220.40123786344662,34.86543369004549,advisor_summarized,6.321482756325898
6,2023-09-13,204.1647681862505,30.068966136112348,advisor_summarized,6.789883205896191
6,2023-09-14,162.85860936363324,17.71653888711275,advisor_summarized,9.192461936349135
6,2023-09-15,197.2170071291929,28.014271912131097,advisor_summarized,7.039876236933057
6,2023-09-16,168.48087180509256,19.404150612647765,advisor_summarized,8.682723359984411
6,2023-09-17,143.1918461674513,11.858933173575442,advisor_summarized,12.0745976110665
6,2023-09-18,126.27830453792339,6.998177818918144,advisor_summarized,18.044454971772193
6,2023-09-19,110.91611108505363,3.0000576218469193,advisor_summarized,36.971326909638016
6,2023-09-20,96.58871824738762,0.5101812268646996,advisor_summarized,189.32236852572981
6,2023-09-22,84.87571021731006,1.3783081599874984,advisor_summarized,61.57963268394196
6,2023-09-24,62.24005761497266,0.7064447913330515,advisor_summarized,88.10321539426533
6,2023-09-25,54.8921282180745,1.20762212320655,advisor_summarized,45.454722270507645
6,2023-09-26,75.20041233911593,1.9298128928621008,advisor_summarized,38.96772200935313
6,2023-09-27,110.41994195438734,2.844259948370093,advisor_summarized,38.822028913940734
6,2023-09-28,100.29529381348968,155.92136369778137,advisor_summarized,0.6432427951816124
6,2023-09-29,90.00511863367507,272.45462736781445,advisor_summarized,0.33034901812171436
6,2023-09-30,83.09726676086079,266.02526443501273,advisor_summarized,0.3123660714607075
6,2023-10-01,75.8832730795532,259.0508115743989,advisor_summarized,0.29292814262332345
6,2023-10-02,70.01091652354039,253.23871081461056,advisor_summarized,0.2764621423728284
6,2023-10-03,64.5749348893741,247.6620442223916,advisor_summarized,0.2607381162992749
6,2023-10-04,60.21805788404043,242.96612714279783,advisor_summarized,0.2478454860855918
6,2023-10-05,54.6459809388734,236.74390339742055,advisor_summarized,0.23082318131394294
6,2023-10-06,50.7559141419222,232.3292397946707,advisor_summarized,0.21846545956410632
6,2023-10-07,47.45812388036791,228.26284665156209,advisor_summarized,0.20790997999254618
6,2023-10-08,44.937695462711375,224.8237007357692,advisor_summarized,0.19987970714673783
6,2023-10-09,40.86588993690243,219.22282976052836,advisor_summarized,0.18641256470205658
6,2023-10-10,36.43123477436524,212.8543867404005,advisor_summarized,0.17115566811783475
6,2023-10-11,34.70542022640871,210.59573137657756,advisor_summarized,0.16479640873798188
6,2023-10-12,214.7352074958813,353.74167890479794,advisor_summarized,0.607039600650713
6,2023-10-13,234.51371124008207,367.0144912751154,advisor_summarized,0.6389767075008757
6,2023-10-14,215.01726825770467,356.73995247055365,advisor_summarized,0.6027283088665344
6,2023-10-15,195.78708371517885,346.4068185425646,advisor_summarized,0.5651940817415566
6,2023-10-16,177.05382520841806,335.0607664263809,advisor_summarized,0.5284230293412168
6,2023-10-17,160.1548422560483,323.845301554959,advisor_summarized,0.49454119447482187
6,2023-10-18,142.95127946065142,312.2321090916842,advisor_summarized,0.4578365750931626
6,2023-10-19,126.30293623999324,300.90943753113686,advisor_summarized,0.419737371071733
6,2023-10-20,114.0867735864148,292.8175448862894,advisor_summarized,0.3896172738922403
6,2023-10-21,102.70407561798127,283.7100311765104,advisor_summarized,0.3620036809839968
6,2023-10-22,90.29627382795206,272.7704517045082,advisor_summarized,0.3310339271123467
6,2023-10-23,80.92480998467501,263.7306258374176,advisor_summarized,0.3068464639922511
6,2023-10-24,72.44816688464081,255.01639260393503,advisor_summarized,0.2840921955835199
6,2023-10-25,66.66576656062477,249.08436732042048,advisor_summarized,0.26764331811665393
6,2023-10-26,61.11361535545616,243.23267381777805,advisor_summarized,0.25125578071489063
6,2023-10-27,54.9092320102485,236.19593438575063,advisor_summarized,0.23247323097683725
6,2023-10-28,50.326766590994986,230.8035317378775,advisor_summarized,0.2180502447776703
6,2023-10-29,46.26996144415051,225.98395419805885,advisor_summarized,0.20474887966425342
6,2023-10-30,42.65912081244571,221.65421199626505,advisor_summarized,0.19245797509665427
6,2023-10-31,38.95085271067861,216.7446867401245,advisor_summarized,0.1797084546638988
6,2023-11-01,35.66346839713649,154.620979086618,advisor_summarized,0.23065090266410723
6,2023-11-02,30.43478942793002,146.56414758555505,advisor_summarized,0.20765507751589848
6,2023-11-03,28.700302788641714,143.8164806743436,advisor_summarized,0.1995619879868313
6,2023-11-04,26.28815487780408,139.78260226504133,advisor_summarized,0.18806456920839973
6,2023-11-05,23.895249459019745,135.62570125489205,advisor_summarized,0.1761852601529523
6,2023-11-06,21.10051544729381,130.44167761132937,advisor_summarized,0.16176206741349933
6,2023-11-07,19.323293188521934,126.92067891274748,advisor_summarized,0.15224700461778864
6,2023-11-08,17.7636066544552,123.69681296547584,advisor_summarized,0.1436060172335489
6,2023-11-09,16.594571079438968,121.1532065940213,advisor_summarized,0.1369717859391588
6,2023-11-10,14.928023998720409,117.352314166175,advisor_summarized,0.12720689919741848
6,2023-11-11,14.066985079266004,115.30088823005131,advisor_summarized,0.12200239993987896
6,2023-11-12,14.255555550413867,115.78755368253783,advisor_summarized,0.12311820309719332
6,2023-11-13,14.038485362521385,115.25760563507475,advisor_summarized,0.1218009456744193
6,2023-11-14,15.414288749702164,118.2406826824684,advisor_summarized,0.13036366502633231
6,2023-11-15,21.002638736213388,130.18162182768484,advisor_summarized,0.16133336212398378
6,2023-11-16,23.474217049447486,134.85135013994542,advisor_summarized,0.17407476473232578
6,2023-11-17,34.229399946832494,152.2997201653188,advisor_summarized,0.2247502484553291
6,2023-11-18,29.874806891331843,145.64745824744685,advisor_summarized,0.20511725539745584
6,2023-11-19,24.973240477951766,137.47490027874676,advisor_summarized,0.18165672735397911
6,2023-11-20,20.81892837664798,129.9051087665545,advisor_summarized,0.16026258377613584
6,2023-11-21,19.54573229997557,127.39692452234544,advisor_summarized,0.15342389444061694
6,2023-11-22,19.395875734242594,127.10342206766852,advisor_summarized,0.15259916230985845
6,2023-11-23,18.929216743264185,126.13407887578676,advisor_summarized,0.150072184392809
6,2023-11-24,17.822890184222764,123.85176429982364,advisor_summarized,0.1439050164927537
6,2023-11-25,17.3374100669417,122.8020016770401,advisor_summarized,0.1411818197600538
6,2023-11-26,33.676621118401634,147.485846223121,advisor_summarized,0.22833798619194032
6,2023-11-27,56.868837950129475,180.53974049726276,advisor_summarized,0.3149934623451599
6,2023-11-28,46.178045787977716,168.2145418040834,advisor_summarized,0.27451875023837413
6,2023-11-29,39.759121282917015,159.99512164523497,advisor_summarized,0.24850208477654
6,2023-11-30,34.75434382482089,153.03759376789478,advisor_summarized,0.22709677386545452
6,2023-12-01,30.7533067825529,147.05454557197496,advisor_summarized,0.20912856969457555
6,2023-12-02,29.314237669757503,144.80447514040137,advisor_summarized,0.20244013619975923
6,2023-12-03,30.13894624611937,146.07975346705717,advisor_summarized,0.2063184358598749
6,2023-12-04,31.64519201423373,148.44811093100176,advisor_summarized,0.2131734234660778
6,2023-12-05,30.357242636104075,146.45711244935293,advisor_summarized,0.20727735327024194
6,2023-12-06,28.487137615205175,143.66599891120518,advisor_summarized,0.19828726233833557
6,2023-12-07,25.948543864745826,139.2537671124307,advisor_summarized,0.18633997774577613
6,2023-12-08,24.877632674940543,137.40306525171218,advisor_summarized,0.18105587840683593
6,2023-12-09,24.439469740246107,136.61487321434907,advisor_summarized,0.17889318465274653
6,2023-12-10,30.783535574924397,145.54275771641073,advisor_summarized,0.2115085357589963
6,2023-12-11,50.446709052353235,173.33829492231885,advisor_summarized,0.2910303754571995
6,2023-12-12,42.99061754664484,164.24711420127713,advisor_summarized,0.2617435183303243
6,2023-12-13,39.300864679025395,159.39534412082088,advisor_summarized,0.2465621872194431
6,2023-12-14,36.18771623594971,155.10692482962384,advisor_summarized,0.23330819224028754
6,2023-12-15,36.18036468456631,155.08912832903545,advisor_summarized,0.23328756228358205
6,2023-12-16,39.62443026042027,158.72374530245267,advisor_summarized,0.24964399740514423
6,2023-12-17,818.1957401220818,482.3517039196512,advisor_summarized,1.6962638122210814
6,2023-12-18,1767.3986715761703,679.2098141527498,advisor_summarized,2.6021394784774032
6,2023-12-19,2122.3392539355427,735.0447686838662,advisor_summarized,2.8873605314349704
6,2023-12-20,1897.9856343393087,701.1704292406656,advisor_summarized,2.706882029230379
6,2023-12-21,1572.6602092940525,648.0334845149285,advisor_summarized,2.4268193648530882
6,2023-12-22,1272.0608736765946,593.3809424961381,advisor_summarized,2.1437508058912313
6,2023-12-23,1037.593672135709,545.6077413585357,advisor_summarized,1.9017209498387124
6,2023-12-24,843.0338591927863,501.23629978499457,advisor_summarized,1.6819090308391589
6,2023-12-25,728.773613152865,472.58768978425593,advisor_summarized,1.5420918252982048
6,2023-12-26,655.6754505890715,452.76380855620954,advisor_summarized,1.448162238673436
6,2023-12-27,562.2414230108676,425.661079562374,advisor_summarized,1.3208664122848937
6,2023-12-28,479.6229793682593,399.574160100892,advisor_summarized,1.2003353251049944
6,2023-12-29,411.41979534789704,376.03071265476086,advisor_summarized,1.0941122134500418
6,2023-12-30,347.14078196947156,351.79269087760645,advisor_summarized,0.9867765617968642
6,2023-12-31,300.8700333805341,332.79900629551867,advisor_summarized,0.9040592901090807
6,2024-01-01,266.19533924390345,317.4438581136698,advisor_summarized,0.8385587953274706
6,2024-01-02,237.76226458705605,303.9842135158189,advisor_summarized,0.7821533290730679
6,2024-01-03,214.0287770627595,292.0760764602599,advisor_summarized,0.7327843473406848
6,2024-01-04,205.17062491176114,287.41863977538304,advisor_summarized,0.7138389669928905
6,2024-01-05,187.69353402543837,277.9310113938193,advisor_summarized,0.6753241859703186
6,2024-01-06,212.4045928208007,291.090322430342,advisor_summarized,0.7296862054616371
6,2024-01-07,208.38374205394123,289.11800998622704,advisor_summarized,0.7207566974602108
6,2024-01-08,189.03415723517824,278.67129745114113,advisor_summarized,0.6783409664510612
6,2024-01-09,244.59302472705326,304.22548581659703,advisor_summarized,0.8039859779351513
6,2024-01-10,370.55306256915895,360.97542707909815,advisor_summarized,1.0265326522848386
6,2024-01-11,372.11119131771716,361.56051031403325,advisor_summarized,1.0291809550620452
6,2024-01-12,387.2614359337541,367.27923679696937,advisor_summarized,1.0544060135581006
6,2024-01-13,387.90460919826586,367.4958992844197,advisor_summarized,1.0555345242044485
6,2024-01-14,348.9323268275855,352.57001040292613,advisor_summarized,0.9896823794763956
6,2024-01-15,284.8708659306088,323.5902235673976,advisor_summarized,0.8803444763876672
6,2024-01-16,241.25348802333642,305.41449389453214,advisor_summarized,0.7899215421866905
6,2024-01-17,241.92148973639362,305.9969831580456,advisor_summarized,0.7906008982168383
6,2024-01-18,212.19583561735354,291.11676462573035,advisor_summarized,0.7289028369429694
6,2024-01-19,193.6798061427241,281.23805876089926,advisor_summarized,0.6886685500392579
6,2024-01-20,174.73835485909368,270.5316736591015,advisor_summarized,0.6459071963576526
6,2024-01-21,155.21683230489444,258.8491827202517,advisor_summarized,0.5996419639950854
6,2024-01-22,140.6592140566425,249.56651879516895,advisor_summarized,0.563614120739041
6,2024-01-23,127.6964569201718,240.83906979800304,advisor_summarized,0.5302148734724544
6,2024-01-24,118.68509099730443,234.48887178078755,advisor_summarized,0.5061438101346551
6,2024-01-25,109.80672878225045,227.9379034545152,advisor_summarized,0.4817396629436064
6,2024-01-26,280.02752941683787,321.3726234576226,advisor_summarized,0.8713484254011554
6,2024-01-27,341.51962784758774,349.6489887203076,advisor_summarized,0.9767499374087344
6,2024-01-28,328.6585047413817,344.42253442733744,advisor_summarized,0.9542305508198928
6,2024-01-29,282.91544160066223,324.94060873206917,advisor_summarized,0.8706681590356135
6,2024-01-30,243.96534559868135,306.9859761133845,advisor_summarized,0.794711695587597
6,2024-01-31,215.03131734189407,292.56495239583074,advisor_summarized,0.7349865921430117
6,2024-02-01,187.90343688163276,278.026604145598,advisor_summarized,0.6758469660091622
6,2024-02-02,164.88699165005676,264.722048746678,advisor_summarized,0.6228683724333178
6,2024-02-03,145.68589195042014,252.81641680493115,advisor_summarized,0.5762517078265091
6,2024-02-04,143.30586280841155,251.218185495837,advisor_summarized,0.5704438256552343
6,2024-02-05,141.6308873930182,250.20533735916027,advisor_summarized,0.566058617645364
6,2024-02-06,128.3476730428177,241.2862486084481,advisor_summarized,0.5319311555591233
6,2024-02-07,114.83914104499902,231.6790795733156,advisor_summarized,0.49568196341464577
6,2024-02-08,103.60797485883747,223.1992695202499,advisor_summarized,0.4641949549455741
6,2024-02-09,89.52036055182532,211.3497100106471,advisor_summarized,0.4235650976162474
6,2024-02-10,77.54005096824685,201.23378984912395,advisor_summarized,0.3853232154817682
6,2024-02-11,70.92920387475279,195.0229010477243,advisor_summarized,0.36369679403648913
6,2024-02-12,66.22444664361537,190.35565143805505,advisor_summarized,0.34789850547287754
6,2024-02-13,65.84807415540934,190.01004306080304,advisor_summarized,0.3465504933038619
6,2024-02-14,57.97608105795322,181.8192240875455,advisor_summarized,0.3188666179217544
6,2024-02-15,52.50180480801214,175.75089538830892,advisor_summarized,0.29872851965853825
6,2024-02-16,49.151379014917566,171.84269351067124,advisor_summarized,0.28602542249994073
6,2024-02-17,52.25633501354175,175.08890166235255,advisor_summarized,0.2984560101605678
6,2024-02-18,115.6556186477277,231.75974965882656,advisor_summarized,0.4990323764932621
6,2024-02-19,138.81088966190524,248.3709786890885,advisor_summarized,0.5588853029228874
6,2024-02-20,135.47223689742503,246.14353992744395,advisor_summarized,0.5503790062390358
6,2024-02-21,127.37355256576184,240.62729856058357,advisor_summarized,0.5293395775446175
6,2024-02-22,119.24990135545798,234.8796954786311,advisor_summarized,0.507706300931862
6,2024-02-23,109.37968120659052,227.6235310258633,advisor_summarized,0.480528883431487
6,2024-02-24,103.00942419976697,222.6990865296125,advisor_summarized,0.4625498281335326
6,2024-02-25,91.76257485427836,213.63178244408627,advisor_summarized,0.4295361570476777
6,2024-02-26,82.01536480330445,205.28033647981707,advisor_summarized,0.39952859689202674
6,2024-02-27,74.4294396421391,198.34215453767413,advisor_summarized,0.37525779537703663
6,2024-02-28,67.26065345103052,191.43605645908215,advisor_summarized,0.3513478844849007
6,2024-02-29,60.54938501894302,184.57184029872465,advisor_summarized,0.32805321180601243
6,2024-03-01,54.92384303548041,178.47338561051893,advisor_summarized,0.3077424841109939
6,2024-03-02,53.031932587734346,176.33159871129524,advisor_summarized,0.3007511584725245
6,2024-03-03,61.48803870695814,184.85622456467476,advisor_summarized,0.33262628213769246
6,2024-03-04,78.31031149109549,149.5945949354372,advisor_summarized,0.52348356252372
6,2024-03-05,76.62345630187038,71.70144772164588,advisor_summarized,1.0686458744784675
6,2024-03-06,100.74499305580798,90.80150769195323,advisor_summarized,1.109507932374739
6,2024-03-07,97.29831456701828,86.44254460375002,advisor_summarized,1.1255836464906346
6,2024-03-08,94.80177934345589,74.53939496022106,advisor_summarized,1.2718345700826807
6,2024-03-09,99.32299874158068,66.7480441698546,advisor_summarized,1.4880286003411902
6,2024-03-10,141.4441260947949,88.5025694216162,advisor_summarized,1.598192312597967
6,2024-03-11,135.97683309001476,79.51380333822279,advisor_summarized,1.7101034962649038
6,2024-03-12,126.37483306428595,66.9896366463772,advisor_summarized,1.886483333704129
6,2024-03-13,117.91237339590734,58.44566781380223,advisor_summarized,2.0174698622925438
6,2024-03-14,107.87753779536297,50.61821526394903,advisor_summarized,2.1311999491257207
6,2024-03-15,95.84367649653092,42.99045646062365,advisor_summarized,2.2294175123336326
6,2024-03-16,87.61544170273363,36.93705835400837,advisor_summarized,2.372020014778077
6,2024-03-17,80.28309026368473,31.410386208427365,advisor_summarized,2.555940883087419
6,2024-03-18,75.23903372560845,28.895851210275698,advisor_summarized,2.603800565627656
6,2024-03-19,67.86646186981392,25.703809049620077,advisor_summarized,2.6403270324176735
6,2024-03-20,61.1859316038459,19.905133713260582,advisor_summarized,3.073876944774528
6,2024-03-21,54.40882887361931,15.38198297933969,advisor_summarized,3.537179110567118
6,2024-03-22,69.45321676755736,23.23466078292168,advisor_summarized,2.989207263082059
6,2024-03-23,81.85270277226971,38.79416885138664,advisor_summarized,2.1099228362342917
6,2024-03-24,84.08394504882365,45.839542886956224,advisor_summarized,1.8343102865615613
6,2024-03-25,75.33377299941725,37.57954873542536,advisor_summarized,2.0046481539679015
6,2024-03-26,66.21061450197294,29.980129162193375,advisor_summarized,2.208483297178994
6,2024-03-27,64.63152468640114,27.91536138178923,advisor_summarized,2.3152673469799296
6,2024-03-28,79.68695801102126,40.13415675577749,advisor_summarized,1.9855146950247053
6,2024-03-29,74.45415233959004,36.97672919086194,advisor_summarized,2.0135407854838037
6,2024-03-30,67.09791735678652,28.01400914121079,advisor_summarized,2.395155831447212
6,2024-03-31,61.030910432535535,22.131143001419687,advisor_summarized,2.757693555575529
6,2024-04-01,55.09875733622913,17.12346540898201,advisor_summarized,3.217734028728052
6,2024-04-02,49.83943724239877,12.912058430927416,advisor_summarized,3.859914165430169
6,2024-04-03,123.52799044019928,50.534621760479666,advisor_summarized,2.4444229745240458
6,2024-04-04,206.46690883449048,98.67726340362736,advisor_summarized,2.092345305422209
6,2024-04-05,205.44537309917,79.48909770145603,advisor_summarized,2.5845729671102657
6,2024-04-06,186.05117651762447,62.84439974388019,advisor_summarized,2.960505268184095
6,2024-04-07,164.20657687091378,48.62675947761836,advisor_summarized,3.376876819161553
6,2024-04-08,142.48843776363708,37.850245576664705,advisor_summarized,3.7645313945197634
6,2024-04-09,123.22717795641498,29.183818250613157,advisor_summarized,4.222448786454663
6,2024-04-10,106.11551471151748,22.670959537489537,advisor_summarized,4.680680345092625
6,2024-04-11,125.11020016718025,28.527271669783755,advisor_summarized,4.385634967668418
6,2024-04-12,132.7099171159865,36.1435511946133,advisor_summarized,3.6717453800102824
6,2024-04-13,110.23233890147625,26.645519516856144,advisor_summarized,4.136993419540666
6,2024-04-14,92.21826815988598,19.495300119067124,advisor_summarized,4.730282047296779
6,2024-04-15,78.02951991663886,14.639150637183192,advisor_summarized,5.3301944798931995
6,2024-04-16,65.0785672443026,10.31215709808925,advisor_summarized,6.310858787863218
6,2024-04-17,55.92428963044787,6.941844849835966,advisor_summarized,8.05611344537171
6,2024-04-18,45.8722210115113,2.8459359387297294,advisor_summarized,16.118500907643817
6,2024-04-19,36.65765715097763,0.05851752033502763,advisor_summarized,626.4390039274264
6,2024-04-22,22.80967866712176,0.04670113934079331,advisor_summarized,488.418034101313
6,2024-04-23,20.218444227861042,0.7644859949258248,advisor_summarized,26.447108726723975
6,2024-05-08,3.5832407052983055,1.8927749545711643,advisor_summarized,1.8931150249238906
6,2024-05-09,2.4509069130067203,4.780020854259193,advisor_summarized,0.5127397950205307
6,2024-05-10,3.433532849280645,2.970580324020809,advisor_summarized,1.1558458195916446
6,2024-05-11,3.049931461651706,1.6988702978222772,advisor_summarized,1.7952703426278671
6,2024-05-12,2.4038366751161244,6.198826227243625,advisor_summarized,0.3877890082724607
6,2024-05-13,4.4096799590688205,8.220246076206639,advisor_summarized,0.536441356887425
6,2024-05-14,13.946338828253216,16.909145613084444,advisor_summarized,0.8247808107738701
6,2024-05-15,22.013574160448286,20.811946462560076,advisor_summarized,1.0577374009706346
6,2024-05-16,23.729884289667577,23.71799445939457,advisor_summarized,1.000501299985265
6,2024-05-17,16.486398891030735,19.882968971321255,advisor_summarized,0.829171886492925
6,2024-05-18,12.679420393654976,65.21342069101057,advisor_summarized,0.19442961677676243
6,2024-05-19,9.737960231314705,103.3414633875169,advisor_summarized,0.0942309109248689
6,2024-05-20,7.88994305162872,113.52106406718924,advisor_summarized,0.06950201811849589
6,2024-05-21,6.026333522238047,108.99038077488372,advisor_summarized,0.05529234304342191
6,2024-05-22,4.915227612955237,94.33181946945828,advisor_summarized,0.05210572255045536
6,2024-05-23,4.616708670933026,94.6878780483013,advisor_summarized,0.048757124629807344
6,2024-05-24,3.5484721164609683,95.95748074751668,advisor_summarized,0.036979629819562564
6,2024-05-25,2.4644327886909116,90.51504409440648,advisor_summarized,0.027226775541539013
6,2024-05-26,1.580643793697582,81.79136235755239,advisor_summarized,0.019325314411413882
6,2024-05-27,1.143337474216133,73.31898611000004,advisor_summarized,0.015594016432534823
6,2024-05-28,0.8239851966577885,66.27388899620102,advisor_summarized,0.012433029193518751
6,2024-05-29,0.6713602475236866,76.78518685864745,advisor_summarized,0.008743356303339892
6,2024-05-30,0.5379128161441293,40.113330998684866,advisor_summarized,0.013409826677364815
6,2024-06-23,1.3607569822748353,15.71736994256643,advisor_summarized,0.08657663382914829
6,2024-06-24,0.5176863630690188,50.40738481792357,advisor_summarized,0.010270050012293891
6,2024-06-25,0.41498125368535954,50.543029043786085,advisor_summarized,0.008210454765697874
6,2024-06-26,2.3197620762822173,69.18448611735123,advisor_summarized,0.03353009043598908
6,2024-06-27,1.1768386879380965,62.02183114313374,advisor_summarized,0.01897458791924722
6,2024-06-28,2.3736360405097514,69.97715698489294,advisor_summarized,0.033920155416176524
6,2024-06-29,2.3936374888650804,72.194488755219,advisor_summarized,0.033155404659501
6,2024-06-30,4.559254722695974,78.0794146127701,advisor_summarized,0.05839253208169284
6,2024-07-01,6.924193867184982,93.90581024738854,advisor_summarized,0.0737355212520254
6,2024-07-02,12.613539927310146,111.43404151761028,advisor_summarized,0.11319287854525843
6,2024-07-03,12.493300437864391,110.99979225760558,advisor_summarized,0.11255246684489506
6,2024-07-04,8.182975398008779,98.4551884827518,advisor_summarized,0.08311370405270557
6,2024-07-05,5.469913115631565,88.23724981873839,advisor_summarized,0.06199097463790121
6,2024-07-06,3.6042354675306187,79.47652106460117,advisor_summarized,0.04534968842686227
6,2024-07-07,2.811359701998618,74.98524261302536,advisor_summarized,0.037492173180090085
6,2024-07-08,2.875790156320396,75.28626742244546,advisor_summarized,0.03819807057486054
6,2024-07-09,4.769243691991829,85.05486735546708,advisor_summarized,0.056072554578915294
6,2024-07-10,7.182424004456223,95.15547739698496,advisor_summarized,0.07548093079803939
6,2024-07-11,7.465472224457498,95.44937312626072,advisor_summarized,0.07821394714224209
6,2024-07-12,4.825478171140569,85.47293448807197,advisor_summarized,0.05645621271858848
6,2024-07-13,3.2330319841008883,77.33455871271583,advisor_summarized,0.04180578563991073
6,2024-07-14,2.421423140295815,72.32490545807937,advisor_summarized,0.033479796827377936
6,2024-07-15,2.2475264933432264,71.27146195478757,advisor_summarized,0.0315347325801874
6,2024-07-16,1.8427989190618517,68.1723771466733,advisor_summarized,0.02703146048577796
6,2024-07-17,1.6787035633540188,66.75628321877035,advisor_summarized,0.025146749974869865
6,2024-07-18,1.304203417126298,63.058727767558175,advisor_summarized,0.02068236171737787
6,2024-07-19,1.0152314463818335,60.211558972365715,advisor_summarized,0.01686107225437855
6,2024-07-20,0.9210213354239767,59.02053167679339,advisor_summarized,0.015605100619351386
6,2024-07-21,0.766197948294009,57.03531923518339,advisor_summarized,0.01343374524011368
6,2024-07-22,0.781701479122249,57.2788934986265,advisor_summarized,0.013647286659631327
6,2024-07-23,9.369035685745652,73.49124829836349,advisor_summarized,0.12748505301894952
6,2024-07-24,27.18909382107487,140.63566618232596,advisor_summarized,0.1933300033991789
6,2024-07-25,26.336784996697155,139.85880224302772,advisor_summarized,0.18830981371435349
6,2024-07-26,24.44046691780967,136.5685435274202,advisor_summarized,0.1789611742685278
6,2024-07-27,21.321958428955142,130.77238875726974,advisor_summarized,0.16304633288095258
6,2024-07-28,38.19713621798822,155.4574682151465,advisor_summarized,0.2457079525129344
6,2024-07-29,60.33159752552994,184.3540587180067,advisor_summarized,0.3272593939350958
6,2024-07-30,71.15815344416053,195.08776889642684,advisor_summarized,0.3647494348143311
6,2024-07-31,53.540273211862605,176.64902188798794,advisor_summarized,0.3030884215470616
6,2024-08-01,38.5229445794129,158.05213826611703,advisor_summarized,0.24373567483503886
6,2024-08-02,156.06924549260276,229.36018131371748,advisor_summarized,0.6804548400628101
6,2024-08-03,240.2536944324914,304.7342261161708,advisor_summarized,0.7884040381499577
6,2024-08-04,223.2254929385855,296.1719507115113,advisor_summarized,0.7537023421776362
6,2024-08-05,1782.341498626712,876.4268674035035,advisor_summarized,2.033645435707677
6,2024-08-10,3720.403226066378,982.168460833804,advisor_summarized,3.7879481722595445
6,2024-08-11,3049.546317309878,855.9684577051736,advisor_summarized,3.562685388531281
6,2024-08-12,2233.7839709090304,750.4841966394457,advisor_summarized,2.9764570405500552
6,2024-08-13,1646.5927630478925,659.9056442436741,advisor_summarized,2.4951942408904118
6,2024-08-14,1172.0741455359191,573.3222994808999,advisor_summarized,2.044354713914222
6,2024-08-15,870.0080396066104,507.4377480181356,advisor_summarized,1.7145118647647724
6,2024-08-16,662.9689282312198,454.5396271395978,advisor_summarized,1.4585503411512444
6,2024-08-17,509.41487769203195,409.0444631807468,advisor_summarized,1.2453777609671102
6,2024-08-18,392.2832000555595,368.8543297848323,advisor_summarized,1.0635179483575379
6,2024-08-19,309.96529269374014,336.5263651559953,advisor_summarized,0.9210728334763819
6,2024-08-20,252.0695930541377,310.7117505657892,advisor_summarized,0.8112650795959042
6,2024-08-21,203.915968296744,286.60105162632215,advisor_summarized,0.7114976275893604
6,2024-08-22,176.19202075992354,271.3239464736342,advisor_summarized,0.6493788073256002
6,2024-08-23,149.03919051729446,254.40185913177768,advisor_summarized,0.5858415933984729
6,2024-08-24,125.2150250984345,239.0282376409458,advisor_summarized,0.523850346445365
6,2024-08-25,107.39119830330533,226.0724591926644,advisor_summarized,0.47502999121084427
6,2024-08-26,121.91206528800755,234.5096422760655,advisor_summarized,0.5198594996127804
6,2024-08-27,252.03803313546368,310.25467828823747,advisor_summarized,0.8123585259891279
6,2024-08-28,285.9653419604472,326.301269564143,advisor_summarized,0.8763843988177719
6,2024-08-29,261.203042593914,315.13250621179054,advisor_summarized,0.8288673413410667
6,2024-08-30,239.9343244865802,305.0173529522494,advisor_summarized,0.7866251613695633
6,2024-08-31,211.7174057071064,290.8026951307832,advisor_summarized,0.7280448539580775
6,2024-09-01,188.17098205472257,278.1388667954288,advisor_summarized,0.6765360922863124
6,2024-09-02,167.48022973159297,266.25118427354045,advisor_summarized,0.6290309287771189
6,2024-09-03,147.70629829862114,254.0945981251672,advisor_summarized,0.581304362188215
6,2024-09-04,138.09638175503588,247.75616479354105,advisor_summarized,0.5573882767765382
6,2024-09-05,161.81324082876057,262.7637335813648,advisor_summarized,0.6158126870223325
6,2024-09-06,141.74344187861158,250.11111527773244,advisor_summarized,0.5667218816773278
6,2024-09-07,168.5757389637963,266.87586606295076,advisor_summarized,0.6316634825422266
6,2024-09-08,182.90646837734326,275.22326235988027,advisor_summarized,0.6645748866175994
6,2024-09-09,185.45028056354826,276.6686679497131,advisor_summarized,0.6702973702727171
6,2024-09-10,178.03414099418495,279.60974303700795,advisor_summarized,0.6367236672815837
6,2024-09-11,204.87916113458056,297.4188796087263,advisor_summarized,0.6888572823759954
6,2024-09-12,325.3738106074032,302.7466449326386,advisor_summarized,1.0747396083606446
6,2024-09-13,544.017609720407,363.79709329582903,advisor_summarized,1.495387455660697
6,2024-09-14,640.3468236997211,448.56305925558894,advisor_summarized,1.4275514010502919
6,2024-09-15,638.477505119793,448.0193196248991,advisor_summarized,1.425111545757343
6,2024-09-16,570.9145505945036,428.2951523312765,advisor_summarized,1.3329932582400892
6,2024-09-17,493.47612988633097,404.05614589002727,advisor_summarized,1.2213058380768729
6,2024-09-18,416.4529380660793,377.8553085143631,advisor_summarized,1.1021492319466752
6,2024-09-19,405.003804778288,373.77666170144226,advisor_summarized,1.0835449247545281
6,2024-09-20,355.27910640749195,354.94981222453816,advisor_summarized,1.0009277204033158
6,2024-09-21,302.95083761119383,333.62474826914047,advisor_summarized,0.908058647276366
6,2024-09-22,257.42256548290055,313.2966211544361,advisor_summarized,0.8216576499751236
6,2024-09-23,221.47281271226603,295.8167093305994,advisor_summarized,0.7486825650026147
6,2024-09-24,196.6898056936303,282.81691034118023,advisor_summarized,0.6954669204763984
6,2024-09-25,179.01560224670985,273.0217429484324,advisor_summarized,0.655682585253006
6,2024-09-26,185.7589441397983,279.6467828591473,advisor_summarized,0.6642627611895735
6,2024-09-27,259.39817330352986,316.6583658125963,advisor_summarized,0.8191735994022215
6,2024-09-28,252.37249735256316,311.0406798456974,advisor_summarized,0.8113809983882537
6,2024-09-29,242.51242046709814,306.3131308634341,advisor_summarized,0.7917140861167303
6,2024-09-30,238.33471375338178,304.1892624898483,advisor_summarized,0.7835079772460269
6,2024-10-01,254.58925612731363,311.97554807674675,advisor_summarized,0.8160551610432112
6,2024-10-02,223.36585410075233,296.77893881057963,advisor_summarized,0.7526337785152487
6,2024-10-03,195.0494969311499,281.968760126109,advisor_summarized,0.6917415136482321
6,2024-10-04,164.89192616146215,263.828428857039,advisor_summarized,0.6249968090088287
6,2024-10-05,160.05246209978927,261.8293556509521,advisor_summarized,0.6112853988502235
6,2024-10-06,260.4847754526997,312.69015767092003,advisor_summarized,0.8330443701615895
6,2024-10-07,321.9078703397822,341.6873398215383,advisor_summarized,0.9421123724042958
6,2024-10-08,304.6190980668852,334.38995941896866,advisor_summarized,0.9109696313734632
6,2024-10-09,368.31811325122663,358.1337550827821,advisor_summarized,1.0284373031692877
6,2024-10-10,687.1226914837016,461.1326561647384,advisor_summarized,1.4900759733620532
6,2024-10-11,757.7555914676418,480.1404388445978,advisor_summarized,1.5781957322551141
6,2024-10-12,706.5212070589486,466.63363824611474,advisor_summarized,1.5140811745044211
6,2024-10-13,610.6097415386394,439.9553589364696,advisor_summarized,1.387890223714294
6,2024-10-14,516.1373419905583,411.3468862797719,advisor_summarized,1.2547496023575455
6,2024-10-15,431.7102396552052,383.1824857791274,advisor_summarized,1.126643976896298
6,2024-10-16,360.7419031306809,357.1234453620552,advisor_summarized,1.010132232469244
6,2024-10-17,304.209317995021,334.1786985567287,advisor_summarized,0.9103192971570562
6,2024-10-18,256.57851814561457,312.936277134343,advisor_summarized,0.8199065972637805
6,2024-10-19,219.77995745445784,294.9854366043887,advisor_summarized,0.745053586320634
6,2024-10-20,190.76221981978088,279.58984458920645,advisor_summarized,0.6822930929414209
6,2024-10-21,168.22197918755666,266.7018287873041,advisor_summarized,0.6307492526484114
6,2024-10-22,150.74451894873752,256.0426341305575,advisor_summarized,0.5887477273486887
6,2024-10-23,136.67246954078703,246.92371201424967,advisor_summarized,0.5535007894782492
6,2024-10-24,122.62342619631289,237.26226468603485,advisor_summarized,0.5168265015027923
6,2024-10-25,107.88813211689961,157.671860108328,advisor_summarized,0.6842573687072341
6,2024-10-26,92.66644025388564,8.691261917042064,advisor_summarized,10.662023666802947
6,2024-10-27,81.98722882637966,1.271642842626402,advisor_summarized,64.47347169984177
6,2024-10-28,73.8729797768126,0.5535563107127623,advisor_summarized,133.451607988523
6,2024-10-29,72.84852497596961,0.24811997320666235,advisor_summarized,293.60201854968415
6,2024-10-30,74.18731624603521,0.3226502302984373,advisor_summarized,229.93108102670558
6,2024-10-31,66.57614149785968,0.00115415084777059,advisor_summarized,57684.090105258925
6,2024-11-22,15.170748184302765,53.94246724772032,advisor_summarized,0.281239419669739
6,2024-11-23,9.869233307890925,116.14212480038184,advisor_summarized,0.08497548434604218
6,2024-11-24,9.401735298302809,114.48011562089044,advisor_summarized,0.08212548744654806
6,2024-11-25,8.868435273533509,112.70617699506536,advisor_summarized,0.07868632855785533
6,2024-11-26,8.127137205642903,110.21450682971216,advisor_summarized,0.07373926935226234
6,2024-11-27,7.520915988832303,108.49646820308853,advisor_summarized,0.06931945447988516
6,2024-11-28,7.0284568404379115,106.36594441752732,advisor_summarized,0.06607807488502626
6,2024-11-29,6.569462765850114,104.9052987580724,advisor_summarized,0.06262279259125218
6,2024-11-30,5.513699939731575,99.03732269284116,advisor_summarized,0.05567295025565275
6,2024-12-01,4.838634094013723,96.50847474390667,advisor_summarized,0.05013688286809468
6,2024-12-02,4.63849781728919,95.71699120215798,advisor_summarized,0.0484605476941132
6,2024-12-03,4.519497814086838,95.36881297667784,advisor_summarized,0.04738968298988966
6,2024-12-04,4.750250009075996,96.12495486038456,advisor_summarized,0.049417448528068855
6,2024-12-05,4.326480837488694,94.72413260285252,advisor_summarized,0.04567453634680637
6,2024-12-06,4.314724543404721,94.08365237754158,advisor_summarized,0.04586051279228054
6,2024-12-07,4.164381798553764,92.58954181364312,advisor_summarized,0.04497680533872282
6,2024-12-08,4.201075829629526,93.28930427804345,advisor_summarized,0.045032770499696936
6,2024-12-09,4.098042116291489,92.8822133051247,advisor_summarized,0.04412084908904063
6,2024-12-10,4.396700792695135,94.5503138855991,advisor_summarized,0.04650117606182579
6,2024-12-11,8.518704613573046,110.80190522333324,advisor_summarized,0.07688229364289968
6,2024-12-12,8.032838159567046,109.21894009721366,advisor_summarized,0.07354803253370865
6,2024-12-13,7.561755844983388,102.78859796607296,advisor_summarized,0.0735660957986728
6,2024-12-14,7.836543257288683,97.5525458984908,advisor_summarized,0.08033150939436341
6,2024-12-15,7.713668884567337,97.12901474020664,advisor_summarized,0.0794167315008731
6,2024-12-16,7.4576838588803795,96.22924290313732,advisor_summarized,0.07749914302440428
6,2024-12-17,7.206163058358755,95.31085389407046,advisor_summarized,0.07560695098134117
6,2024-12-18,7.010030484835776,94.6263145363908,advisor_summarized,0.07408119526984117
6,2024-12-19,6.946194182723131,94.3757465554358,advisor_summarized,0.0736014753392491
6,2024-12-20,6.4609793843455625,92.5635807250169,advisor_summarized,0.0698004477974929
6,2024-12-21,5.796298069819548,89.93075424196086,advisor_summarized,0.06445290177623184
6,2024-12-22,5.4186917843953095,88.36823453542591,advisor_summarized,0.06131945277488838
6,2024-12-23,5.020792237222622,86.63410882764032,advisor_summarized,0.057953989544828735
6,2024-12-24,5.246292822874893,87.63010687011497,advisor_summarized,0.059868611488183274
6,2024-12-25,5.158465013096938,87.2383475134352,advisor_summarized,0.059130705247511774
6,2024-12-26,4.978492447897964,86.45158708672784,advisor_summarized,0.057587056706125746
6,2024-12-27,5.0253336461081535,86.66007757867602,advisor_summarized,0.05798902777978484
6,2024-12-28,5.1030377735577686,86.999413980832,advisor_summarized,0.05865600169079399
6,2024-12-29,8.001163986004567,97.15052063757632,advisor_summarized,0.08235842621835461
6,2024-12-30,8.628851526305464,100.17507717262316,advisor_summarized,0.08613770779967657
6,2024-12-31,7.649084757679572,96.90520679005355,advisor_summarized,0.07893368180155085
6,2025-01-01,6.71267395577576,93.48471237334604,advisor_summarized,0.07180504475392331
6,2025-01-02,5.780958821732117,89.87741664714535,advisor_summarized,0.06432048269063961
6,2025-01-03,5.002313616633142,47.82147074925544,advisor_summarized,0.10460392660991143
6,2025-01-19,116.90345783596153,33.401831592152824,advisor_summarized,3.499911599561084
6,2025-01-20,130.28590723758685,53.884677247850966,advisor_summarized,2.4178655954143795
6,2025-01-21,108.73766205463752,40.75039532430744,advisor_summarized,2.6683829982325586
6,2025-01-22,215.84349351314415,98.81194364099828,advisor_summarized,2.1843866799882283
6,2025-01-23,202.2537693758575,94.07010206228811,advisor_summarized,2.1500324220115763
6,2025-01-24,169.18471240947153,80.75688022957817,advisor_summarized,2.0949882155985713
6,2025-01-25,146.82780581548298,71.03138682266517,advisor_summarized,2.067083473705066
6,2025-01-26,136.37813000759192,64.34141781275596,advisor_summarized,2.119600945140416
6,2025-01-27,126.96996743157231,131.62082726210397,advisor_summarized,0.9646647120575368
6,2025-01-28,114.11883496796119,244.28893209162004,advisor_summarized,0.46714697219750084
6,2025-01-29,109.61048599184431,240.74746717225057,advisor_summarized,0.455292374533768
6,2025-01-30,104.54956532803503,236.18018687626903,advisor_summarized,0.44266865358526813
6,2025-01-31,99.40961652986437,232.01150956352112,advisor_summarized,0.4284684700206546
6,2025-02-01,93.65608296830393,226.64738674491255,advisor_summarized,0.4132237495140949
6,2025-02-02,87.08562685610862,221.12756870249663,advisor_summarized,0.39382528088694796
6,2025-02-03,81.59639735610476,217.5580621161494,advisor_summarized,0.3750557279396167
6,2025-02-04,76.91248880635449,213.3967404181112,advisor_summarized,0.36042016694190726
6,2025-02-05,72.57131309422846,208.5156374885715,advisor_summarized,0.3480377489587849
6,2025-02-06,67.69103139271196,203.8865524464626,advisor_summarized,0.3320034135673885
6,2025-02-07,64.8146007591158,201.08175359816337,advisor_summarized,0.32232959778458886
6,2025-02-08,61.47394334602762,197.7350235560614,advisor_summarized,0.31089051519797484
6,2025-02-09,56.216012789670366,192.5991578209704,advisor_summarized,0.29188088580286364
6,2025-02-10,51.07296383590095,186.7282660074575,advisor_summarized,0.2735149044540542
6,2025-02-11,49.83421149181152,185.19796885932604,advisor_summarized,0.26908616654249023
6,2025-02-12,46.7310314302416,181.19962876493136,advisor_summarized,0.2578980528203253
6,2025-02-13,55.64631601322708,189.96510476840487,advisor_summarized,0.29292914654545654
6,2025-02-14,76.26024202220573,210.8840675246944,advisor_summarized,0.3616216384543878
6,2025-02-15,68.87249785117403,204.49063941211853,advisor_summarized,0.33680024694124217
6,2025-02-16,69.96849758985746,206.26647477971633,advisor_summarized,0.33921410478644576
6,2025-02-17,72.86311237777211,208.000257456808,advisor_summarized,0.3503029912975103
6,2025-02-18,65.72227966807758,200.45274900841147,advisor_summarized,0.32786918609591986
6,2025-02-19,92.8781801546913,224.7817946097754,advisor_summarized,0.4131926267246385
6,2025-02-20,95.46268366648084,228.69766397333447,advisor_summarized,0.41741870908489703
6,2025-02-21,81.56087383741976,216.268501033048,advisor_summarized,0.37712784546907474
6,2025-02-22,74.8134149141086,210.33848806612195,advisor_summarized,0.3556810529634989
6,2025-02-23,70.08074084568901,205.44956955803607,advisor_summarized,0.34110921233102104
6,2025-02-24,77.40602934562651,211.72923061567928,advisor_summarized,0.36558971626421394
6,2025-02-25,78.3228044016089,214.09148697764425,advisor_summarized,0.3658380139598334
6,2025-02-26,71.82133720431926,207.8593168542003,advisor_summarized,0.34552859256579405
6,2025-02-27,61.82887485235703,198.174392485445,advisor_summarized,0.31199225125364305
6,2025-02-28,52.90096038777805,188.3105351805191,advisor_summarized,0.2809240616148528
6,2025-03-01,46.746545530733435,181.72723381921415,advisor_summarized,0.2572346728021944
6,2025-03-02,43.780268012248904,176.33340960239346,advisor_summarized,0.24828118568663265
6,2025-03-03,39.60086365293957,170.10509754282808,advisor_summarized,0.23280233352777155
6,2025-03-04,36.856307621985984,166.60814898260887,advisor_summarized,0.22121551584990704
6,2025-03-05,38.841620925724435,170.92697862352222,advisor_summarized,0.2272410197530937
6,2025-03-06,38.73234488828778,171.21053705346245,advisor_summarized,0.2262264084610234
6,2025-03-07,34.35831745855905,163.7877877667394,advisor_summarized,0.2097733776555485
6,2025-03-08,32.877634717760195,162.2199919613866,advisor_summarized,0.20267313738732087
6,2025-03-09,59.67385431279002,191.764632338972,advisor_summarized,0.3111827952054671
6,2025-03-10,157.36535244153768,272.4629842738762,advisor_summarized,0.5775659870309433
6,2025-03-11,153.33397453085414,270.76873210857235,advisor_summarized,0.5662912897541307
6,2025-03-12,134.28747798040095,258.44148020824036,advisor_summarized,0.5196049715865976
6,2025-03-13,116.93076366210079,245.79885401401,advisor_summarized,0.4757172857097047
6,2025-03-14,108.00824643338852,238.47748032978345,advisor_summarized,0.4529075293986968
6,2025-03-15,99.69214867971384,231.96823329771132,advisor_summarized,0.42976638336408557
6,2025-03-16,101.84606345467566,233.5749873893908,advisor_summarized,0.4360315485531376
6,2025-03-17,103.2383667274612,236.22957902216044,advisor_summarized,0.43702557128875263
6,2025-03-18,91.67241610465302,226.44403425700563,advisor_summarized,0.40483475930572854
6,2025-03-19,82.1751549021847,218.19409851790903,advisor_summarized,0.3766149289112872
6,2025-03-20,75.49750314743551,212.6285460792113,advisor_summarized,0.35506757930475685
6,2025-03-21,69.38027159098027,206.0364567065142,advisor_summarized,0.33673784096281584
6,2025-03-22,61.79918520340138,198.5764697911085,advisor_summarized,0.3112110174403378
6,2025-03-23,54.65655798934607,190.5764787952129,advisor_summarized,0.28679592746635946
6,2025-03-24,49.65050790016747,184.61486947845455,advisor_summarized,0.2689410015587175
6,2025-03-25,45.37900027533625,179.58554090940132,advisor_summarized,0.2526873825450647
6,2025-03-26,38.99133953530554,173.5881229428842,advisor_summarized,0.22461985805408405
6,2025-03-27,33.43043562063821,162.99749419929302,computed_RC,0.20509785003052647
6,2025-03-28,28.74076441488314,155.600791715284,computed_RC,0.18470834304926007
6,2025-03-29,25.014595605779505,149.23967774006195,computed_RC,0.16761357290886578
6,2025-03-30,51.953345240490854,182.37029256795245,computed_RC,0.28487833467247786
6,2025-03-31,71.74741063557286,208.45726665213775,computed_RC,0.3441828235966515
6,2025-04-01,61.848209084287674,198.45303184321045,computed_RC,0.31165162109063366
6,2025-04-02,52.08795280955627,187.4780150696818,computed_RC,0.2778349919599705
6,2025-04-03,42.625838446981334,175.8654964772359,computed_RC,0.24237749473785405
6,2025-04-04,36.47064964798163,167.45510133363285,computed_RC,0.2177936017327924
6,2025-04-05,30.22322638052949,157.97899616638867,computed_RC,0.19131167505772345
6,2025-04-06,25.42696437561445,149.92367283347457,computed_RC,0.16959939611309457
6,2025-04-07,22.173288870339526,143.9542367905142,computed_RC,0.1540301234940841
6,2025-04-08,21.769901212399784,143.18368130886566,computed_RC,0.15204177608368163
6,2025-04-09,19.323807560150676,138.32422776067307,computed_RC,0.13969937062352156
6,2025-04-10,19.35898566969941,138.42564224645886,computed_RC,0.13985115297664183
6,2025-04-11,21.4464625747978,142.0051458493923,computed_RC,0.15102595364778873
6,2025-04-12,27.783104156057522,153.99504959062529,computed_RC,0.18041556679851134
6,2025-04-13,24.205777105155217,147.79238457354413,computed_RC,0.16378230295830967
6,2025-04-14,21.860641203319805,143.3841174004773,computed_RC,0.15246208296740568
6,2025-04-15,20.50180259294761,140.7473846984295,computed_RC,0.14566382627198027
6,2025-04-16,16.77806559733471,132.54002803508996,computed_RC,0.12658866793730206
6,2025-04-17,12.287224314425591,121.81876997765832,computed_RC,0.10086478723007201
6,2025-04-18,11.362031707512765,119.18730580487716,computed_RC,0.09532921002605488
6,2025-04-19,10.02655139942013,115.26367289850154,computed_RC,0.0869879568062114
6,2025-04-20,8.63050275256408,110.8105986534251,computed_RC,0.07788517395846878
6,2025-04-21,7.680922381639272,107.56123148085844,computed_RC,0.0714097661015174
6,2025-04-22,6.724202164294178,103.96896936605576,computed_RC,0.06467508724280502
6,2025-04-23,5.689535762694938,99.81905033455406,computed_RC,0.05699849621515992
6,2025-04-24,5.054548780218968,97.0308026632794,computed_RC,0.05209220826256058
6,2025-04-25,4.373354884854386,93.80168448881405,computed_RC,0.04662341522636423
6,2025-04-26,4.141549713577296,92.62520404651552,computed_RC,0.04471298882642621
6,2025-04-27,3.485180867922309,89.00119844202575,computed_RC,0.03915880829618841
6,2025-04-28,4.279498820851149,93.36803373856064,computed_RC,0.04583473218290268
6,2025-04-29,4.366562104243741,93.7903399694722,computed_RC,0.04655662945315064
6,2025-04-30,4.4992814461659645,94.36631772610966,computed_RC,0.047678891733645395
6,2025-05-01,5.317876882084237,98.22937733219456,computed_RC,0.05413733677757224
6,2025-05-02,5.2219769414553046,97.78962092628004,computed_RC,0.053400114367883264
6,2025-05-03,5.739727072416309,100.11694040492532,computed_RC,0.05733022852278394
6,2025-05-04,9.763376622249604,114.24385959418552,computed_RC,0.08546084364560906
6,2025-05-05,9.568585034784157,113.88642500788538,computed_RC,0.08401866187407005
6,2025-05-06,9.154997781954343,112.62009192765328,computed_RC,0.0812909812561286
6,2025-05-07,9.377703538278032,113.32815279152794,computed_RC,0.08274822546105313
6,2025-05-08,9.849197183205153,114.79387414857273,computed_RC,0.08579897887632719
6,2025-05-09,6.9297633765957505,101.92128253604184,computed_RC,0.06799132825026233
6,2025-05-10,4.339018813642167,93.4527548984976,computed_RC,0.0464300792240414
6,2025-05-11,5.417014548882883,98.61085258717917,computed_RC,0.05493324930026184
6,2025-05-12,7.619654824384812,107.34093748319928,computed_RC,0.07098554384786718
6,2025-05-13,5.677086791612265,99.7293160441866,computed_RC,0.056924954635174115
6,2025-05-14,4.601083347520511,94.89392302267052,computed_RC,0.04848659641167216
6,2025-05-15,3.9373356784789815,91.46176075637858,computed_RC,0.043048981846813945
6,2025-05-16,3.377646857401205,88.29565613721356,computed_RC,0.0382538281628743
6,2025-05-17,2.6955891774522547,83.96380679947337,computed_RC,0.03210418012477683
6,2025-05-18,1.8762758537395148,76.41799535302383,computed_RC,0.02455280127503726
6,2025-05-19,0.8187296895098847,66.65823144848459,computed_RC,0.012282499426085475
6,2025-05-20,0.6586768723621185,63.75425842268498,computed_RC,0.010331496101721556
6,2025-05-21,0.5319016370834843,62.283805690086815,computed_RC,0.008539966869239374
6,2025-05-22,0.508185686646498,61.35808310179188,computed_RC,0.008282294050865764
6,2025-05-23,0.31176632389336517,57.24992988673452,computed_RC,0.005445706649950066
6,2025-05-24,0.14611543654516881,52.38816148924769,computed_RC,0.0027890926574157026
6,2025-05-25,0.04855845770992721,47.78082366719157,computed_RC,0.0010162750238077122
6,2025-05-26,0.01908695758850925,43.82601125381555,computed_RC,4.355166496437093e-4
6,2025-06-13,0.5364611378281566,61.99632743672318,computed_RC,0.00865311156335346
6,2025-06-14,0.2439124561532836,56.26206779032019,computed_RC,0.004335291355843989
6,2025-06-15,0.09627485038872181,50.76202495722928,computed_RC,0.0018965919990355077
6,2025-06-16,0.04509716306991961,47.34591017354345,computed_RC,9.525038784684632e-4
6,2025-06-17,0.013095375890482168,43.40770215208116,computed_RC,3.016832322660581e-4
6,2025-06-18,0.002192155251395115,39.775278716309614,computed_RC,5.511351075702796e-5
6,2025-06-20,0.2766778548204711,56.67677784680016,computed_RC,0.004881679328495766
6,2025-06-21,0.06524638782621331,48.76213755640298,computed_RC,0.0013380542998293102
6,2025-06-22,0.02074583129136493,44.69167593051034,computed_RC,4.641990003602004e-4
6,2025-06-23,0.0025981005363745527,39.861913536801055,computed_RC,6.5177516728492e-5
6,2025-07-04,0.04382782658461885,47.29117783666472,computed_RC,9.267653839367742e-4
6,2025-07-05,0.0162049247853289,44.00067451904772,computed_RC,3.682880992725203e-4
6,2025-07-06,0.005352334191171583,41.57421064254196,computed_RC,1.2874169126604317e-4
6,2025-07-07,0.0012668091656250395,39.416064254488006,computed_RC,3.213941294204171e-5
6,2025-07-10,0.19299846823669892,53.78424177617271,computed_RC,0.0035883831743854823
6,2025-07-11,0.2657390439360335,56.99415898962296,computed_RC,0.0046625662812994064
6,2025-07-12,0.30030396698868617,57.918229122357985,computed_RC,0.005184964587820259
6,2025-07-13,1.3319029916530702,66.22538995894796,computed_RC,0.02011166702798874
6,2025-07-14,7.1686955279341396,103.67939881745887,computed_RC,0.06914291180020792
6,2025-07-15,8.761275799445249,111.24231148203476,computed_RC,0.0787584839142808
6,2025-07-16,10.916506631409323,117.80691351140854,computed_RC,0.09266439724144167
6,2025-07-17,10.057553071358706,115.41186708905326,computed_RC,0.08714487794914687
6,2025-07-18,9.21539283745783,112.82315197129824,computed_RC,0.08167998036256059
6,2025-07-19,9.95935501285327,115.162503398724,computed_RC,0.08648088326433186
6,2025-07-20,8.494000430643329,110.44870148819716,computed_RC,0.07690448430985873
6,2025-07-21,8.399249551213407,110.0160534082982,computed_RC,0.07634567220877853
6,2025-07-22,6.606031142006751,102.68109897629228,computed_RC,0.06433541526013466
6,2025-07-23,16.570741664207254,125.99812693987234,computed_RC,0.131515777787038
6,2025-07-24,26.14313519038381,150.75144928481174,computed_RC,0.17341879838907617
6,2025-07-25,21.859453441580314,143.37494385700165,computed_RC,0.1524635536274898
6,2025-07-26,19.844679941123136,139.28676067488126,computed_RC,0.1424735548803806
6,2025-07-27,16.6023394142135,132.23509559402234,computed_RC,0.1255516876184268
6,2025-07-28,12.236868728279417,121.36804188072068,computed_RC,0.10082447190097778
6,2025-07-29,16.05360420197373,128.3246805662311,computed_RC,0.12510145461603642
6,2025-07-30,23.230162671423756,145.8513490529198,computed_RC,0.1592728680417969
6,2025-07-31,19.81234752032721,139.2953804104627,computed_RC,0.14223262438385267
6,2025-08-01,17.366060374064503,134.08687574965225,computed_RC,0.12951349844624552
6,2025-08-02,15.919970625407345,130.85928869655507,computed_RC,0.12165716919280828
6,2025-08-03,18.512260612388797,136.54502816479894,computed_RC,0.13557623343155328
6,2025-08-04,18.821010826451857,137.19446298916955,computed_RC,0.13718491560361026
6,2025-08-05,18.932913402548426,137.47500908471704,computed_RC,0.1377189463641445
6,2025-08-06,19.94376113201146,139.44586276600006,computed_RC,0.1430215334927397
6,2025-08-07,18.938597996097172,137.4053006724578,computed_RC,0.1378301848866979
6,2025-08-08,19.723685677548453,138.87134768221117,computed_RC,0.14202847460430437
6,2025-08-09,22.145304369388665,143.94800157586752,computed_RC,0.15384238841076944
6,2025-08-10,18.25956323639586,136.0875906772209,computed_RC,0.1341750790467352
6,2025-08-11,17.179574268544563,133.7086463285891,computed_RC,0.12848514094089133
6,2025-08-12,16.431532106535013,132.0408667554297,computed_RC,0.1244427767728155
6,2025-08-13,8.759441345629533,110.55530170102264,computed_RC,0.07923130967810028
6,2025-08-14,6.3931388749035385,102.71704519623094,computed_RC,0.062240291888167806
6,2025-08-15,5.905524453251546,100.80744579094755,computed_RC,0.058582224823931196
6,2025-08-16,6.447298571650705,102.998881229826,computed_RC,0.06259581166968756
6,2025-08-17,6.715163136287639,104.05504367476244,computed_RC,0.064534720270521
6,2025-08-18,5.878786194485279,100.58409049349616,computed_RC,0.058446481602032335
6,2025-08-19,5.193098970487086,97.64894200243644,computed_RC,0.05318131322260013
6,2025-08-20,4.443282865503191,94.02722263595857,computed_RC,0.047255281406173945
6,2025-08-21,3.629151855969404,89.90457712251587,computed_RC,0.040366708482748787
6,2025-08-22,6.767342240040711,102.49961932421672,computed_RC,0.06602309632619141
6,2025-08-23,15.281664799410645,127.99423163659056,computed_RC,0.11939338674886013
6,2025-08-24,16.07459562386052,131.20611998461635,computed_RC,0.12251406889972231
6,2025-08-25,15.237482019581234,129.2856709240898,computed_RC,0.11785901647621828
6,2025-08-26,16.231986590031394,131.6093299587299,computed_RC,0.12333461917267892
6,2025-08-27,16.78462101083831,132.85995048445608,computed_RC,0.12633318731216917
6,2025-08-28,19.148916187984625,137.9827779812481,computed_RC,0.13877758129052142
6,2025-08-29,23.900227362043754,147.2553355710658,computed_RC,0.16230466128345783
6,2025-10-06,2.2947165375250993,81.25917733746661,computed_RC,0.02823947537636542
6,2025-10-07,2.3940625157399755,82.24533344115119,computed_RC,0.02910879457316558
6,2025-10-08,1.7494460260237736,77.2254320690028,computed_RC,0.02265375510570923
6,2025-10-09,1.3343700729070362,73.31096907066754,computed_RC,0.01820150640241545
6,2025-10-10,1.0365722943249562,70.07930609917844,computed_RC,0.014791417781134512
6,2025-10-11,0.9378510824089367,68.87754904708135,computed_RC,0.013616208697668195
6,2025-10-12,0.7187148420723449,65.84799983008985,computed_RC,0.010914755860874632
6,2025-10-13,0.47665778000767195,61.76364606572698,computed_RC,0.007717448861429381
6,2025-10-14,0.2935268729547177,57.70951522657859,computed_RC,0.005086282076747224
6,2025-10-15,0.20230590669457332,55.09133582059506,computed_RC,0.0036721909839576685
6,2025-10-16,0.1249586995368921,52.10886111955717,computed_RC,0.002398031675460921
6,2025-10-17,0.052712236876432166,48.01871826421793,computed_RC,0.0010977435213157635
6,2025-10-18,0.015454974990777214,43.88376911345651,computed_RC,3.521797535398595e-4
6,2025-10-19,0.044697203030583534,44.6636926356679,computed_RC,0.001000750282677901
6,2025-10-20,0.11555405858401284,51.783131854695576,computed_RC,0.0022314999971083183
6,2025-10-21,0.11059618602983697,51.511661356420234,computed_RC,0.0021470126009836537
6,2025-10-22,0.0612807220959526,48.66294672816414,computed_RC,0.0012592891761831146
6,2025-10-23,0.012920984551199062,43.3510953244807,computed_RC,2.9805439642265465e-4
6,2025-10-24,9.778045853714786e-4,39.097085541739034,computed_RC,2.5009654091162364e-5
6a,2021-04-06,67.87040663439183,52.448055748213086,advisor_summarized,1.2940500017811276
6a,2021-04-07,54.764061767516836,54.22108420695984,advisor_summarized,1.010014140596755
6a,2021-04-08,39.733652409799106,41.67797276710526,advisor_summarized,0.9533489700141863
6a,2021-04-09,29.13402916254577,32.53318125847616,advisor_summarized,0.895517377506856
6a,2021-04-10,22.759757165752326,26.903050806033203,advisor_summarized,0.8459916806404828
6a,2021-04-11,42.00968073651417,43.425455062969434,advisor_summarized,0.9673975937753028
6a,2021-04-12,65.52859580077677,61.805427706387725,advisor_summarized,1.0602401477112382
6a,2021-04-13,59.05730443990422,56.94346905653948,advisor_summarized,1.037121647458217
6a,2021-04-14,46.031928653985084,47.12722562881089,advisor_summarized,0.9767587215200675
6a,2021-04-15,35.85958455680521,38.624144636337576,advisor_summarized,0.9284240439351641
6a,2021-04-16,31.926530406592995,35.03339842100562,advisor_summarized,0.91131696739561
6a,2021-04-17,44.31696679610349,45.74253881554523,advisor_summarized,0.9688348732633688
6a,2021-04-18,106.97607977351927,91.16938498808118,advisor_summarized,1.173377222929655
6a,2021-04-19,210.35403393073273,158.66055302281163,advisor_summarized,1.325811803394438
6a,2021-04-20,214.38427723442985,161.53730271652694,advisor_summarized,1.3271502843565564
6a,2021-04-21,167.76762697401938,132.35822816791742,advisor_summarized,1.267526993192894
6a,2021-04-22,116.45765434947663,98.3773678899408,advisor_summarized,1.1837850193325263
6a,2021-04-23,77.10666304037512,71.2829182580263,advisor_summarized,1.0816990230572257
6a,2021-04-24,55.310015190990526,55.0188428742868,advisor_summarized,1.0052922290163213
6a,2021-04-25,63.05153505618467,59.96511810457413,advisor_summarized,1.0514702054989384
6a,2021-04-26,50.27701624387588,50.09090557488734,advisor_summarized,1.0037154582623846
6a,2021-04-27,37.40502210523435,39.69233834805431,advisor_summarized,0.9423738600945369
6a,2021-04-28,28.89826466366101,32.46474509184089,advisor_summarized,0.8901429714574838
6a,2021-04-29,22.82706720923469,26.656044040212876,advisor_summarized,0.8563561485266962
6a,2021-04-30,17.769728065262782,21.96603880895097,advisor_summarized,0.808963701640269
6a,2021-05-01,14.220220867190703,18.257229579683017,advisor_summarized,0.7788816372783759
6a,2021-05-02,11.449820742476915,15.423795553077078,advisor_summarized,0.7423478029824282
6a,2021-05-03,9.863801250892696,13.590090583050902,advisor_summarized,0.7258083520940245
6a,2021-05-04,7.99633138040734,11.46170771290557,advisor_summarized,0.6976561940594322
6a,2021-05-05,6.022824302444001,9.191738281399044,advisor_summarized,0.6552432323527044
6a,2021-05-06,10.911039635850656,14.5500052272903,advisor_summarized,0.749899361918144
6a,2021-05-07,15.24532051897238,19.167668376899304,advisor_summarized,0.79536645872619
6a,2021-05-08,10.74313415005121,14.516631581806427,advisor_summarized,0.7400569539503565
6a,2021-05-09,7.8712317974816015,11.45016356257601,advisor_summarized,0.6874340051532648
6a,2021-05-10,6.705277936692884,9.956037483266527,advisor_summarized,0.6734886191381548
6a,2021-05-11,6.7679300233563024,10.079350658659395,advisor_summarized,0.6714648842524218
6a,2021-05-12,8.189170571901386,11.668988400757296,advisor_summarized,0.7017892460472344
6a,2021-05-13,7.183723894236888,10.472267360184498,advisor_summarized,0.6859759827703947
6a,2021-05-14,5.862534194190355,8.961925179234312,advisor_summarized,0.6541601360134583
6a,2021-05-15,4.448270003576639,7.164091482659227,advisor_summarized,0.620911948757736
6a,2021-05-16,3.4844816481834275,5.910806783086742,advisor_summarized,0.5895103284637839
6a,2021-05-17,2.130970385373492,3.987474736021794,advisor_summarized,0.5344160217801176
6a,2021-05-18,1.0313452377703438,2.2050737214439047,advisor_summarized,0.4677146291031977
6a,2021-05-19,0.42792569730883506,1.0835881656567732,advisor_summarized,0.3949154400827783
6a,2021-05-20,0.13070218592231753,0.4127458361528421,advisor_summarized,0.31666506230705566
6a,2021-05-21,0.017258655923312435,0.08014895145315956,advisor_summarized,0.2153322733535534
6a,2021-05-22,8.436739712619435e-4,0.00573288865494647,advisor_summarized,0.1471638509033316
6a,2021-06-07,0.956141912116262,0.5714082638248167,advisor_summarized,1.6733078127294945
6a,2021-06-08,1.264348667570032,2.6066084800241884,advisor_summarized,0.48505507338727727
6a,2021-06-09,0.69889173508945,1.6304177073906123,advisor_summarized,0.4286580867721224
6a,2021-06-10,0.36434290248800433,0.9711124365162416,advisor_summarized,0.3751809664749472
6a,2021-06-11,0.40989499706949145,1.0657309525745988,advisor_summarized,0.3846139554070986
6a,2021-06-12,0.12921359664375956,0.4222442109005888,advisor_summarized,0.3060162657249101
6a,2021-06-13,0.02427991739697132,0.10566704180361353,advisor_summarized,0.22977758232407536
6a,2021-06-14,0.006709619927347859,0.034970772283107,advisor_summarized,0.19186364753485904
6a,2021-06-15,0.1183211590515875,0.3384623855114963,advisor_summarized,0.34958436776593765
6a,2021-06-16,1.562988349952306,3.0694263322577418,advisor_summarized,0.5092118789515424
6a,2021-06-17,1.4922941589217182,2.9638201983964927,advisor_summarized,0.5035036065038931
6a,2021-06-18,0.8554167658439811,1.906107628206005,advisor_summarized,0.4487767391440977
6a,2021-06-19,0.49677782732024556,1.2488584646652925,advisor_summarized,0.39778553084747464
6a,2021-06-20,2.3157350082385695,3.9511553686531986,advisor_summarized,0.5860905968443142
6a,2021-06-21,4.3150141367805785,6.933605564991862,advisor_summarized,0.6223333727789927
6a,2021-06-22,25.977353822997067,27.236771192172384,advisor_summarized,0.9537604013232941
6a,2021-06-23,84.56604916706445,76.01173926636383,advisor_summarized,1.1125393259418024
6a,2021-06-24,123.29530276237907,103.77977793519112,advisor_summarized,1.1880474714387526
6a,2021-06-25,137.8797380169274,113.77136552648346,advisor_summarized,1.2119019348926778
6a,2021-06-26,161.89601468784485,128.66178940029957,advisor_summarized,1.258306879163208
6a,2021-06-27,231.6026813723103,171.95195530435296,advisor_summarized,1.3469034473168755
6a,2021-06-28,219.798240685822,164.7154720576804,advisor_summarized,1.3344116247249234
6a,2021-06-29,180.17027267396264,140.2254034263052,advisor_summarized,1.2848618600598305
6a,2021-06-30,150.74898578893493,122.39785143353905,advisor_summarized,1.2316309806368644
6a,2021-07-01,201.27416812556612,154.091263960905,advisor_summarized,1.306201032763493
6a,2021-07-02,221.49040662090968,166.7233909183108,advisor_summarized,1.3284902940189898
6a,2021-07-03,225.71686031908592,168.05688977383497,advisor_summarized,1.3430979272724117
6a,2021-07-04,197.24424336576678,150.5491103738673,advisor_summarized,1.3101654528275772
6a,2021-07-05,164.42776384933197,130.17792719673304,advisor_summarized,1.2631001844178886
6a,2021-07-06,151.23166136475805,121.73573954087492,advisor_summarized,1.2422946780881827
6a,2021-07-07,722.2952382997868,406.40376605620554,advisor_summarized,1.7772848054756794
6a,2021-07-08,2285.0134422638657,1078.1009197324863,advisor_summarized,2.1194800973093093
6a,2021-07-09,1526.0188835667282,780.0059630413567,advisor_summarized,1.9564195094311312
6a,2021-07-10,1157.9813555586068,627.5956660569813,advisor_summarized,1.8451073169990155
6a,2021-07-11,866.4480880052347,496.18937257014545,advisor_summarized,1.7462044451239156
6a,2021-07-12,608.2646075181475,373.0466300069065,advisor_summarized,1.6305323747513445
6a,2021-07-13,405.44543988863273,268.54495116143625,advisor_summarized,1.509786120108058
6a,2021-07-14,261.1408592586397,189.4406017603019,advisor_summarized,1.3784841097003044
6a,2021-07-15,168.50628282224503,133.49169983515208,advisor_summarized,1.2622978284817123
6a,2021-07-16,111.17264609985095,95.168425638972,advisor_summarized,1.1681673344223646
6a,2021-07-17,72.80893239531149,67.83648952658442,advisor_summarized,1.0733004155054107
6a,2021-07-18,51.215293961312334,51.052276927086886,advisor_summarized,1.0031931393473061
6a,2021-07-19,43.589197005957566,45.02925335488195,advisor_summarized,0.9680195374865513
6a,2021-07-20,45.018043785781195,46.24123249564081,advisor_summarized,0.9735476620357184
6a,2021-07-21,37.5135042435729,39.600910567304815,advisor_summarized,0.947288931142525
6a,2021-07-22,34.33512229157791,37.127623514136296,advisor_summarized,0.9247864269714127
6a,2021-07-23,34.877509286021365,37.72830799586527,advisor_summarized,0.924438734168616
6a,2021-07-24,38.57239966249859,40.779476017070905,advisor_summarized,0.9458777657258666
6a,2021-07-25,29.69744814772161,33.14279176493434,advisor_summarized,0.896045461660295
6a,2021-07-26,22.65912888913514,26.479974922818553,advisor_summarized,0.8557080947085459
6a,2021-07-27,28.41887159219678,31.622354419168676,advisor_summarized,0.8986956257428439
6a,2021-07-28,79.8393418822732,71.10646402611277,advisor_summarized,1.1228141207099458
6a,2021-07-29,167.28906011010963,132.32008208011075,advisor_summarized,1.264275667610511
6a,2021-07-30,161.6929660945858,129.010751685935,advisor_summarized,1.2533293851989384
6a,2021-07-31,117.90220426923271,99.8938888243652,advisor_summarized,1.1802744457824639
6a,2021-08-01,80.20723979166289,73.41568274155155,advisor_summarized,1.0925082597681472
6a,2021-08-02,60.47786615307261,58.44665504371948,advisor_summarized,1.0347532482027197
6a,2021-08-03,66.70269796112304,63.50027236938505,advisor_summarized,1.0504316827667963
6a,2021-08-04,61.909215559500396,59.614643037149655,advisor_summarized,1.0384900823933618
6a,2021-08-05,63.41766049719904,60.864791640861746,advisor_summarized,1.0419432776735806
6a,2021-08-06,76.52638182497985,70.49724018170019,advisor_summarized,1.0855230875384638
6a,2021-08-07,90.2204479158512,80.73400250894444,advisor_summarized,1.1175024786595433
6a,2021-08-08,118.09357402959714,100.07232194083848,advisor_summarized,1.1800822818862202
6a,2021-08-09,116.46668371932505,98.5950223426908,advisor_summarized,1.1812633229547531
6a,2021-08-10,88.92904417547041,79.64016619412166,advisor_summarized,1.1166355926318292
6a,2021-08-11,70.17452222908855,65.94383813153897,advisor_summarized,1.0641558668318727
6a,2021-08-12,53.48404483814593,53.02098443638107,advisor_summarized,1.008733530821565
6a,2021-08-13,40.686244390281786,42.49323541259308,advisor_summarized,0.9574757957409903
6a,2021-08-14,30.954797083388414,34.26949572005096,advisor_summarized,0.9032755350781795
6a,2021-08-15,25.614270275500623,29.456707832390737,advisor_summarized,0.8695564494595369
6a,2021-08-16,20.584493086492337,24.74630735121684,advisor_summarized,0.8318207963047928
6a,2021-08-17,17.30815657249066,21.33529840155361,advisor_summarized,0.8112451134609067
6a,2021-08-18,14.215488011582952,18.14256834747937,advisor_summarized,0.7835433076132231
6a,2021-08-19,10.67191988039616,14.583036267296269,advisor_summarized,0.7318036988174316
6a,2021-08-20,8.464808303473147,12.171367998251585,advisor_summarized,0.6954689320616315
6a,2021-08-21,6.865821154904085,10.182776811326953,advisor_summarized,0.6742582384076997
6a,2021-08-22,11.225387459821196,14.691494207724899,advisor_summarized,0.7640739125036582
6a,2021-08-23,23.366995620407838,27.24803869659521,advisor_summarized,0.8575661492776605
6a,2021-08-24,26.323632192948477,29.79719092365113,advisor_summarized,0.8834266377792827
6a,2021-08-25,34.77495182099415,37.39911175170665,advisor_summarized,0.929833629522157
6a,2021-08-26,32.14920551058424,35.15188550290284,advisor_summarized,0.9145798312278116
6a,2021-08-27,31.698634777022164,34.714461855619284,advisor_summarized,0.9131247636463377
6a,2021-08-28,29.017721830342825,32.48341342675574,advisor_summarized,0.8933088850336672
6a,2021-08-29,24.39141574397155,28.2139018632438,advisor_summarized,0.8645176361000934
6a,2021-08-30,18.89035930720154,23.133099477206617,advisor_summarized,0.8165943921961036
6a,2021-08-31,14.641086622027213,18.880800611394687,advisor_summarized,0.7754483998518168
6a,2021-09-01,32.6133949722008,34.89703235693762,advisor_summarized,0.9345606995638176
6a,2021-09-02,44.64578204425752,45.72428679992144,advisor_summarized,0.9764128687149743
6a,2021-09-03,44.99370842542326,45.86635656814459,advisor_summarized,0.9809741124428574
6a,2021-09-04,34.94885952704884,37.641669730442146,advisor_summarized,0.9284619884644614
6a,2021-09-05,26.235576217806763,30.078289343703617,advisor_summarized,0.8722429629562274
6a,2021-09-06,20.75362852691174,24.737385914222745,advisor_summarized,0.8389580289071471
6a,2021-09-07,18.24151397581853,22.33737860241853,advisor_summarized,0.816636289355971
6a,2021-09-08,18.12955818365273,22.28735601414725,advisor_summarized,0.8134458915694041
6a,2021-09-09,23.28610770127305,27.100619803477215,advisor_summarized,0.8592463150339191
6a,2021-09-10,20.490532517970255,24.228784630999467,advisor_summarized,0.8457102917062413
6a,2021-09-11,18.66725778606056,22.561076790783385,advisor_summarized,0.8274098776032923
6a,2021-09-12,16.011682345037894,20.086970922830034,advisor_summarized,0.7971178136589856
6a,2021-09-13,11.86638773280851,15.432662009927292,advisor_summarized,0.7689138610808218
6a,2021-09-14,21.91620930869272,24.571892091210913,advisor_summarized,0.891921925561927
6a,2021-09-15,60.70102395333211,58.67442699974152,advisor_summarized,1.034539697398315
6a,2021-09-16,86.76982612110197,77.79953263666367,advisor_summarized,1.1153000947490395
6a,2021-09-17,145.28691251441558,118.01472846984748,advisor_summarized,1.231091359512267
6a,2021-09-18,133.31733365080567,110.43486642331692,advisor_summarized,1.2072032861413178
6a,2021-09-19,134.7601585332474,111.67336916712912,advisor_summarized,1.206734958731001
6a,2021-09-20,282.1947522769743,193.49365694088053,advisor_summarized,1.4584186207364682
6a,2021-09-21,838.2259714095915,479.90183732380495,advisor_summarized,1.7466613090793688
6a,2021-09-22,1403.5852764491967,732.7561909603828,advisor_summarized,1.9154874346535313
6a,2021-09-23,1109.1435937250592,603.1160407386625,advisor_summarized,1.8390218777246294
6a,2021-09-24,800.9027512846864,464.6877154820907,advisor_summarized,1.7235289950666957
6a,2021-09-25,526.6423691541462,331.8740880161709,advisor_summarized,1.5868740229230702
6a,2021-09-26,324.99410457181625,225.01980437472363,advisor_summarized,1.4442911168414592
6a,2021-09-27,197.62103036368072,151.34883351246785,advisor_summarized,1.3057321009837914
6a,2021-09-28,128.23254626459567,107.14120397952463,advisor_summarized,1.196855565381753
6a,2021-09-29,87.2351384402899,78.3273606077224,advisor_summarized,1.1137249840088352
6a,2021-09-30,60.45705088203758,58.22965490805425,advisor_summarized,1.0382519178157663
6a,2021-10-01,43.837172531415405,45.09365970681868,advisor_summarized,0.9721360567411813
6a,2021-10-02,32.232628652785515,35.35916969744168,advisor_summarized,0.9115776453064627
6a,2021-10-03,24.898847346468383,28.851629119120023,advisor_summarized,0.8629962364921666
6a,2021-10-04,20.003341877095107,24.060184235229368,advisor_summarized,0.8313877267741717
6a,2021-10-05,16.987642913793923,21.02548527306593,advisor_summarized,0.8079548554132749
6a,2021-10-06,18.87121852329006,22.854682216678174,advisor_summarized,0.8257046999987956
6a,2021-10-07,21.21802060277077,25.19862840753066,advisor_summarized,0.84203077483494
6a,2021-10-08,17.865243538500508,22.017284691111456,advisor_summarized,0.8114190187000144
6a,2021-10-09,15.914355138749803,20.072950683509667,advisor_summarized,0.7928258973815826
6a,2021-10-10,13.24529897522581,17.305664624357586,advisor_summarized,0.7653736081642976
6a,2021-10-11,11.106673818851599,14.969362308768025,advisor_summarized,0.7419603848018343
6a,2021-10-12,9.438312278027565,13.088252556226443,advisor_summarized,0.7211285263239744
6a,2021-10-13,7.8019043851554235,11.292455144455776,advisor_summarized,0.6908953177454862
6a,2021-10-14,6.3917855290832835,9.631606465065753,advisor_summarized,0.6636261097529849
6a,2021-10-15,5.2251654127732445,8.1911356203623,advisor_summarized,0.6379048833941944
6a,2021-10-16,4.21448998721093,6.89931549641669,advisor_summarized,0.6108562493481879
6a,2021-10-17,3.5416813347140543,5.878893418912938,advisor_summarized,0.6024401332604775
6a,2021-10-18,2.9376565632631624,5.162367492054728,advisor_summarized,0.569052197036425
6a,2021-10-19,2.517121183317324,4.504575795407246,advisor_summarized,0.5587920589289936
6a,2021-10-20,1.764561094452062,3.4128953988893875,advisor_summarized,0.5170275933526353
6a,2021-10-21,0.9860902965800173,2.176636877984435,advisor_summarized,0.4530339013152881
6a,2021-10-22,0.4732612057290053,1.2061665316871375,advisor_summarized,0.39236804644796974
6a,2021-10-23,0.21075069210919475,0.618045817785103,advisor_summarized,0.3409952564107045
6a,2021-10-24,0.056591242434834516,0.21357446617024112,advisor_summarized,0.2649719484244216
6a,2021-10-25,0.011886285284191063,0.06442186137663501,advisor_summarized,0.18450701408174566
6a,2021-10-26,0.0017354679720111485,0.01182479195870508,advisor_summarized,0.14676520128825993
6a,2021-10-27,1.2257865825356558e-6,2.575907016574376e-6,advisor_summarized,0.47586600550737035
6a,2021-10-28,4.751295172189397,5.229059676000436,advisor_summarized,0.9086328071557851
6a,2021-10-29,9.468352631276264,13.072186115615663,advisor_summarized,0.7243128691356099
6a,2021-10-30,8.220908984563051,11.599685823785832,advisor_summarized,0.7087182454291648
6a,2021-10-31,6.866748134105427,10.0155213641123,advisor_summarized,0.6856106521534081
6a,2021-11-01,5.817701372663037,8.841190181949312,advisor_summarized,0.6580224215220247
6a,2021-11-02,4.949477182685812,7.8648784569645684,advisor_summarized,0.6293138806618064
6a,2021-11-03,4.227124772818889,6.91033763544268,advisor_summarized,0.6117103093687111
6a,2021-11-04,3.511028974085717,5.981630789026073,advisor_summarized,0.5869685204454723
6a,2021-11-05,3.8408250906311743,6.459080413062552,advisor_summarized,0.5946396150857115
6a,2021-11-06,96.13705171288889,82.88632068609964,advisor_summarized,1.1598663195217864
6a,2021-11-07,152.72778691108698,122.58957984848809,advisor_summarized,1.245846401462894
6a,2021-11-08,153.56919162018514,123.10295852107492,advisor_summarized,1.2474857912849793
6a,2021-11-09,128.37905374490717,107.00541209396732,advisor_summarized,1.1997435571966255
6a,2021-11-10,99.70928692391534,87.64077258765764,advisor_summarized,1.137704335321632
6a,2021-11-11,74.84389226451661,69.55090824266053,advisor_summarized,1.076102299101387
6a,2021-11-12,55.88782876640814,54.86081180454122,advisor_summarized,1.0187204113115567
6a,2021-11-13,43.32160914373957,44.7352230431637,advisor_summarized,0.9684004280461467
6a,2021-11-14,34.41368522451767,37.02535267775215,advisor_summarized,0.9294627258255994
6a,2021-11-15,27.497223395965268,30.938029009401845,advisor_summarized,0.8887839424938498
6a,2021-11-16,22.679702760629187,26.57711061808932,advisor_summarized,0.8533547188983207
6a,2021-11-17,19.160633125989367,23.29377543188799,advisor_summarized,0.8225645165171224
6a,2021-11-18,17.94047223442908,22.23368585967788,advisor_summarized,0.8069049975634135
6a,2021-11-19,17.376313254298353,21.35103998401078,advisor_summarized,0.8138391978709706
6a,2021-11-20,15.029636072537372,19.106299702530247,advisor_summarized,0.7866324880556017
6a,2021-11-21,13.273728255717394,17.665507321574292,advisor_summarized,0.7513924176695811
6a,2021-11-22,11.97269046232622,16.135268256667644,advisor_summarized,0.7420199200827476
6a,2021-11-23,10.092853041070716,13.36941831705441,advisor_summarized,0.7549208800053766
6a,2021-11-24,7.913272067153231,11.295857320005078,advisor_summarized,0.7005463899706617
6a,2021-11-25,7.112005078470511,10.75874475808518,advisor_summarized,0.661044130926691
6a,2021-11-26,6.894078387999581,10.258758649218924,advisor_summarized,0.6720187718349802
6a,2021-11-27,6.44085012004869,9.611332344662772,advisor_summarized,0.6701308298453889
6a,2021-11-28,5.629140183774801,8.824834937564153,advisor_summarized,0.637874841127461
6a,2021-11-29,5.293071530331921,8.127876611102488,advisor_summarized,0.6512243952007969
6a,2021-11-30,4.470901379421588,7.142128715232719,advisor_summarized,0.6259900314994404
6a,2021-12-01,3.929818484853813,6.5673113628994,advisor_summarized,0.598390767195
6a,2021-12-02,3.531882186783445,5.972568275412961,advisor_summarized,0.5913506592001647
6a,2021-12-03,3.155810069790051,5.490287331396655,advisor_summarized,0.5747987089388371
6a,2021-12-04,3.0152729522903905,5.223439548928735,advisor_summarized,0.5772581311692957
6a,2021-12-05,2.7314796209360703,4.85666080704725,advisor_summarized,0.5624192690114495
6a,2021-12-06,2.361833702092286,4.3873727739959785,advisor_summarized,0.5383252857133336
6a,2021-12-07,2.278092053098103,4.2102501513805075,advisor_summarized,0.5410823516866651
6a,2021-12-08,5.299535689910532,7.608805514451459,advisor_summarized,0.6965003481617563
6a,2021-12-09,18.145203629147076,21.97105348677968,advisor_summarized,0.8258686202764616
6a,2021-12-10,16.71691346102918,20.766270574539995,advisor_summarized,0.8050031613054568
6a,2021-12-11,14.392156548177283,18.534454775258187,advisor_summarized,0.7765082233435593
6a,2021-12-12,15.207504791095994,18.857760047680355,advisor_summarized,0.8064321930412213
6a,2021-12-13,14.776552034408555,18.72812760866938,advisor_summarized,0.7890031690924825
6a,2021-12-14,12.70745697441256,16.684409801314963,advisor_summarized,0.7616365892314054
6a,2021-12-15,10.938353835101564,14.994740914238562,advisor_summarized,0.7294793486371496
6a,2021-12-16,10.721957793897952,14.72951881113427,advisor_summarized,0.727923154271208
6a,2021-12-17,10.033552886701598,13.7826975247943,advisor_summarized,0.7279817951929801
6a,2021-12-18,8.966856592912855,12.81640393044939,advisor_summarized,0.6996390439606287
6a,2021-12-19,11.62742356258891,15.524548653461096,advisor_summarized,0.7489701518631044
6a,2021-12-20,14.556773624039355,18.555254765513936,advisor_summarized,0.7845094992225059
6a,2021-12-21,44.35543731422275,45.18886374313916,advisor_summarized,0.9815568182095983
6a,2021-12-22,88.09946431795164,77.94542988217559,advisor_summarized,1.130271068504275
6a,2021-12-23,98.83500253765841,86.11111829458484,advisor_summarized,1.14776122404479
6a,2021-12-24,90.40525850505529,81.1253175627007,advisor_summarized,1.1143901955783684
6a,2021-12-25,75.80240581923552,70.46151924865383,advisor_summarized,1.0757986292026158
6a,2021-12-26,63.8455171739838,61.0194588885513,advisor_summarized,1.0463140502539385
6a,2021-12-27,53.06645183848439,52.91646911230031,advisor_summarized,1.002834329816409
6a,2021-12-28,43.11804972468929,44.59361464326596,advisor_summarized,0.9669108474300482
6a,2021-12-29,34.59858780931547,37.406654286951,advisor_summarized,0.9249313649893809
6a,2021-12-30,28.525079208808897,31.95877814348779,advisor_summarized,0.8925585039808984
6a,2021-12-31,23.76912309365882,27.526147337918996,advisor_summarized,0.8635107122643118
6a,2022-01-01,19.888891549920547,24.123337422999512,advisor_summarized,0.8244668306532997
6a,2022-01-02,16.770903780139374,21.131323973494567,advisor_summarized,0.7936513491144922
6a,2022-01-03,15.147807979504249,18.48969788253613,advisor_summarized,0.8192566517710189
6a,2022-01-04,11.64424817249253,15.794049913669982,advisor_summarized,0.7372553737730221
6a,2022-01-05,10.081730295539018,14.128490679878118,advisor_summarized,0.7135744733085665
6a,2022-01-06,9.19470413375461,12.954550923535365,advisor_summarized,0.7097663352459406
6a,2022-01-07,7.633934206461659,10.605491089557669,advisor_summarized,0.7198095912765557
6a,2022-01-08,6.411735680695654,9.541932777524933,advisor_summarized,0.6719535580671723
6a,2022-01-09,5.881432744449716,9.267116765869996,advisor_summarized,0.6346561603831877
6a,2022-01-10,5.901349256385116,8.862624379805611,advisor_summarized,0.6658692734210805
6a,2022-01-11,5.300871190110348,8.21782870730159,advisor_summarized,0.6450452277498181
6a,2022-01-12,4.614988299200946,7.709669233723033,advisor_summarized,0.5985974442346275
6a,2022-01-13,4.388478698198513,7.406528279783565,advisor_summarized,0.5925149452513472
6a,2022-01-14,4.258377380070784,6.854537321879538,advisor_summarized,0.621249426489828
6a,2022-01-15,3.800842447928035,6.432136430766472,advisor_summarized,0.5909144634662414
6a,2022-01-16,10.279891753252569,13.657695815140576,advisor_summarized,0.7526812642771368
6a,2022-01-17,14.106633639086564,17.627257207234535,advisor_summarized,0.8002738868130291
6a,2022-01-18,11.258379464707382,14.871321992806266,advisor_summarized,0.7570530360484038
6a,2022-01-19,9.258612906113557,13.067671651764645,advisor_summarized,0.70851282101684
6a,2022-01-20,8.12319800492487,11.88022618233054,advisor_summarized,0.6837578578265203
6a,2022-01-21,7.489688893055637,10.693659343618242,advisor_summarized,0.7003859625961744
6a,2022-01-22,7.209091421504403,10.566030805428165,advisor_summarized,0.6822894570590143
6a,2022-01-23,6.672087909460339,10.166291226194506,advisor_summarized,0.656295177957229
6a,2022-01-24,5.957588561057629,9.07535042769164,advisor_summarized,0.6564582391087868
6a,2022-01-25,5.741205647027894,8.71321207388148,advisor_summarized,0.6589080580556048
6a,2022-01-26,5.9413467121725,8.874181420965636,advisor_summarized,0.66950926855471
6a,2022-01-27,4.909999030511894,8.463062759281295,advisor_summarized,0.5801680987331901
6a,2022-01-28,5.750134988700729,6.284239803205572,advisor_summarized,0.9150088425600186
6a,2022-01-29,4.611748448037964,1.0754144404451935,advisor_summarized,4.288345287728162
6a,2022-01-30,3.876299576353011,1.2209921383596944,advisor_summarized,3.1747129687178086
6a,2022-01-31,3.5055915988548625,1.2903980600592824,advisor_summarized,2.7166745730335427
6a,2022-02-01,3.1023581465221897,1.3403843347262001,advisor_summarized,2.314528800544291
6a,2022-02-02,2.757893901342822,1.3393329085708547,advisor_summarized,2.059154885013356
6a,2022-02-03,2.582427465408669,1.3320353353563146,advisor_summarized,1.938707928283208
6a,2022-02-04,4.417301041754352,1.2715065890357984,advisor_summarized,3.474068541873664
6a,2022-02-05,5.003860776985755,1.1871292735553285,advisor_summarized,4.215093409329983
6a,2022-02-06,5.497113138628345,1.13787605752807,advisor_summarized,4.831029796487952
6a,2022-02-07,12.197064020567264,1.0733617330808294,advisor_summarized,11.363423573484864
6a,2022-02-08,16.428429626816172,1.0865573699672042,advisor_summarized,15.119707510071038
6a,2022-02-09,13.552255240897502,1.0490770553889155,advisor_summarized,12.918264841731181
6a,2022-02-10,11.406684096342998,1.1016366448803725,advisor_summarized,10.354307066084987
6a,2022-02-11,9.855924062347603,1.1126220248344465,advisor_summarized,8.858285960871683
6a,2022-02-12,10.127892829060738,1.122367657671511,advisor_summarized,9.023685563135604
6a,2022-02-13,9.535401037606338,1.0388048101862604,advisor_summarized,9.179203777364696
6a,2022-02-14,7.911534925884546,1.074980991600702,advisor_summarized,7.359697508793959
6a,2022-02-15,6.760991142534791,1.2804473124899824,advisor_summarized,5.280179103494104
6a,2022-02-16,6.004312385784128,1.3567273186635742,advisor_summarized,4.425585232335849
6a,2022-02-17,5.752324334748368,1.3033599674712282,advisor_summarized,4.413457892150084
6a,2022-02-18,5.234467397548703,1.1186786727137374,advisor_summarized,4.6791518648073565
6a,2022-02-19,4.191570667451845,1.10740348831011,advisor_summarized,3.7850437638120074
6a,2022-02-20,3.6431302207838447,1.2744714217581543,advisor_summarized,2.858542105054099
6a,2022-02-21,3.128239284437514,1.3259193214422402,advisor_summarized,2.359298362916108
6a,2022-02-22,2.4573543588678315,1.352622740932749,advisor_summarized,1.8167329917677384
6a,2022-02-23,2.053601689682574,1.3157809223624812,advisor_summarized,1.560747427463333
6a,2022-02-24,1.8320597837904276,1.257007504945503,advisor_summarized,1.4574772040600152
6a,2022-02-25,1.2549220228490063,1.2241331130415294,advisor_summarized,1.0251516027787024
6a,2022-02-26,0.7259315167522441,1.2437518324039347,advisor_summarized,0.5836626711529398
6a,2022-02-27,0.8550722952538229,1.1762092708565814,advisor_summarized,0.7269729260262601
6a,2022-02-28,1.8438133568854749,1.022661088911884,advisor_summarized,1.802956401565352
6a,2022-03-01,1.2133103635224505,1.0592151195441355,advisor_summarized,1.145480593257236
6a,2022-03-02,0.5979528950592089,1.1183992907883795,advisor_summarized,0.5346506386263007
6a,2022-03-03,0.2515776712933652,1.1542677753742172,advisor_summarized,0.21795434011124754
6a,2022-03-04,0.08207255916271329,1.2538234121490206,advisor_summarized,0.06545782952165734
6a,2022-03-05,0.018045963181592795,1.376745521769017,advisor_summarized,0.013107697026248581
6a,2022-03-06,0.002051143347461641,1.35998916977228,advisor_summarized,0.0015082056482884272
6a,2022-03-07,3.9842433168682797e-5,1.235088479867136,advisor_summarized,3.225876835396346e-5
6a,2022-03-08,0.045602423064383696,1.1893318941833144,advisor_summarized,0.038342890901532395
6a,2022-03-09,9.575100659225178,1.0862683524634016,advisor_summarized,8.814673314849962
6a,2022-03-10,56.70975135351586,1.0779648168584728,advisor_summarized,52.60816537480866
6a,2022-03-11,298.4630257881961,1.1108072878536492,advisor_summarized,268.6901941063958
6a,2022-03-12,493.8277204898798,0.9964083684642944,advisor_summarized,495.60776095346074
6a,2022-03-13,504.4647082548909,1.3399138604943728,advisor_summarized,376.4904022029926
6a,2022-03-14,435.97151198555105,1.4049278146086903,advisor_summarized,310.3159517892958
6a,2022-03-15,425.22340711167726,1.3017486468167117,advisor_summarized,326.6555399550566
6a,2022-03-16,349.61576502900175,1.1318678342599575,advisor_summarized,308.8839124557232
6a,2022-03-17,258.00002113752936,1.1142498610135427,advisor_summarized,231.54593073302937
6a,2022-03-18,181.66632780406118,1.1906528192326251,advisor_summarized,152.5770777758247
6a,2022-03-19,143.36691439771445,1.1817213558305877,advisor_summarized,121.32040577107725
6a,2022-03-20,102.78979313817948,1.2208830664164985,advisor_summarized,84.19298781814149
6a,2022-03-21,74.53109076353951,1.2983188276197792,advisor_summarized,57.40584606646897
6a,2022-03-22,65.21191265288286,1.2852377951420368,advisor_summarized,50.739180639856635
6a,2022-03-23,245.74676748034065,1.1662948318433222,advisor_summarized,210.70724208898304
6a,2022-03-24,632.4872830552495,1.0695384530036955,advisor_summarized,591.364696873656
6a,2022-03-25,714.0329423241083,1.1382792758890588,advisor_summarized,627.2915245394495
6a,2022-03-26,586.0267641481369,1.2025884625703671,advisor_summarized,487.30449558412147
6a,2022-03-27,416.77254037237117,1.2293732381284128,advisor_summarized,339.0122116265212
6a,2022-03-28,263.9379300148999,1.2997144644132088,advisor_summarized,203.07378062000856
6a,2022-03-29,157.160368769961,2.0604154318449024,advisor_summarized,76.27605886704076
6a,2022-03-30,108.91382044083694,0.45383578658835777,advisor_summarized,239.98508636698793
6a,2022-03-31,99.30286347490815,0.18684501468788448,advisor_summarized,531.4718385223645
6a,2022-04-01,87.02481017204646,3.5567382645289363,advisor_summarized,24.467589037950265
6a,2022-04-02,100.6450398577573,2.164146046156365,advisor_summarized,46.505659835900666
6a,2022-04-03,83.06232273618788,0.7336651455034654,advisor_summarized,113.21557694987371
6a,2022-04-04,62.7835184842857,1.5370288020881444,advisor_summarized,40.84732725827296
6a,2022-04-05,50.55766456044894,0.6058258623326032,advisor_summarized,83.45246993218059
6a,2022-04-06,45.9854955084783,0.9904677294591976,advisor_summarized,46.428060340327
6a,2022-04-07,38.427382776622196,0.5366426780949302,advisor_summarized,71.60701961506038
6a,2022-04-08,29.820509154723126,5.155802112060175,advisor_summarized,5.783873877736424
6a,2022-04-09,23.243692676262665,4.029401637569407,advisor_summarized,5.768522169530758
6a,2022-04-10,18.772040227826093,5.331442982758273,advisor_summarized,3.5210055304978987
6a,2022-04-11,14.632985118825692,4.357705657949982,advisor_summarized,3.357956288793852
6a,2022-04-12,11.933862796378895,5.58575302032292,advisor_summarized,2.1364823602044942
6a,2022-04-13,10.05733793229723,14.175383497960777,advisor_summarized,0.7094931811717154
6a,2022-04-14,8.731877764518549,5.5664971615289085,advisor_summarized,1.5686485614088104
6a,2022-04-15,7.919329949470185,9.338263217998392,advisor_summarized,0.8480516949026045
6a,2022-04-16,6.557224830766814,8.449322361285164,advisor_summarized,0.7760651742691284
6a,2022-04-17,6.218660238828666,7.988377454706433,advisor_summarized,0.7784634957584383
6a,2022-04-18,8.137428993802725,11.701178270768828,advisor_summarized,0.6954367163289149
6a,2022-04-19,6.675330055248112,8.857922647728872,advisor_summarized,0.7535999489631616
6a,2022-04-20,10.425562308833698,6.729306888765773,advisor_summarized,1.5492772853380532
6a,2022-04-21,14.33204048818342,5.589651180671399,advisor_summarized,2.5640312829792595
6a,2022-04-22,12.452071427959892,4.582861868945555,advisor_summarized,2.717095078151443
6a,2022-04-23,1.9107564482124433,3.715698076232063,advisor_summarized,0.5142388883625504
6a,2022-04-24,1.5251622304781296,2.960595470373921,advisor_summarized,0.5151538755429842
6a,2022-04-25,1.6217189325574566,2.017274929162387,advisor_summarized,0.8039156731258376
6a,2022-04-26,0.9611610518040871,0.9202216977118178,advisor_summarized,1.0444885772570536
6a,2022-04-27,0.14690070699062546,0.3220382344306864,advisor_summarized,0.45615921118907854
6a,2022-04-28,0.068598764804074,0.06487540687490317,advisor_summarized,1.0573924405029234
6a,2022-04-29,0.18799907092742035,5.698840619810832e-4,advisor_summarized,329.8900310948875
6a,2022-05-01,0.4777098495000895,0.1526714565545545,advisor_summarized,3.1290056457238826
6a,2022-05-02,1.3248580445472753,2.42145562755675,advisor_summarized,0.5471329019908813
6a,2022-05-03,1.2078993063763974,2.498379903069361,advisor_summarized,0.48347303182051865
6a,2022-05-04,2.5001521642923032,4.331053017853242,advisor_summarized,0.5772619623879702
6a,2022-05-05,2.869979353104844,3.737042784337204,advisor_summarized,0.7679814009980245
6a,2022-05-06,2.6037204058230023,4.6640005956120865,advisor_summarized,0.5582590208656051
6a,2022-05-07,15.346020384522511,27.689507996754617,advisor_summarized,0.5542178787113574
6a,2022-05-08,17.36152686098879,23.45751440986299,advisor_summarized,0.7401264497865523
6a,2022-05-09,31.015100652593905,18.415593874214675,advisor_summarized,1.6841759687164326
6a,2022-05-10,20.94668412161051,14.59620691746669,advisor_summarized,1.435077225203245
6a,2022-05-11,14.065603755669937,11.231725085583289,advisor_summarized,1.2523101881939873
6a,2022-05-12,6.169740833817605,8.22609968019062,advisor_summarized,0.7500201886290098
6a,2022-05-13,5.50806398258882,9.928832304194207,advisor_summarized,0.554754457909624
6a,2022-05-14,7.8989828651930045,18.69318798937918,advisor_summarized,0.42255943018820186
6a,2022-05-15,6.543183425680752,15.36000741151023,advisor_summarized,0.4259882987281327
6a,2022-05-16,6.510207062411368,14.721026253745556,advisor_summarized,0.442238669383185
6a,2022-05-17,5.375050663574374,11.840291288239824,advisor_summarized,0.4539627052007627
6a,2022-05-18,4.83297705242381,9.339862454920748,advisor_summarized,0.517456983520944
6a,2022-05-19,5.795656324964754,7.067526235925999,advisor_summarized,0.8200402986131112
6a,2022-05-20,8.300006321607484,5.456563009211693,advisor_summarized,1.5211051916005607
6a,2022-05-21,14.680516886618586,6.231226192093323,advisor_summarized,2.355959554998404
6a,2022-05-22,14.582639033150235,7.88669076702454,advisor_summarized,1.849018741057083
6a,2022-05-23,7.6914505187751505,7.349992784283003,advisor_summarized,1.0464568802329044
6a,2022-05-24,6.572716163856738,5.904390623157074,advisor_summarized,1.1131912814302098
6a,2022-05-25,10.908240648971303,4.4619081898421795,advisor_summarized,2.444747893693692
6a,2022-05-26,12.58898740588047,3.41281735128438,advisor_summarized,3.6887375180341047
6a,2022-05-27,10.316966562878829,3.460220269455218,advisor_summarized,2.981592430386851
6a,2022-05-28,7.71402841691594,4.601681917132528,advisor_summarized,1.6763497685913122
6a,2022-05-29,4.08976485269042,3.5360076854442117,advisor_summarized,1.156605193344381
6a,2022-05-30,2.639217882666651,2.265965009835974,advisor_summarized,1.1647213753127175
6a,2022-05-31,1.4438048515394994,0.9060314029469952,advisor_summarized,1.5935483547737088
6a,2022-06-01,0.38607339862569684,0.29450184506516836,advisor_summarized,1.3109371132811247
6a,2022-06-02,0.037858987074642726,0.02311871960346995,advisor_summarized,1.6375901314604104
6a,2022-07-08,3.7026050268730966e-4,8.258311029825773e-4,advisor_summarized,0.4483489436884543
6a,2022-07-09,0.009385105355645504,0.04312926853519263,advisor_summarized,0.21760409286764146
6a,2022-07-10,0.0400227503384926,0.16855963413166966,advisor_summarized,0.2374397081760927
6a,2022-07-11,0.06395152324084764,0.23305518732726985,advisor_summarized,0.2744050624843769
6a,2022-07-12,0.09690298379823939,0.3271303285890213,advisor_summarized,0.2962213384989444
6a,2022-07-13,0.013032480826415909,0.05918306023894771,advisor_summarized,0.22020626804018117
6a,2022-07-14,9.192287317577375e-6,6.128994951364035e-5,advisor_summarized,0.14998033756793339
6a,2022-07-15,0.01460452441068588,0.07297935879673954,advisor_summarized,0.20011856299480613
6a,2022-07-16,0.005076292373947474,0.03197085679953213,advisor_summarized,0.15877874045658238
6a,2022-07-17,0.0010447298377075252,0.00845449256728727,advisor_summarized,0.12357096885386935
6a,2022-07-18,0.01984293219615015,0.09369478691654354,advisor_summarized,0.21178267061778774
6a,2022-07-19,0.548643041579468,1.220302122382648,advisor_summarized,0.4495960725760591
6a,2022-07-20,1.0503144824226012,2.272983362955572,advisor_summarized,0.46208630451956845
6a,2022-07-21,2.192305792375888,4.0514046989673185,advisor_summarized,0.5411223897071293
6a,2022-07-22,6.159150587392424,8.66198573047407,advisor_summarized,0.7110552682768427
6a,2022-07-23,16.49581556816057,20.620709677707566,advisor_summarized,0.7999635233696007
6a,2022-07-24,13.319814973422783,17.273952051683164,advisor_summarized,0.7710925058475492
6a,2022-07-25,13.68398620970398,17.780624362903485,advisor_summarized,0.7696009954663625
6a,2022-07-26,10.399887414947177,14.126985833713483,advisor_summarized,0.7361717168377322
6a,2022-07-27,7.089680538973953,10.460034498424834,advisor_summarized,0.6777874910490573
6a,2022-07-28,5.215658500963694,8.156661909381496,advisor_summarized,0.6394354159714323
6a,2022-07-29,3.844392533089598,6.394045884308024,advisor_summarized,0.601245690545376
6a,2022-07-30,2.90515097646761,5.021990958437521,advisor_summarized,0.5784859034018416
6a,2022-07-31,1.669017253555982,3.234441382411737,advisor_summarized,0.516014067415713
6a,2022-08-01,0.5263636671977857,1.2974779406477246,advisor_summarized,0.4056821705462024
6a,2022-08-02,0.2577268458392679,0.7298588169668448,advisor_summarized,0.3531187674218035
6a,2022-08-03,0.9292227925157374,1.5832193589816503,advisor_summarized,0.5869198018860929
6a,2022-08-04,4.71656484502399,7.521507579674908,advisor_summarized,0.6270770580314762
6a,2022-08-05,4.470955187621273,7.150548813273947,advisor_summarized,0.6252604246714041
6a,2022-08-06,3.0493264910529265,5.255641724763049,advisor_summarized,0.5802006017049051
6a,2022-08-07,2.325002216714249,4.299383805995857,advisor_summarized,0.5407756835925732
6a,2022-08-08,1.6349149883521834,3.19419847653177,advisor_summarized,0.511838885518272
6a,2022-08-09,0.7272683397493157,1.6589683594180882,advisor_summarized,0.43838590146735384
6a,2022-08-10,0.2352012216885389,0.6614194882009885,advisor_summarized,0.35560068290135904
6a,2022-08-11,0.036876705221506156,0.15346731687738707,advisor_summarized,0.2402902844191174
6a,2022-08-12,0.002032444912808043,0.0119127110921406,advisor_summarized,0.17061144999553854
6a,2022-08-13,0.04693572257575512,0.02729162108127673,advisor_summarized,1.7197850738135567
6a,2022-08-14,0.3833392378871149,0.994307768916275,advisor_summarized,0.38553378528353194
6a,2022-08-15,0.2587120980824458,0.727421985747252,advisor_summarized,0.3556561434099094
6a,2022-08-16,0.04145458840276371,0.1594785657879367,advisor_summarized,0.25993830705680593
6a,2022-08-17,0.0014246864828743094,0.00733924561603413,advisor_summarized,0.19411892685016308
6a,2022-08-18,1.8866751538633005e-4,0.00201460668514825,advisor_summarized,0.09364980111363348
6a,2022-08-19,1.397064210723638e-7,1.7135580128176463e-6,advisor_summarized,0.08153002117660496
6a,2022-08-25,0.0010608541826007997,0.00479236347860473,advisor_summarized,0.221363464465275
6a,2022-08-26,1.219989321663053,1.931898718662855,advisor_summarized,0.6314975572360527
6a,2022-08-27,6.723540797967143,10.078256148245398,advisor_summarized,0.6671333511539788
6a,2022-08-28,9.086573041019122,12.706713038181933,advisor_summarized,0.715100200477906
6a,2022-08-29,8.777183797056102,12.43710086854553,advisor_summarized,0.7057258672922992
6a,2022-08-30,7.704015061145489,11.22323128785898,advisor_summarized,0.686434669619569
6a,2022-08-31,5.600121674143166,8.674226161919089,advisor_summarized,0.6456047570823532
6a,2022-09-01,4.655865736420981,7.394276124429225,advisor_summarized,0.6296580839115437
6a,2022-09-02,5.0517344418118135,7.93280568177104,advisor_summarized,0.6368156040201892
6a,2022-09-03,6.249447200045764,9.476927732063432,advisor_summarized,0.659438098161487
6a,2022-09-04,9.84290408368395,13.582381776595655,advisor_summarized,0.7246817418020638
6a,2022-09-05,16.54979236885136,20.615387062171113,advisor_summarized,0.8027883405216266
6a,2022-09-06,13.127959314763839,17.188830248031177,advisor_summarized,0.7637494306087249
6a,2022-09-07,10.087671986323977,14.010341122724457,advisor_summarized,0.7200161579193816
6a,2022-09-08,9.935322009432486,13.76025079735162,advisor_summarized,0.7220305905576007
6a,2022-09-09,19.08990923427542,22.662072592149485,advisor_summarized,0.8423726098595448
6a,2022-09-10,43.52134872656062,44.55535930670242,advisor_summarized,0.9767926777781307
6a,2022-09-11,62.438412440606626,60.26029559690337,advisor_summarized,1.036145140380214
6a,2022-09-12,66.91852740701918,63.78897749879036,advisor_summarized,1.0490609824916566
6a,2022-09-13,69.59417606201603,66.8991454979677,advisor_summarized,1.0402849773937726
6a,2022-09-14,51.61004380530222,60.16386803844277,advisor_summarized,0.8578245629474001
6a,2022-09-15,35.82293483147689,47.722404028886935,advisor_summarized,0.750652352085885
6a,2022-09-16,24.96587081486187,36.39189586714684,advisor_summarized,0.6860283098743439
6a,2022-09-17,18.382996891262316,29.346418835136372,advisor_summarized,0.6264136348129951
6a,2022-09-18,16.636875134333827,27.273541173543563,advisor_summarized,0.6100005506608825
6a,2022-09-19,17.1247135837217,28.273657800629817,advisor_summarized,0.605677330626115
6a,2022-09-20,13.368114451348852,23.69046696165296,advisor_summarized,0.5642824378678315
6a,2022-09-21,10.289937727808633,19.57143065829839,advisor_summarized,0.5257631855055852
6a,2022-09-22,7.388904604398387,15.78768057591092,advisor_summarized,0.46801710795140405
6a,2022-09-23,6.086947664723523,13.147239502379335,advisor_summarized,0.46298294509824145
6a,2022-09-24,4.660056517380395,11.106902120648316,advisor_summarized,0.41956402125099357
6a,2022-09-25,3.7181664956763654,9.46020582119738,advisor_summarized,0.39303230457683175
6a,2022-09-26,3.054392168410025,8.390245253024274,advisor_summarized,0.36404086844887706
6a,2022-09-27,2.5767613767590962,7.114810225164038,advisor_summarized,0.36216867284041815
6a,2022-09-28,2.4494083723864417,6.7769066997527645,advisor_summarized,0.36143457198190454
6a,2022-09-29,3.3689805962993624,8.957379648866526,advisor_summarized,0.3761122926977507
6a,2022-09-30,2.888799129971271,8.26116319116335,advisor_summarized,0.34968430753931956
6a,2022-10-01,2.1413714265878436,6.594258464357356,advisor_summarized,0.32473271076075894
6a,2022-10-02,1.457386830373658,5.016563564391336,advisor_summarized,0.2905149733810826
6a,2022-10-03,0.8740933933115604,3.538713936684926,advisor_summarized,0.24700877464269202
6a,2022-10-04,0.35305808359765495,2.003395961823326,advisor_summarized,0.17622980695055937
6a,2022-10-05,0.0886627562136409,0.9100238449346456,advisor_summarized,0.097429047279534
6a,2022-10-06,0.0104838094291893,0.299645905472635,advisor_summarized,0.034987327501282105
6a,2022-10-07,1.83200067807221e-4,0.04837997818062534,advisor_summarized,0.0037866918236971604
6a,2022-11-10,2.950562536650256,3.986005006932348,advisor_summarized,0.7402305143919088
6a,2022-11-11,1.2378776248969254,4.446757441819501,advisor_summarized,0.2783775911083689
6a,2022-11-12,0.9803706637647983,3.900543132719533,advisor_summarized,0.2513420901671366
6a,2022-11-13,0.6486135962477744,2.823468555378561,advisor_summarized,0.22972226661146947
6a,2022-11-14,0.29284155391893174,1.7990717707520254,advisor_summarized,0.16277369178913956
6a,2022-11-15,0.22088060910101132,2.704798283851616,advisor_summarized,0.08166250711549503
6a,2022-11-16,0.22696093325882932,3.500163169272317,advisor_summarized,0.06484295796587518
6a,2022-11-17,0.06927338769237924,2.095488321003653,advisor_summarized,0.03305835064697479
6a,2022-11-18,0.0077066561121819305,0.951469644236329,advisor_summarized,0.008099739344146357
6a,2022-11-19,7.367896509673383e-5,0.31817994826278384,advisor_summarized,2.3156382260733352e-4
6a,2023-03-13,5.042201111411616,17.08203506553264,advisor_summarized,0.2951756680084062
6a,2023-03-14,2.1776624777509586,11.251264388130496,advisor_summarized,0.1935482451241907
6a,2023-03-15,1.1833308381594625,7.996097750770134,advisor_summarized,0.1479885407910992
6a,2023-03-16,0.46097745400811735,5.015437649501198,advisor_summarized,0.09191171064681924
6a,2023-03-17,0.14485377169490712,2.9469397919871407,advisor_summarized,0.04915396374529636
6a,2023-03-18,0.03719327918504626,1.6203792318453545,advisor_summarized,0.022953441055085
6a,2023-03-19,0.0034687518879104686,0.7491094238750837,advisor_summarized,0.0046305009353198225
6a,2023-03-20,1.447192082884096e-5,0.19870904667001832,advisor_summarized,7.282970288148696e-5
6a,2023-05-22,15.986222044336968,3.2521927392148746,advisor_summarized,4.915521104138578
6a,2023-05-23,3.7541987351777695,15.568629848573517,advisor_summarized,0.24113867255452476
6a,2023-05-24,5.498346161750558,19.080703029576014,advisor_summarized,0.28816266115707867
6a,2023-05-25,17.354345342601924,40.39833392352894,advisor_summarized,0.42958071923095686
6a,2023-05-26,17.275837445728698,40.28822756005645,advisor_summarized,0.42880609279661475
6a,2023-05-27,13.520586756648058,34.37600696278646,advisor_summarized,0.39331463864563115
6a,2023-05-28,9.711829798005654,27.85864630677675,advisor_summarized,0.34861097309107963
6a,2023-05-29,5.954507207191674,20.482461593719243,advisor_summarized,0.29071248003792516
6a,2023-05-30,2.7858892427595223,13.041837343889895,advisor_summarized,0.21361171507515483
6a,2023-05-31,1.141453363408617,7.895506572473162,advisor_summarized,0.14456999724225067
6a,2023-06-01,0.3304873645971599,4.161639891878832,advisor_summarized,0.07941277313351507
6a,2023-06-02,0.04408218670365268,1.8073212214224013,advisor_summarized,0.024390897523440265
6a,2023-06-03,0.002319131368041668,0.537618505313481,advisor_summarized,0.004313711944661208
6a,2023-06-22,3.1140865342785222,11.06747717186049,advisor_summarized,0.281372754234923
6a,2023-06-23,21.76006486996374,46.10400446198883,advisor_summarized,0.471977762536965
6a,2023-06-24,41.68363894009051,72.30347336973692,advisor_summarized,0.5765094952898551
6a,2023-06-25,36.45101208043848,66.19124180005385,advisor_summarized,0.5506923739329035
6a,2023-06-26,26.15050572632826,53.23288873007616,advisor_summarized,0.4912471659940827
6a,2023-06-27,18.948763552682784,42.74766877534531,advisor_summarized,0.4432701032719583
6a,2023-06-28,14.214533759885777,35.36131501920579,advisor_summarized,0.4019797836184949
6a,2023-06-29,10.251896937055683,28.561516895078725,advisor_summarized,0.35894091251232285
6a,2023-06-30,7.1495676726543484,22.946857135015417,advisor_summarized,0.3115706709022288
6a,2023-07-01,4.803096545779082,18.03241292440535,advisor_summarized,0.26635905942895177
6a,2023-07-02,2.418729505528347,12.007183871960372,advisor_summarized,0.20144019874440794
6a,2023-07-03,0.7682111167893592,6.261696308336691,advisor_summarized,0.12268418635483472
6a,2023-07-04,2.0473585835506505,10.93625876771344,advisor_summarized,0.18720831566229604
6a,2023-07-05,0.9152889671943314,7.041871272948832,advisor_summarized,0.1299780884536175
6a,2023-07-06,0.1424522571299559,2.848076683531407,advisor_summarized,0.050017001983712575
6a,2023-07-07,0.31306210145814495,3.5791234223237525,advisor_summarized,0.08746893150024114
6a,2023-07-08,2.735164346655145,12.964022376441823,advisor_summarized,0.210981149772271
6a,2023-07-09,2.3410627875268126,11.834625880580504,advisor_summarized,0.19781468473526267
6a,2023-07-10,5.192102416411968,18.7327510632574,advisor_summarized,0.27716710689631746
6a,2023-07-11,8.536022871209767,25.72290497989703,advisor_summarized,0.33184521257924954
6a,2023-07-12,9.542956536475645,27.574216943260748,advisor_summarized,0.34608259433484956
6a,2023-07-13,7.486260610825368,23.66628281190643,advisor_summarized,0.31632600143944256
6a,2023-07-14,5.274302421528137,19.106128268897127,advisor_summarized,0.2760529159701171
6a,2023-07-15,4.0277545427186245,16.28577630634455,advisor_summarized,0.24731731954033453
6a,2023-07-16,4.150026880802691,16.5836909484149,advisor_summarized,0.2502474807153445
6a,2023-07-17,4.057707961671185,16.341840238812573,advisor_summarized,0.24830177644461082
6a,2023-07-18,3.709092418488578,15.437986505009206,advisor_summarized,0.24025752434004774
6a,2023-07-19,1.6741870324942312,9.721955664056868,advisor_summarized,0.1722068162359435
6a,2023-07-20,0.4681492461582553,4.907460208780379,advisor_summarized,0.09539542375109783
6a,2023-07-21,0.06306122875332978,1.89043993454227,advisor_summarized,0.033357964779028394
6a,2023-07-22,0.0010325936409401935,0.4470944317268477,advisor_summarized,0.002309564977027172
6a,2023-07-23,2.5763610982033017e-7,0.1966932127070684,advisor_summarized,1.3098373160644994e-6
6a,2023-07-24,0.00737064318625163,0.931046911706288,advisor_summarized,0.007916511073264593
6a,2023-07-25,0.012714445762445271,1.188653997089164,advisor_summarized,0.010696506968033632
6a,2023-07-26,0.008785287334562991,1.002106825248083,advisor_summarized,0.00876681718277699
6a,2023-07-27,2.899493955632552e-4,0.31544187360003856,advisor_summarized,9.191848636141874e-4
6a,2023-07-30,6.870187359839756,3.3746709967922617,advisor_summarized,2.0358095252456017
6a,2023-07-31,6.515652453277675,21.653759494992173,advisor_summarized,0.3009016727457668
6a,2023-08-01,14.278518799437423,33.05533762860817,advisor_summarized,0.4319580383617045
6a,2023-08-02,49.4300124213945,81.21798118256308,advisor_summarized,0.6086092230030309
6a,2023-08-03,47.10977419705324,78.46416621905534,advisor_summarized,0.6003985827815047
6a,2023-08-04,40.06896008355166,70.34091333773517,advisor_summarized,0.5696394627571066
6a,2023-08-05,35.84165056444909,65.23770165801703,advisor_summarized,0.5494008779207893
6a,2023-08-06,28.126080648894316,55.446383711109114,advisor_summarized,0.5072662771920152
6a,2023-08-07,20.781840042288355,45.39982571521432,advisor_summarized,0.4577515379166748
6a,2023-08-08,15.361214792352296,37.29657151216717,advisor_summarized,0.411866672177657
6a,2023-08-09,11.513021706852136,31.017505663742515,advisor_summarized,0.3711781931037132
6a,2023-08-10,9.149309167977043,26.84777277097606,advisor_summarized,0.34078466195408047
6a,2023-08-11,7.159517760668836,23.02693637929549,advisor_summarized,0.31091924877624044
6a,2023-08-12,4.2633912108613625,16.746311908063774,advisor_summarized,0.2545868746663217
6a,2023-08-13,2.0503097828607455,10.919162563150302,advisor_summarized,0.18777170602625481
6a,2023-08-14,2.706637682158919,11.76203200002556,advisor_summarized,0.2301165038620059
6a,2023-08-15,6.208557841645112,21.12495308285712,advisor_summarized,0.2938968819146562
6a,2023-08-16,8.437560081608376,25.541018957828424,advisor_summarized,0.3303533071855863
6a,2023-08-17,9.599550515598823,27.67178051198013,advisor_summarized,0.34690758375460606
6a,2023-08-18,10.852232685273043,29.902735450348477,advisor_summarized,0.36291772380799275
6a,2023-08-19,8.84760186160354,26.287052633355614,advisor_summarized,0.33657641216029016
6a,2023-08-20,8.408649902137268,25.44688638482019,advisor_summarized,0.33043924411723996
6a,2023-08-21,9.453160446520664,27.4065376049022,advisor_summarized,0.34492355739346586
6a,2023-08-22,6.687147635725876,22.04947094924964,advisor_summarized,0.3032792782700959
6a,2023-08-23,3.76948431339898,15.55780020620489,advisor_summarized,0.24228902951817077
6a,2023-08-24,1.8164166754828066,10.21270258150901,advisor_summarized,0.177858569853154
6a,2023-08-25,0.70857049501683,6.140633592652826,advisor_summarized,0.11539045349727815
6a,2023-08-26,0.671685397764875,6.026687488908852,advisor_summarized,0.11145183801234158
6a,2023-08-27,0.25193855178968283,3.656505353354943,advisor_summarized,0.0689014584809844
6a,2023-08-28,0.03694412085689803,1.5947666766517037,advisor_summarized,0.02316584701560491
6a,2023-08-29,0.004086397951882212,0.7815712943773145,advisor_summarized,0.005228439147241052
6a,2023-08-30,4.592534093874536,16.517744361427447,advisor_summarized,0.278036394884468
6a,2023-08-31,10.42006889135194,29.15677564564845,advisor_summarized,0.35738070004688943
6a,2023-09-01,10.722799099263508,29.67132706420396,advisor_summarized,0.36138589541550004
6a,2023-09-02,12.810682800136462,33.244899158210664,advisor_summarized,0.38534280820558725
6a,2023-09-03,10.974121623788324,30.102876124810365,advisor_summarized,0.3645539242924236
6a,2023-09-04,8.213972136985184,25.08390816744637,advisor_summarized,0.3274598233318837
6a,2023-09-05,5.0903448886765235,18.64244038200686,advisor_summarized,0.27305142376046304
6a,2023-09-06,2.7774958057250627,13.024186205903334,advisor_summarized,0.2132567641321142
6a,2023-09-07,1.1248682021708014,7.8039154690388495,advisor_summarized,0.14414151545254283
6a,2023-09-08,0.30478672551150215,4.003007633084562,advisor_summarized,0.07613943150956357
6a,2023-09-09,0.040412764973057236,1.6877437082729434,advisor_summarized,0.02394484706117574
6a,2023-09-10,0.002340939063935585,0.5420503906559535,advisor_summarized,0.004318674249275488
6a,2023-09-11,9.988546460998936,6.970641092696591,advisor_summarized,1.4329451664731843
6a,2023-09-12,13.180174381642166,33.71445350005588,advisor_summarized,0.390935430159659
6a,2023-09-13,15.648886782475557,37.7647672950629,advisor_summarized,0.41437794810723966
6a,2023-09-14,12.189253817602077,32.162671752258206,advisor_summarized,0.37898760126313963
6a,2023-09-15,15.926476430971508,38.1872221342688,advisor_summarized,0.4170629739700092
6a,2023-09-16,15.226547548795427,37.10954803068672,advisor_summarized,0.41031347340054514
6a,2023-09-17,12.039961574242103,31.93330449387938,advisor_summarized,0.37703462779900493
6a,2023-09-18,10.131200155874948,28.62474807907789,advisor_summarized,0.35393150458081907
6a,2023-09-19,7.477726548005182,23.658858414624728,advisor_summarized,0.31606455463560423
6a,2023-09-20,4.749235162181377,17.884205638300244,advisor_summarized,0.26555471672784653
6a,2023-09-21,2.6187309186352072,12.638699893327818,advisor_summarized,0.20719939081848754
6a,2023-09-22,2.39687359846876,11.675483644666045,advisor_summarized,0.2052911614983739
6a,2023-09-23,0.5920240118630906,5.594254592925846,advisor_summarized,0.10582714855554272
6a,2023-09-24,0.13456200286165113,2.7159330774674544,advisor_summarized,0.04954540447923228
6a,2023-09-25,0.010612950414286164,1.0631527901044138,advisor_summarized,0.009982526042417526
6a,2023-09-26,3.557620896661803,10.279582756901966,advisor_summarized,0.34608611855117644
6a,2023-09-27,17.596192577620137,40.73431911874865,advisor_summarized,0.4319746336332205
6a,2023-09-28,18.814353085806932,42.57941599511634,advisor_summarized,0.4418649867805808
6a,2023-09-29,16.6453036121474,39.322244325757374,advisor_summarized,0.4233050248671634
6a,2023-09-30,13.799922433244397,34.85081311371419,advisor_summarized,0.3959713188962576
6a,2023-10-01,11.115637283322695,30.360173697452417,advisor_summarized,0.3661256155545457
6a,2023-10-02,8.667544193085408,25.951667474293775,advisor_summarized,0.33398794900832396
6a,2023-10-03,6.906005587849188,22.556611525565135,advisor_summarized,0.3061632541759246
6a,2023-10-04,5.139889420510322,18.793180821601226,advisor_summarized,0.27349757708936845
6a,2023-10-05,2.766962021978158,13.031649143170585,advisor_summarized,0.21232631354476134
6a,2023-10-06,1.4850535242346514,9.162396780437104,advisor_summarized,0.16208133742968125
6a,2023-10-07,0.6591377284472316,5.925098701864698,advisor_summarized,0.11124502081961829
6a,2023-10-08,0.18242627500273545,3.1633343630697017,advisor_summarized,0.057668982808920924
6a,2023-10-09,0.023572330522558218,1.396668417344505,advisor_summarized,0.016877542464500236
6a,2023-10-10,8.270380253960348e-4,0.4245687546874039,advisor_summarized,0.001947948397674614
6a,2023-10-12,21.648179755845444,44.07244257151643,advisor_summarized,0.49119537045664996
6a,2023-10-13,35.77140049165248,65.17617165718994,advisor_summarized,0.5488416944738782
6a,2023-10-14,32.489796372733615,61.08379421232065,advisor_summarized,0.5318889697618095
6a,2023-10-15,27.141300937928964,54.17181271922976,advisor_summarized,0.5010225719896284
6a,2023-10-16,21.355873867679044,46.25505355022122,advisor_summarized,0.46169817627585275
6a,2023-10-17,17.05828150290132,39.95556245953187,advisor_summarized,0.42693133203113914
6a,2023-10-18,13.922139014804234,35.050516564924045,advisor_summarized,0.3972021065371823
6a,2023-10-19,11.813002105470169,31.56332471059937,advisor_summarized,0.3742635547358295
6a,2023-10-20,10.056260394734055,28.503477585208,advisor_summarized,0.35280819207663255
6a,2023-10-21,8.481646653962695,25.62094820146719,advisor_summarized,0.33104343318086066
6a,2023-10-22,6.984163034518048,22.715727932445606,advisor_summarized,0.3074593539457894
6a,2023-10-23,5.55006696375286,19.71468701279555,advisor_summarized,0.2815194053119212
6a,2023-10-24,3.2724187129277507,14.355488775027151,advisor_summarized,0.22795592433052225
6a,2023-10-25,1.7971363515461865,10.200033917116617,advisor_summarized,0.1761892525210551
6a,2023-10-26,0.9338166318379914,7.1397958441639195,advisor_summarized,0.130790382837248
6a,2023-10-27,0.3973419445528413,4.610256736618618,advisor_summarized,0.08618651134909913
6a,2023-10-28,0.11543997113434724,2.600432432661833,advisor_summarized,0.04439260550837752
6a,2023-10-29,0.020867465831350452,1.3690982551275477,advisor_summarized,0.015241759131017519
6a,2023-10-30,0.0011943827823415452,0.6170584652186247,advisor_summarized,0.001935607158259102
6a,2023-10-31,3.2156401035419415e-6,0.22752137395648683,advisor_summarized,1.4133353924616016e-5
6a,2023-11-26,7.0622059963366e-7,34.20700359599835,advisor_summarized,2.064549727811518e-8
6a,2023-11-27,0.06044845284742917,54.42312524556888,advisor_summarized,0.00111071263501816
6a,2023-11-28,0.2179141827116407,45.38199269607728,advisor_summarized,0.004801776426412336
6a,2023-11-29,0.18464947796673556,39.872227723117525,advisor_summarized,0.004631029879970253
6a,2023-11-30,0.09567138833075818,35.523136902886954,advisor_summarized,0.0026932134003904086
6a,2023-12-01,0.038510040566377815,32.00632499546561,advisor_summarized,0.0012032009476824845
6a,2023-12-02,0.012665264289811655,30.732234378814027,advisor_summarized,4.121166112979649e-4
6a,2023-12-03,0.018740321936210433,31.461082067786815,advisor_summarized,5.956667954341837e-4
6a,2023-12-04,0.05824045988767401,32.795881585421995,advisor_summarized,0.0017758467549035886
6a,2023-12-05,0.04349287765214368,31.6576979456968,advisor_summarized,0.0013738483994239898
6a,2023-12-06,0.009132015877526078,27.684570423486136,advisor_summarized,3.2985940319229064e-4
6a,2023-12-07,8.110354499343348e-5,12.979450580502007,advisor_summarized,6.2486115641342215e-6
6a,2023-12-10,1.7954476866430374e-4,10.18467637789178,advisor_summarized,1.7628912495840086e-5
6a,2023-12-11,0.09437167208940118,35.25165421628376,advisor_summarized,0.0026770849251609922
6a,2023-12-12,0.20467769053639462,41.85150457348156,advisor_summarized,0.004890569469898697
6a,2023-12-13,0.18032703348292223,40.82067350918786,advisor_summarized,0.004417541847817246
6a,2023-12-14,0.0890069139374386,35.99525482418465,advisor_summarized,0.002472740209013224
6a,2023-12-15,0.041409598708741474,32.11658359362163,advisor_summarized,0.0012893525423720799
6a,2023-12-16,0.08611559449065409,29.68654641732323,advisor_summarized,0.0029008289910207397
6a,2023-12-17,171.17195344324358,218.82001773089732,advisor_summarized,0.7822499751999341
6a,2023-12-18,350.96145498908686,322.9810586733109,advisor_summarized,1.086631694226
6a,2023-12-19,391.7650785114631,350.13768724118546,advisor_summarized,1.1188886337779556
6a,2023-12-20,319.2946681105797,301.5853060907375,advisor_summarized,1.0587209047065245
6a,2023-12-21,224.73031888722377,233.9645256570244,advisor_summarized,0.9605315945061802
6a,2023-12-22,148.9327115210218,174.4451434964484,advisor_summarized,0.853750976014153
6a,2023-12-23,97.85202403675633,129.75777840411624,advisor_summarized,0.7541129729580222
6a,2023-12-24,66.02914974957095,98.82034882765883,advisor_summarized,0.6681736153828476
6a,2023-12-25,53.23163723624136,85.31023927623109,advisor_summarized,0.6239771179621181
6a,2023-12-26,46.387402492081975,77.65969363698319,advisor_summarized,0.5973163209852184
6a,2023-12-27,38.973914118540236,69.02830722506863,advisor_summarized,0.5646077049443607
6a,2023-12-28,32.634518467757374,61.27524014263442,advisor_summarized,0.5325889933975265
6a,2023-12-29,28.23211841473623,55.62458355009068,advisor_summarized,0.5075475017141087
6a,2023-12-30,23.193674793146542,48.84494696226559,advisor_summarized,0.4748428698482252
6a,2023-12-31,19.959722911395097,44.27238402434838,advisor_summarized,0.45083912581752755
6a,2024-01-01,18.36658930706149,41.93442763569413,advisor_summarized,0.43798354580206666
6a,2024-01-02,16.20326061474251,38.65679971977636,advisor_summarized,0.4191568037757951
6a,2024-01-03,14.545224342943532,36.06684378941335,advisor_summarized,0.40328520088616604
6a,2024-01-04,15.27091466372433,37.21451304889659,advisor_summarized,0.4103483671453579
6a,2024-01-05,14.382961975875357,35.85672390521443,advisor_summarized,0.40112314816869615
6a,2024-01-06,17.60137145717477,40.74022131603987,advisor_summarized,0.4320391713298062
6a,2024-01-07,18.76354576952682,42.52302836491273,advisor_summarized,0.44125610265823145
6a,2024-01-08,16.479830864445894,39.0853627017957,advisor_summarized,0.4216368923113194
6a,2024-01-09,26.035298779235553,51.34458213192351,advisor_summarized,0.5070700295571808
6a,2024-01-10,59.21809660280109,91.75953121056018,advisor_summarized,0.6453618040714876
6a,2024-01-11,61.57598394856168,94.26830918813256,advisor_summarized,0.6531991978945293
6a,2024-01-12,57.220818290640274,89.62866671504447,advisor_summarized,0.638420947090085
6a,2024-01-13,50.97163697304686,82.81553923427488,advisor_summarized,0.6154839712973966
6a,2024-01-14,41.814415476271265,72.37586404853968,advisor_summarized,0.5777397759041324
6a,2024-01-15,34.60223339969288,63.72650826987532,advisor_summarized,0.5429802187365408
6a,2024-01-16,36.14098540405409,65.54160687641816,advisor_summarized,0.551420496482481
6a,2024-01-17,35.045979615559254,64.26059724086691,advisor_summarized,0.545372765276317
6a,2024-01-18,28.63447266081831,56.16302644862056,advisor_summarized,0.5098456132347834
6a,2024-01-19,25.455091393130278,51.94807626127888,advisor_summarized,0.4900102799784335
6a,2024-01-20,22.353796138810647,47.67428291182738,advisor_summarized,0.4688858389365507
6a,2024-01-21,19.306008208786132,43.31961649781718,advisor_summarized,0.4456643379970581
6a,2024-01-22,17.190680834274662,40.170178455787294,advisor_summarized,0.4279463396757206
6a,2024-01-23,15.835932902627729,38.09410540343263,advisor_summarized,0.4157055989350196
6a,2024-01-24,14.531467931564015,36.04143118987201,advisor_summarized,0.4031878716194683
6a,2024-01-25,13.751613324544499,34.78433480457551,advisor_summarized,0.39533926411999754
6a,2024-01-26,61.776593584579395,93.3578747454257,advisor_summarized,0.6617180795196528
6a,2024-01-27,84.81621367589652,117.60557052539676,advisor_summarized,0.7211921450402775
6a,2024-01-28,89.69864295065635,122.29597077562532,advisor_summarized,0.7334554227892363
6a,2024-01-29,75.68199518847166,108.63157259850485,advisor_summarized,0.6966850739442698
6a,2024-01-30,59.660167897664685,92.20072083876455,advisor_summarized,0.647068345615161
6a,2024-01-31,46.90474784207374,78.23437473868456,advisor_summarized,0.5995414164009512
6a,2024-02-01,36.626943328678216,66.19121371111778,advisor_summarized,0.5533505321194342
6a,2024-02-02,29.53701385810303,57.3185865958802,advisor_summarized,0.5153130182073613
6a,2024-02-03,24.819322773495166,51.074431560117965,advisor_summarized,0.4859441801967231
6a,2024-02-04,25.67192606555688,52.19926267991784,advisor_summarized,0.4918062966324889
6a,2024-02-05,28.711714889699667,56.26776155958624,advisor_summarized,0.5102693637331678
6a,2024-02-06,25.504595839596107,52.00362312233262,advisor_summarized,0.490438825379521
6a,2024-02-07,21.65609884601498,46.69508038363587,advisor_summarized,0.4637768833053404
6a,2024-02-08,18.74493044050998,42.728596159555345,advisor_summarized,0.4386975497747092
6a,2024-02-09,16.942213329693836,39.79290515503821,advisor_summarized,0.425759648954627
6a,2024-02-10,15.214510250588718,37.11440174213126,advisor_summarized,0.4099354842440481
6a,2024-02-11,13.325272499071044,34.087824568893076,advisor_summarized,0.3909100292434341
6a,2024-02-12,12.669968496131434,32.99864693164424,advisor_summarized,0.38395418219349764
6a,2024-02-13,14.035807172345844,35.24789862538984,advisor_summarized,0.398202665115348
6a,2024-02-14,12.03792135134421,31.948088962537877,advisor_summarized,0.3767962886750378
6a,2024-02-15,10.673313543747534,29.60918361754986,advisor_summarized,0.36047307759681974
6a,2024-02-16,10.0248440675867,28.461087063013355,advisor_summarized,0.35222983737028446
6a,2024-02-17,10.822895171552755,29.80620814174917,advisor_summarized,0.36310875640679924
6a,2024-02-18,36.55252430136667,65.65717656589356,advisor_summarized,0.556717882388417
6a,2024-02-19,54.08873979004894,86.25124801343607,advisor_summarized,0.6271067495930388
6a,2024-02-20,51.980556426185515,83.94012139967886,advisor_summarized,0.6192575798012175
6a,2024-02-21,45.591134299462375,76.76140917240168,advisor_summarized,0.5939330034583826
6a,2024-02-22,38.16066770309574,68.05216956220872,advisor_summarized,0.5607560780000088
6a,2024-02-23,32.13316477175948,60.64949618757768,advisor_summarized,0.5298175053652143
6a,2024-02-24,27.836365793229973,55.09585676593375,advisor_summarized,0.5052351923936582
6a,2024-02-25,22.649480530225414,48.0783241261097,advisor_summarized,0.4710954664479508
6a,2024-02-26,18.61314557983815,42.29360752688045,advisor_summarized,0.44009359021947314
6a,2024-02-27,15.523987686245944,37.595748010183705,advisor_summarized,0.41291870777623313
6a,2024-02-28,13.27676052611754,34.00706832180824,advisor_summarized,0.39041179323309516
6a,2024-02-29,11.63227922392187,31.265217687224876,advisor_summarized,0.37205175861209105
6a,2024-03-01,10.212748111904466,28.791964591344534,advisor_summarized,0.3547082756198801
6a,2024-03-02,9.753902222510499,27.97497129831033,advisor_summarized,0.3486653165252623
6a,2024-03-03,12.2304871067295,32.012079547069106,advisor_summarized,0.382058500409083
6a,2024-03-04,17.669576323394768,41.03917629202314,advisor_summarized,0.4305538736368165
6a,2024-03-05,17.101360131559552,40.031724377927866,advisor_summarized,0.4271951907469832
6a,2024-03-06,28.352446492209513,55.78736457083948,advisor_summarized,0.5082234428946223
6a,2024-03-07,27.088575678996268,54.1171870632946,advisor_summarized,0.5005540226492907
6a,2024-03-08,23.60223984205924,49.41038632873555,advisor_summarized,0.4776777029232194
6a,2024-03-09,21.28017482579779,46.10245591695783,advisor_summarized,0.4615844080872559
6a,2024-03-10,31.272884858462312,59.56441077474583,advisor_summarized,0.525026344619217
6a,2024-03-11,28.647520718560816,56.17554200111084,advisor_summarized,0.5099642958139029
6a,2024-03-12,23.66876922881864,49.49886459469093,advisor_summarized,0.4781679220851718
6a,2024-03-13,19.90483524377634,44.17546970377827,advisor_summarized,0.4505857068923006
6a,2024-03-14,16.723438677597013,39.45047325581434,advisor_summarized,0.4239097100091761
6a,2024-03-15,13.820991950320112,34.876558413882044,advisor_summarized,0.3962831362632069
6a,2024-03-16,11.663577427737627,31.307693701779456,advisor_summarized,0.37254668257709117
6a,2024-03-17,10.43647141864599,29.18654702519547,advisor_summarized,0.3575781475498503
6a,2024-03-18,9.88695763666094,28.216495691627884,advisor_summarized,0.3503963690145442
6a,2024-03-19,8.54071517526906,25.733093900923436,advisor_summarized,0.33189616484330225
6a,2024-03-20,7.096711505736906,22.944250577166137,advisor_summarized,0.30930238849463554
6a,2024-03-21,5.942342195663352,20.57703372884073,advisor_summarized,0.2887851705921334
6a,2024-03-22,8.767060222679804,25.952836920019568,advisor_summarized,0.33780739460960607
6a,2024-03-23,14.71259186046401,36.2988598735222,advisor_summarized,0.4053182913107402
6a,2024-03-24,16.260698527515515,38.746351902916274,advisor_summarized,0.41967043938120124
6a,2024-03-25,13.265664805137,34.05357476214865,advisor_summarized,0.38955278257253917
6a,2024-03-26,10.644121079000463,29.54420125897744,advisor_summarized,0.36027784219639686
6a,2024-03-27,11.422415106595418,30.86048225974403,advisor_summarized,0.3701308038693677
6a,2024-03-28,16.69948463210925,39.38862370448181,advisor_summarized,0.42396720325643444
6a,2024-03-29,15.562562412081302,37.65107855802233,advisor_summarized,0.41333643040526874
6a,2024-03-30,12.22437530892699,32.25128742911938,advisor_summarized,0.37903526598103243
6a,2024-03-31,9.892159691232525,28.20580605290403,advisor_summarized,0.350713596792035
6a,2024-04-01,8.150000585084001,24.98475168703719,advisor_summarized,0.32619898277045745
6a,2024-04-02,6.754860954001655,22.25702054422804,advisor_summarized,0.30349349503356626
6a,2024-04-03,27.59333787050134,51.32314298786483,advisor_summarized,0.5376392844262419
6a,2024-04-04,60.45247997993957,93.07986522301462,advisor_summarized,0.6494689247250036
6a,2024-04-05,56.430160748646045,88.76569279450739,advisor_summarized,0.6357203889489365
6a,2024-04-06,47.28265961415799,78.65930280597571,advisor_summarized,0.6011070264732368
6a,2024-04-07,35.89743357248104,65.27315488590527,advisor_summarized,0.5499570786064845
6a,2024-04-08,26.57886364488321,53.413370893483,advisor_summarized,0.497606932501729
6a,2024-04-09,20.28452123445502,44.72001030861103,advisor_summarized,0.45358936848342246
6a,2024-04-10,15.993526034301599,38.30872143147885,advisor_summarized,0.4174904678797105
6a,2024-04-11,20.401474571106966,44.55399663442257,advisor_summarized,0.45790447798671147
6a,2024-04-12,24.729449858260402,50.945891240665354,advisor_summarized,0.48540616830982414
6a,2024-04-13,18.980301826037216,42.80925629502721,advisor_summarized,0.4433691091298402
6a,2024-04-14,14.173147415254375,35.43328889053939,advisor_summarized,0.39999525471762165
6a,2024-04-15,10.9167604751437,30.00300983657314,advisor_summarized,0.3638555109839801
6a,2024-04-16,8.578207974527503,25.78523259244857,advisor_summarized,0.3326791000923415
6a,2024-04-17,6.701647383317233,22.131122521548097,advisor_summarized,0.30281552039631676
6a,2024-04-18,5.1003222969980655,17.035455537187858,advisor_summarized,0.29939453546541356
6a,2024-04-19,3.5469145358486727,10.57014290926775,advisor_summarized,0.3355597522469435
6a,2024-04-20,1.9745174997307813,6.387839171576558,advisor_summarized,0.309105700174267
6a,2024-04-21,0.987380845362265,1.8083066286695864,advisor_summarized,0.5460251207997309
6a,2024-04-22,0.48998645503384697,2.325962162594974,advisor_summarized,0.21065968437216132
6a,2024-04-23,0.1545891771136489,3.1315108512765053,advisor_summarized,0.049365684634505844
6a,2024-04-24,0.02714157504692487,0.9613064521720696,advisor_summarized,0.02823405063556845
6a,2024-04-25,0.0021830280145119277,0.21012699526982617,advisor_summarized,0.010389088806550912
6a,2024-04-26,1.0277405900444283e-6,0.02954304605357013,advisor_summarized,3.478790197127391e-5
6a,2024-05-16,3.3252380258909686,2.964219491958262e-5,advisor_summarized,112179.21057843817
6a,2024-05-17,2.5526061955620385,7.398340445597981e-4,advisor_summarized,3450.241597196087
6a,2024-05-18,1.7459771606255978,5.598989274683956,advisor_summarized,0.3118379184114712
6a,2024-05-19,0.8802403419100611,6.904780645173823,advisor_summarized,0.12748273799621937
6a,2024-05-20,0.2753898751025599,6.865495075656079,advisor_summarized,0.04011216555657396
6a,2024-05-21,0.04453557137883211,3.9703279852298934,advisor_summarized,0.011217101343896497
6a,2024-05-22,0.0015912243511591478,0.8760984483604312,advisor_summarized,0.0018162620355475284
6a,2024-07-23,22.834747692189698,2.073720878182185,advisor_summarized,11.01148564999092
6a,2024-07-24,12.774027449576918,9.51373083499732,advisor_summarized,1.3426938044732393
6a,2024-07-25,25.801127453061024,18.624116247720703,advisor_summarized,1.3853611688135095
6a,2024-07-26,38.38506160930193,27.039029469752297,advisor_summarized,1.4196168413604517
6a,2024-07-27,32.02440897241856,22.86971656199029,advisor_summarized,1.400297589417591
6a,2024-07-28,29.425145544745465,21.13270012321027,advisor_summarized,1.3923987646248532
6a,2024-07-29,30.161565320687345,21.740851186387143,advisor_summarized,1.3873221918547864
6a,2024-07-30,30.044297208201144,21.554137712682095,advisor_summarized,1.393899287862654
6a,2024-07-31,25.001998530417904,18.15261629424852,advisor_summarized,1.37732204135993
6a,2024-08-01,19.846272268746816,14.59517924609606,advisor_summarized,1.359782701816103
6a,2024-08-02,63.77151483630512,40.97681348110754,advisor_summarized,1.5562829175506079
6a,2024-08-03,139.9839671886981,86.7314377399387,advisor_summarized,1.6139933896684076
6a,2024-08-04,129.3989348005437,80.88126665733061,advisor_summarized,1.5998628625435323
6a,2024-08-05,2137.2369046096887,859.1629065405779,advisor_summarized,2.4875805139391782
6a,2024-08-06,3068.266721102783,1215.3325171380222,advisor_summarized,2.524631471499028
6a,2024-08-07,1874.1372198911185,804.3977120355748,advisor_summarized,2.3298639365202893
6a,2024-08-08,1267.336571710158,578.5858756952903,advisor_summarized,2.190403576974968
6a,2024-08-09,814.8715598336587,397.825238731125,advisor_summarized,2.0483153920367516
6a,2024-08-10,556.9025904812597,287.5745965401657,advisor_summarized,1.9365500193042149
6a,2024-08-11,381.14812261136746,207.5155174632981,advisor_summarized,1.8367210667933718
6a,2024-08-12,255.18043450457114,146.6582717192691,advisor_summarized,1.7399661915628832
6a,2024-08-13,176.84038288162458,106.45158108244156,advisor_summarized,1.661228335769577
6a,2024-08-14,131.0573139725093,81.78865941523003,advisor_summarized,1.602389804522274
6a,2024-08-15,99.16504730476227,63.83507480023652,advisor_summarized,1.5534570549981535
6a,2024-08-16,71.96669423586931,47.89106892785383,advisor_summarized,1.5027163904878496
6a,2024-08-17,47.85473349305425,33.06955136825381,advisor_summarized,1.4470935199621109
6a,2024-08-18,31.23932667431721,22.32786720223875,advisor_summarized,1.3991182584239363
6a,2024-08-19,22.569046604010726,16.481998537300417,advisor_summarized,1.3693149257922035
6a,2024-08-20,17.923052358362938,13.250570478270694,advisor_summarized,1.3526249596388729
6a,2024-08-21,13.522118800880943,10.105373984916072,advisor_summarized,1.3381116642555657
6a,2024-08-22,10.74477538639361,8.082493043217854,advisor_summarized,1.3293887577682133
6a,2024-08-23,13.076985927116693,9.981283468227485,advisor_summarized,1.3101507405078192
6a,2024-08-24,25.222691358604507,18.30486615837822,advisor_summarized,1.3779227414377988
6a,2024-08-25,18.936224091635058,13.959462124309155,advisor_summarized,1.3565153100461742
6a,2024-08-26,32.07188885337844,22.097897038024858,advisor_summarized,1.4513547962591589
6a,2024-08-27,109.17847423296817,69.1327507365296,advisor_summarized,1.579258355407497
6a,2024-08-28,161.62853674908976,98.44492408483414,advisor_summarized,1.6418168661474881
6a,2024-08-29,146.14072956322343,90.06045436806738,advisor_summarized,1.6226958945372627
6a,2024-08-30,114.03036075885973,72.29742931180594,advisor_summarized,1.577239493081657
6a,2024-08-31,86.3360152373766,56.40522451946557,advisor_summarized,1.5306386238668697
6a,2024-09-01,62.72050344811292,42.30714647604682,advisor_summarized,1.4825037534408898
6a,2024-09-02,44.32153410184233,30.842539292052916,advisor_summarized,1.4370261048273187
6a,2024-09-03,31.326919879207146,22.39937822564259,advisor_summarized,1.3985620298756505
6a,2024-09-04,23.635921079460083,17.22126147486175,advisor_summarized,1.3724848852659228
6a,2024-09-05,20.279723548992855,14.903510761042194,advisor_summarized,1.3607346533411504
6a,2024-09-06,19.94999609969419,14.64356921508581,advisor_summarized,1.3623725067753083
6a,2024-09-07,30.38765215164403,21.762491539696786,advisor_summarized,1.396331486043965
6a,2024-09-08,40.51718244641046,28.415636032552076,advisor_summarized,1.4258763168276516
6a,2024-09-09,48.60807362478738,33.58498559187193,advisor_summarized,1.4473156015452115
6a,2024-09-10,42.88201172616269,29.941537588468165,advisor_summarized,1.432191369580114
6a,2024-09-11,43.592265613223255,30.367949842756957,advisor_summarized,1.4354694946132631
6a,2024-09-12,77.75731490559156,50.83526995792298,advisor_summarized,1.5295938227524375
6a,2024-09-13,147.3604258697611,90.6834047138879,advisor_summarized,1.6249988223831353
6a,2024-09-14,177.7795616204151,107.0363018329889,advisor_summarized,1.6609277280320136
6a,2024-09-15,173.3252518606627,104.67240257688992,advisor_summarized,1.6558829987048589
6a,2024-09-16,147.77589330853857,90.95126659786804,advisor_summarized,1.624781037540851
6a,2024-09-17,116.42629114506627,73.64021660483304,advisor_summarized,1.5810150555345481
6a,2024-09-18,88.6715561112735,57.787330962277615,advisor_summarized,1.534446298777088
6a,2024-09-19,85.03053205158908,55.66547709958641,advisor_summarized,1.5275272301981373
6a,2024-09-20,70.87361362107212,47.25848953326851,advisor_summarized,1.4997012033399693
6a,2024-09-21,54.79442797524396,37.43736318444775,advisor_summarized,1.4636294683811144
6a,2024-09-22,40.89807591553833,28.651046128335423,advisor_summarized,1.4274548905595035
6a,2024-09-23,31.612763422796576,22.593808531456116,advisor_summarized,1.3991781588652425
6a,2024-09-24,26.001105271605557,18.831363422019948,advisor_summarized,1.3807340811659905
6a,2024-09-25,22.128702971867018,16.18510625685624,advisor_summarized,1.367226301804042
6a,2024-09-26,21.168584511628005,16.45491789110878,advisor_summarized,1.2864594434145549
6a,2024-09-27,48.311400585024,34.40756440617384,advisor_summarized,1.4040924261513656
6a,2024-09-28,48.575286790450726,33.56339684925485,advisor_summarized,1.4472696851459823
6a,2024-09-29,41.643458847376735,29.13917790862951,advisor_summarized,1.4291226395595775
6a,2024-09-30,36.53357675107549,25.82476868156331,advisor_summarized,1.4146719841543969
6a,2024-10-01,44.30724296302156,30.855978041380283,advisor_summarized,1.4359370785007066
6a,2024-10-02,38.862120357109035,27.35009317351646,advisor_summarized,1.420913636767419
6a,2024-10-03,33.0638056376338,23.55639282012336,advisor_summarized,1.4036022361364515
6a,2024-10-04,27.30545013778024,19.76661508914333,advisor_summarized,1.3813923129801604
6a,2024-10-05,24.90282202421413,18.08972819878682,advisor_summarized,1.3766277608241915
6a,2024-10-06,58.337241632458586,39.29115014074563,advisor_summarized,1.484742529131562
6a,2024-10-07,99.13999482171702,63.85536123108495,advisor_summarized,1.5525712001368404
6a,2024-10-08,108.7477320942331,69.34516162200778,advisor_summarized,1.5682093681892912
6a,2024-10-09,129.8170987408704,80.89446698009507,advisor_summarized,1.6047710503218129
6a,2024-10-10,302.552881075722,169.9810200902934,advisor_summarized,1.779921551918013
6a,2024-10-11,387.55670409743607,210.76928268537992,advisor_summarized,1.8387722307521952
6a,2024-10-12,346.84646779769935,191.43959803775297,advisor_summarized,1.811780171672212
6a,2024-10-13,264.9476992088579,151.5451880422826,advisor_summarized,1.7483082282687517
6a,2024-10-14,189.16501308671621,112.9318003205238,advisor_summarized,1.6750376116366408
6a,2024-10-15,131.05580882130155,81.74987989153306,advisor_summarized,1.603131515241225
6a,2024-10-16,90.98729615633547,59.11804890897174,advisor_summarized,1.5390781298691891
6a,2024-10-17,64.45714345564008,43.37150308303537,advisor_summarized,1.486163468493032
6a,2024-10-18,46.46740455916945,32.21674528633661,advisor_summarized,1.4423370252387557
6a,2024-10-19,35.38451136965892,25.08024160623619,advisor_summarized,1.4108520932613575
6a,2024-10-20,27.47362801061399,19.828376771404457,advisor_summarized,1.385571210762706
6a,2024-10-21,22.448372643760496,16.405350132439086,advisor_summarized,1.3683568142427056
6a,2024-10-22,18.99217914193118,14.004931034980816,advisor_summarized,1.356106580924495
6a,2024-10-23,16.37126660381876,12.154685485078248,advisor_summarized,1.3469099322987022
6a,2024-10-24,14.200846581167227,10.600159527916745,advisor_summarized,1.3396823457012752
6a,2024-10-25,12.452664951263253,9.367206223725344,advisor_summarized,1.3293894309407892
6a,2024-10-26,10.968293180012079,8.247307715797008,advisor_summarized,1.3299240864995563
6a,2024-10-27,9.474898651848951,7.141253588188206,advisor_summarized,1.3267836710799132
6a,2024-10-28,8.82842778124396,6.659235631008404,advisor_summarized,1.3257419125004104
6a,2024-10-29,8.454546629353123,6.379280886449973,advisor_summarized,1.3253134294981674
6a,2024-10-30,8.678557039243275,6.546965710458005,advisor_summarized,1.3255846178299522
6a,2024-10-31,7.906134360713426,5.966129502240778,advisor_summarized,1.3251697533122628
6a,2024-11-01,6.76623270008059,5.101501738843816,advisor_summarized,1.3263217472928006
6a,2024-11-02,6.058210728359015,4.561199735836216,advisor_summarized,1.3282055334611098
6a,2024-11-03,5.343254348351995,4.011022764030232,advisor_summarized,1.3321426136667327
6a,2024-11-04,4.6928860642908745,3.5082593859922326,advisor_summarized,1.337667928155089
6a,2024-11-05,4.420244011452713,3.296141923592834,advisor_summarized,1.3410357059609235
6a,2024-11-06,4.279661695422113,3.1866368370024047,advisor_summarized,1.3430026433284725
6a,2024-11-07,5.121233753555109,3.8401572265046817,advisor_summarized,1.3336000198659745
6a,2024-11-08,4.9729205801672425,3.725317081402824,advisor_summarized,1.3348986063475206
6a,2024-11-09,4.245642798523833,3.1597657582230183,advisor_summarized,1.343657449124168
6a,2024-11-10,4.093138017365235,3.0413389521303,advisor_summarized,1.345834213742669
6a,2024-11-11,4.608074368756835,3.44239860545411,advisor_summarized,1.3386231221032443
6a,2024-11-12,4.143853027558959,3.0808448105301753,advisor_summarized,1.3450378978504447
6a,2024-11-13,3.4531856808248564,2.54097536115134,advisor_summarized,1.3590000649436387
6a,2024-11-14,2.6364091259185827,1.8994375598262112,advisor_summarized,1.3879946262407281
6a,2024-11-15,1.6965343175812329,1.1615507013573485,advisor_summarized,1.4605770678789318
6a,2024-11-16,0.8551249516617644,0.5143239809370119,advisor_summarized,1.662619250426298
6a,2024-11-17,0.3360744280799509,0.14692946833437628,advisor_summarized,2.287318070974884
6a,2024-11-18,0.12417969967777011,0.02878008917354506,advisor_summarized,4.3147781415464586
6a,2024-11-19,0.0309862308844064,9.793055373733695e-4,advisor_summarized,31.641024891491657
6a,2025-01-19,7.54761189576414,4.2425588270194154,advisor_summarized,1.779023509985522
6a,2025-01-20,14.970291046125263,11.150704002199385,advisor_summarized,1.342542232595583
6a,2025-01-21,16.475965554562343,12.225621190834993,advisor_summarized,1.347658764931605
6a,2025-01-22,44.593236905421605,30.99956086724021,advisor_summarized,1.4385118904231626
6a,2025-01-23,47.72861784781895,33.03048328991885,advisor_summarized,1.444986966399795
6a,2025-01-24,45.630813941797314,31.699947874479637,advisor_summarized,1.439460220012944
6a,2025-01-25,43.174876291893085,30.1339128560672,advisor_summarized,1.4327670123065415
6a,2025-01-26,39.153444188587954,27.544044188426767,advisor_summarized,1.4214849468270578
6a,2025-01-27,31.30856911370976,24.823795881117555,advisor_summarized,1.2612321364407006
6a,2025-01-28,23.14579827215774,16.872053862080147,computed_RC,1.371842364975956
6a,2025-01-29,19.435762637863526,14.304463614776443,computed_RC,1.358720128295232
6a,2025-01-30,15.6239663920746,11.619418405657871,computed_RC,1.3446427219168546
6a,2025-01-31,13.46639225150007,10.0725017626975,computed_RC,1.3369461300440275
6a,2025-02-01,12.246679529420517,9.188270544678575,computed_RC,1.3328601361779917
6a,2025-02-02,10.26127722998926,7.730233915340715,computed_RC,1.3274213099328944
6a,2025-02-03,8.646129379585485,6.529037760487137,computed_RC,1.3242578304433623
6a,2025-02-04,7.560564197675748,5.71317840034708,computed_RC,1.3233551742785483
6a,2025-02-05,6.681057810966745,5.045323871100676,computed_RC,1.3242079164105716
6a,2025-02-06,5.626039797309484,4.237301862947942,computed_RC,1.3277410907410265
6a,2025-02-07,5.035053166166664,3.7816812775932465,computed_RC,1.3314324493710623
6a,2025-02-08,4.423827300801976,3.3071877272043197,computed_RC,1.3376402144977693
6a,2025-02-09,3.7367028672232663,2.7708090371512646,computed_RC,1.3485963186640464
6a,2025-02-10,3.0370088955189574,2.22191851081651,computed_RC,1.3668408092981403
6a,2025-02-11,2.8188882815824083,2.0502513712456056,computed_RC,1.3748988641669955
6a,2025-02-12,2.4138372301316084,1.7310564137946434,computed_RC,1.3944301357806377
6a,2025-02-13,3.6260176497915855,2.6703918618698808,computed_RC,1.3578597589241264
6a,2025-02-14,8.53397345607735,6.446009357660965,computed_RC,1.3239157721567496
6a,2025-02-15,7.1699616381016416,5.416319321488085,computed_RC,1.323770112603287
6a,2025-02-16,7.091653674957372,5.3550147739863805,computed_RC,1.3243014210543815
6a,2025-02-17,7.7977512268607585,5.891626454916152,computed_RC,1.3235311652105979
6a,2025-02-18,6.2655011371583775,4.727632386542636,computed_RC,1.3252936406378246
6a,2025-02-19,9.325030415342193,7.012329032484945,computed_RC,1.3298050294194055
6a,2025-02-20,11.800468008143172,8.862729040686427,computed_RC,1.331471147766153
6a,2025-02-21,9.854114128408945,7.4296039719662765,computed_RC,1.326331008434762
6a,2025-02-22,8.052066494884047,6.083261255608038,computed_RC,1.3236430520653713
6a,2025-02-23,6.894998680675905,5.207691249074943,computed_RC,1.324002970011074
6a,2025-02-24,8.411244961026233,6.35052223741539,computed_RC,1.3244965762767786
6a,2025-02-25,9.720426615062419,7.331007213169983,computed_RC,1.3259333038985284
6a,2025-02-26,8.584640082997364,6.483099364436869,computed_RC,1.324156796067098
6a,2025-02-27,6.84347529688365,5.167959108355775,computed_RC,1.324212354122313
6a,2025-02-28,5.7525639018313965,4.334034174738152,computed_RC,1.3273000788414289
6a,2025-03-01,4.657687975556863,3.4889298808635965,computed_RC,1.3349904224512446
6a,2025-03-02,4.219383757657325,3.1481000143855065,computed_RC,1.3402953331776302
6a,2025-03-03,3.5176601452911753,2.5993276340113627,computed_RC,1.3532961752353678
6a,2025-03-04,2.9611598270174255,2.162030314206691,computed_RC,1.3696199389803456
6a,2025-03-05,3.2499910469269087,2.3881981632519063,computed_RC,1.3608548473638955
6a,2025-03-06,4.037163658496105,3.0059727688567506,computed_RC,1.3430473157717737
6a,2025-03-07,3.336631389683344,2.457127108701453,computed_RC,1.3579400828989645
6a,2025-03-08,2.846846018707081,2.072273613348982,computed_RC,1.3737790224073354
6a,2025-03-09,8.054578199816188,6.017240409908967,computed_RC,1.3385834121821372
6a,2025-03-10,34.14709704320231,24.170142255980306,computed_RC,1.4127801434331009
6a,2025-03-11,38.371617820625026,26.98558967074867,computed_RC,1.421929937007023
6a,2025-03-12,36.34617211615206,25.668292303935395,computed_RC,1.4159949437142556
6a,2025-03-13,31.455408078970933,22.457376177524445,computed_RC,1.4006715579913473
6a,2025-03-14,26.15288809349761,18.91287409918752,computed_RC,1.382808765941138
6a,2025-03-15,20.99738370050314,15.388331319875586,computed_RC,1.3645003648565126
6a,2025-03-16,19.14075646834109,14.101120919541383,computed_RC,1.3573925489721714
6a,2025-03-17,18.596918660491546,13.719478541806817,computed_RC,1.3555120629273119
6a,2025-03-18,15.046866657998711,11.20715422472141,computed_RC,1.3426126165737449
6a,2025-03-19,12.49848243820978,9.37002839611799,computed_RC,1.3338788219028144
6a,2025-03-20,10.477837431486979,7.890999925099552,computed_RC,1.3278212559804061
6a,2025-03-21,8.9072235014649,6.7238084581001765,computed_RC,1.324728917691634
6a,2025-03-22,7.1765128910518365,5.421288554493178,computed_RC,1.32376515636747
6a,2025-03-23,5.978115561593367,4.507039793354569,computed_RC,1.3263951142405785
6a,2025-03-24,5.02935958713189,3.777101275157973,computed_RC,1.3315395115852549
6a,2025-03-25,4.349240473203768,3.249193827720157,computed_RC,1.338559871713001
6a,2025-03-26,3.6750998116315445,2.722597902807742,computed_RC,1.3498503792431167
6a,2025-03-27,2.942114045342132,2.146965118974133,computed_RC,1.370359499248846
6a,2025-03-28,2.083826535100462,1.4712006857250095,computed_RC,1.416412155948357
6a,2025-03-29,1.4524561390384392,0.9756891261969054,computed_RC,1.4886464346486081
6a,2025-03-30,6.339529387806456,4.681494957117057,computed_RC,1.3541677275906847
6a,2025-03-31,15.499840412969585,11.532942727855527,computed_RC,1.3439623154923683
6a,2025-04-01,13.603698286439599,10.171050116009084,computed_RC,1.3374920122581617
6a,2025-04-02,11.435866734736582,8.59427177408816,computed_RC,1.3306382478170946
6a,2025-04-03,9.02364571327553,6.809736644347434,computed_RC,1.3251093521752852
6a,2025-04-04,7.170797513301319,5.416489701699326,computed_RC,1.323882792771047
6a,2025-04-05,5.53095135055923,4.163744838432523,computed_RC,1.3283598215498247
6a,2025-04-06,4.30007387845119,3.2105968712649124,computed_RC,1.3393378399316278
6a,2025-04-07,3.389112042278795,2.4981755524968134,computed_RC,1.356634860545141
6a,2025-04-08,3.2089481692318063,2.35677583629092,computed_RC,1.3615839571242507
6a,2025-04-09,2.103254958485031,1.4865479535217958,computed_RC,1.4148584668945179
6a,2025-04-10,1.1137844681862266,0.7146013949983847,computed_RC,1.5586094233537624
6a,2025-04-11,0.5741852157052864,0.3158883490825617,computed_RC,1.817684056322113
6a,2025-04-12,2.3996960914020007,1.7199875171829926,computed_RC,1.3951822716319706
6a,2025-04-13,1.9344609541595363,1.3540890019360423,computed_RC,1.4286069463629738
6a,2025-04-14,0.8333710954443421,0.5039158514862933,computed_RC,1.653790197284576
6a,2025-04-15,0.19319807562578237,0.06777424330128012,computed_RC,2.850612064629768
6a,2025-04-16,0.033063131229638006,9.146113268678666e-4,computed_RC,36.149925392750596
7,2021-04-06,118.83606653655434,118.48670981623336,advisor_summarized,1.0029484886605664
7,2021-04-07,107.7543048828971,99.1913144010735,advisor_summarized,1.0863280271415672
7,2021-04-08,89.23148771405532,82.79370608753136,advisor_summarized,1.0777568963964217
7,2021-04-09,73.06987997654939,68.84046656009828,advisor_summarized,1.0614378958742066
7,2021-04-10,61.22294318452318,58.8617862778252,advisor_summarized,1.0401135788770224
7,2021-04-11,114.4726736934584,104.70761659271363,advisor_summarized,1.0932602366332946
7,2021-04-12,164.81944580177284,146.15305845958096,advisor_summarized,1.127718075413072
7,2021-04-13,123.799427007104,111.7509775265382,advisor_summarized,1.1078151596276158
7,2021-04-14,94.04632226712248,87.27677711618641,advisor_summarized,1.07756410553433
7,2021-04-15,76.34840094569901,72.00012567224019,advisor_summarized,1.0603926067192313
7,2021-04-16,68.76485022691732,65.14662701570062,advisor_summarized,1.0555396860430655
7,2021-04-17,112.10253725866066,102.8602975816014,advisor_summarized,1.0898523521160064
7,2021-04-18,302.3291804718473,261.68114379475384,advisor_summarized,1.1553342212115032
7,2021-04-19,404.2044409329787,345.7253012393915,advisor_summarized,1.1691491466894242
7,2021-04-20,257.3322705852048,224.7282873070255,advisor_summarized,1.1450817948593872
7,2021-04-21,168.56164736381942,150.08973028008617,advisor_summarized,1.1230724916972157
7,2021-04-22,120.78566968900383,109.30643890728516,advisor_summarized,1.1050187975793033
7,2021-04-23,91.23543396629971,84.87694213131343,advisor_summarized,1.0749142426119573
7,2021-04-24,73.40568476140945,69.89811156527303,advisor_summarized,1.0501812297584168
7,2021-04-25,104.6736832962816,95.37216924779874,advisor_summarized,1.097528598980646
7,2021-04-26,83.10606111981691,77.07421027448338,advisor_summarized,1.078260300350174
7,2021-04-27,65.19339923174839,61.84763377137961,advisor_summarized,1.0540969032499519
7,2021-04-28,53.70389310048778,52.047216012213106,advisor_summarized,1.0318302728792628
7,2021-04-29,42.66181330935443,41.8672693267908,advisor_summarized,1.0189776881879231
7,2021-04-30,35.320098449146414,35.51892778506806,advisor_summarized,0.9944021582767137
7,2021-05-01,30.412162312635967,30.872261919428325,advisor_summarized,0.9850966667750765
7,2021-05-02,25.332351775813436,26.331937446872537,advisor_summarized,0.9620390382182902
7,2021-05-03,21.320205177094778,22.44406996165448,advisor_summarized,0.949925981050682
7,2021-05-04,16.859772784452225,18.216562316502927,advisor_summarized,0.9255189037054733
7,2021-05-05,13.049478837575144,14.659552962082769,advisor_summarized,0.8901689479432208
7,2021-05-06,23.16875978678009,24.06151240214392,advisor_summarized,0.962897069791661
7,2021-05-07,39.69244350080113,39.02862202053994,advisor_summarized,1.0170085810334744
7,2021-05-08,26.83153313365593,27.486355536669414,advisor_summarized,0.9761764559095553
7,2021-05-09,18.945340822689587,20.40031195784152,advisor_summarized,0.9286789761765056
7,2021-05-10,14.611499350197452,16.071901132739082,advisor_summarized,0.9091332275827197
7,2021-05-11,13.0490632023297,14.64470092845275,advisor_summarized,0.8910433382068641
7,2021-05-12,13.982115747963135,15.440092942919442,advisor_summarized,0.9055719936177645
7,2021-05-13,12.552000183595021,14.014863533766984,advisor_summarized,0.8956205783490232
7,2021-05-14,10.539200851304193,12.143288243905095,advisor_summarized,0.8679033750676206
7,2021-05-15,7.876411012521781,9.452678487269432,advisor_summarized,0.8332464732752184
7,2021-05-16,6.012700100331105,7.567014643732988,advisor_summarized,0.7945934273182399
7,2021-05-17,4.860311409634955,6.364484919511856,advisor_summarized,0.7636613914716812
7,2021-05-18,4.30008857533008,5.713589213637246,advisor_summarized,0.7526072341824277
7,2021-05-19,3.618189169575422,4.961470632496066,advisor_summarized,0.729257399182699
7,2021-05-20,3.235294463938158,4.532551697324833,advisor_summarized,0.713790968087064
7,2021-05-21,2.6075565419166806,3.837243145397835,advisor_summarized,0.6795390448593365
7,2021-05-22,2.2125841928625336,3.369778538024695,advisor_summarized,0.656596321656055
7,2021-05-23,1.5314346395916019,2.601375355141228,advisor_summarized,0.5887019097666745
7,2021-05-24,0.9959131393425107,1.8135844443003704,advisor_summarized,0.5491407596003647
7,2021-05-25,0.44993072335295203,1.0387290926718094,advisor_summarized,0.43315502235105824
7,2021-05-26,0.15899262338479853,0.5410064338595398,advisor_summarized,0.2938830546811526
7,2021-05-27,0.03482117327411595,0.2331649114058726,advisor_summarized,0.14934139559919618
7,2021-05-28,7.18589138130098e-4,0.03739651524789041,advisor_summarized,0.019215403717880764
7,2021-06-15,2.5208327273220927e-4,0.01093593822618731,advisor_summarized,0.023050904962920154
7,2021-06-20,0.0030165224186465417,0.05188446560283643,advisor_summarized,0.05813922112520773
7,2021-06-21,3.193218474108815,4.274906340154091,advisor_summarized,0.7469680549758463
7,2021-06-22,101.46161159353282,90.52518893441146,advisor_summarized,1.1208108239027832
7,2021-06-23,187.59103216169134,165.75067770987147,advisor_summarized,1.1317663055957397
7,2021-06-24,152.3704290055822,137.04337158932006,advisor_summarized,1.1118409248000185
7,2021-06-25,153.3063684453716,138.07352747189654,advisor_summarized,1.1103241240546675
7,2021-06-26,189.1291561971169,167.8320656168457,advisor_summarized,1.1268952419908342
7,2021-06-27,234.65298451097937,205.9154831538775,advisor_summarized,1.139559691757743
7,2021-06-28,178.06786129903566,158.27074644201045,advisor_summarized,1.1250838534730658
7,2021-06-29,153.51406016387176,137.42692326388843,advisor_summarized,1.1170595725925747
7,2021-06-30,157.9389982888159,142.1163154096412,advisor_summarized,1.111336146265591
7,2021-07-01,285.00844241374443,248.76555789675095,advisor_summarized,1.1456909261210346
7,2021-07-02,205.16019721670665,182.19767265100324,advisor_summarized,1.1260308336083291
7,2021-07-03,206.97744940873233,182.3277901949939,advisor_summarized,1.1351941971510562
7,2021-07-04,166.02603887754574,147.65725502130024,advisor_summarized,1.1244014989551019
7,2021-07-05,138.607271742675,124.66853149681616,advisor_summarized,1.1118064043789175
7,2021-07-06,135.80616402556754,122.34206574809672,advisor_summarized,1.110052893051467
7,2021-07-07,616.8314243427149,519.2385333459753,advisor_summarized,1.1879538684616695
7,2021-07-08,802.7850822615558,670.4490907831769,advisor_summarized,1.1973841016381903
7,2021-07-09,602.9886131172465,508.758000581473,advisor_summarized,1.1852169645058648
7,2021-07-10,516.9596293744988,440.5228972465018,advisor_summarized,1.1735136416421632
7,2021-07-11,484.2964584199404,412.8086823098808,advisor_summarized,1.1731741098807515
7,2021-07-12,461.2793069895744,393.4830150453029,advisor_summarized,1.1722978866990381
7,2021-07-13,333.3389720130567,287.0921844597155,advisor_summarized,1.1610868914469894
7,2021-07-14,231.32641622732777,203.48382653050044,advisor_summarized,1.1368294973195523
7,2021-07-15,157.98264437252413,142.0330356060255,advisor_summarized,1.1122950635987252
7,2021-07-16,115.52400189176149,105.30415302855047,advisor_summarized,1.097050767413135
7,2021-07-17,90.37848537963339,83.84124176556277,advisor_summarized,1.0779716936009855
7,2021-07-18,75.55020023207787,70.82560993843602,advisor_summarized,1.0667073717790587
7,2021-07-19,64.661866847857425,61.62138988852136,advisor_summarized,1.0493412590147118
7,2021-07-20,60.58415340970076,58.02499035724457,advisor_summarized,1.0441044976776404
7,2021-07-21,53.214333139779654,51.04273578299492,advisor_summarized,1.0425446897285668
7,2021-07-22,45.6175787767977,44.64745767768891,advisor_summarized,1.0217284734578196
7,2021-07-23,43.54327048651389,42.96969096335217,advisor_summarized,1.0133484674965643
7,2021-07-24,42.07931733457802,41.49207045857051,advisor_summarized,1.01415323143717
7,2021-07-25,32.21309079163305,32.68058721331006,advisor_summarized,0.9856949809798212
7,2021-07-26,26.874045396977934,27.543934062826157,advisor_summarized,0.9756792670095621
7,2021-07-27,31.7443792459314,32.05309577103002,advisor_summarized,0.9903685894397244
7,2021-07-28,67.83933240722912,64.23410206866005,advisor_summarized,1.05612642229692
7,2021-07-29,105.5613630106857,96.78473964435148,advisor_summarized,1.0906818926060564
7,2021-07-30,78.99674910833872,74.11450190745539,advisor_summarized,1.0658743845702376
7,2021-07-31,59.50663562696009,56.940698676000665,advisor_summarized,1.0450633204478208
7,2021-08-01,43.91695952715197,43.157719587151,advisor_summarized,1.0175922163465516
7,2021-08-02,34.511763172938956,34.61621480559706,advisor_summarized,0.9969825807574658
7,2021-08-03,59.505796642231424,57.09957335083693,advisor_summarized,1.0421408278589042
7,2021-08-04,56.4528066502613,54.242720250705474,advisor_summarized,1.040744387253091
7,2021-08-05,70.94688907227672,67.01511346284198,advisor_summarized,1.0586699836241387
7,2021-08-06,90.72300071269218,83.91044646170504,advisor_summarized,1.0811883923665722
7,2021-08-07,100.58025922383902,92.44365685095016,advisor_summarized,1.0880168813097448
7,2021-08-08,165.3690092172192,147.70561663301132,advisor_summarized,1.1195851111613058
7,2021-08-09,117.16517701451734,106.3176025860919,advisor_summarized,1.1020299006426664
7,2021-08-10,160.66965106841502,143.70156086467296,advisor_summarized,1.1180786770974693
7,2021-08-11,132.14527442879017,119.71130763289987,advisor_summarized,1.1038662682895388
7,2021-08-12,93.26164941868352,86.39297131374629,advisor_summarized,1.0795050569564602
7,2021-08-13,71.5599794729383,67.45670375770636,advisor_summarized,1.0608282866884549
7,2021-08-14,58.58150536416073,56.30309419788092,advisor_summarized,1.0404668908296975
7,2021-08-15,50.79144991907172,49.436150082945765,advisor_summarized,1.0274151574071198
7,2021-08-16,42.99036031593999,42.50548209674023,advisor_summarized,1.011407427825338
7,2021-08-17,41.37199594128392,40.697664194632274,advisor_summarized,1.016569298508797
7,2021-08-18,40.265170197179614,39.59519960469152,advisor_summarized,1.0169205004439152
7,2021-08-19,37.55635750692603,37.46782047501433,advisor_summarized,1.002363015269883
7,2021-08-20,51.09782182560473,49.8453967261508,advisor_summarized,1.0251261938255747
7,2021-08-21,38.25122352160264,38.01332933594724,advisor_summarized,1.0062581781130766
7,2021-08-22,31.860444705924934,32.25006681877566,advisor_summarized,0.9879187192063773
7,2021-08-23,43.37965721243684,42.61963309567283,advisor_summarized,1.017832723126872
7,2021-08-24,38.182422520658626,37.88132981864487,advisor_summarized,1.0079483139439724
7,2021-08-25,41.533921513867604,40.853783565014574,advisor_summarized,1.016648101828088
7,2021-08-26,35.95851046794316,35.88390248064992,advisor_summarized,1.002079149204395
7,2021-08-27,32.94905023296816,33.10952612144579,advisor_summarized,0.9951531807526027
7,2021-08-28,29.58919953376515,30.217104618915513,advisor_summarized,0.9792202101071821
7,2021-08-29,24.983448680183155,25.93461377448271,advisor_summarized,0.9633244935679198
7,2021-08-30,20.505259435705753,21.91708557639961,advisor_summarized,0.9355833084753697
7,2021-08-31,17.467502829278768,19.057338094730444,advisor_summarized,0.9165762155475805
7,2021-09-01,46.98872850276562,45.36020164741478,advisor_summarized,1.035902107931737
7,2021-09-02,70.24458556122913,66.18412457181384,advisor_summarized,1.0613509813068456
7,2021-09-03,67.13829827209337,63.28367730056976,advisor_summarized,1.0609101925796103
7,2021-09-04,47.27959257894201,46.11715534772559,advisor_summarized,1.0252061781012203
7,2021-09-05,35.3431792784825,35.61960280662849,advisor_summarized,0.9922395673627626
7,2021-09-06,27.626547524381852,28.314042730029936,advisor_summarized,0.975718931690425
7,2021-09-07,22.985009651908687,24.055931174875106,advisor_summarized,0.9554820175040687
7,2021-09-08,19.74340005040631,21.08615846637461,advisor_summarized,0.9363203867546784
7,2021-09-09,22.53430858522288,23.55254411702069,advisor_summarized,0.9567674928560281
7,2021-09-10,24.668665181119273,25.210101727920705,advisor_summarized,0.978523032051006
7,2021-09-11,34.48509239269076,34.33722421632857,advisor_summarized,1.0043063520635973
7,2021-09-12,27.526449785069214,28.27325249019854,advisor_summarized,0.9735862470938489
7,2021-09-13,20.51452461005165,21.85726563844901,advisor_summarized,0.938567749021847
7,2021-09-14,34.66939292372162,34.34807167931137,advisor_summarized,1.0093548554169283
7,2021-09-15,71.44530999959353,67.42209928696307,advisor_summarized,1.0596719881934675
7,2021-09-16,91.46227187197316,84.44799894426592,advisor_summarized,1.0830602621186622
7,2021-09-17,96.39084439740381,88.76980008185649,advisor_summarized,1.0858517683775315
7,2021-09-18,70.90912490791976,66.99690966837605,advisor_summarized,1.0583939656158552
7,2021-09-19,151.48181429532156,136.3693863320881,advisor_summarized,1.1108197988544988
7,2021-09-20,192.4185447234381,169.85568470418187,advisor_summarized,1.1328354718215723
7,2021-09-21,256.90094828803973,223.9420937873972,advisor_summarized,1.1471757897018349
7,2021-09-22,155.48248298041113,140.09383469701757,advisor_summarized,1.1098452927402178
7,2021-09-23,104.53090433906063,95.42101688696232,advisor_summarized,1.0954704503190327
7,2021-09-24,74.89093122152318,70.15752970483335,advisor_summarized,1.0674681896099276
7,2021-09-25,60.01904636146991,57.23806443632495,advisor_summarized,1.0485862328248134
7,2021-09-26,49.48377755038557,47.926861967241386,advisor_summarized,1.0324852393676087
7,2021-09-27,41.75567715765235,41.245131751364305,advisor_summarized,1.0123783192005722
7,2021-09-28,35.05635582897479,35.27891423247123,advisor_summarized,0.9936914610798425
7,2021-09-29,30.024362916496948,30.48881685156134,advisor_summarized,0.984766416574128
7,2021-09-30,25.459118076014125,26.21968645719139,advisor_summarized,0.9709924684866451
7,2021-10-01,21.372139982899736,22.511976537161456,advisor_summarized,0.9493675487632042
7,2021-10-02,18.05744285555153,19.49881885275129,advisor_summarized,0.9260788046658334
7,2021-10-03,15.617743817400845,17.249117551268146,advisor_summarized,0.9054227713957829
7,2021-10-04,14.20546299679335,15.752415380522642,advisor_summarized,0.901795861373612
7,2021-10-05,12.864401918366362,14.387398339169922,advisor_summarized,0.8941437232152544
7,2021-10-06,12.437373306263643,13.959974874091252,advisor_summarized,0.8909309234751237
7,2021-10-07,12.126493605653213,13.718279568555928,advisor_summarized,0.8839660647716135
7,2021-10-08,11.17252661384173,12.825655295111863,advisor_summarized,0.8711076632552119
7,2021-10-09,10.5466254048044,12.209411981963775,advisor_summarized,0.8638110844637147
7,2021-10-10,9.506268506779653,11.159013560376833,advisor_summarized,0.8518914736813558
7,2021-10-11,9.803034972068781,11.404633597607017,advisor_summarized,0.8595659727398615
7,2021-10-12,9.010443070996399,10.570692088736417,advisor_summarized,0.8523985937115187
7,2021-10-13,8.333553643501217,9.953758366799324,advisor_summarized,0.8372268379849077
7,2021-10-14,8.03031667075782,9.65853604186402,advisor_summarized,0.83142172229323
7,2021-10-15,7.680820653421359,9.298414423226296,advisor_summarized,0.8260355264695035
7,2021-10-16,6.7445738532320565,8.340165142331587,advisor_summarized,0.8086858878847734
7,2021-10-17,5.668032258629728,7.0651598188941165,advisor_summarized,0.8022511031487075
7,2021-10-18,4.4629538717732276,5.922604181530185,advisor_summarized,0.7535458617496472
7,2021-10-19,3.2746490737295066,4.547746588635955,advisor_summarized,0.7200597064735967
7,2021-10-20,2.5012982745266963,3.70817959221603,advisor_summarized,0.6745353649476038
7,2021-10-21,1.8283195919805741,2.9583064972516127,advisor_summarized,0.6180291304092925
7,2021-10-22,1.6186537482093983,2.687894079038848,advisor_summarized,0.6022014635294727
7,2021-10-23,1.3484584310204355,2.309583546078642,advisor_summarized,0.5838534974454309
7,2021-10-24,0.6899002904070665,1.4119327776072288,advisor_summarized,0.4886212016242198
7,2021-10-25,0.2956335471125394,0.8214111567461807,advisor_summarized,0.3599093397801162
7,2021-10-26,0.15156059660828294,0.520671668453088,advisor_summarized,0.29108669780049384
7,2021-10-27,0.03740743639527906,0.2414893734193999,advisor_summarized,0.15490303306354083
7,2021-10-28,2.592459701904921,3.564823530216224,advisor_summarized,0.7272336708761782
7,2021-10-29,5.2241243455595745,6.64367797837279,advisor_summarized,0.78633015666408
7,2021-10-30,6.315234079298869,7.728500123815494,advisor_summarized,0.8171357932489871
7,2021-10-31,5.841321600731563,7.228241825595219,advisor_summarized,0.8081248167496874
7,2021-11-01,4.995283090801516,6.412828602318682,advisor_summarized,0.7789515985185343
7,2021-11-02,4.295393338232427,5.753750614588242,advisor_summarized,0.746537976001558
7,2021-11-03,3.602730228472054,4.974267060422831,advisor_summarized,0.7242735833660303
7,2021-11-04,3.3879103054070963,4.760597087220782,advisor_summarized,0.7116565933507607
7,2021-11-05,3.941948542872081,5.424587014277107,advisor_summarized,0.7266817791837733
7,2021-11-06,160.2777893550864,142.28299121542284,advisor_summarized,1.1264718852615254
7,2021-11-07,164.4869867325975,146.4544468097405,advisor_summarized,1.1231272953171791
7,2021-11-08,113.78450107391538,103.41431600297152,advisor_summarized,1.1002780414913336
7,2021-11-09,86.17935780150086,80.15178024835001,advisor_summarized,1.0752020421065436
7,2021-11-10,70.11304231167534,66.48843391163483,advisor_summarized,1.0545148710354304
7,2021-11-11,57.82516791732847,55.61689321774469,advisor_summarized,1.039705107060515
7,2021-11-12,47.8810806846801,46.63298273920368,advisor_summarized,1.0267642743861451
7,2021-11-13,40.48913081409062,40.024190029786254,advisor_summarized,1.0116164945238955
7,2021-11-14,35.299849512210905,35.18546798832802,advisor_summarized,1.0032508171817076
7,2021-11-15,28.32904289820372,28.870785736769307,advisor_summarized,0.9812356046175899
7,2021-11-16,21.346265873815728,22.49748884677087,advisor_summarized,0.9488288234835427
7,2021-11-17,15.820579137706298,18.207301924451237,advisor_summarized,0.8689139776641083
7,2021-11-18,14.641366157962162,16.338189420005822,advisor_summarized,0.8961437391608442
7,2021-11-19,13.180118527133317,14.64009456605484,advisor_summarized,0.9002755048927972
7,2021-11-20,11.217819243975836,12.820317806926036,advisor_summarized,0.8750032107562522
7,2021-11-21,9.400563923649791,11.3213254986202,advisor_summarized,0.8303412815748029
7,2021-11-22,8.568036066386757,10.35617695764992,advisor_summarized,0.8273358114123093
7,2021-11-23,7.531723271113635,8.712266715936316,advisor_summarized,0.8644964068118745
7,2021-11-24,5.935315147527557,7.378901146737554,advisor_summarized,0.8043630114426656
7,2021-11-25,5.567471191440547,7.325878765885231,advisor_summarized,0.7599731539875947
7,2021-11-26,5.495471991999248,7.046347526965756,advisor_summarized,0.779903626803611
7,2021-11-27,5.192303670790568,6.636734046879645,advisor_summarized,0.7823582554482206
7,2021-11-28,4.73938921074384,6.3305479121950405,advisor_summarized,0.7486538726946488
7,2021-11-29,4.639547154096206,5.975065635675975,advisor_summarized,0.7764847178237436
7,2021-11-30,4.045611107987328,5.385696422551249,advisor_summarized,0.7511769677636022
7,2021-12-01,3.7905765526025976,5.231653039081352,advisor_summarized,0.7245466249933503
7,2021-12-02,3.85046646499314,5.238681740858612,advisor_summarized,0.7350067546500838
7,2021-12-03,3.8671187016340665,5.293129193794501,advisor_summarized,0.7305921620367316
7,2021-12-04,3.9417783470288574,5.301917996106244,advisor_summarized,0.7434627147993839
7,2021-12-05,3.802068927556968,5.184748815318389,advisor_summarized,0.7333178641795953
7,2021-12-06,3.5914244917021247,5.02712896646024,advisor_summarized,0.7144086646002559
7,2021-12-07,3.7456268159239503,5.136761050353707,advisor_summarized,0.7291806605771616
7,2021-12-08,6.056417547515862,7.415562348186461,advisor_summarized,0.8167172310265869
7,2021-12-09,19.824586652833027,20.816311456691096,advisor_summarized,0.9523582837467925
7,2021-12-10,20.116293502351674,21.31214943370088,advisor_summarized,0.9438885347970486
7,2021-12-11,16.965781012895878,18.47094826556876,advisor_summarized,0.9185116415772422
7,2021-12-12,16.97688161742667,17.94555401232525,advisor_summarized,0.9460215943050139
7,2021-12-13,17.329200858217177,18.594595236200952,advisor_summarized,0.9319482698112064
7,2021-12-14,15.500264475097246,16.965557310016045,advisor_summarized,0.9136313173718303
7,2021-12-15,13.311906545389967,15.080712610327874,advisor_summarized,0.882710710651262
7,2021-12-16,12.202126909692389,13.960479499577724,advisor_summarized,0.8740478369716081
7,2021-12-17,11.458125254481294,13.028017613549766,advisor_summarized,0.879498753714018
7,2021-12-18,11.386027613972429,13.189238410670802,advisor_summarized,0.8632816588378993
7,2021-12-19,23.452526694590077,24.51857222719846,advisor_summarized,0.9565208967826512
7,2021-12-20,21.998707481338002,23.03544940461367,advisor_summarized,0.9549936315517238
7,2021-12-21,123.51031046466197,111.58026958951564,advisor_summarized,1.1069189106553952
7,2021-12-22,198.7869367523662,173.84275188347274,advisor_summarized,1.1434870571170754
7,2021-12-23,134.1073144778935,120.28432156722216,advisor_summarized,1.1149193239032922
7,2021-12-24,100.27500665119817,92.77668430323916,advisor_summarized,1.080821193431001
7,2021-12-25,78.64957349286523,74.06539022910657,advisor_summarized,1.0618937299807427
7,2021-12-26,65.61617547946982,62.224703183533336,advisor_summarized,1.0545036315550314
7,2021-12-27,56.047711846331644,54.18010003267684,advisor_summarized,1.0344704386394343
7,2021-12-28,47.775316567640054,46.58136930274515,advisor_summarized,1.0256314333985141
7,2021-12-29,38.6893590318006,38.48379335929628,advisor_summarized,1.0053416166796525
7,2021-12-30,31.873824551306683,32.21183163483946,advisor_summarized,0.9895067412693416
7,2021-12-31,26.82698562880033,27.5085800121433,advisor_summarized,0.9752224802937087
7,2022-01-01,22.64526413487153,23.94238361562593,advisor_summarized,0.9458232938884231
7,2022-01-02,19.276322323159302,20.85966014810574,advisor_summarized,0.9240957036833498
7,2022-01-03,18.151987896658337,18.68620539559542,advisor_summarized,0.9714111298882007
7,2022-01-04,15.460065769610782,17.216224282180114,advisor_summarized,0.8979939803417253
7,2022-01-05,13.941028478529459,15.78976701335342,advisor_summarized,0.8829154012683986
7,2022-01-06,13.247482105378468,14.899900221324724,advisor_summarized,0.8890987126490071
7,2022-01-07,12.479105621758638,13.452759628611206,advisor_summarized,0.9276242173552399
7,2022-01-08,10.378990684025874,11.867582976135006,advisor_summarized,0.8745665149253558
7,2022-01-09,8.979983819742367,10.928780697067095,advisor_summarized,0.8216821316720431
7,2022-01-10,8.881221305684075,10.3040247762042,advisor_summarized,0.8619176970725164
7,2022-01-11,8.370978321880452,9.914310247273969,advisor_summarized,0.8443328999293854
7,2022-01-12,7.156590559211804,9.11976952762223,advisor_summarized,0.7847337081859042
7,2022-01-13,6.624695084882021,8.550364190218657,advisor_summarized,0.7747851363407959
7,2022-01-14,6.458607292515881,7.919732172393732,advisor_summarized,0.8155082964836894
7,2022-01-15,5.848643639797748,7.497759083462164,advisor_summarized,0.7800522228965884
7,2022-01-16,9.42872562328009,10.94902956161769,advisor_summarized,0.8611471519204685
7,2022-01-17,15.57212476491673,16.494104994767213,advisor_summarized,0.94410243962052
7,2022-01-18,13.275270150712261,14.53617445589535,advisor_summarized,0.9132574867611256
7,2022-01-19,11.059155245216207,12.793266555348405,advisor_summarized,0.8644512484258973
7,2022-01-20,9.466480530327555,11.317855941461628,advisor_summarized,0.8364199526209043
7,2022-01-21,8.94990275360785,10.3227795957388,advisor_summarized,0.8670051191737478
7,2022-01-22,8.540082804759455,10.125834850926564,advisor_summarized,0.8433954266968906
7,2022-01-23,8.132281715723035,9.971448427437942,advisor_summarized,0.8155567142428213
7,2022-01-24,7.66055731542508,9.247448130324717,advisor_summarized,0.8283968947394448
7,2022-01-25,6.942226642489019,8.40865365657257,advisor_summarized,0.8256050166916641
7,2022-01-26,6.741216368204821,8.116358947395005,advisor_summarized,0.8305714929436993
7,2022-01-27,4.469649646550581,7.953753509815844,advisor_summarized,0.561954760231697
7,2022-01-28,9.145094223454825,6.84800603996331,advisor_summarized,1.3354389832728335
7,2022-01-29,5.875224344386738,3.5490359545602956,advisor_summarized,1.6554423284546982
7,2022-01-30,5.266463374459787,3.493122505535977,advisor_summarized,1.5076663833327861
7,2022-01-31,4.933276654120223,3.359913599447383,advisor_summarized,1.4682748553211655
7,2022-02-01,4.652473049907269,3.1518282946673204,advisor_summarized,1.4761188157930234
7,2022-02-02,4.385668780750194,3.0559457012284224,advisor_summarized,1.4351265400387359
7,2022-02-03,4.172120770422421,2.88814362167782,advisor_summarized,1.4445683168618517
7,2022-02-04,5.747737002723669,2.6147904613797976,advisor_summarized,2.1981635192636615
7,2022-02-05,6.202137260077818,3.25230390828184,advisor_summarized,1.9069980650591618
7,2022-02-06,6.618018569512705,3.6122345976680994,advisor_summarized,1.8321120598825469
7,2022-02-07,11.510986148789614,3.738633584029427,advisor_summarized,3.0789286754288705
7,2022-02-08,19.34675092064088,6.923871203906791,advisor_summarized,2.794210110338922
7,2022-02-09,16.25754470112871,11.793780797873708,advisor_summarized,1.3784845572218682
7,2022-02-10,13.328197711191766,9.999512785005212,advisor_summarized,1.3328847112609417
7,2022-02-11,11.56912973765398,8.23836335770712,advisor_summarized,1.4042995235007296
7,2022-02-12,10.913975873333383,7.1044840810736885,advisor_summarized,1.5362094909056327
7,2022-02-13,9.6555629506968,6.382548117328994,advisor_summarized,1.5128069186789797
7,2022-02-14,8.31236934880608,5.202953247882853,advisor_summarized,1.5976252241337143
7,2022-02-15,6.99257638504618,4.765015672409568,advisor_summarized,1.4674823475470715
7,2022-02-16,6.212870497675401,4.357825328551647,advisor_summarized,1.4256813959407342
7,2022-02-17,6.168596191756319,4.099751147033152,advisor_summarized,1.5046269811328228
7,2022-02-18,6.458834348180539,3.689977423997055,advisor_summarized,1.7503723210274291
7,2022-02-19,5.872297298959739,3.549805384396317,advisor_summarized,1.6542589418485507
7,2022-02-20,5.014240152076236,3.507906085853309,advisor_summarized,1.4294111727499417
7,2022-02-21,4.303939543942234,3.119338239037224,advisor_summarized,1.3797604537014345
7,2022-02-22,3.9454987872484253,2.729405565273922,advisor_summarized,1.445552407984651
7,2022-02-23,3.789782643431789,2.4773158448110872,advisor_summarized,1.52979389017745
7,2022-02-24,3.7202202047242063,2.2805847859894666,advisor_summarized,1.6312571352659146
7,2022-02-25,3.3261366397094356,2.1534126698233895,advisor_summarized,1.5445885901573275
7,2022-02-26,2.949339524102964,1.9206449199764652,advisor_summarized,1.5355985343397591
7,2022-02-27,3.0952305621165666,1.7765234808968555,advisor_summarized,1.7422964545078674
7,2022-02-28,3.379836272248549,1.637129476099128,advisor_summarized,2.064489291526201
7,2022-03-01,2.927436848732034,1.8004419545308217,advisor_summarized,1.6259545837426883
7,2022-03-02,2.7121795050391886,1.6011013735993995,advisor_summarized,1.6939461484203213
7,2022-03-03,2.4507296810946775,1.4865045518567184,advisor_summarized,1.6486526583679773
7,2022-03-04,2.0623898912882956,1.3630801336482197,advisor_summarized,1.5130364241817584
7,2022-03-05,1.7211550585998436,1.2492014986782214,advisor_summarized,1.377804189653147
7,2022-03-06,1.5336293975712798,1.055254353790926,advisor_summarized,1.453326766254814
7,2022-03-07,1.3606322391392918,0.911619995257852,advisor_summarized,1.4925432156130325
7,2022-03-08,1.7217699302661373,0.8354082263193398,advisor_summarized,2.060992310133155
7,2022-03-09,9.529527820963498,0.9609736197793772,advisor_summarized,9.916534257362144
7,2022-03-10,122.91362055907369,5.885484245768069,advisor_summarized,20.88419838137434
7,2022-03-11,427.88904200509165,87.08928986279109,advisor_summarized,4.913222311023888
7,2022-03-12,357.3187321569921,296.13115183123847,advisor_summarized,1.2066232476636694
7,2022-03-13,234.7806043795792,250.5396174376831,advisor_summarized,0.9370997161276353
7,2022-03-14,184.64612756683655,166.38891276142846,advisor_summarized,1.1097261500325184
7,2022-03-15,232.07897320990173,131.31325799175843,advisor_summarized,1.7673689371446988
7,2022-03-16,180.42859639495194,164.12689563887523,advisor_summarized,1.0993237622183811
7,2022-03-17,134.77689854321017,124.85029833884296,advisor_summarized,1.0795080214980861
7,2022-03-18,105.0689140289798,93.8194883059436,advisor_summarized,1.119904999762438
7,2022-03-19,127.94635019220205,72.47508891179172,advisor_summarized,1.7653838320629525
7,2022-03-20,101.65165685272623,87.54439418115483,advisor_summarized,1.1611441006991192
7,2022-03-21,78.68272217922308,70.03423603023042,advisor_summarized,1.1234894051712012
7,2022-03-22,65.9544104251009,55.31670611663955,advisor_summarized,1.192305454450432
7,2022-03-23,288.6152667428778,45.83859814680351,advisor_summarized,6.296337113507559
7,2022-03-24,488.3517169370114,202.02570301119127,advisor_summarized,2.417275176663828
7,2022-03-25,361.8631627477185,350.1407668573858,advisor_summarized,1.0334790946953836
7,2022-03-26,265.9400415330786,259.68130615491543,advisor_summarized,1.0241016015778566
7,2022-03-27,196.89165139138717,188.44810183600143,advisor_summarized,1.0448057023293014
7,2022-03-28,146.55397493774745,139.8132370073798,advisor_summarized,1.0482124445056076
7,2022-03-29,105.30725855971576,116.30821739732004,advisor_summarized,0.9054154634661458
7,2022-03-30,83.35951518889055,56.360400196899384,advisor_summarized,1.4790440610369637
7,2022-03-31,82.49943100189516,35.08470833877299,advisor_summarized,2.3514355657539547
7,2022-04-01,73.1283240361823,80.68215676221509,advisor_summarized,0.9063754238958275
7,2022-04-02,90.67801676299555,58.93124734599701,advisor_summarized,1.5387085942811796
7,2022-04-03,69.35620010786779,55.058620438512285,advisor_summarized,1.2596792210826022
7,2022-04-04,52.6545064146499,51.985977789901945,advisor_summarized,1.012859787449796
7,2022-04-05,42.89786513593602,29.21990098191972,advisor_summarized,1.4681043978376163
7,2022-04-06,35.86526744948727,27.14360983916322,advisor_summarized,1.3213153173805317
7,2022-04-07,28.18013685926287,18.70767780152993,advisor_summarized,1.5063407205440686
7,2022-04-08,21.829208187575293,38.93230250138616,advisor_summarized,0.5606965626242649
7,2022-04-09,16.647199297853767,26.82686619747253,advisor_summarized,0.6205420780539088
7,2022-04-10,12.980010873836845,24.75004046074859,advisor_summarized,0.5244440264419774
7,2022-04-11,10.130366670930478,12.683575087590308,advisor_summarized,0.7986996253794479
7,2022-04-12,8.228092631313878,8.912605984902523,advisor_summarized,0.9231971709791531
7,2022-04-13,6.214099927730025,4.707797208687787,advisor_summarized,1.3199591342342658
7,2022-04-14,5.15339386953481,4.727004547980187,advisor_summarized,1.0902028583274401
7,2022-04-15,5.636330121017559,5.911348131515942,advisor_summarized,0.9534762622028393
7,2022-04-16,4.851855632098707,5.19360125070152,advisor_summarized,0.9341987183639383
7,2022-04-17,4.210413444270365,4.614380522075308,advisor_summarized,0.912454754029852
7,2022-04-18,2.985467929883953,4.269113980392574,advisor_summarized,0.6993179248892808
7,2022-04-19,2.987557634914269,3.619659249378126,advisor_summarized,0.8253698564105295
7,2022-04-20,6.8312200711477145,3.0240500945682833,advisor_summarized,2.2589639250413764
7,2022-04-21,11.066717615271681,2.615893459027347,advisor_summarized,4.230568938914874
7,2022-04-22,10.338796708907026,2.384582474844642,advisor_summarized,4.335684262537663
7,2022-04-23,1.2502889402597634,2.210959268654504,advisor_summarized,0.5654961436809446
7,2022-04-24,1.124884495609392,1.925286632612048,advisor_summarized,0.5842685845085074
7,2022-04-25,1.6586500053065232,1.5966415545833652,advisor_summarized,1.0388368012501958
7,2022-04-26,1.7933968031967407,1.342203811941502,advisor_summarized,1.3361583294884154
7,2022-04-27,0.6684614009966726,1.1049359042145412,advisor_summarized,0.6049775362054666
7,2022-04-28,0.8950379261693132,0.8402547523234243,advisor_summarized,1.0651982909878293
7,2022-04-29,1.8731933341088276,0.45675910506753886,advisor_summarized,4.101053078803645
7,2022-04-30,2.880057638098895,0.17415732712655405,advisor_summarized,16.537102892065274
7,2022-05-01,1.467233786396494,0.7242138138106227,advisor_summarized,2.025967688570169
7,2022-05-02,4.984058848392537,5.9515816958337835,advisor_summarized,0.8374343331087044
7,2022-05-03,4.147061352293092,5.554263381079353,advisor_summarized,0.746644706554625
7,2022-05-04,21.794694081145728,22.185464523566345,advisor_summarized,0.9823861951591988
7,2022-05-05,14.180509143494481,12.931011006616831,advisor_summarized,1.0966280313455985
7,2022-05-06,8.555293911311965,10.95030009946536,advisor_summarized,0.781283967891407
7,2022-05-07,61.95945980473005,78.27895242753914,advisor_summarized,0.7915213206523729
7,2022-05-08,41.14291611541894,44.46284133118785,advisor_summarized,0.9253325897227311
7,2022-05-09,52.79728394292157,29.748935536435493,advisor_summarized,1.7747621214297646
7,2022-05-10,33.59836462427026,20.025073943635466,advisor_summarized,1.6778147595778925
7,2022-05-11,20.97516254071743,13.531810805697065,advisor_summarized,1.550063242968681
7,2022-05-12,9.680522533827023,9.938706365117284,advisor_summarized,0.9740223906607776
7,2022-05-13,4.4293404327544295,8.949912595029375,advisor_summarized,0.4949032055591703
7,2022-05-14,2.3738989198571443,7.078898030289956,advisor_summarized,0.3353486530953615
7,2022-05-15,1.8034266196975184,5.6074480058633425,advisor_summarized,0.3216127225454062
7,2022-05-16,1.4421232198878484,4.648202964755726,advisor_summarized,0.31025392626409015
7,2022-05-17,1.3970452798223107,3.9853316029098536,advisor_summarized,0.35054680990717835
7,2022-05-18,1.5628287078559469,3.37068565150479,advisor_summarized,0.4636530574004272
7,2022-05-19,2.862162868149833,2.9540315518582667,advisor_summarized,0.9689005746568135
7,2022-05-20,6.050970249050297,2.753868957947591,advisor_summarized,2.1972615042510872
7,2022-05-21,12.353418002645533,3.5287200818914513,advisor_summarized,3.5008211804728644
7,2022-05-22,13.291129210651478,5.22012013115814,advisor_summarized,2.5461347395663667
7,2022-05-23,6.323886534594265,4.6623510181248244,advisor_summarized,1.3563728921332272
7,2022-05-24,5.654027470025756,3.7989627788207225,advisor_summarized,1.4883082038989823
7,2022-05-25,10.809534916482644,2.9596759890351634,advisor_summarized,3.6522696932127654
7,2022-05-26,14.701754538010032,2.69896242288646,advisor_summarized,5.447187561169134
7,2022-05-27,12.21948990196112,2.798280406044105,advisor_summarized,4.366785357024196
7,2022-05-28,6.841367168475869,2.8432694976878636,advisor_summarized,2.406162051834778
7,2022-05-29,4.295575661407686,2.758011954716254,advisor_summarized,1.5574898629653033
7,2022-05-30,4.136405949099464,2.6118561872653165,advisor_summarized,1.5837035627257838
7,2022-05-31,4.5014335108759225,2.2706169787540076,advisor_summarized,1.9824715277809941
7,2022-06-01,2.7716085788648317,1.9527892810020424,advisor_summarized,1.4193075544959082
7,2022-06-02,1.40063850388046,1.4743330039677645,advisor_summarized,0.9500150238182448
7,2022-06-03,0.4150121044808555,1.090968233615549,advisor_summarized,0.3804071389920079
7,2022-06-04,0.019239741799927986,0.6980132183521638,advisor_summarized,0.027563578015539946
7,2022-07-13,0.10052898298742348,0.38148943455872136,advisor_summarized,0.2635170829926337
7,2022-07-14,0.061953823071036834,0.3163333740862376,advisor_summarized,0.19584978426635194
7,2022-07-15,0.029497927818725213,0.230794433514561,advisor_summarized,0.1278103954654702
7,2022-07-16,0.0015722561685982412,0.05214678978143065,advisor_summarized,0.03015058405681797
7,2022-07-20,0.08846991721322191,0.349946096964771,advisor_summarized,0.25281012698972366
7,2022-07-21,0.3818547299783931,0.9111119358682664,advisor_summarized,0.4191084705903839
7,2022-07-22,2.4752697560475623,3.368609020192323,advisor_summarized,0.73480470461551
7,2022-07-23,10.898640048121049,12.51403082922822,advisor_summarized,0.8709136326135455
7,2022-07-24,10.002959666145712,11.564458303920157,advisor_summarized,0.8649743380331855
7,2022-07-25,15.378518914321626,16.92179041342792,advisor_summarized,0.9087997510073363
7,2022-07-26,11.550672949542191,13.077552116640078,advisor_summarized,0.8832442682331151
7,2022-07-27,12.497742681240506,14.084469825085888,advisor_summarized,0.8873420750975477
7,2022-07-28,6.599317275441534,8.164038470945453,advisor_summarized,0.808339806203447
7,2022-07-29,4.411779576585344,5.858803082439596,advisor_summarized,0.7530172143536674
7,2022-07-30,3.245492442287706,4.488778152511008,advisor_summarized,0.7230235783588876
7,2022-07-31,2.5649090306277342,3.7709521760847102,advisor_summarized,0.6801754333810773
7,2022-08-01,2.269848650893756,3.473747585252399,advisor_summarized,0.6534293569660247
7,2022-08-02,2.021049699241285,3.1749557483727986,advisor_summarized,0.6365599584426007
7,2022-08-03,1.938775218536209,3.034308103504877,advisor_summarized,0.6389513366479703
7,2022-08-04,1.5132887213084805,2.50705060680234,advisor_summarized,0.603613152922601
7,2022-08-05,1.2923686454034826,2.205819926871754,advisor_summarized,0.5858903665070665
7,2022-08-06,1.7548518741470598,2.7719249100611134,advisor_summarized,0.6330805960066105
7,2022-08-07,1.8718585128348408,2.994294670187362,advisor_summarized,0.6251417175042806
7,2022-08-08,1.522775094816369,2.5159144153047683,advisor_summarized,0.6052571127034565
7,2022-08-09,1.3362956571413598,2.2821376823087993,advisor_summarized,0.5855455906540452
7,2022-08-10,1.0863415977387272,1.953937759462912,advisor_summarized,0.5559755383596943
7,2022-08-11,0.7778547764562577,1.5707445047895952,advisor_summarized,0.4952140682869701
7,2022-08-12,0.5584772156905978,1.2286169328459149,advisor_summarized,0.45455764181677477
7,2022-08-13,0.7713495679211244,1.4492900602633627,advisor_summarized,0.5322258042540884
7,2022-08-14,1.6547795774886562,2.69378761346462,advisor_summarized,0.6142947458876903
7,2022-08-15,1.0066694717103561,1.8580157808055375,advisor_summarized,0.5417981279329702
7,2022-08-16,0.657809119496984,1.3711821633547856,advisor_summarized,0.47973867884013566
7,2022-08-17,0.5480944106094701,1.1873321598708435,advisor_summarized,0.46161843259521507
7,2022-08-18,0.8598331350675793,1.632106292460833,advisor_summarized,0.5268242264853675
7,2022-08-19,13.84034428345417,15.176956852125947,advisor_summarized,0.9119314509690691
7,2022-08-20,25.739024903507506,26.53843508250821,advisor_summarized,0.9698772675737912
7,2022-08-21,25.7868604636596,26.714431333965702,advisor_summarized,0.9652782850321521
7,2022-08-22,12.71040973488627,13.704177438695991,advisor_summarized,0.9274843230646113
7,2022-08-23,0.3451890905216436,0.8857567552859273,advisor_summarized,0.38971093188018036
7,2022-08-24,0.6886643289981512,1.124857266572069,advisor_summarized,0.612223745592907
7,2022-08-25,16.26640454734484,17.68581497536257,advisor_summarized,0.9197430013830261
7,2022-08-26,41.16875084551115,40.386619739680434,advisor_summarized,1.0193660947826801
7,2022-08-27,246.96937828347032,216.62989135551484,advisor_summarized,1.140052172570058
7,2022-08-28,170.9754804115334,151.603237383739,advisor_summarized,1.127782515479925
7,2022-08-29,259.93603922194,227.32624796292384,advisor_summarized,1.1434493005151554
7,2022-08-30,154.7775903816328,139.11918025454153,advisor_summarized,1.112553927491821
7,2022-08-31,94.15982557939529,87.2318030225219,advisor_summarized,1.0794208341089164
7,2022-09-01,68.12925902879333,64.21070955674999,advisor_summarized,1.0610264159840828
7,2022-09-02,92.67722752909862,85.44891197431474,advisor_summarized,1.084592248020158
7,2022-09-03,111.27946664748427,102.05377354575496,advisor_summarized,1.0904003132975093
7,2022-09-04,177.3777146753225,157.28393916326482,advisor_summarized,1.127754782967381
7,2022-09-05,297.90061773356257,258.2454755818256,advisor_summarized,1.1535559996255276
7,2022-09-06,138.43260202078508,125.16569785561002,advisor_summarized,1.1059947285276166
7,2022-09-07,87.27296012896706,81.64672791546231,advisor_summarized,1.068909463454925
7,2022-09-08,66.62825487656892,63.41088907703172,advisor_summarized,1.0507383802114607
7,2022-09-09,95.8308377229935,87.63394158539701,advisor_summarized,1.0935356323053074
7,2022-09-10,262.6024394731372,228.33047172510945,advisor_summarized,1.150098090233389
7,2022-09-11,362.28097006931426,312.6978871926281,advisor_summarized,1.158565455372399
7,2022-09-12,200.10245369943198,177.7477312933282,advisor_summarized,1.125766569527759
7,2022-09-13,147.86614299255663,132.64248144054832,advisor_summarized,1.1147721407702382
7,2022-09-14,104.42002878403076,105.43679107946105,advisor_summarized,0.9903566650215672
7,2022-09-15,72.99392741301926,84.02891521801884,advisor_summarized,0.8686763029563271
7,2022-09-16,55.49622470400512,66.18691126730273,advisor_summarized,0.8384773309616737
7,2022-09-17,47.62038573943425,58.62752511732807,advisor_summarized,0.8122530440119068
7,2022-09-18,57.83057652850078,69.19687513956855,advisor_summarized,0.8357397124054778
7,2022-09-19,59.916138527737,72.17158608204501,advisor_summarized,0.8301901313298566
7,2022-09-20,42.904773522278596,54.55679856825896,advisor_summarized,0.7864239590341452
7,2022-09-21,31.462879022102626,42.11123471757802,advisor_summarized,0.7471374143529785
7,2022-09-22,22.372119141549884,32.5346416488359,advisor_summarized,0.6876399433878616
7,2022-09-23,17.158267952891407,25.288389263020804,advisor_summarized,0.6785037897997692
7,2022-09-24,12.432998113484643,20.019749884780925,advisor_summarized,0.6210366355743658
7,2022-09-25,9.725314417570038,16.554191279868643,advisor_summarized,0.587483511163537
7,2022-09-26,7.081459436022588,13.261971147351607,advisor_summarized,0.5339673384402396
7,2022-09-27,5.28863331680037,10.256364151535076,advisor_summarized,0.5156440663243044
7,2022-09-28,4.685639291727259,9.288296812008056,advisor_summarized,0.5044670068757483
7,2022-09-29,6.537283317157482,12.487750148464931,advisor_summarized,0.5234956849261662
7,2022-09-30,6.369767104656882,12.547555366753311,advisor_summarized,0.5076500496291545
7,2022-10-01,4.913027159506886,10.224304744540447,advisor_summarized,0.4805243273025811
7,2022-10-02,3.7642189607078866,8.385559721265826,advisor_summarized,0.448892988164142
7,2022-10-03,3.137900532610482,7.342743576952185,advisor_summarized,0.4273471488858606
7,2022-10-04,2.696230950149969,6.738702116085335,advisor_summarized,0.40011131278737555
7,2022-10-05,1.9178208114799915,5.55461234625296,advisor_summarized,0.3452663645868498
7,2022-10-06,1.45034130948183,4.700396035075253,advisor_summarized,0.3085572574436507
7,2022-10-07,1.1068573622056526,4.009043283037132,advisor_summarized,0.27609015020838845
7,2022-10-08,0.8919932891581783,3.474114853361496,advisor_summarized,0.2567541163168801
7,2022-10-09,0.7219756895981579,3.110050946791276,advisor_summarized,0.23214272111620549
7,2022-10-10,0.6155104060859206,2.7899602655232667,advisor_summarized,0.22061619073649405
7,2022-10-11,0.5399712396150187,2.5933793659568516,advisor_summarized,0.20821143512715165
7,2022-10-12,0.4720533373742231,2.4701734848304557,advisor_summarized,0.19110128914958507
7,2022-10-13,0.5630086482993463,2.7037439592565353,advisor_summarized,0.2082329750092757
7,2022-10-14,0.5439866988646973,2.493992681847734,advisor_summarized,0.21811880316411827
7,2022-10-15,0.3760151200818016,2.0605395577151455,advisor_summarized,0.18248381530648727
7,2022-10-16,0.1730621465734627,1.4895207291486654,advisor_summarized,0.11618646399931355
7,2022-10-17,0.1591912097326094,1.4799923999992493,advisor_summarized,0.10756218054409614
7,2022-10-18,0.5335618228456773,2.5248505869297464,advisor_summarized,0.21132411779442994
7,2022-10-19,0.6139438853183988,2.8340583806809185,advisor_summarized,0.21663064159281398
7,2022-10-20,0.5707781107494371,2.948112534668821,advisor_summarized,0.1936079793553593
7,2022-10-21,0.4271322975186863,2.4940526595228967,advisor_summarized,0.17126033641983934
7,2022-10-22,0.27970185101587247,2.0241674853680505,advisor_summarized,0.1381811796888017
7,2022-10-23,0.18262315370435972,1.6725481260279027,advisor_summarized,0.10918857930747104
7,2022-10-24,0.10443997413563784,1.252934455046947,advisor_summarized,0.08335629506790482
7,2022-10-25,0.01615068825047801,0.702545468058371,advisor_summarized,0.02298881564934688
7,2022-10-26,0.002383683887274573,0.44453142186107814,advisor_summarized,0.00536223936048216
7,2022-10-27,0.0011030280629917544,0.24467425531817055,advisor_summarized,0.004508149259746981
7,2022-11-10,0.3356426745407537,0.942699709779908,advisor_summarized,0.3560441050937802
7,2022-11-11,1.5514157730920113,4.580181618488668,advisor_summarized,0.3387236363792786
7,2022-11-12,3.0116203630028977,7.2718355595600626,advisor_summarized,0.41414857890228435
7,2022-11-13,3.02118548578604,6.966130271656488,advisor_summarized,0.43369638062591487
7,2022-11-14,2.090804493301906,5.718250531115433,advisor_summarized,0.3656370916113153
7,2022-11-15,2.9728723514256483,4.574910106335248,advisor_summarized,0.6498209325050718
7,2022-11-16,4.375123403949937,2.942854655785421,advisor_summarized,1.4866936752546673
7,2022-11-17,3.363503269967058,2.2828901600265934,advisor_summarized,1.4733530893697824
7,2022-11-18,2.4858018710893837,1.6896546079093762,advisor_summarized,1.4711893539976713
7,2022-11-19,2.0128928902728305,1.3751737959846924,advisor_summarized,1.4637370899228774
7,2022-11-20,2.0533917964622463,1.3957936265415745,advisor_summarized,1.471128508839831
7,2022-11-21,1.9440881151956717,1.3188409558508538,advisor_summarized,1.474088370224625
7,2022-11-22,2.173275891121472,1.5121625425537262,advisor_summarized,1.4371972787073959
7,2022-11-23,2.1495251795905768,1.4721534703349015,advisor_summarized,1.4601230258293514
7,2022-11-24,2.0690858864157105,1.4221874710327838,advisor_summarized,1.454861562599165
7,2022-11-25,2.0839259879517593,1.433306819549035,advisor_summarized,1.4539287468173983
7,2022-11-26,2.119744802411245,1.4706844592364876,advisor_summarized,1.4413321559892731
7,2022-11-27,2.095382217094922,1.4306475700221382,advisor_summarized,1.4646389935590478
7,2022-11-28,1.7693604749529004,1.1700584989762963,advisor_summarized,1.5121983016241867
7,2022-11-29,1.4724183332574576,0.9938766863997764,advisor_summarized,1.4814899608835304
7,2022-11-30,1.9488997761662115,1.29525614141626,advisor_summarized,1.5046443045892406
7,2022-12-01,2.225507877258823,1.4699638541896531,advisor_summarized,1.5139881643454958
7,2022-12-02,1.9775009086669042,1.3533864344105453,advisor_summarized,1.461150236464566
7,2022-12-03,1.839522217091995,1.2814948140447469,advisor_summarized,1.4354503794564424
7,2022-12-04,1.7942919714917998,1.2551568878215786,advisor_summarized,1.429536011713987
7,2022-12-05,1.8658207622126055,1.262739555217392,advisor_summarized,1.4775974622030335
7,2022-12-06,1.7101645076475553,1.132301953642082,advisor_summarized,1.5103431572706925
7,2022-12-07,1.6032434480587199,1.0830989659902064,advisor_summarized,1.480237262153583
7,2022-12-08,1.5246082451806837,1.065198077964516,advisor_summarized,1.431290833808162
7,2022-12-09,1.4202234037103243,0.9765023490571516,advisor_summarized,1.454398348433674
7,2022-12-10,1.2388082790190706,0.8375166762386516,advisor_summarized,1.4791446118812213
7,2022-12-11,1.311858482242862,0.906724202919213,advisor_summarized,1.4468109244457277
7,2022-12-12,1.250010600584402,0.8543540950668937,advisor_summarized,1.4631059976209624
7,2022-12-13,0.9490979738194725,0.6389944921939544,advisor_summarized,1.4852991464148522
7,2022-12-14,0.6645301609019406,0.4686809978959331,advisor_summarized,1.4178730605363572
7,2022-12-15,0.7857503973229117,0.515712202206482,advisor_summarized,1.5236218843786662
7,2022-12-16,1.0348475375377661,0.6787463390403694,advisor_summarized,1.524645479489234
7,2022-12-17,0.7692653284291708,0.5296582415017259,advisor_summarized,1.4523805506133414
7,2022-12-18,0.5477544270285299,0.3491578429579402,advisor_summarized,1.5687874068305343
7,2022-12-19,0.2726272182831496,0.18292915954239344,advisor_summarized,1.4903431413840222
7,2022-12-20,0.2679006329740043,0.1871823567579067,advisor_summarized,1.4312280153652248
7,2022-12-21,0.5832370295165227,0.4203570836653137,advisor_summarized,1.3874799597308396
7,2022-12-22,1.0375135459566849,0.7200241940294033,advisor_summarized,1.4409426163175794
7,2022-12-23,0.9707598611131699,0.6075314552656682,advisor_summarized,1.59787588395512
7,2022-12-24,0.6045730222399404,0.4022947502760037,advisor_summarized,1.5028111150472605
7,2022-12-25,0.4722028865068336,0.3153342764526541,advisor_summarized,1.4974676772181872
7,2022-12-26,0.3566408809823096,0.23867547393947364,advisor_summarized,1.4942502264507964
7,2022-12-27,0.285641642922385,0.1982927045633658,advisor_summarized,1.4405050531302135
7,2022-12-28,0.22789172366411153,0.15241523245985966,advisor_summarized,1.4952030711505786
7,2022-12-29,0.24093228112633014,0.16637983089208844,advisor_summarized,1.4480858637402712
7,2022-12-30,0.25771962800697085,0.18007776759192595,advisor_summarized,1.4311573907945652
7,2022-12-31,0.25560942100362016,0.1765216960603933,advisor_summarized,1.4480340190939962
7,2023-01-01,0.2846473335423663,0.1868851969383059,advisor_summarized,1.523113324145911
7,2023-01-02,0.2653191130859753,0.17682854467586842,advisor_summarized,1.5004314692082803
7,2023-01-03,0.24388245659905464,0.17031291568197263,advisor_summarized,1.4319668923668674
7,2023-01-04,0.5385320791283537,0.3497486065171831,advisor_summarized,1.5397690486635167
7,2023-01-05,1.9080849874530261,1.276674182481074,advisor_summarized,1.4945747424334028
7,2023-01-06,1.6820643957567132,1.127629949084027,advisor_summarized,1.4916812001340094
7,2023-01-07,1.2243619781139627,0.8360805671222867,advisor_summarized,1.4644066926804737
7,2023-01-08,1.2192702728652818,0.8546207451883703,advisor_summarized,1.4266799392946372
7,2023-01-09,1.2390566370618494,0.8379280341327074,advisor_summarized,1.4787148616459977
7,2023-01-10,1.0378894419892577,0.7047606133397881,advisor_summarized,1.4726836635645772
7,2023-01-11,0.8547124900972466,0.5815253913456516,advisor_summarized,1.4697767334276481
7,2023-01-12,0.8341285426552355,0.5909118568509989,advisor_summarized,1.411595541677487
7,2023-01-13,1.7323549996975065,1.1574249249521391,advisor_summarized,1.496732066461366
7,2023-01-14,1.5925903790747244,1.0599647593986257,advisor_summarized,1.50249370552497
7,2023-01-15,1.3146118493594754,0.8960115764646558,advisor_summarized,1.4671817685062374
7,2023-01-16,1.2496625454718981,0.8643335279463188,advisor_summarized,1.4458105639395156
7,2023-01-17,1.2306939369733247,0.8388363307047354,advisor_summarized,1.4671442949298301
7,2023-01-18,1.5071086103831488,1.01550797080284,advisor_summarized,1.4840933342863465
7,2023-01-19,1.5771346622423097,1.0703378979930769,advisor_summarized,1.4734923104185094
7,2023-01-20,1.5211473340889854,1.0438237686348713,advisor_summarized,1.4572836716281765
7,2023-01-21,1.360270559337405,0.9429869562495988,advisor_summarized,1.4425125929073355
7,2023-01-22,1.5947310726349322,1.130847681243207,advisor_summarized,1.4102085533586197
7,2023-01-23,1.98004286677447,1.270551212329187,advisor_summarized,1.5584124807882682
7,2023-01-24,1.8076600565093641,1.2668842750383735,advisor_summarized,1.426854916527092
7,2023-01-25,1.8405264001074069,1.284709995606216,advisor_summarized,1.4326395890139532
7,2023-01-26,2.0728380473257593,1.3522110501430082,advisor_summarized,1.5329249432672054
7,2023-01-27,1.6606133619973307,1.111862322261472,advisor_summarized,1.4935422567604653
7,2023-01-28,1.3933354219783196,0.953764711505078,advisor_summarized,1.4608796123098136
7,2023-01-29,1.612536764483872,1.129533214637771,advisor_summarized,1.4276134102005977
7,2023-01-30,1.772937615228287,1.2128810929722882,advisor_summarized,1.4617571545150592
7,2023-01-31,1.861733091410129,1.265720766771549,advisor_summarized,1.470887687304695
7,2023-02-01,1.9697159634699968,1.3333775809074613,advisor_summarized,1.4772379494557426
7,2023-02-02,1.9144844449018692,1.3404052337211922,advisor_summarized,1.4282878018813279
7,2023-02-03,3.340840197004953,2.185666563771292,advisor_summarized,1.5285223521196427
7,2023-02-04,4.134926513913197,2.793643354509145,advisor_summarized,1.4801196821488052
7,2023-02-05,4.445183199826614,3.165871179412379,advisor_summarized,1.4040947808406057
7,2023-02-06,3.8350976728456705,2.60861366821089,advisor_summarized,1.4701669778016464
7,2023-02-07,3.261255931454807,2.2228312501303056,advisor_summarized,1.4671630746884754
7,2023-02-08,3.1576889368407675,2.214274363954011,advisor_summarized,1.426060378173782
7,2023-02-09,3.063288113443415,2.172262271225993,advisor_summarized,1.4101833623039173
7,2023-02-10,3.2857600503033275,2.256495839364976,advisor_summarized,1.456133883777959
7,2023-02-11,6.139175744855157,4.36167411819992,advisor_summarized,1.4075273801952033
7,2023-02-12,9.253718111615864,6.356212699875976,advisor_summarized,1.4558540672807292
7,2023-02-13,7.173629067598695,4.938750753032598,advisor_summarized,1.452518951921959
7,2023-02-14,5.702824586032258,3.8828829175302304,advisor_summarized,1.468708871000321
7,2023-02-15,5.305499579037568,3.65299583274346,advisor_summarized,1.4523694583722124
7,2023-02-16,5.411126418412972,3.7904671565291,advisor_summarized,1.427561879567345
7,2023-02-17,5.287452787295998,3.569552781060205,advisor_summarized,1.4812647722568635
7,2023-02-18,4.988400252248989,3.386307206251779,advisor_summarized,1.4731091860299728
7,2023-02-19,4.431081649375311,3.131598347541514,advisor_summarized,1.4149584836937872
7,2023-02-20,4.11783272796133,2.9041683636781954,advisor_summarized,1.4179042714816992
7,2023-02-21,3.7522234260578347,2.5527249213934384,advisor_summarized,1.469889448178237
7,2023-02-22,3.5333664059999417,2.411249918884149,advisor_summarized,1.4653671435415012
7,2023-02-23,3.3373501725745482,2.2288163337179907,advisor_summarized,1.4973643732264657
7,2023-02-24,3.1204115286711,2.138663628800768,advisor_summarized,1.4590473633391503
7,2023-02-25,3.0243297801739693,2.1058840552901006,advisor_summarized,1.4361330922168676
7,2023-02-26,3.0098478871781946,2.097206854065838,advisor_summarized,1.4351697741894305
7,2023-02-27,2.7276371451301404,1.902709355743289,advisor_summarized,1.4335542824219705
7,2023-02-28,2.3860680893209927,1.6161538427726938,advisor_summarized,1.4763867313692267
7,2023-03-01,2.2166863414986997,1.5100219349228297,advisor_summarized,1.4679828751043835
7,2023-03-02,2.2798855035279377,1.5912806179271388,advisor_summarized,1.4327362992064852
7,2023-03-03,1.7911746827979107,1.244295761107603,advisor_summarized,1.4395087878492059
7,2023-03-04,1.6638892123577629,1.0876213604593954,advisor_summarized,1.5298423448165457
7,2023-03-05,2.2909826888063463,1.5469957103289398,advisor_summarized,1.480923750150032
7,2023-03-06,1.9978310436001876,1.386461474195842,advisor_summarized,1.440956767124701
7,2023-03-07,1.3701057824725582,0.9388213322500464,advisor_summarized,1.4593892739834369
7,2023-03-08,0.8888961259827791,0.5813861089059593,advisor_summarized,1.5289256354189231
7,2023-03-09,0.46319561032373996,0.3193281430831617,advisor_summarized,1.4505317503540904
7,2023-03-10,0.3613203736418306,0.2570212869492296,advisor_summarized,1.4057994103546902
7,2023-03-11,0.3481758462150728,0.2313298276887065,advisor_summarized,1.5051057172082558
7,2023-03-12,0.19806768641697214,0.13649343143986087,advisor_summarized,1.4511151513121783
7,2023-03-13,112.1567182179603,73.71861891393364,advisor_summarized,1.5214164327861741
7,2023-03-14,75.69036205167615,53.65085692337476,advisor_summarized,1.4107950253204464
7,2023-03-15,43.62360037778207,30.651524825616793,advisor_summarized,1.4232114267060527
7,2023-03-16,30.963564218372643,22.04069697625552,advisor_summarized,1.4048359837136613
7,2023-03-17,24.743088922720332,17.690131191363694,advisor_summarized,1.3986944842331008
7,2023-03-18,21.012784337992542,14.430587944904843,advisor_summarized,1.456128081421086
7,2023-03-19,16.446471476263657,11.388875002806722,advisor_summarized,1.4440821830260249
7,2023-03-20,12.109613047757882,8.33486273713981,advisor_summarized,1.4528869196367131
7,2023-03-21,9.274621563941547,6.458807927638283,advisor_summarized,1.4359649130072352
7,2023-03-22,8.774532592240648,6.107825678793166,advisor_summarized,1.4366049480924925
7,2023-03-23,7.558296031204147,5.318220075059743,advisor_summarized,1.4212078335474374
7,2023-03-24,6.374460915220947,4.497645746753093,advisor_summarized,1.417288349093023
7,2023-03-25,5.247838406181757,3.5709821799607977,advisor_summarized,1.4695784357678783
7,2023-03-26,4.6002723922228235,3.152568219830986,advisor_summarized,1.4592142251784328
7,2023-03-27,3.8898635488802213,2.6741328783628915,advisor_summarized,1.4546261258571422
7,2023-03-28,3.6905639024892958,2.550513646247226,advisor_summarized,1.4469884950113938
7,2023-03-29,4.053320943657763,2.757931098312112,advisor_summarized,1.469696232127933
7,2023-03-30,3.4043474737676758,2.316921036541664,advisor_summarized,1.4693411730807844
7,2023-03-31,2.8525379869394327,1.970617504860268,advisor_summarized,1.4475350898406332
7,2023-04-01,2.3676083204842895,1.6532403816777526,advisor_summarized,1.4321016754270044
7,2023-04-02,2.0316418895118042,1.3879414508656194,advisor_summarized,1.463780686314057
7,2023-04-03,1.690385204150403,1.1439839645386447,advisor_summarized,1.4776301561465641
7,2023-04-04,1.4436994574309034,0.9586035115196316,advisor_summarized,1.5060444073924482
7,2023-04-05,1.2731575924599488,0.8527704901540191,advisor_summarized,1.4929662871307887
7,2023-04-06,1.0209057034711049,0.6988080340020039,advisor_summarized,1.4609243938202596
7,2023-04-07,0.9148884802670986,0.6410098127418963,advisor_summarized,1.4272612713270272
7,2023-04-08,0.5715587639356958,0.3973957537190303,advisor_summarized,1.4382608736675218
7,2023-04-09,0.3346105156679888,0.21335103417413495,advisor_summarized,1.5683566614206474
7,2023-04-10,0.22628488870894373,0.14727781992866054,advisor_summarized,1.536449200691273
7,2023-04-11,0.14795410204003248,0.09715028073543051,advisor_summarized,1.5229405506604359
7,2023-04-12,0.06306494610435776,0.04668689652758754,advisor_summarized,1.3508061318038636
7,2023-04-13,0.008001871043568493,0.00436028310956143,advisor_summarized,1.8351723597996703
7,2023-04-14,9.43545682804221e-5,6.404094555599711e-5,advisor_summarized,1.4733475194853094
7,2023-05-12,0.14309827128095687,0.01182901438313993,advisor_summarized,12.097226924072132
7,2023-05-13,0.017082032833572933,0.00137092939265844,advisor_summarized,12.460184255330818
7,2023-05-21,6.530356264505021,0.9390489646571956,advisor_summarized,6.954223379490077
7,2023-05-22,11.634135372433196,8.106591895864119,advisor_summarized,1.4351450673579345
7,2023-05-23,85.35292440869279,61.01905816996802,advisor_summarized,1.3987912460225624
7,2023-05-24,83.91852425915022,59.95787792786493,advisor_summarized,1.399624655831086
7,2023-05-25,59.31401289779704,42.18278892849536,advisor_summarized,1.4061188082737028
7,2023-05-26,40.30491883723558,28.512851592613217,advisor_summarized,1.4135702529198209
7,2023-05-27,27.807954988253904,19.57425984801416,advisor_summarized,1.4206389004831292
7,2023-05-28,18.579766767343813,13.006922788104548,advisor_summarized,1.4284521458323638
7,2023-05-29,12.913124043490326,8.995819895818643,advisor_summarized,1.435458267621886
7,2023-05-30,9.07693149927158,6.293090717772043,advisor_summarized,1.4423646354942594
7,2023-05-31,6.93116470480944,4.787689500132157,advisor_summarized,1.4477055591466645
7,2023-06-01,5.271325723637126,3.627790844744083,advisor_summarized,1.4530401418467067
7,2023-06-02,3.936265135940571,2.792011191160519,advisor_summarized,1.4098314320525467
7,2023-06-03,3.114759063278778,2.171107119097671,advisor_summarized,1.434640896287649
7,2023-06-04,2.6659181763673288,1.7348077213048014,advisor_summarized,1.5367225679409653
7,2023-06-05,2.0726842031537625,1.3447437251908525,advisor_summarized,1.5413228292696417
7,2023-06-06,1.467452120488058,1.029287516684046,advisor_summarized,1.425696995933268
7,2023-06-07,1.0790764870957774,0.774637886648916,advisor_summarized,1.3930076306541925
7,2023-06-08,0.6752396280427518,0.4556324228976692,advisor_summarized,1.4819832700852467
7,2023-06-09,0.23652290520375346,0.15134319442385066,advisor_summarized,1.5628248505271345
7,2023-06-10,0.10789722285376636,0.06675794308211991,advisor_summarized,1.6162454664164898
7,2023-06-11,0.022912083478777507,0.01184661613442725,advisor_summarized,1.934061441578502
7,2023-06-12,1.503550744398148e-4,3.189160942972403e-5,advisor_summarized,4.714565276836701
7,2023-06-15,0.16536909580313847,0.05081444810043897,advisor_summarized,3.25437158101713
7,2023-06-16,2.015449099034079,1.3695116587043772,advisor_summarized,1.4716553059072086
7,2023-06-17,2.624338897700178,1.8487321381186168,advisor_summarized,1.4195344169063162
7,2023-06-18,3.8931586846621613,2.639641536934553,advisor_summarized,1.474881581528427
7,2023-06-19,3.125973167289924,2.1465733318858455,advisor_summarized,1.4562619971355177
7,2023-06-20,4.181503569974976,2.97549095262186,advisor_summarized,1.4053155047540762
7,2023-06-21,5.125933040215292,3.4545255051089643,advisor_summarized,1.4838312910512461
7,2023-06-22,25.417355983202388,17.745126983842507,advisor_summarized,1.4323569510855394
7,2023-06-23,135.8056443942103,97.57084370651243,advisor_summarized,1.39186707048169
7,2023-06-24,183.86516254214405,132.87510379840748,advisor_summarized,1.383744262740871
7,2023-06-25,110.34690230846154,79.50676075035999,advisor_summarized,1.3878933221155274
7,2023-06-26,66.88529818462844,48.119201358421314,advisor_summarized,1.3899918597240575
7,2023-06-27,42.27092699654965,29.956375230076777,advisor_summarized,1.411082838691005
7,2023-06-28,28.679223517650748,20.119364875350673,advisor_summarized,1.4254537205986668
7,2023-06-29,18.711293701326664,12.954027069264916,advisor_summarized,1.44443836663902
7,2023-06-30,13.135910043916379,9.12145854371894,advisor_summarized,1.4401106995066923
7,2023-07-01,9.95177063997865,6.91662627367455,advisor_summarized,1.4388186156386962
7,2023-07-02,7.912805303661877,5.503634089662982,advisor_summarized,1.4377418946735288
7,2023-07-03,6.597820638613601,4.513065445322142,advisor_summarized,1.4619377269284535
7,2023-07-04,8.082675289895349,5.554898284802537,advisor_summarized,1.4550536977442905
7,2023-07-05,8.325372474147791,5.854636754890294,advisor_summarized,1.422013495063332
7,2023-07-06,7.6994709204859575,5.463230978513393,advisor_summarized,1.4093255347920637
7,2023-07-07,6.882989588644578,4.729484256868451,advisor_summarized,1.455336187798632
7,2023-07-08,5.782037723620319,3.985231875849838,advisor_summarized,1.4508660734796812
7,2023-07-09,6.183942608094875,4.2663874109497435,advisor_summarized,1.449456416504441
7,2023-07-10,9.783815270552301,6.790713784124847,advisor_summarized,1.440763899286206
7,2023-07-11,11.693196832280506,8.134148758195037,advisor_summarized,1.4375440110435378
7,2023-07-12,11.707316053672896,8.14415139180552,advisor_summarized,1.4375120857223453
7,2023-07-13,10.858786317307958,7.546385325506662,advisor_summarized,1.438938756626359
7,2023-07-14,10.186677379026921,7.072945078061308,advisor_summarized,1.4402313699032832
7,2023-07-15,9.608522529822348,6.666258580628132,advisor_summarized,1.4413666097118272
7,2023-07-16,9.24369853632539,6.409735213919664,advisor_summarized,1.4421342267386281
7,2023-07-17,9.544754239074907,6.621403722065156,advisor_summarized,1.441500116851051
7,2023-07-18,9.072748195252737,6.289725877421564,advisor_summarized,1.4424711620297286
7,2023-07-19,8.358728365847275,5.788528701911715,advisor_summarized,1.4440160524878676
7,2023-07-20,7.253618786476979,5.013678774017061,advisor_summarized,1.4467657609155589
7,2023-07-21,6.269215637842097,4.3251397150482385,advisor_summarized,1.4494828030710625
7,2023-07-22,4.595490312829348,3.1577242315749916,advisor_summarized,1.4553171764898658
7,2023-07-23,4.179506462114423,2.867409104379474,advisor_summarized,1.4575898694507687
7,2023-07-24,5.813319427568563,4.0060898837254095,advisor_summarized,1.4511205680094588
7,2023-07-25,5.239724810518348,3.605784241467383,advisor_summarized,1.4531442980587295
7,2023-07-26,4.192274405464013,2.8768612939192297,advisor_summarized,1.4572389757980853
7,2023-07-27,3.254182441397849,2.225384996799485,advisor_summarized,1.462300881006192
7,2023-07-28,2.613714270064319,1.7818095077597649,advisor_summarized,1.46688759863589
7,2023-07-29,2.187818787013069,1.488098758742736,advisor_summarized,1.470210746537758
7,2023-07-30,2.3325848454140052,1.5928758306809367,advisor_summarized,1.4643858613994105
7,2023-07-31,8.098138302250382,5.607038479362103,advisor_summarized,1.4442808502308842
7,2023-08-01,68.14904420382422,49.381024443647256,advisor_summarized,1.3800654192906567
7,2023-08-02,355.1073583110154,260.7688431828456,advisor_summarized,1.3617706547174486
7,2023-08-03,185.72007468324128,134.14438903310665,advisor_summarized,1.3844788889187591
7,2023-08-04,129.2266664954693,92.86824067761393,advisor_summarized,1.391505487264169
7,2023-08-05,119.31267592144361,85.654326458905,advisor_summarized,1.3929556258747433
7,2023-08-06,84.49377561216824,60.376594000925195,advisor_summarized,1.3994458781638706
7,2023-08-07,58.07627639535134,41.29064342919727,advisor_summarized,1.4065238894844803
7,2023-08-08,39.51474126009392,27.947866606166127,advisor_summarized,1.4138732596990355
7,2023-08-09,27.286717105557628,19.202411246208406,advisor_summarized,1.4210047246512076
7,2023-08-10,20.331917723004864,14.250669529905002,advisor_summarized,1.4267342092480901
7,2023-08-11,16.089636537125504,11.241370690313692,advisor_summarized,1.431287783347399
7,2023-08-12,13.625938349723187,9.498390172110028,advisor_summarized,1.4345523928605095
7,2023-08-13,11.845479237025556,8.241846635932935,advisor_summarized,1.4372360661725305
7,2023-08-14,13.8167607073084,9.63993830265978,advisor_summarized,1.4332831055045427
7,2023-08-15,27.880688545681714,19.623996992014707,advisor_summarized,1.4207446401987718
7,2023-08-16,26.235744597957982,18.451465079820675,advisor_summarized,1.4218786684126528
7,2023-08-17,28.719516110243323,20.23100995044889,advisor_summarized,1.4195789622260597
7,2023-08-18,37.67262045568419,26.627427322354553,advisor_summarized,1.414805118031694
7,2023-08-19,25.348392130387477,17.820425496940327,advisor_summarized,1.4224347300090934
7,2023-08-20,63.40354664785118,45.29597158629469,advisor_summarized,1.3997612685503216
7,2023-08-21,85.70255333515398,61.25500208327054,advisor_summarized,1.399111099835557
7,2023-08-22,54.51811103289099,38.72826925009339,advisor_summarized,1.407708428198338
7,2023-08-23,36.093031552829146,25.496220264289487,advisor_summarized,1.4156228326667606
7,2023-08-24,25.71413140078696,18.080776135689643,advisor_summarized,1.4221807298432194
7,2023-08-25,19.420612494608417,13.603186732452144,advisor_summarized,1.4276516875474523
7,2023-08-26,20.54042734707804,14.398514761991327,advisor_summarized,1.4265657039363469
7,2023-08-27,16.241750309190635,11.349344662425404,advisor_summarized,1.4310738454320324
7,2023-08-28,12.944006944210136,9.016970760192622,advisor_summarized,1.4355161271404215
7,2023-08-29,11.371608842350426,7.907421176571336,advisor_summarized,1.4380932276685894
7,2023-08-30,50.98355009436297,36.93983881458203,advisor_summarized,1.3801779252549735
7,2023-08-31,63.73180795490715,45.36666072565187,advisor_summarized,1.4048159360971215
7,2023-09-01,53.37601442441979,37.908334073407055,advisor_summarized,1.4080284910716616
7,2023-09-02,71.31000102852539,50.83577513471917,advisor_summarized,1.402752310544056
7,2023-09-03,54.307348396897574,38.57408439408077,advisor_summarized,1.4078713532661604
7,2023-09-04,40.72271545003415,28.81176135709416,advisor_summarized,1.413405967976589
7,2023-09-05,32.11895121164903,22.651573643412046,advisor_summarized,1.4179567264188935
7,2023-09-06,26.575366295907504,18.693752701928847,advisor_summarized,1.421617516806319
7,2023-09-07,22.01506174649328,15.446691484263006,advisor_summarized,1.4252282936395855
7,2023-09-08,17.894176335294944,12.51982277582416,advisor_summarized,1.4292675428160762
7,2023-09-09,15.206087269503776,10.615587722318168,advisor_summarized,1.4324300893425392
7,2023-09-10,13.372510291567432,9.319470758434722,advisor_summarized,1.4349001824448504
7,2023-09-11,25.141071688056773,17.76433116415106,advisor_summarized,1.4152557422928589
7,2023-09-12,85.2223966580719,60.901796201517165,advisor_summarized,1.3993412669813647
7,2023-09-13,72.35016016471222,51.35551402008833,advisor_summarized,1.4088099699754069
7,2023-09-14,50.77191047987491,36.03144462406011,advisor_summarized,1.4091000516246803
7,2023-09-15,52.76020293945526,37.45992164418676,advisor_summarized,1.4084440282763615
7,2023-09-16,44.948379794714704,31.845159182227448,advisor_summarized,1.4114666388541737
7,2023-09-17,33.366566473552304,23.54324348212452,advisor_summarized,1.4172459499425496
7,2023-09-18,29.996778738418545,21.13532304123692,advisor_summarized,1.4192723091997281
7,2023-09-19,22.24738680132009,15.6123196839346,advisor_summarized,1.4249891913379862
7,2023-09-20,16.64196874787691,11.632608989496031,advisor_summarized,1.430630803709143
7,2023-09-21,13.790967582100375,9.615068634603093,advisor_summarized,1.4343077627619725
7,2023-09-22,13.904198328866512,10.542308886348808,advisor_summarized,1.3188949857911108
7,2023-09-23,10.124060570647789,7.028994610869588,advisor_summarized,1.440328401303938
7,2023-09-24,9.403666071325269,6.522360114685788,advisor_summarized,1.441758183537262
7,2023-09-25,9.042600244567351,6.268588641617385,advisor_summarized,1.4425257041965083
7,2023-09-26,64.95430648822608,46.71307672995372,advisor_summarized,1.3904951468669924
7,2023-09-27,179.8907253068721,129.86172586129268,advisor_summarized,1.3852482254780456
7,2023-09-28,132.51820111988062,95.37060814533952,advisor_summarized,1.389507770758159
7,2023-09-29,95.42329257098332,68.29743091968395,advisor_summarized,1.397172503943797
7,2023-09-30,70.67983167527989,50.381409248600015,advisor_summarized,1.4028950902607775
7,2023-10-01,53.47117343334458,37.971219570909035,advisor_summarized,1.4082026871296638
7,2023-10-02,40.470052949274404,28.630600340996462,advisor_summarized,1.4135244272654983
7,2023-10-03,30.924211408953582,21.797836546425156,advisor_summarized,1.4186825992153405
7,2023-10-04,24.397549846561187,17.142361506167415,advisor_summarized,1.423231556386413
7,2023-10-05,19.186602495805335,13.436930574222387,advisor_summarized,1.427900694271146
7,2023-10-06,15.976389534769067,11.16083786076902,advisor_summarized,1.4314686526292963
7,2023-10-07,14.061841648795719,9.806467149327345,advisor_summarized,1.4339355279194774
7,2023-10-08,11.584496818540249,8.057737219062863,advisor_summarized,1.4376861026360892
7,2023-10-09,9.510793478873564,6.597625647727896,advisor_summarized,1.4415479123385715
7,2023-10-10,7.996612235774573,5.534249270133589,advisor_summarized,1.4449317053587551
7,2023-10-11,7.767874391390553,5.3736719641268245,advisor_summarized,1.4455430929254287
7,2023-10-12,137.69562318353562,99.27844759584774,advisor_summarized,1.3869639032237915
7,2023-10-13,182.87406442598885,132.04371956949947,advisor_summarized,1.3849508709858442
7,2023-10-14,133.11474237673664,95.7040311185695,advisor_summarized,1.390900057405297
7,2023-10-15,97.99466079605345,70.16252177218331,advisor_summarized,1.3966809960770894
7,2023-10-16,70.6592731424692,50.366866211924936,advisor_summarized,1.4028919894511882
7,2023-10-17,52.29594730980806,37.12500405460132,advisor_summarized,1.4086448915370942
7,2023-10-18,39.94425145695955,28.25294982508179,advisor_summarized,1.4138081759342067
7,2023-10-19,31.769954560380675,22.40150940144277,advisor_summarized,1.4182059784924372
7,2023-10-20,25.887726184761927,18.2035044288841,advisor_summarized,1.4221287052664993
7,2023-10-21,21.593883319762902,15.147124378703417,advisor_summarized,1.4256094278940175
7,2023-10-22,15.965807992112898,11.15361185522985,advisor_summarized,1.431447337359749
7,2023-10-23,13.237672701247906,9.224111573502457,advisor_summarized,1.435116281472024
7,2023-10-24,11.38745444566196,7.9187233173232094,advisor_summarized,1.4380417132077923
7,2023-10-25,10.045757571613837,6.973761014813398,advisor_summarized,1.4405078622962588
7,2023-10-26,8.772679086017954,6.078942047597603,advisor_summarized,1.4431259612821798
7,2023-10-27,7.947027675550264,5.499419757598904,advisor_summarized,1.4450665753544893
7,2023-10-28,6.727408493601806,4.644979480350603,advisor_summarized,1.4483182373701295
7,2023-10-29,6.007537070949547,4.1415533852502415,advisor_summarized,1.450551643821575
7,2023-10-30,5.570256379538731,3.8361712098528056,advisor_summarized,1.4520353954046963
7,2023-10-31,5.361362305464401,3.690390681593365,advisor_summarized,1.4527898989679804
7,2023-11-01,5.0197625510535175,4.357699553613462,advisor_summarized,1.1519294731760623
7,2023-11-02,3.781684387923453,3.3184305836352816,advisor_summarized,1.139600269649361
7,2023-11-03,3.348412631134632,2.962189873085222,advisor_summarized,1.130384200404799
7,2023-11-04,2.8397092088617066,2.54046259278416,advisor_summarized,1.1177921756956848
7,2023-11-05,2.138568207954441,1.9550722349986192,advisor_summarized,1.09385636482938
7,2023-11-06,1.4855366460265242,1.4005830065465226,advisor_summarized,1.0606559119187626
7,2023-11-07,1.100301920732672,1.0670348756572878,advisor_summarized,1.0311770925527546
7,2023-11-08,0.8170752342672414,0.8179348833548276,advisor_summarized,0.9989490005805104
7,2023-11-09,0.7344589554783357,0.7439382284387035,advisor_summarized,0.9872579837975771
7,2023-11-10,0.5036258808686959,0.5332832726516207,advisor_summarized,0.9443871703767105
7,2023-11-11,0.2614391141226763,0.3031756165340303,advisor_summarized,0.8623355569009975
7,2023-11-12,0.1574264661059483,0.1998008796782764,advisor_summarized,0.787916781745104
7,2023-11-13,0.10693600134388977,0.14605889396546348,advisor_summarized,0.7321430310787882
7,2023-11-14,0.11102844284652251,0.1484535979779976,advisor_summarized,0.7478999792445455
7,2023-11-15,0.7195780890709766,0.7192411531192402,advisor_summarized,1.0004684603352787
7,2023-11-16,2.7997593907028837,2.5075122923434674,advisor_summarized,1.1165486204202366
7,2023-11-17,4.9738339951192145,4.290373722553342,advisor_summarized,1.1593008713840254
7,2023-11-18,6.31679922601744,5.377821055191542,advisor_summarized,1.1746019737714115
7,2023-11-19,5.585979076586373,4.78739369592989,advisor_summarized,1.1668100497636986
7,2023-11-20,4.890390649685206,4.223883718850668,advisor_summarized,1.1577948104631766
7,2023-11-21,4.642117575776434,4.021898132668631,advisor_summarized,1.154210629570638
7,2023-11-22,4.508592082697186,3.9131959890549015,advisor_summarized,1.1521508494099428
7,2023-11-23,3.8707583874027494,3.391196759143716,advisor_summarized,1.1414136844068357
7,2023-11-24,3.4439371819237907,3.0411853715753896,advisor_summarized,1.132432509413186
7,2023-11-25,3.194435840475423,2.8350567687248964,advisor_summarized,1.1267625663496543
7,2023-11-26,6.001833254352637,5.104972583069628,advisor_summarized,1.1756837390777377
7,2023-11-27,13.185230975299369,10.847670432461811,advisor_summarized,1.215489635068777
7,2023-11-28,11.179725792366883,9.259695143778808,advisor_summarized,1.207353548769698
7,2023-11-29,8.165228647115113,6.860837267350068,advisor_summarized,1.1901213115740978
7,2023-11-30,6.654547336226598,5.649605520600204,advisor_summarized,1.1778782274199615
7,2023-12-01,6.854651712052518,5.810462052215943,advisor_summarized,1.179708541326477
7,2023-12-02,7.447017448579171,6.286117322160493,advisor_summarized,1.1846768151027263
7,2023-12-03,8.930124167033892,7.470891023627107,advisor_summarized,1.1953225042089195
7,2023-12-04,11.111238184649814,9.20636767544394,advisor_summarized,1.2069079333303967
7,2023-12-05,10.214481534220162,8.494089586314855,advisor_summarized,1.2025398873443829
7,2023-12-06,7.795544841670716,6.594958887362906,advisor_summarized,1.182046010416887
7,2023-12-07,5.735943425650005,4.908905325528156,advisor_summarized,1.1684770932168806
7,2023-12-08,5.0112656557693445,4.3220704861242725,advisor_summarized,1.159459493281678
7,2023-12-09,5.227255985490548,4.4971284150740916,advisor_summarized,1.162354174270211
7,2023-12-10,7.655192754533083,6.433723926061037,advisor_summarized,1.1898540942243807
7,2023-12-11,24.78956704220798,19.949857176907216,advisor_summarized,1.2425937099390831
7,2023-12-12,21.579870296124987,17.44241803481408,advisor_summarized,1.2372063467950825
7,2023-12-13,19.165929126513227,15.551932810619718,advisor_summarized,1.2323824543162682
7,2023-12-14,16.3992142033177,13.38019146502097,advisor_summarized,1.2256337471843495
7,2023-12-15,15.480914215442741,12.657866947564182,advisor_summarized,1.223027092919618
7,2023-12-16,16.113685648708174,13.148443815272651,advisor_summarized,1.2255203638617087
7,2023-12-17,1220.5077711671727,944.6310241350376,advisor_summarized,1.292047095621007
7,2023-12-18,1101.40510681361,847.5101794286649,advisor_summarized,1.2995774370003488
7,2023-12-19,887.5970846555675,682.9594298969314,advisor_summarized,1.299633690963926
7,2023-12-20,743.1082263335393,571.8549401731009,advisor_summarized,1.2994698027940441
7,2023-12-21,609.4444280576895,469.1466681668822,advisor_summarized,1.2990488250486762
7,2023-12-22,459.4090819199775,353.93630704536696,advisor_summarized,1.297999308844829
7,2023-12-23,324.6496745148501,250.5162685893089,advisor_summarized,1.2959225216908925
7,2023-12-24,222.59696847940148,172.21279395765342,advisor_summarized,1.2925692880526483
7,2023-12-25,176.07234985567635,136.50724342923965,advisor_summarized,1.2898388791137358
7,2023-12-26,154.98889320260128,120.31972012136032,advisor_summarized,1.2881420688667822
7,2023-12-27,124.2317532702562,96.69305689807857,advisor_summarized,1.2848053133867243
7,2023-12-28,99.53082029416595,77.70158710295742,advisor_summarized,1.2809367736888566
7,2023-12-29,82.23502160474118,64.38852323062962,advisor_summarized,1.2771689344417514
7,2023-12-30,63.7417837573973,50.133178905702806,advisor_summarized,1.2714490712286843
7,2023-12-31,52.194010261463916,41.21504448166975,advisor_summarized,1.2663824804235508
7,2024-01-01,44.32102162202361,35.12425041265801,advisor_summarized,1.2618353730347875
7,2024-01-02,38.493943616783945,30.60822076146756,advisor_summarized,1.25763414726947
7,2024-01-03,33.14622675720043,26.45697414908791,advisor_summarized,1.2528351341471575
7,2024-01-04,29.431174417243668,23.56718819702775,advisor_summarized,1.2488199343592237
7,2024-01-05,28.819874018948518,23.247349511806707,advisor_summarized,1.2397057997649013
7,2024-01-06,44.915676643900966,35.57559874586917,advisor_summarized,1.262541692263614
7,2024-01-07,50.7146101827513,40.07111517266621,advisor_summarized,1.265615143582162
7,2024-01-08,39.18402895372793,31.143444069609007,advisor_summarized,1.258179052584786
7,2024-01-09,148.50532112967932,115.13851817334704,advisor_summarized,1.2897970504197112
7,2024-01-10,395.42175034062177,304.82708928147434,advisor_summarized,1.297200164436479
7,2024-01-11,235.01248871986576,181.7398470654235,advisor_summarized,1.293125819761832
7,2024-01-12,185.30317469315477,143.5927281800201,advisor_summarized,1.2904774290578482
7,2024-01-13,159.2384745309016,123.58219481879487,advisor_summarized,1.288522790555618
7,2024-01-14,114.59514055628088,89.28575710988956,advisor_summarized,1.2834649586410685
7,2024-01-15,90.25795392766678,70.5665301280526,advisor_summarized,1.2790476414793444
7,2024-01-16,91.13103979972509,71.23768710144158,advisor_summarized,1.2792532086275572
7,2024-01-17,81.22391841161942,63.60929710016637,advisor_summarized,1.27691897433979
7,2024-01-18,62.80405750258533,49.41005797609745,advisor_summarized,1.2710784013442638
7,2024-01-19,59.32517527235139,46.72483394472031,advisor_summarized,1.2696711847609436
7,2024-01-20,51.40089355068561,40.6013913471094,advisor_summarized,1.2659884758935749
7,2024-01-21,39.17121698441869,31.133217212154076,advisor_summarized,1.2581808271689527
7,2024-01-22,33.638396633202156,26.839348647758783,advisor_summarized,1.253323881837614
7,2024-01-23,33.099029820782334,26.420372835908115,advisor_summarized,1.2527843579783708
7,2024-01-24,32.78891363695395,26.179312768011968,advisor_summarized,1.2524741931735555
7,2024-01-25,31.757367490628553,25.377316298133664,advisor_summarized,1.2514076397023943
7,2024-01-26,153.75093741211538,119.324094188539,advisor_summarized,1.2885154373699244
7,2024-01-27,165.6682621150632,128.51965663845644,advisor_summarized,1.2890499900813688
7,2024-01-28,138.10045417451457,107.34890192889814,advisor_summarized,1.2864635938799311
7,2024-01-29,100.65222260599096,78.5633489819119,advisor_summarized,1.281160030858215
7,2024-01-30,75.21639055597903,58.98156356664355,advisor_summarized,1.27525257059338
7,2024-01-31,60.64703545706711,47.74487370370112,advisor_summarized,1.2702313516092898
7,2024-02-01,49.1560434302614,38.86595638207167,advisor_summarized,1.2647583645448746
7,2024-02-02,41.693411459822315,33.08864885835778,advisor_summarized,1.2600517971676284
7,2024-02-03,35.36293823509948,28.178521544339635,advisor_summarized,1.254960739492843
7,2024-02-04,37.190269734601706,29.59358811102335,advisor_summarized,1.2567002553079618
7,2024-02-05,46.67320058142065,36.94534206405385,advisor_summarized,1.2633040587498463
7,2024-02-06,40.232794609896125,31.95646740070544,advisor_summarized,1.2589875503262913
7,2024-02-07,31.10716786727452,24.87102172132664,advisor_summarized,1.2507394435106962
7,2024-02-08,26.214456434198134,21.1266997279198,advisor_summarized,1.2408211775526234
7,2024-02-09,24.697257271114335,19.87786605203793,advisor_summarized,1.242450130535129
7,2024-02-10,23.15404359413579,18.672969799890225,advisor_summarized,1.239976492345203
7,2024-02-11,21.276349470758753,17.204859025680715,advisor_summarized,1.2366477074296718
7,2024-02-12,20.745774730438164,16.78945958850721,advisor_summarized,1.235642792495784
7,2024-02-13,23.04110344575316,18.58467080587005,advisor_summarized,1.2397907763034213
7,2024-02-14,17.796194748640968,14.477067979964348,advisor_summarized,1.2292678858226094
7,2024-02-15,15.118469115707942,12.372400857971924,advisor_summarized,1.2219511224425486
7,2024-02-16,14.422097570218458,11.82370262715174,advisor_summarized,1.2197615269094988
7,2024-02-17,15.267287330811278,12.487782217550766,advisor_summarized,1.2225779617900525
7,2024-02-18,94.92950008533442,74.11583116803568,advisor_summarized,1.2808262228094012
7,2024-02-19,120.93497102637022,94.15889676869588,advisor_summarized,1.284371155318977
7,2024-02-20,85.55438644749366,66.94461660075568,advisor_summarized,1.277987548389782
7,2024-02-21,63.349631648938896,49.830364413690496,advisor_summarized,1.2713058070980932
7,2024-02-22,48.481109415163914,38.34358541864261,advisor_summarized,1.2643864387181813
7,2024-02-23,40.42796440351658,32.108164877563226,advisor_summarized,1.2591178772651415
7,2024-02-24,36.57432771230612,29.11870140409108,advisor_summarized,1.2560425413465572
7,2024-02-25,29.503869293954928,23.62369684023778,advisor_summarized,1.2489099184384032
7,2024-02-26,23.475785607944406,18.924172826429984,advisor_summarized,1.2405184534754155
7,2024-02-27,20.63332084801205,16.70149394831681,advisor_summarized,1.2354176765181832
7,2024-02-28,18.449190875732477,14.9901137155645,advisor_summarized,1.230757232787124
7,2024-02-29,17.01221227763312,13.861928722676067,advisor_summarized,1.2272615606372046
7,2024-03-01,14.585141159023122,11.952231522059918,advisor_summarized,1.220286030445755
7,2024-03-02,14.137574983697395,11.599359945579602,advisor_summarized,1.2188237152762107
7,2024-03-03,121.1825922991016,93.96567375522106,advisor_summarized,1.2896474580151485
7,2024-03-04,259.62720161698365,201.4032893854809,advisor_summarized,1.2890911683178303
7,2024-03-05,172.78067723144042,133.97996461981086,advisor_summarized,1.2896008572754343
7,2024-03-06,262.009520598175,202.45375479313972,advisor_summarized,1.294169727135401
7,2024-03-07,180.7925595656772,140.1290183463955,advisor_summarized,1.2901864417458662
7,2024-03-08,131.15558623821758,102.0125604061757,advisor_summarized,1.285680760447589
7,2024-03-09,111.90770431004137,87.21493190446172,advisor_summarized,1.2831255137896451
7,2024-03-10,227.14328161267932,175.7009266386527,advisor_summarized,1.2927836293079045
7,2024-03-11,143.09843477223373,111.18607195235994,advisor_summarized,1.2870176296321298
7,2024-03-12,95.42672905078555,74.54333578956873,advisor_summarized,1.2801510428802028
7,2024-03-13,71.37113149063937,56.01712306627265,advisor_summarized,1.2740949121253822
7,2024-03-14,54.48108665148073,42.98189275240818,advisor_summarized,1.267535772919825
7,2024-03-15,42.10351930198763,33.405560547569124,advisor_summarized,1.2603745787181964
7,2024-03-16,34.70474746468575,27.66692975822424,advisor_summarized,1.2543765342943216
7,2024-03-17,28.873404942246594,23.132211993754783,advisor_summarized,1.2481904000379132
7,2024-03-18,26.932913117504626,21.62168540810512,advisor_summarized,1.2456435568805628
7,2024-03-19,22.371728129960445,18.059809591990675,advisor_summarized,1.2387576965308682
7,2024-03-20,16.387593114656152,13.370882605753613,advisor_summarized,1.2256179040570157
7,2024-03-21,15.070482025798421,12.33445227014969,advisor_summarized,1.2218201259143164
7,2024-03-22,24.206850866478565,19.47700637004131,advisor_summarized,1.2428424782831358
7,2024-03-23,52.135043114702704,41.15147477152018,advisor_summarized,1.266905825469564
7,2024-03-24,67.45920221926511,52.998862006114024,advisor_summarized,1.2728424661548945
7,2024-03-25,45.309086401187,35.91476610065207,advisor_summarized,1.261572643246711
7,2024-03-26,32.84204859468575,26.21893317345672,advisor_summarized,1.252608120147851
7,2024-03-27,31.20040852638808,24.94201380234285,advisor_summarized,1.2509177796805393
7,2024-03-28,55.95643264846649,44.115324303079035,advisor_summarized,1.268412587518052
7,2024-03-29,43.62473848119173,34.582195457276484,advisor_summarized,1.2614797269041689
7,2024-03-30,29.407749999543544,23.548336702045287,advisor_summarized,1.2488249328025507
7,2024-03-31,22.79507728816265,18.391874102195544,advisor_summarized,1.2394102504997828
7,2024-04-01,18.72375455500267,15.204679431923244,advisor_summarized,1.2314468475863354
7,2024-04-02,15.46353649856411,12.643938841773991,advisor_summarized,1.2229999442479524
7,2024-04-03,147.53427266064483,114.3082295965337,advisor_summarized,1.2906706120931706
7,2024-04-04,252.04963132112113,194.8116111585484,advisor_summarized,1.2938121594610152
7,2024-04-05,160.06360960199729,124.21515544581852,advisor_summarized,1.2885996803491142
7,2024-04-06,111.54451554436291,86.94000259320153,advisor_summarized,1.2830056615743117
7,2024-04-07,79.48453391161244,62.268989312019464,advisor_summarized,1.2764705961956244
7,2024-04-08,56.70149836954238,44.69671067963358,advisor_summarized,1.268583247119768
7,2024-04-09,42.379413056292094,33.61907385171058,advisor_summarized,1.26057645856701
7,2024-04-10,32.08980848406424,25.63404529204113,advisor_summarized,1.2518433247064404
7,2024-04-11,52.147016314990296,41.131391117428535,advisor_summarized,1.2678155272237832
7,2024-04-12,65.32412609551474,51.351195467467114,advisor_summarized,1.2721052645580568
7,2024-04-13,41.91757651857987,33.25997265607291,advisor_summarized,1.2603009915862387
7,2024-04-14,28.10273769081616,22.5313602591071,advisor_summarized,1.2472721294959157
7,2024-04-15,21.188889932464072,17.135555531226697,advisor_summarized,1.2365452578325138
7,2024-04-16,16.2165238200854,13.235714715535437,advisor_summarized,1.2252095310766433
7,2024-04-17,13.182135216189863,10.8445968829984,advisor_summarized,1.215548660628975
7,2024-04-18,11.35833408317047,8.213865310291576,advisor_summarized,1.382824486900099
7,2024-04-19,9.931248905480086,5.124929532229378,advisor_summarized,1.937831309294106
7,2024-04-20,8.676203820062732,3.744853630002978,advisor_summarized,2.31683389453484
7,2024-04-21,8.121472276811112,1.3780278528238803,advisor_summarized,5.893547260433408
7,2024-04-22,10.33108297712886,4.344698395253182,advisor_summarized,2.377859643471714
7,2024-04-23,9.095704017057267,7.871005649044143,advisor_summarized,1.155596174443332
7,2024-04-24,7.533323513216139,4.60786837729851,advisor_summarized,1.6348825305710573
7,2024-04-25,6.46838278743892,2.7672853409959046,advisor_summarized,2.337446988791928
7,2024-04-26,5.391116160699211,2.6557574228370027,advisor_summarized,2.0299731121301625
7,2024-04-27,5.362059299609241,4.562208134837015,advisor_summarized,1.1753210597001402
7,2024-04-28,4.590788421614325,2.456590274989305,advisor_summarized,1.868764387921511
7,2024-04-29,3.4765862266260292,0.58933446952805,advisor_summarized,5.899173400480281
7,2024-04-30,2.7701056551011733,0.0591850573439944,advisor_summarized,46.804139075186015
7,2024-05-01,2.251618374537846,0.0026711847835652,advisor_summarized,842.9287215138432
7,2024-05-02,1.6162728726649913,9.784019955220048e-9,advisor_summarized,165195173.360482
7,2024-05-18,5.654234055070635,3.236432002365475,advisor_summarized,1.7470578868760454
7,2024-05-19,5.37408025268177,4.652260630105279,advisor_summarized,1.155154596865343
7,2024-05-20,4.867065299077629,7.83080613022824,advisor_summarized,0.6215280033928986
7,2024-05-21,3.6782466214764225,6.812612819550683,advisor_summarized,0.5399171681855562
7,2024-05-22,1.6012400312897714,2.410756867170211,advisor_summarized,0.6642063548985491
7,2024-05-23,0.8042606815404441,1.6426645488638785,advisor_summarized,0.4896073772923982
7,2024-05-24,0.17519114210637596,0.9418420538372252,advisor_summarized,0.1860090462011304
7,2024-05-25,0.009993072683335123,0.1832746598193881,advisor_summarized,0.054525119256437354
7,2024-07-01,0.0075096147307130755,0.00264867154961225,advisor_summarized,2.8352381901834676
7,2024-07-02,0.005601563560609029,0.00877822189421118,advisor_summarized,0.6381205246478212
7,2024-07-08,0.17245539341038202,0.05271550819659901,advisor_summarized,3.2714356611572635
7,2024-07-09,0.07605093422218306,0.11129898926770894,advisor_summarized,0.6833030086127444
7,2024-07-10,1.7025101591266025,1.4979893285056132,advisor_summarized,1.1365302320444555
7,2024-07-11,6.094341489745263,5.187341634868704,advisor_summarized,1.1748486833371088
7,2024-07-12,3.7625262995054496,3.3004927408384703,advisor_summarized,1.1399892667388816
7,2024-07-13,3.0714520445769007,2.729183968542571,advisor_summarized,1.1254104083782621
7,2024-07-14,2.1155447765664945,1.9320457858251971,advisor_summarized,1.0949765228586046
7,2024-07-15,1.4078429111082726,1.3336896721135778,advisor_summarized,1.0556000699002037
7,2024-07-16,1.1246057347543386,1.0885167160034774,advisor_summarized,1.0331543082621304
7,2024-07-17,0.8119790507246523,0.8105255154923844,advisor_summarized,1.0017933244598536
7,2024-07-18,0.3489615484850148,0.3835713274197381,advisor_summarized,0.9097696400626678
7,2024-07-19,0.09568101581695028,0.13056945534419848,advisor_summarized,0.7327978474347034
7,2024-07-20,0.027858403944735172,0.04720348822109,advisor_summarized,0.5901768067277778
7,2024-07-21,0.0033989965869650938,0.00600633506139479,advisor_summarized,0.565901927252087
7,2024-07-23,0.15744158719079443,0.02495940472074286,advisor_summarized,6.307906336401942
7,2024-07-24,0.9131708462929509,0.8653445000158891,advisor_summarized,1.0552685621462707
7,2024-07-25,8.124624665791085,6.811996695549045,advisor_summarized,1.1926935711961972
7,2024-07-26,12.162954829733616,10.036799804316331,advisor_summarized,1.2118359503895784
7,2024-07-27,15.912474754383306,12.95854174714776,advisor_summarized,1.227952578683147
7,2024-07-28,58.83745589629897,46.32629552561486,advisor_summarized,1.2700660656919223
7,2024-07-29,75.50617402085236,59.20340427607729,advisor_summarized,1.2753687890776009
7,2024-07-30,83.21365143031599,65.14065726149191,advisor_summarized,1.2774456833659857
7,2024-07-31,58.55886514451345,46.12966762875788,advisor_summarized,1.2694404307393499
7,2024-08-01,39.177273163508374,30.970260167024943,advisor_summarized,1.2649965790478477
7,2024-08-02,67.94077519094836,53.231675581165945,advisor_summarized,1.2763223109021704
7,2024-08-03,149.4804715166562,116.0881609649075,advisor_summarized,1.2876461326822373
7,2024-08-04,123.56040028402009,96.17273451240648,advisor_summarized,1.284775782974961
7,2024-08-05,1815.9995743229454,1399.7547441018298,advisor_summarized,1.2973698299470342
7,2024-08-06,1408.922501179986,1084.5259631393797,advisor_summarized,1.2991136672298513
7,2024-08-07,1043.8105781932861,803.1631190587827,advisor_summarized,1.2996246384128236
7,2024-08-08,912.2163573568523,701.8963521487667,advisor_summarized,1.2996453886164496
7,2024-08-09,824.7521119523769,634.6229646961547,advisor_summarized,1.2995938657014288
7,2024-08-10,753.3105055184224,579.6959734541249,advisor_summarized,1.299492389139454
7,2024-08-11,664.8876208523999,511.7405981777204,advisor_summarized,1.2992669004961253
7,2024-08-12,575.3612496665482,442.9648015844625,advisor_summarized,1.2988870619257114
7,2024-08-13,488.22215983260065,376.0550159454599,advisor_summarized,1.298273228998516
7,2024-08-14,364.298401134274,280.9396657089488,advisor_summarized,1.296714012295025
7,2024-08-15,263.2497246852003,203.4057592892203,advisor_summarized,1.2942097883811075
7,2024-08-16,192.72640988236725,149.28906893973445,advisor_summarized,1.290961295767527
7,2024-08-17,138.6268310479709,107.75220066406536,advisor_summarized,1.2865336410173387
7,2024-08-18,105.02892490193028,81.93002621717024,advisor_summarized,1.2819344720277797
7,2024-08-19,85.04982230017458,66.55658756173555,advisor_summarized,1.2778573153451618
7,2024-08-20,71.60930671673626,56.20060331117231,advisor_summarized,1.274173273910403
7,2024-08-21,57.31513826469282,45.17162161267214,advisor_summarized,1.268830655586073
7,2024-08-22,47.68550058380749,37.72817935854268,advisor_summarized,1.2639226539568016
7,2024-08-23,41.05594860239105,32.6994740465265,advisor_summarized,1.2555537909868069
7,2024-08-24,39.221243528804976,31.172273804212807,advisor_summarized,1.2582092591367007
7,2024-08-25,34.09914280638389,27.19700245633437,advisor_summarized,1.2537831277962017
7,2024-08-26,38.16260695320707,30.32753936293549,advisor_summarized,1.2583482786555091
7,2024-08-27,94.18724012198062,73.59077228945449,advisor_summarized,1.2798784031170929
7,2024-08-28,86.9257405770999,68.00017039320043,advisor_summarized,1.2783165111861527
7,2024-08-29,71.49016964351675,56.10964727279596,advisor_summarized,1.2741154706594964
7,2024-08-30,62.76351311506303,49.3774647888151,advisor_summarized,1.2710963064527387
7,2024-08-31,46.91081792383019,37.12725975114595,advisor_summarized,1.2635141467013942
7,2024-09-01,36.191140131733846,28.82073339004663,advisor_summarized,1.2557327963150522
7,2024-09-02,27.35010254704312,21.945702947560775,advisor_summarized,1.2462623144219236
7,2024-09-03,21.42433968535118,17.320104767630962,advisor_summarized,1.2369636311548473
7,2024-09-04,18.180564231183403,14.779315321813272,advisor_summarized,1.2301357563127513
7,2024-09-05,17.79458714787445,14.476527780301238,advisor_summarized,1.2292027078543115
7,2024-09-06,16.673765856633374,13.59579573125886,advisor_summarized,1.2263913187734778
7,2024-09-07,16.16631489025331,13.193609892155427,advisor_summarized,1.2253139983974648
7,2024-09-08,43.72825553238671,34.656336018339964,advisor_summarized,1.2617679927054588
7,2024-09-09,80.6525984619356,63.17035578965809,advisor_summarized,1.2767475733473643
7,2024-09-10,69.9579165906794,54.92799550478119,advisor_summarized,1.2736295207530364
7,2024-09-11,67.19153677842952,52.79275094448525,advisor_summarized,1.2727417226104671
7,2024-09-12,112.59571238975607,87.72552576176582,advisor_summarized,1.2835000008495776
7,2024-09-13,179.7453163545758,139.95331446295188,advisor_summarized,1.2843233977295876
7,2024-09-14,158.69323737076883,123.16380609948033,advisor_summarized,1.2884729889119464
7,2024-09-15,128.92859694207013,100.30212289832684,advisor_summarized,1.2854024742104517
7,2024-09-16,148.62921055782945,115.43548514948874,advisor_summarized,1.2875521800367964
7,2024-09-17,113.10118491679806,88.13696586551121,advisor_summarized,1.2832434587024464
7,2024-09-18,91.45332820101528,71.48663889115771,advisor_summarized,1.2793065895888314
7,2024-09-19,96.99986613712305,75.7545795838383,advisor_summarized,1.2804488741142364
7,2024-09-20,80.87759442069634,63.342742503611355,advisor_summarized,1.2768249561673979
7,2024-09-21,65.0391045882383,51.133909784479776,advisor_summarized,1.2719368587766204
7,2024-09-22,52.4184628642851,41.38794916084146,advisor_summarized,1.266515107104654
7,2024-09-23,42.603375578229205,33.79337370475193,advisor_summarized,1.260702052137471
7,2024-09-24,36.650491412288325,29.177211989826404,advisor_summarized,1.256134116757548
7,2024-09-25,29.99334590239649,24.00473327794204,advisor_summarized,1.2494763243196454
7,2024-09-26,28.49324067545695,24.204924235689298,advisor_summarized,1.1771671085606903
7,2024-09-27,94.08026748605394,75.03006924548241,advisor_summarized,1.253900848448418
7,2024-09-28,84.49461960333865,66.1296791036558,advisor_summarized,1.2777110179363866
7,2024-09-29,67.43010377431513,52.976929449338826,advisor_summarized,1.2728201591750932
7,2024-09-30,50.634518408861055,40.00882762638833,advisor_summarized,1.2655836577291861
7,2024-10-01,66.78289169362327,52.479579117411625,advisor_summarized,1.2725500626483894
7,2024-10-02,55.80421104734988,44.004355746420885,advisor_summarized,1.2681519840655489
7,2024-10-03,44.57798935640016,35.32258240219253,advisor_summarized,1.2620252066743889
7,2024-10-04,37.40400591175186,29.729016387050937,advisor_summarized,1.2581649330330322
7,2024-10-05,33.15879304082744,26.466581753276632,advisor_summarized,1.2528551420026992
7,2024-10-06,79.68675365783349,62.364979955993505,advisor_summarized,1.2777484048589884
7,2024-10-07,151.2768926903979,117.46993332666814,advisor_summarized,1.2877924453206007
7,2024-10-08,132.49274929772437,103.0402916058888,advisor_summarized,1.2858343783079158
7,2024-10-09,173.23907206003327,134.30403471824357,advisor_summarized,1.2899022164410139
7,2024-10-10,504.67334007841583,388.68405403361675,advisor_summarized,1.2984153449083027
7,2024-10-11,377.66987398308606,291.20163816397934,advisor_summarized,1.2969359525732316
7,2024-10-12,257.6799825947748,199.13222953288152,advisor_summarized,1.294014450595129
7,2024-10-13,188.52699458688087,146.06632749443074,advisor_summarized,1.2906944250656887
7,2024-10-14,137.38190562393356,106.79660499891004,advisor_summarized,1.2863883231619178
7,2024-10-15,107.71820583663477,83.99834942770796,advisor_summarized,1.2823847917314253
7,2024-10-16,84.90441782689781,66.44420287016825,advisor_summarized,1.2778303322082252
7,2024-10-17,64.9030977558185,51.02920482473533,advisor_summarized,1.2718814251316353
7,2024-10-18,51.97036521729713,41.04198002822814,advisor_summarized,1.266273342113431
7,2024-10-19,46.2906079137815,36.64904896231003,advisor_summarized,1.2630780122394683
7,2024-10-20,40.090339738280676,31.84634361207156,advisor_summarized,1.2588679010259807
7,2024-10-21,34.27835436191909,27.336302770427423,advisor_summarized,1.2539499086541295
7,2024-10-22,31.432013155043478,25.12431320055816,advisor_summarized,1.2510595972965814
7,2024-10-23,27.59331107391332,22.136325038130853,advisor_summarized,1.2465172528133082
7,2024-10-24,23.899690389264265,19.254946404070385,advisor_summarized,1.2412234180102422
7,2024-10-25,20.64359767457438,16.59822373247375,advisor_summarized,1.243723304812793
7,2024-10-26,17.617589923025083,14.33719093800867,advisor_summarized,1.228803466397305
7,2024-10-27,14.911333391048124,12.209052735833028,advisor_summarized,1.2213341783088563
7,2024-10-28,13.690585073010489,11.246752967498535,advisor_summarized,1.217292236485879
7,2024-10-29,12.256649629897879,10.113567924542409,advisor_summarized,1.2119016475041309
7,2024-10-30,11.5446375155916,9.549834476921513,advisor_summarized,1.2088835197605574
7,2024-10-31,10.111370033834497,8.412051405585633,advisor_summarized,1.2020100147177548
7,2024-11-01,8.425979399511698,7.069125123434696,advisor_summarized,1.191940905329137
7,2024-11-02,7.626551535265505,6.429862839729696,advisor_summarized,1.1861141870930043
7,2024-11-03,7.077981680559941,5.989842867366279,advisor_summarized,1.1816639997556588
7,2024-11-04,6.4621999662889085,5.494822575485407,advisor_summarized,1.1760525253571166
7,2024-11-05,6.085319769643168,5.190722522134962,advisor_summarized,1.172345418907165
7,2024-11-06,5.641966660167433,4.8329450679176915,advisor_summarized,1.1673972248557574
7,2024-11-07,6.296386323503608,5.361331719402936,advisor_summarized,1.1744071534907383
7,2024-11-08,6.48243907990069,5.5112393397739465,advisor_summarized,1.1762216590953893
7,2024-11-09,6.167623742647883,5.257421317280559,advisor_summarized,1.1731271607195697
7,2024-11-10,7.16178715039969,6.0562413501260854,advisor_summarized,1.182546522894202
7,2024-11-11,8.009796510434807,6.736746443593084,advisor_summarized,1.1889710526440318
7,2024-11-12,8.19605442136581,6.885529707815294,advisor_summarized,1.1903302678460639
7,2024-11-13,7.525044625817371,6.34850628241069,advisor_summarized,1.1853252231420837
7,2024-11-14,6.141836738919312,5.236140256287868,advisor_summarized,1.1729702487521854
7,2024-11-15,5.063538495498233,4.36359333117148,advisor_summarized,1.1604056820159363
7,2024-11-16,3.5385835270584858,3.11759088185495,advisor_summarized,1.1350378100134317
7,2024-11-17,2.3383086152695585,2.122677219076978,advisor_summarized,1.1015846376710754
7,2024-11-18,1.8543028380273712,1.7148049640348162,advisor_summarized,1.081349119531545
7,2024-11-19,1.3861437251812638,1.3149776662793553,advisor_summarized,1.054119595128386
7,2024-11-20,1.4402983781510323,1.3621955024094383,advisor_summarized,1.0573360252646895
7,2024-11-21,1.087093133391147,1.0533567316430197,advisor_summarized,1.0320275180617164
7,2024-11-22,0.3115571402574527,0.4388785274225755,advisor_summarized,0.7098937878942274
7,2024-11-23,0.0148341269528525,0.19468300328740043,advisor_summarized,0.07619631247907989
7,2024-11-24,0.004886973884902182,0.12765124991231114,advisor_summarized,0.03828379188029294
7,2024-11-25,0.0014026231402177482,0.07640960420538939,advisor_summarized,0.018356634022700737
7,2024-11-26,9.767723772736944e-6,0.02424940829212363,advisor_summarized,4.0280256140969695e-4
7,2025-01-19,81.71449867802801,55.83439526298236,advisor_summarized,1.4635154243750517
7,2025-01-20,54.1309607682116,42.70873978398686,advisor_summarized,1.2674445802427392
7,2025-01-21,40.70127388662724,32.31838087093028,advisor_summarized,1.2593846841887184
7,2025-01-22,240.21869256377144,185.72060765024116,advisor_summarized,1.2934412373674975
7,2025-01-23,192.75211991716097,149.30959845535352,advisor_summarized,1.290955986160512
7,2025-01-24,143.91473395589597,111.81496562765848,advisor_summarized,1.287079356041919
7,2025-01-25,113.40392858385235,88.37089850511934,advisor_summarized,1.28327232722753
7,2025-01-26,96.33176240707216,75.24075955911299,advisor_summarized,1.280313529150234
7,2025-01-27,81.59337098613398,68.08783344580029,advisor_summarized,1.1983546377795153
7,2025-01-28,69.28453308659451,65.54787874235785,advisor_summarized,1.0570064877144831
7,2025-01-29,56.85450404430829,54.517673350494825,advisor_summarized,1.042863727488698
7,2025-01-30,50.29229763973224,48.25231036505035,advisor_summarized,1.0422775046261719
7,2025-01-31,44.70562775004354,43.2553711652508,advisor_summarized,1.0335277803825158
7,2025-02-01,42.512368018032056,40.897000736011115,advisor_summarized,1.0394984290522449
7,2025-02-02,34.62843286784464,33.93634383087214,advisor_summarized,1.0203937418957578
7,2025-02-03,30.50305442202337,30.96568296844453,advisor_summarized,0.9850599598629038
7,2025-02-04,27.64513634609093,28.428260368947107,advisor_summarized,0.9724526224013481
7,2025-02-05,23.275952961713948,24.023632667325145,advisor_summarized,0.9688773252586348
7,2025-02-06,19.84496024444018,20.91079514136241,advisor_summarized,0.9490294419835827
7,2025-02-07,17.01430037804561,18.30125858430784,advisor_summarized,0.9296792512747888
7,2025-02-08,14.607350995926284,16.062828406208826,advisor_summarized,0.9093884729715502
7,2025-02-09,12.085348823949689,13.822374112225376,advisor_summarized,0.87433234883005
7,2025-02-10,10.607160496241859,12.365979616657595,advisor_summarized,0.8577695277738838
7,2025-02-11,10.174067646847378,11.9176151352025,advisor_summarized,0.8536999669334014
7,2025-02-12,9.079265404219546,10.755450388251711,advisor_summarized,0.844154830943846
7,2025-02-13,9.660679919275742,11.24097100406214,advisor_summarized,0.8594168524929626
7,2025-02-14,21.014059297681793,21.430009085962595,advisor_summarized,0.9805903120893559
7,2025-02-15,18.749881003778125,19.6454529852572,advisor_summarized,0.9544132689558672
7,2025-02-16,18.482676730552818,19.72972697890425,advisor_summarized,0.9367933347640937
7,2025-02-17,20.113172103443805,20.751440909107306,advisor_summarized,0.9692421934236201
7,2025-02-18,13.645102324136003,14.54142605787824,advisor_summarized,0.9383606717680466
7,2025-02-19,30.051755620269677,29.63852513893463,advisor_summarized,1.013942342926916
7,2025-02-20,53.54549104222799,51.04496863030099,advisor_summarized,1.0489866578239535
7,2025-02-21,36.07528183022137,35.25668043396577,advisor_summarized,1.0232183344030021
7,2025-02-22,27.099560638177177,27.348350790986583,advisor_summarized,0.990902919349294
7,2025-02-23,24.430594094325677,24.772910926724155,advisor_summarized,0.9861818082900706
7,2025-02-24,34.97479075251323,33.808752397319246,advisor_summarized,1.0344892453140755
7,2025-02-25,54.163978249954994,51.81457795479008,advisor_summarized,1.045342457429931
7,2025-02-26,47.253125868007,45.67339961811359,advisor_summarized,1.0345874461525062
7,2025-02-27,35.566878477143874,35.69683459529251,advisor_summarized,0.996359449804948
7,2025-02-28,28.464098305717673,29.048142553398264,advisor_summarized,0.9798939210447979
7,2025-03-01,20.26189982928455,21.829341612303892,advisor_summarized,0.9281956455280415
7,2025-03-02,16.675346685177207,17.73808209866441,advisor_summarized,0.9400873551280258
7,2025-03-03,11.56078528796412,12.619925253563409,advisor_summarized,0.9160739905887931
7,2025-03-04,9.717658037968983,10.955650452949522,advisor_summarized,0.8869996427599384
7,2025-03-05,9.95125974170979,11.68448681979118,advisor_summarized,0.851664253226282
7,2025-03-06,10.41768194952758,12.253733151462496,advisor_summarized,0.8501639313309364
7,2025-03-07,7.10461845041519,8.5809137498778,advisor_summarized,0.8279559330748857
7,2025-03-08,6.061986131048901,7.654561539531475,advisor_summarized,0.7919442674465645
7,2025-03-09,29.049378080798615,27.98671515286243,advisor_summarized,1.0379702627525937
7,2025-03-10,291.8239386729164,252.83261769122737,advisor_summarized,1.1542179222670839
7,2025-03-11,249.03082463741603,217.24323730914912,advisor_summarized,1.1463225632337242
7,2025-03-12,177.71750078424643,157.9675265848581,advisor_summarized,1.1250255329457153
7,2025-03-13,141.88267280710983,127.1781179543325,advisor_summarized,1.1156217365793812
7,2025-03-14,119.49903879297162,107.423594896573,advisor_summarized,1.112409605245708
7,2025-03-15,101.45406092158993,92.17118161419424,advisor_summarized,1.1007134675375165
7,2025-03-16,101.45877585843127,92.19578893916436,advisor_summarized,1.100470824382002
7,2025-03-17,114.29853061639065,104.88576129519872,advisor_summarized,1.0897430614504469
7,2025-03-18,84.97944817093224,79.20548620061687,advisor_summarized,1.072898510536135
7,2025-03-19,68.979084377897,65.32272361790695,advisor_summarized,1.0559737952963697
7,2025-03-20,56.701507707207334,55.00861171599229,advisor_summarized,1.030775108449481
7,2025-03-21,43.556234049421846,42.77846413947156,advisor_summarized,1.0181813425422312
7,2025-03-22,32.47779115356355,32.973157021267944,advisor_summarized,0.9849766927872609
7,2025-03-23,26.581167325211165,27.47761554509063,advisor_summarized,0.9673753270763834
7,2025-03-24,23.05107044536588,24.128813239072347,advisor_summarized,0.9553337835960679
7,2025-03-25,20.795489040449706,22.14807294088882,advisor_summarized,0.9389299509691413
7,2025-03-26,18.12105783076179,19.382378725746012,advisor_summarized,0.9349243499556231
7,2025-03-27,15.75690130795098,16.88451025595644,advisor_summarized,0.9332163663078313
7,2025-03-28,12.371719606864747,13.798164239311012,advisor_summarized,0.896620694774576
7,2025-03-29,10.629480840440772,12.040205597029988,advisor_summarized,0.8828321704957259
7,2025-03-30,53.18330301385535,49.98197738427433,advisor_summarized,1.0640495994179744
7,2025-03-31,134.42481057190406,122.54233182503908,advisor_summarized,1.0969663182501725
7,2025-04-01,106.4493063074655,97.53872210147796,advisor_summarized,1.0913543258924092
7,2025-04-02,87.50394981986884,80.58080406077421,advisor_summarized,1.0859155705851877
7,2025-04-03,67.40751349356012,64.01623263486545,advisor_summarized,1.0529753270242845
7,2025-04-04,50.80503941620047,49.01024658932224,advisor_summarized,1.0366207671207526
7,2025-04-05,37.432633706561425,37.55446514617892,advisor_summarized,0.9967558733923311
7,2025-04-06,27.670792899175435,28.73213011383768,advisor_summarized,0.9630609630940278
7,2025-04-07,21.738280365621474,23.039614163858783,advisor_summarized,0.9435175524649778
7,2025-04-08,20.80463170566967,21.816890090351897,advisor_summarized,0.9536020770838517
7,2025-04-09,15.744763687177983,17.19765451238632,advisor_summarized,0.9155180827616978
7,2025-04-10,12.3052933063029,13.830795629689996,advisor_summarized,0.8897024897025907
7,2025-04-11,12.093150896020429,13.82537998062974,advisor_summarized,0.8747065840478686
7,2025-04-12,30.073045526219552,31.328297343092796,advisor_summarized,0.9599323320023966
7,2025-04-13,25.303277731857143,26.514034082461233,advisor_summarized,0.9543352646059623
7,2025-04-14,17.417503015217807,19.074954212826135,advisor_summarized,0.9131085097706895
7,2025-04-15,13.248974313585496,15.469620044156663,advisor_summarized,0.8564511782298123
7,2025-04-16,12.589532760828474,13.789096945459642,advisor_summarized,0.9130063274356665
7,2025-04-17,11.817831726858998,13.61974767969788,computed_RC,0.867698286692573
7,2025-04-18,9.58424710534816,11.383948398315027,computed_RC,0.8419088676444416
7,2025-04-19,8.272844783126773,10.049301121573755,computed_RC,0.8232258823816812
7,2025-04-20,6.941992712809143,8.672075692356678,computed_RC,0.8004995527111944
7,2025-04-21,5.91250567918251,7.589304028638923,computed_RC,0.7790576918346053
7,2025-04-22,5.353664431216948,6.992557426727071,computed_RC,0.7656232340336714
7,2025-04-23,4.831112819211176,6.426592538852999,computed_RC,0.7517378439669088
7,2025-04-24,4.239870399079128,5.776142742617096,computed_RC,0.7340314441672017
7,2025-04-25,3.3311191779411904,4.753697664541313,computed_RC,0.7007427508039916
7,2025-04-26,2.313684268275983,3.5547922107196483,computed_RC,0.6508634348018868
7,2025-04-27,1.2252707059611563,2.1983340160620086,computed_RC,0.5573633019408253
7,2025-04-28,0.9286682386429461,1.8014237001954496,computed_RC,0.5155190522597144
7,2025-04-29,2.2689075576630646,3.510084815488965,computed_RC,0.6463967900863955
7,2025-04-30,1.4923486952425102,2.536696939745704,computed_RC,0.5883038970323801
7,2025-05-01,0.6285264812267141,1.359693481693852,computed_RC,0.46225600820246693
7,2025-05-02,0.2165165264525618,0.6564741194290954,computed_RC,0.3298173074071161
7,2025-05-03,0.028267061072533902,0.20881663486417665,computed_RC,0.13536786037625795
7,2025-05-04,0.03854138007692311,0.24516801580827235,computed_RC,0.15720394827954823
7,2025-05-05,0.01389987630788344,0.16915638582838383,computed_RC,0.08217175035878008
7,2025-05-12,0.013466326677700228,0.11578927202027928,computed_RC,0.1163002965882862
7,2025-05-13,2.211195405679549,3.446723149039637,computed_RC,0.6415355426198521
7,2025-05-14,1.6688338450484295,2.772403983709117,computed_RC,0.6019446858591461
7,2025-05-15,1.2475559400282212,2.2215777263320993,computed_RC,0.5615630392945912
7,2025-05-16,0.8325515268702609,1.645310015572065,computed_RC,0.5060149874434378
7,2025-05-17,0.2217830521866505,0.6839131391035224,computed_RC,0.3242854092222371
7,2025-05-18,0.10047055688509544,0.4161420370269647,computed_RC,0.24143332791583677
7,2025-05-19,0.015331396935107114,0.17147319598303962,computed_RC,0.08940987451253629
7,2025-07-24,37.46742557392551,37.65200510063416,computed_RC,0.9950977504062448
7,2025-07-25,19.1076424858175,20.671887782195014,computed_RC,0.924329828370836
7,2025-07-26,15.22215409712692,16.95294832522801,computed_RC,0.8979060046136362
7,2025-07-27,13.062545749265254,14.8452014969019,computed_RC,0.8799170393201685
7,2025-07-28,11.469117814822166,13.26581502147982,computed_RC,0.8645618679479197
7,2025-07-29,8.4498535283602,10.217454391063985,computed_RC,0.8270018347965713
7,2025-07-30,5.740212263291189,7.378713597824467,computed_RC,0.7779421422432805
7,2025-07-31,1.5972200774231928,2.6292087003857714,computed_RC,0.6074907926437487
7,2025-08-01,0.23706193449124685,0.6620878900209743,computed_RC,0.35805206236854287
7,2025-08-02,0.7528913535413789,1.29975650254103,computed_RC,0.5792556929466964
7,2025-08-03,5.725644200340895,7.376153198225961,computed_RC,0.776237158647677
7,2025-08-04,10.624870201926365,12.426063494303005,computed_RC,0.8550471520443754
7,2025-08-05,15.467455143719596,17.192057163970983,computed_RC,0.8996861164546616
7,2025-08-06,22.57772736655857,23.925576952527383,computed_RC,0.9436649076992715
7,2025-08-07,45.80702019631936,45.23256578518841,computed_RC,1.0127000182536416
7,2025-08-08,52.426105904169255,51.16381502059264,computed_RC,1.02467155514241
7,2025-08-09,53.94003141041548,52.511896451639835,computed_RC,1.0271964079623532
7,2025-08-10,51.76000604879202,50.565629586386336,computed_RC,1.0236203221867377
7,2025-08-11,42.300877096241734,42.05999179337499,computed_RC,1.0057271837819208
7,2025-08-12,27.0801500400549,28.14693789896908,computed_RC,0.9620993280781263
7,2025-08-13,15.618924988627374,17.30832862347601,computed_RC,0.9023936006994211
7,2025-08-14,7.051057837295553,8.730304398016095,computed_RC,0.8076531488292504
7,2025-08-15,1.5983826932790008,2.636316081310581,computed_RC,0.6062940269606836
7,2025-08-16,0.3396519748144484,0.8864168626705089,computed_RC,0.38317409011283765
7,2025-08-17,0.055058000437097444,0.2895579782260911,computed_RC,0.19014499539745838
9,2021-04-16,335.9774069662791,87.70350317134772,advisor_summarized,3.8308322338034175
9,2021-04-17,456.4052423269263,131.84508362634946,advisor_summarized,3.46167812840397
9,2021-04-18,639.2380882289707,226.67502754066132,advisor_summarized,2.820064014834202
9,2021-04-19,795.9074086368291,310.3088055346241,advisor_summarized,2.564888248226079
9,2021-04-20,736.1631153564033,279.2052619004076,advisor_summarized,2.6366376849265554
9,2021-04-21,674.5602032862869,244.3816228315665,advisor_summarized,2.7602738514884546
9,2021-04-22,614.4524922205153,214.0119506667178,advisor_summarized,2.8711129930188157
9,2021-04-23,558.3506156950983,191.42638347550124,advisor_summarized,2.916790285423514
9,2021-04-24,516.4906299074662,170.30581255412872,advisor_summarized,3.0327246155694696
9,2021-04-25,535.4048767314597,175.07572707552072,advisor_summarized,3.058133104313811
9,2021-04-26,487.825588939422,152.3032327093695,advisor_summarized,3.2029890650470194
9,2021-04-27,418.08349528568374,118.4444114781786,advisor_summarized,3.5297865899119154
9,2021-04-28,369.41411690726966,94.79324171218542,advisor_summarized,3.8970512057061812
9,2021-04-29,332.8325101716812,76.07063212913094,advisor_summarized,4.375308852523973
9,2021-04-30,303.2489847113993,62.21579165039743,advisor_summarized,4.874148132927634
9,2021-05-01,282.3776522273637,52.86174589436879,advisor_summarized,5.341814717804176
9,2021-05-02,268.5316108771206,47.27374623984625,advisor_summarized,5.680353943491363
9,2021-05-03,257.87395012828404,41.28008422966787,advisor_summarized,6.246933719746405
9,2021-05-04,241.19732796954384,36.03337025697646,advisor_summarized,6.693721021636752
9,2021-05-05,228.86193524385197,32.07206282557823,advisor_summarized,7.135865768550727
9,2021-05-06,238.1365472792683,35.45985679099089,advisor_summarized,6.715665793093966
9,2021-05-07,259.7378138177279,42.488718952997246,advisor_summarized,6.113100611601411
9,2021-05-08,234.40581771184105,32.89304367968355,advisor_summarized,7.1263036645229105
9,2021-05-09,218.02752517505007,27.534847352224816,advisor_summarized,7.918239835727052
9,2021-05-10,209.71880504201744,23.772861299450906,advisor_summarized,8.821773803343623
9,2021-05-11,206.16110461329262,22.633394734164956,advisor_summarized,9.108713343036158
9,2021-05-12,209.3153700911578,22.986089014998907,advisor_summarized,9.106175911638344
9,2021-05-13,200.3616916184023,20.73487316672847,advisor_summarized,9.66302952553894
9,2021-05-14,196.06867608642304,19.297927323411844,advisor_summarized,10.160089879111348
9,2021-05-15,187.87337418916286,17.717583298102948,advisor_summarized,10.603781059083763
9,2021-05-16,181.25748266648608,15.984314575787227,advisor_summarized,11.339709426205356
9,2021-05-17,172.25473437114167,13.709239765192152,advisor_summarized,12.564864085935499
9,2021-05-18,166.36903390804244,11.60574039034775,advisor_summarized,14.335064227906397
9,2021-05-19,161.71952598504697,10.217783973489594,advisor_summarized,15.827260236136727
9,2021-05-20,155.90326101636558,8.858683333104759,advisor_summarized,17.598920195482954
9,2021-05-21,151.25681180395534,7.909432161503126,advisor_summarized,19.123599357758465
9,2021-05-22,147.61498421465402,7.103630788030185,advisor_summarized,20.78021628930791
9,2021-05-23,142.39281268676294,5.973442881636039,advisor_summarized,23.837645309125918
9,2021-05-24,140.83015585119708,4.897220892194362,advisor_summarized,28.757158182442833
9,2021-05-25,137.7390204447856,4.126952347661041,advisor_summarized,33.37548118840032
9,2021-05-26,134.00636709216442,3.656146924425384,advisor_summarized,36.65234736517747
9,2021-05-27,130.2542006042843,2.866786300076938,advisor_summarized,45.43561569301088
9,2021-05-28,126.43527358855032,2.3748935855202316,advisor_summarized,53.23829006883863
9,2021-05-29,122.97652691565642,1.5087454528103166,advisor_summarized,81.5091284527751
9,2021-05-30,119.92588432487433,1.0579115974450162,advisor_summarized,113.36096949358507
9,2021-05-31,114.19481828826744,0.8774713375703712,advisor_summarized,130.1407959426473
9,2021-06-01,110.13075548319577,0.6081700391479875,advisor_summarized,181.08546688272057
9,2021-06-02,105.95671395414192,0.22644601189306532,advisor_summarized,467.9115921201469
9,2021-06-03,118.65824274239998,1.704923611758458,advisor_summarized,69.59739540472191
9,2021-06-04,120.72424517306303,1.4969814840872513,advisor_summarized,80.64511582564546
9,2021-06-05,111.21404512920721,0.6183575321489224,advisor_summarized,179.85395074386014
9,2021-06-06,104.53967740505473,0.2074179323474452,advisor_summarized,504.0050116300485
9,2021-06-07,114.16230936364992,0.8236839378711406,advisor_summarized,138.5996546912267
9,2021-06-08,115.10431525785278,0.9447654838602414,advisor_summarized,121.83374310791406
9,2021-06-09,108.52020245517382,0.32289531531751686,advisor_summarized,336.0847844709708
9,2021-06-10,106.32816323044082,0.1831946280394193,advisor_summarized,580.4109234445533
9,2021-06-13,104.79142262602534,1.194666610501398,advisor_summarized,87.71603868801914
9,2021-06-14,137.26523872000197,3.793929514637974,advisor_summarized,36.18022901859318
9,2021-06-15,132.62295738829098,3.9922081425816422,advisor_summarized,33.22045160263805
9,2021-06-16,167.35950617890168,14.41974397181646,advisor_summarized,11.60627445993546
9,2021-06-17,148.9928435324621,8.73515095597939,advisor_summarized,17.056699338489786
9,2021-06-18,138.67896027827362,6.352277585871978,advisor_summarized,21.831375975556824
9,2021-06-19,134.6893333455546,5.706108425298552,advisor_summarized,23.60441185246273
9,2021-06-20,167.89784010468722,14.653976075757646,advisor_summarized,11.45749380486869
9,2021-06-21,193.94670385338202,22.84492008970669,advisor_summarized,8.489708131689602
9,2021-06-22,333.4458017109431,84.35851778933568,advisor_summarized,3.9527223859437726
9,2021-06-23,528.159843224868,177.52062976131273,advisor_summarized,2.9752026225628594
9,2021-06-24,669.6563555081214,260.70941593842934,advisor_summarized,2.568592902936315
9,2021-06-25,1036.9117730619248,467.2475095651509,advisor_summarized,2.2191916528927855
9,2021-06-26,1127.722465017145,521.2517709444882,advisor_summarized,2.163488985320386
9,2021-06-27,1193.572721923818,557.4125085666707,advisor_summarized,2.1412736592384127
9,2021-06-28,1136.7072412032476,523.1684184145421,advisor_summarized,2.172736734851141
9,2021-06-29,1137.13318139002,522.0371455007125,advisor_summarized,2.1782610513267926
9,2021-06-30,1100.8740763404978,503.5512057034858,advisor_summarized,2.186220713745532
9,2021-07-01,1038.2791271459491,464.47382348660466,advisor_summarized,2.2353878187408616
9,2021-07-02,963.774029236769,420.82646777761255,advisor_summarized,2.2901934717330548
9,2021-07-03,943.4279937040218,405.1784725658656,advisor_summarized,2.3284257619354607
9,2021-07-04,866.0129174164822,361.01888443408416,advisor_summarized,2.398802264247208
9,2021-07-05,798.3463283223383,323.1176624966665,advisor_summarized,2.4707604101666045
9,2021-07-06,733.230852330221,287.34767628613787,advisor_summarized,2.55172013849897
9,2021-07-07,1135.7236826832316,599.675278879289,advisor_summarized,1.8938977854910808
9,2021-07-08,1598.3402665561146,886.726441613171,advisor_summarized,1.8025178809919606
9,2021-07-09,1646.997693572098,963.3650435084276,advisor_summarized,1.7096299109774475
9,2021-07-10,1645.6015880879959,919.449528375686,advisor_summarized,1.789768266013624
9,2021-07-11,1587.33490976516,881.6289145299578,advisor_summarized,1.8004569537189588
9,2021-07-12,1487.734797743092,818.1242583000545,advisor_summarized,1.8184704617296066
9,2021-07-13,1352.8703175012556,731.9085549058706,advisor_summarized,1.848414407009146
9,2021-07-14,1200.9738839074485,637.6041939345262,advisor_summarized,1.883572748316604
9,2021-07-15,1045.3745223570736,540.6503556620419,advisor_summarized,1.9335500502482468
9,2021-07-16,911.7712759655874,456.6757363388724,advisor_summarized,1.9965397839508057
9,2021-07-17,810.6522392267809,394.661742239899,advisor_summarized,2.0540431272256887
9,2021-07-18,709.3775329763298,332.66477475449955,advisor_summarized,2.1324095209654743
9,2021-07-19,610.739947459357,273.94644623980656,advisor_summarized,2.229413653078489
9,2021-07-20,558.363721507284,242.82478014355,advisor_summarized,2.299451156414917
9,2021-07-21,497.254406983408,206.0334181765648,advisor_summarized,2.4134648222807966
9,2021-07-22,469.88650612297494,190.9360703711053,advisor_summarized,2.460962484509599
9,2021-07-23,440.99225619220937,174.71872801412636,advisor_summarized,2.5240125154560094
9,2021-07-24,415.8707677414559,160.1004070637462,advisor_summarized,2.597562213416929
9,2021-07-25,374.2747152549498,137.01189916625898,advisor_summarized,2.73169496614875
9,2021-07-26,350.27295382527296,123.1822203600394,advisor_summarized,2.843534990694991
9,2021-07-27,393.6091490068187,148.22572192792265,advisor_summarized,2.655471289916996
9,2021-07-28,578.0134395545538,254.782372248613,advisor_summarized,2.2686555370892636
9,2021-07-29,697.4837687650474,325.5942435316169,advisor_summarized,2.1421870399171175
9,2021-07-30,602.9620277430961,269.26990273616343,advisor_summarized,2.2392477644777533
9,2021-07-31,601.5827549869764,268.20934933930295,advisor_summarized,2.2429596748543377
9,2021-08-01,495.99266932769376,206.17271833381687,advisor_summarized,2.405714360930265
9,2021-08-02,434.27445953610015,170.42681978218616,advisor_summarized,2.548157972384418
9,2021-08-03,510.67300381668827,215.0179676798028,advisor_summarized,2.375024791310299
9,2021-08-04,497.68413727294933,207.0015689251037,advisor_summarized,2.4042529718845707
9,2021-08-05,534.105385216051,228.72358013212295,advisor_summarized,2.3351566327683537
9,2021-08-06,602.629784004715,268.44907929012663,advisor_summarized,2.2448569598311874
9,2021-08-07,551.4519356772196,238.692440067633,advisor_summarized,2.3103033155175208
9,2021-08-08,514.025688286129,216.45879460361212,advisor_summarized,2.374704567802076
9,2021-08-09,454.7194839859121,181.6123362887777,advisor_summarized,2.503791830874709
9,2021-08-10,421.89519776361334,163.3414330281671,advisor_summarized,2.5829037369279138
9,2021-08-11,444.42309234326973,176.35870725228463,advisor_summarized,2.51999518066048
9,2021-08-12,396.31479559111244,149.11338595793302,advisor_summarized,2.657808305036534
9,2021-08-13,358.29001854048784,127.83574684321792,advisor_summarized,2.8027373202575867
9,2021-08-14,337.68004885861086,116.8818935416853,advisor_summarized,2.8890706560822363
9,2021-08-15,325.0934492347818,110.12241374154752,advisor_summarized,2.9521097312465554
9,2021-08-16,305.7907390900921,99.8471167383649,advisor_summarized,3.062589577737863
9,2021-08-17,297.32818934306704,94.75329012866844,advisor_summarized,3.1379194214714428
9,2021-08-18,285.53427072512017,88.40583936281773,advisor_summarized,3.229812337998251
9,2021-08-19,266.74942825571065,79.29842048947967,advisor_summarized,3.3638681150162335
9,2021-08-20,280.2620735644849,86.51863489399392,advisor_summarized,3.2393261163664127
9,2021-08-21,263.61827272580365,77.44975146515553,advisor_summarized,3.403732971879257
9,2021-08-22,252.26237851866495,71.78845779619341,advisor_summarized,3.513968488288673
9,2021-08-23,284.26366920999817,88.11780246165758,advisor_summarized,3.2259505034035425
9,2021-08-24,286.45012395531415,89.18597295622908,advisor_summarized,3.2118293321293794
9,2021-08-25,332.8409498111724,113.75923121333642,advisor_summarized,2.9258368420843563
9,2021-08-26,319.4935500667116,106.64386487496908,advisor_summarized,2.995892454210008
9,2021-08-27,304.69649463322725,98.66229259303653,advisor_summarized,3.088277057274994
9,2021-08-28,286.7813276193338,89.57464111342007,advisor_summarized,3.201590584730439
9,2021-08-29,271.2708853944849,81.45542537209879,advisor_summarized,3.330298554765196
9,2021-08-30,253.03258740252352,72.51175639938569,advisor_summarized,3.489538799872005
9,2021-08-31,236.7811487387703,64.42385549053564,advisor_summarized,3.6753644583341534
9,2021-09-01,277.5001409096412,84.79610968429708,advisor_summarized,3.272557455086054
9,2021-09-02,309.01095175927634,100.98737051462692,advisor_summarized,3.059896996867737
9,2021-09-03,278.8233868420084,84.90289659070636,advisor_summarized,3.2840267886988554
9,2021-09-04,253.69708521678461,72.4421970876372,advisor_summarized,3.502062270555843
9,2021-09-05,233.55928792115697,62.73671429230115,advisor_summarized,3.722848583254839
9,2021-09-06,221.68250434132412,56.50817540758311,advisor_summarized,3.9230164970354973
9,2021-09-07,223.38105811071608,57.39925517893283,advisor_summarized,3.891706563340622
9,2021-09-08,236.60734291919204,64.1753088008833,advisor_summarized,3.6868906023236057
9,2021-09-09,285.8591035224566,88.78091669233312,advisor_summarized,3.2198259960875424
9,2021-09-10,264.99095913591725,77.48992041159399,advisor_summarized,3.4196829436447516
9,2021-09-11,242.27484379994445,66.24028134009569,advisor_summarized,3.6575153199612673
9,2021-09-12,225.16006897561152,58.293042930554115,advisor_summarized,3.8625547347708378
9,2021-09-13,210.37738255630669,44.63428840826774,advisor_summarized,4.713358049578266
9,2021-09-14,214.3448414870862,31.94642005307465,advisor_summarized,6.709510522023478
9,2021-09-15,248.61136414072425,44.6905741753713,advisor_summarized,5.562948535079069
9,2021-09-16,276.48782725351367,57.13729761113215,advisor_summarized,4.8390077727380145
9,2021-09-17,501.3562108352642,147.0015458878891,advisor_summarized,3.410550602084308
9,2021-09-18,364.11621231278923,152.45977986956737,advisor_summarized,2.3882771746377864
9,2021-09-19,572.8344307444527,209.71749326246865,advisor_summarized,2.731457551934071
9,2021-09-20,738.4627030844027,297.0780554003655,advisor_summarized,2.4857531199643574
9,2021-09-21,991.9440146168874,440.4312515896639,advisor_summarized,2.252210784399675
9,2021-09-22,978.1855949319032,433.3486416367094,advisor_summarized,2.2572716306145684
9,2021-09-23,841.7966226333089,351.0843993224951,advisor_summarized,2.397704438755369
9,2021-09-24,764.851678820786,308.59830526282127,advisor_summarized,2.478470120467419
9,2021-09-25,682.16732838537,262.2344152909965,advisor_summarized,2.601364613521006
9,2021-09-26,625.9756185364503,232.0124387714608,advisor_summarized,2.698026113819936
9,2021-09-27,580.5199753268894,207.5051760698045,advisor_summarized,2.7976168417678564
9,2021-09-28,543.9829426754377,188.16247708576597,advisor_summarized,2.891027749530986
9,2021-09-29,507.08913857056154,167.51821406000727,advisor_summarized,3.027068676776338
9,2021-09-30,468.44866195010036,147.36820273112997,advisor_summarized,3.178763486752801
9,2021-10-01,428.0923244351844,126.37997674736978,advisor_summarized,3.3873429593275652
9,2021-10-02,388.98765457173073,107.5814478687672,advisor_summarized,3.6157503201317365
9,2021-10-03,355.5760903951282,91.4667274878006,advisor_summarized,3.887491114652082
9,2021-10-04,322.7921536583079,75.69560373892608,advisor_summarized,4.264344793016211
9,2021-10-05,299.17716838937923,64.280112745666,advisor_summarized,4.654272614192807
9,2021-10-06,328.353369595097,77.80789849013499,advisor_summarized,4.220051896617255
9,2021-10-07,322.87305327105753,75.61447102266649,advisor_summarized,4.269990240019954
9,2021-10-08,305.1779873824757,67.7961707929614,advisor_summarized,4.501404486610905
9,2021-10-09,291.5483196623939,61.367268474259134,advisor_summarized,4.750876597753175
9,2021-10-10,274.8542920924825,53.71208273173008,advisor_summarized,5.11717807453618
9,2021-10-11,260.17630045458344,47.667985527383685,advisor_summarized,5.458093048742762
9,2021-10-12,247.5109338325204,42.589428627504965,advisor_summarized,5.811557980673958
9,2021-10-13,172.41331215546214,39.48304031814611,advisor_summarized,4.366768890292936
9,2021-10-14,60.72658888973542,38.76245529507905,advisor_summarized,1.5666342193097542
9,2021-10-15,55.36102421794363,34.43041629556139,advisor_summarized,1.6079103936097487
9,2021-10-16,50.3976703264045,30.6794655023149,advisor_summarized,1.6427166999569067
9,2021-10-17,45.37055510444533,26.66582805126319,advisor_summarized,1.7014493237271167
9,2021-10-18,41.76902055886361,24.908489217922405,advisor_summarized,1.6768989958977338
9,2021-10-19,40.42403236467971,23.92626747605162,advisor_summarized,1.6895252218149406
9,2021-10-20,37.219365652558345,21.84714818644235,advisor_summarized,1.7036258158241224
9,2021-10-21,33.52761945414563,19.32807927008216,advisor_summarized,1.734658627256505
9,2021-10-22,32.05267950159451,17.85320264546667,advisor_summarized,1.7953461985563361
9,2021-10-23,31.626942093699363,16.773744077454428,advisor_summarized,1.885502839894231
9,2021-10-24,29.15990401664763,15.154007377097171,advisor_summarized,1.9242371533168252
9,2021-10-25,27.76596120954233,14.287793411404124,advisor_summarized,1.9433344541068394
9,2021-10-26,26.759843730538833,12.54064333276392,advisor_summarized,2.1338493584795257
9,2021-10-27,23.785617280147584,11.211201337383711,advisor_summarized,2.1215939812653732
9,2021-10-28,43.006262097680214,24.968282336770148,advisor_summarized,1.7224357493885751
9,2021-10-29,53.65276187105212,31.055833394635844,advisor_summarized,1.7276226720201093
9,2021-10-30,44.766276340670544,24.646488286149292,advisor_summarized,1.8163348798793404
9,2021-10-31,38.8578553054224,20.328817263122655,advisor_summarized,1.911466604400651
9,2021-11-01,34.54565630185195,18.363743183417434,advisor_summarized,1.8811881628276568
9,2021-11-02,32.36006607586491,17.299342645193292,advisor_summarized,1.870595128356297
9,2021-11-03,29.815948547676335,15.688368939896014,advisor_summarized,1.9005129635786064
9,2021-11-04,27.303702796876234,14.224659318051415,advisor_summarized,1.9194626870414546
9,2021-11-05,27.462362931550445,14.952684249859884,advisor_summarized,1.8366175913737885
9,2021-11-06,260.32561336868963,186.5941336945575,advisor_summarized,1.3951436104353943
9,2021-11-07,333.0153675669323,240.37234274076025,advisor_summarized,1.385414660313424
9,2021-11-08,295.8678995132342,213.6176006847431,advisor_summarized,1.3850352150985727
9,2021-11-09,250.33679756786805,180.70019278992845,advisor_summarized,1.3853709489889425
9,2021-11-10,206.6067949138358,150.91035990422995,advisor_summarized,1.3690696586036353
9,2021-11-11,171.35783169027343,126.24263249248708,advisor_summarized,1.3573689672581188
9,2021-11-12,145.89431078334127,105.341786934416,advisor_summarized,1.3849614196707387
9,2021-11-13,129.00884314387545,90.42307925210736,advisor_summarized,1.426724727922477
9,2021-11-14,112.03959527995417,76.51911490088663,advisor_summarized,1.464204015233009
9,2021-11-15,97.42669519507844,65.77901548659365,advisor_summarized,1.481121212811932
9,2021-11-16,85.71317731933989,57.31165431440015,advisor_summarized,1.4955627846499548
9,2021-11-17,76.82810763143374,51.31994456819823,advisor_summarized,1.497041905985267
9,2021-11-18,71.96839580085638,47.850147803045566,advisor_summarized,1.5040370637324498
9,2021-11-19,69.01542128843523,44.67192264038357,advisor_summarized,1.544939577461684
9,2021-11-20,61.8397005769746,39.74417795452603,advisor_summarized,1.555943631485586
9,2021-11-21,57.78162302761215,37.671949439820175,advisor_summarized,1.5338102722800842
9,2021-11-22,56.15435451263166,35.55527274140352,advisor_summarized,1.5793537830815416
9,2021-11-23,54.63067423247083,33.11537552172992,advisor_summarized,1.6497072242657438
9,2021-11-24,50.22177851936011,31.21599890059927,advisor_summarized,1.6088473951860618
9,2021-11-25,46.85877191368784,29.52481877225297,advisor_summarized,1.5870976982160203
9,2021-11-26,46.900297174332216,28.510747177015812,advisor_summarized,1.6450041411801828
9,2021-11-27,44.929503081467665,27.01084777944384,advisor_summarized,1.6633873711901972
9,2021-11-28,42.685391298940814,25.87516288467077,advisor_summarized,1.6496665736635394
9,2021-11-29,42.295563859490066,24.848048759496137,advisor_summarized,1.7021684184890389
9,2021-11-30,40.4905889186438,23.736088414468583,advisor_summarized,1.7058661145684955
9,2021-12-01,38.700834264773526,22.905990804744963,advisor_summarized,1.6895507640191958
9,2021-12-02,37.40264115152844,21.75790318309565,advisor_summarized,1.7190370246976578
9,2021-12-03,36.14404054379991,20.847164307350337,advisor_summarized,1.733762923864718
9,2021-12-04,35.85171353647397,20.688012199770075,advisor_summarized,1.7329704367088699
9,2021-12-05,34.374322364558,19.924835883644867,advisor_summarized,1.7251997740555478
9,2021-12-06,32.71475811153815,19.033451494799007,advisor_summarized,1.7188032407300189
9,2021-12-07,32.876202235863076,18.772266003469127,advisor_summarized,1.7513177274276601
9,2021-12-08,35.28794478650457,20.268112308569425,advisor_summarized,1.7410572947923082
9,2021-12-09,66.28466371038863,43.19858078009357,advisor_summarized,1.5344176246857952
9,2021-12-10,60.28043184351426,39.09170812351244,advisor_summarized,1.542026039206444
9,2021-12-11,52.93264016307497,33.251853312888976,advisor_summarized,1.5918703738103341
9,2021-12-12,52.666056129919554,32.553637620974044,advisor_summarized,1.6178239969098642
9,2021-12-13,52.691553916985455,32.873062057904,advisor_summarized,1.6028793978538514
9,2021-12-14,49.29326196305044,30.37195210367933,advisor_summarized,1.6229862932346366
9,2021-12-15,46.37601677887327,29.2910517556995,advisor_summarized,1.5832827433330166
9,2021-12-16,46.88175197577302,29.903171037865025,advisor_summarized,1.5677852999739992
9,2021-12-17,47.23142517100132,29.7391160253085,advisor_summarized,1.5881919667957367
9,2021-12-18,43.645416023983614,27.263929772340656,advisor_summarized,1.6008483145471577
9,2021-12-19,47.85747038643225,29.54299031344698,advisor_summarized,1.619926414986134
9,2021-12-20,58.36268097175192,37.52718304815612,advisor_summarized,1.5552108160332472
9,2021-12-21,117.20092132034226,82.90196741580588,advisor_summarized,1.4137290702946215
9,2021-12-22,203.9596601950459,145.8718841797094,advisor_summarized,1.3982109118695845
9,2021-12-23,180.23080890039998,129.90538286687183,advisor_summarized,1.3874006213052932
9,2021-12-24,164.6123612808743,118.4812760959194,advisor_summarized,1.389353378905274
9,2021-12-25,155.82752507922967,112.5090554826008,advisor_summarized,1.3850220714307566
9,2021-12-26,150.23358842130736,108.51774623380642,advisor_summarized,1.3844149333660345
9,2021-12-27,143.01602255666387,102.86627219361792,advisor_summarized,1.3903101522671582
9,2021-12-28,134.06703006887895,96.2551083060983,advisor_summarized,1.3928302863941098
9,2021-12-29,121.49282376054438,85.99955227228988,advisor_summarized,1.4127146078141952
9,2021-12-30,110.57861465180146,76.78679843060802,advisor_summarized,1.4400732536300624
9,2021-12-31,102.16251397204307,69.70151473789359,advisor_summarized,1.4657144017058483
9,2022-01-01,93.57804618901896,64.63746877367014,advisor_summarized,1.447736861675154
9,2022-01-02,86.66329301480309,59.063244019257574,advisor_summarized,1.467296530250633
9,2022-01-03,84.40298900246387,54.18376576051861,advisor_summarized,1.5577172944292608
9,2022-01-04,76.4898186271359,51.753983397815425,advisor_summarized,1.4779503645001477
9,2022-01-05,73.35348900249879,49.02432514021799,advisor_summarized,1.496267185579714
9,2022-01-06,70.75653221654179,46.61260504921868,advisor_summarized,1.5179699169748035
9,2022-01-07,67.6438191145687,43.2948482295964,advisor_summarized,1.5623988044916468
9,2022-01-08,61.33961462805597,40.52750289693272,advisor_summarized,1.5135305716725616
9,2022-01-09,57.36425053231251,38.58836685989293,advisor_summarized,1.486568497199979
9,2022-01-10,55.87813656785743,35.66850267453549,advisor_summarized,1.566596082760436
9,2022-01-11,52.73878688868092,33.9712281549262,advisor_summarized,1.5524545255816198
9,2022-01-12,49.43674941210712,32.70043858726872,advisor_summarized,1.5118069221051473
9,2022-01-13,47.4373673601849,30.295922785556986,advisor_summarized,1.5658003783532146
9,2022-01-14,46.74649699576808,28.52486358783768,advisor_summarized,1.6387982663552392
9,2022-01-15,43.464861001235825,27.37230465273134,advisor_summarized,1.587913825769095
9,2022-01-16,63.788086354944895,41.80973978335238,advisor_summarized,1.5256752777099025
9,2022-01-17,79.83459556949438,52.684183752085026,advisor_summarized,1.5153427439470362
9,2022-01-18,67.51074470466482,44.65958768744423,advisor_summarized,1.5116741600291363
9,2022-01-19,58.37260707764357,39.37697041680806,advisor_summarized,1.4824047269194491
9,2022-01-20,53.721802520312686,35.70068332153756,advisor_summarized,1.5047835929768694
9,2022-01-21,50.640420943938494,33.287679448915334,advisor_summarized,1.521296220773016
9,2022-01-22,49.0915560688648,32.50664025915567,advisor_summarized,1.510200859808571
9,2022-01-23,47.84929691383968,31.298447786561265,advisor_summarized,1.5288073466181578
9,2022-01-24,46.2998572491871,29.50739298641628,advisor_summarized,1.5690934563585885
9,2022-01-25,44.699550293613456,28.397727731199417,advisor_summarized,1.5740537664393441
9,2022-01-26,43.88672336071096,27.821079603992143,advisor_summarized,1.577462987971664
9,2022-01-27,35.81061414406707,28.10538184163234,advisor_summarized,1.2741550478072854
9,2022-01-28,47.90504303702402,49.54309179974482,advisor_summarized,0.9669368886111941
9,2022-01-29,39.55842134520303,28.11341910458059,advisor_summarized,1.40710104303029
9,2022-01-30,36.91839128219867,27.295199954880474,advisor_summarized,1.3525598399434893
9,2022-01-31,35.33637462846436,26.606918989859658,advisor_summarized,1.3280896838123815
9,2022-02-01,33.57264682185767,25.398031949067416,advisor_summarized,1.3218601696849355
9,2022-02-02,32.91925323548334,24.45053313297906,advisor_summarized,1.3463613679278676
9,2022-02-03,31.627044589658276,24.064630917663465,advisor_summarized,1.3142542970166224
9,2022-02-04,35.82364322065016,22.367026266454587,advisor_summarized,1.6016274489907232
9,2022-02-05,36.0174167715823,23.76175241021241,advisor_summarized,1.5157727489872592
9,2022-02-06,36.727793051097834,24.07107766870091,advisor_summarized,1.5258059301123095
9,2022-02-07,49.74793280452948,24.07061351088228,advisor_summarized,2.066749681392148
9,2022-02-08,62.41102398264278,34.56084248188551,advisor_summarized,1.8058305151373113
9,2022-02-09,52.55268222583892,43.87769078986556,advisor_summarized,1.1977084773562656
9,2022-02-10,47.04996430687577,36.910049012166176,advisor_summarized,1.2747196377703889
9,2022-02-11,43.56967316041441,32.94412002421874,advisor_summarized,1.3225326136616895
9,2022-02-12,44.51332244711929,30.307059672313613,advisor_summarized,1.468744343014691
9,2022-02-13,44.129030145228704,30.13744560676204,advisor_summarized,1.4642591386486759
9,2022-02-14,40.698948429566265,28.42755972799822,advisor_summarized,1.4316722511177065
9,2022-02-15,38.093496260161636,27.15052836072908,advisor_summarized,1.4030480642601646
9,2022-02-16,36.04008080119559,26.67004262787072,advisor_summarized,1.3513319533855186
9,2022-02-17,36.07466443326923,26.076447241040757,advisor_summarized,1.383419455104783
9,2022-02-18,34.6690510152082,24.768804894566376,advisor_summarized,1.3997062499698432
9,2022-02-19,31.871051998887015,22.376873318326535,advisor_summarized,1.4242853121389754
9,2022-02-20,30.62566725999756,21.41391541030656,advisor_summarized,1.4301759707735355
9,2022-02-21,28.688061683947375,21.229076848141673,advisor_summarized,1.3513570038472322
9,2022-02-22,27.942902418022243,20.079214064388143,advisor_summarized,1.3916332745105242
9,2022-02-23,27.38583900002612,19.32602042973161,advisor_summarized,1.4170449161843528
9,2022-02-24,26.61437205396473,18.47850687049689,advisor_summarized,1.4402880189663865
9,2022-02-25,25.691629580642072,17.364198673602065,advisor_summarized,1.4795747309491334
9,2022-02-26,24.000700550457022,16.67990299331762,advisor_summarized,1.4388992885673433
9,2022-02-27,24.649883303603964,15.91047193179891,advisor_summarized,1.5492867470724319
9,2022-02-28,24.359003370057057,15.001054686849264,advisor_summarized,1.6238193832738625
9,2022-03-01,21.253817596134276,14.760035826006964,advisor_summarized,1.439957046627581
9,2022-03-02,19.97833685088592,12.859321318186304,advisor_summarized,1.5536074071523156
9,2022-03-03,19.273665471195265,11.981647993698171,advisor_summarized,1.6085988739889854
9,2022-03-04,17.932819289728073,11.699602138341774,advisor_summarized,1.532771719728732
9,2022-03-05,17.00195075754057,11.532464442030395,advisor_summarized,1.4742686476948046
9,2022-03-06,15.848713825667252,10.977592619188064,advisor_summarized,1.4437331002759939
9,2022-03-07,15.758125287858606,9.880486088287745,advisor_summarized,1.5948734856818605
9,2022-03-08,17.928878381891224,10.064467565227195,advisor_summarized,1.781403563148797
9,2022-03-09,48.220954323720186,11.059965323476254,advisor_summarized,4.359955290399037
9,2022-03-10,190.42526459839564,34.34549105548336,advisor_summarized,5.544403610091744
9,2022-03-11,560.1416053418345,146.66907376344213,advisor_summarized,3.81908463024229
9,2022-03-12,487.68536154439045,418.8585434810379,advisor_summarized,1.164319957500087
9,2022-03-13,457.20738552015996,372.8225812090007,advisor_summarized,1.2263403789478458
9,2022-03-14,472.3800732643877,353.96084242836673,advisor_summarized,1.3345546078588797
9,2022-03-15,534.750236659236,366.99492183647754,advisor_summarized,1.4571052754171496
9,2022-03-16,542.0748603503549,412.3073331164581,advisor_summarized,1.3147349484498336
9,2022-03-17,510.851064161871,414.8501176986112,advisor_summarized,1.231411158795921
9,2022-03-18,469.7079701332862,393.7249853271942,advisor_summarized,1.1929849200272329
9,2022-03-19,434.3775553133621,362.0244852676119,advisor_summarized,1.199856841153344
9,2022-03-20,377.76026131050315,333.2023337600137,advisor_summarized,1.133726336930707
9,2022-03-21,325.86371912022963,292.044346565231,advisor_summarized,1.1158021819382993
9,2022-03-22,287.69916434220795,255.38147829437787,advisor_summarized,1.126546710684232
9,2022-03-23,504.11679480606915,224.97354115232528,advisor_summarized,2.2407825925838156
9,2022-03-24,605.7585964806804,384.1399461734148,advisor_summarized,1.5769216466938818
9,2022-03-25,632.7098278547625,465.42542011817847,advisor_summarized,1.3594225852427828
9,2022-03-26,686.1480764284195,487.4109199953452,advisor_summarized,1.4077404676016947
9,2022-03-27,649.1342213125577,526.0915219770803,advisor_summarized,1.2338807872688695
9,2022-03-28,581.613622288393,500.1116867754558,advisor_summarized,1.162967468403774
9,2022-03-29,504.75523269251227,452.8732437463189,advisor_summarized,1.1145618330573213
9,2022-03-30,442.62485257048326,399.3633377310867,advisor_summarized,1.1083262051173233
9,2022-03-31,417.1052664130518,348.22650077741355,advisor_summarized,1.1977987473149425
9,2022-04-01,389.4436120414915,327.1883357640824,advisor_summarized,1.1902735197818848
9,2022-04-02,449.7436634647431,306.61892107933636,advisor_summarized,1.4667837910380417
9,2022-04-03,384.54950119593417,353.30308333458925,advisor_summarized,1.0884408298009491
9,2022-04-04,325.2606146401166,304.66372145523354,advisor_summarized,1.0676053357666004
9,2022-04-05,284.3721667569323,260.9363284258396,advisor_summarized,1.0898143944634884
9,2022-04-06,278.16876198313753,228.4505674054495,advisor_summarized,1.2176321781221455
9,2022-04-07,253.3770414378831,221.95590968783392,advisor_summarized,1.1415647449722826
9,2022-04-08,214.28683824760472,208.77760509830543,advisor_summarized,1.0263880464894939
9,2022-04-09,186.3285519556639,181.2600515601548,advisor_summarized,1.0279625893950881
9,2022-04-10,162.85515020740525,159.85330864834523,advisor_summarized,1.01877872647393
9,2022-04-11,138.9322700307329,141.86433811100858,advisor_summarized,0.979331887637742
9,2022-04-12,120.03308887146626,123.00349461932508,advisor_summarized,0.9758510458824627
9,2022-04-13,105.66305742228195,107.27446224913388,advisor_summarized,0.9849786725277672
9,2022-04-14,93.99590701681002,90.31330414844476,advisor_summarized,1.0407758624611088
9,2022-04-15,80.7103944835017,75.94534184994554,advisor_summarized,1.0627431849996944
9,2022-04-16,62.034314642843675,66.30809211815517,advisor_summarized,0.9355466680040198
9,2022-04-17,54.29239752540245,59.08835397891625,advisor_summarized,0.9188341503771609
9,2022-04-18,60.07812851396872,64.22650174748124,advisor_summarized,0.9354102571268378
9,2022-04-19,49.95070985168289,53.91145890048548,advisor_summarized,0.9265323341348694
9,2022-04-20,41.95674745006222,46.7999584443288,advisor_summarized,0.8965124937017229
9,2022-04-21,37.509542599877435,42.69828170693534,advisor_summarized,0.878478971526971
9,2022-04-22,33.23709126201198,38.80480204490795,advisor_summarized,0.8565200570678706
9,2022-04-23,29.731126205150378,35.42076075960241,advisor_summarized,0.8393700634193861
9,2022-04-24,27.116796086928186,32.71380637472387,advisor_summarized,0.8289098424168646
9,2022-04-25,24.776822794173192,30.29427241272327,advisor_summarized,0.8178715255682191
9,2022-04-26,21.745586604547373,27.38633898248941,advisor_summarized,0.7940304331459315
9,2022-04-27,20.70820396634695,26.12052025729176,advisor_summarized,0.7927944681946404
9,2022-04-28,18.843596947537403,24.05610765136014,advisor_summarized,0.7833186158223723
9,2022-04-29,16.29411735548701,21.40610747082799,advisor_summarized,0.7611901125738276
9,2022-04-30,15.437884074039932,20.580666461885304,advisor_summarized,0.7501158479308904
9,2022-05-01,17.62212765656762,22.706016455393897,advisor_summarized,0.7760994840810758
9,2022-05-02,56.3501323699435,60.63037877836299,advisor_summarized,0.9294042607903521
9,2022-05-03,48.026559976454124,52.85787915167928,advisor_summarized,0.9085979374737803
9,2022-05-04,56.89411887702695,61.59999268018109,advisor_summarized,0.9236059356762198
9,2022-05-05,55.1110551649501,59.86350701693133,advisor_summarized,0.9206118704232099
9,2022-05-06,51.179242827526075,56.74965976544073,advisor_summarized,0.9018422848535399
9,2022-05-07,130.72407341320357,127.5309248558636,advisor_summarized,1.0250382294408111
9,2022-05-08,123.78135472152437,120.8129657198677,advisor_summarized,1.0245701194732653
9,2022-05-09,105.12100692927393,104.13445027212454,advisor_summarized,1.0094738739636242
9,2022-05-10,90.64247507158017,92.29582552936284,advisor_summarized,0.9820864004596104
9,2022-05-11,78.53116697227121,81.47864621724109,advisor_summarized,0.9638251323283991
9,2022-05-12,68.76443210657571,72.55420155470323,advisor_summarized,0.9477663682196245
9,2022-05-13,78.17722829589599,78.32952102306056,advisor_summarized,0.998055742902861
9,2022-05-14,85.37675340264397,87.60551941769403,advisor_summarized,0.9745590685396941
9,2022-05-15,70.80573106837828,74.17584268277541,advisor_summarized,0.9545659140158348
9,2022-05-16,90.48670755850245,92.02142066667628,advisor_summarized,0.9833222189240814
9,2022-05-17,74.14458033900408,76.91835423141681,advisor_summarized,0.963938725416985
9,2022-05-18,59.87358886041835,64.09279615955543,advisor_summarized,0.9341703350149742
9,2022-05-19,48.7226776194595,53.77144461611989,advisor_summarized,0.9061069117130092
9,2022-05-20,41.33311195136224,45.83216186653789,advisor_summarized,0.901836401951172
9,2022-05-21,44.57500909104573,49.10747763469434,advisor_summarized,0.9077030879621797
9,2022-05-22,53.90398900562342,58.896019591492234,advisor_summarized,0.9152399326729725
9,2022-05-23,47.26111769121732,52.37832030473061,advisor_summarized,0.9023030409577468
9,2022-05-24,40.50275613000789,45.93483751087897,advisor_summarized,0.8817437553886073
9,2022-05-25,34.44656980124197,39.6824031999812,advisor_summarized,0.8680565445506659
9,2022-05-26,29.887458610951764,35.63786611081353,advisor_summarized,0.8386433272412758
9,2022-05-27,27.174435350834976,32.77411519699037,advisor_summarized,0.8291432182837506
9,2022-05-28,25.482432674885377,30.925613769436712,advisor_summarized,0.823991170065936
9,2022-05-29,22.13224923906251,27.42972987864971,advisor_summarized,0.8068708418557718
9,2022-05-30,19.11367706572869,24.34785025265324,advisor_summarized,0.7850252431894199
9,2022-05-31,17.06451376384959,22.28241593001555,advisor_summarized,0.7658287062518576
9,2022-06-01,15.348928391876756,20.68730474616741,advisor_summarized,0.7419491606184389
9,2022-06-02,12.907715806712934,17.963322711054754,advisor_summarized,0.7185594789080662
9,2022-06-03,10.737652903208938,15.576770773099142,advisor_summarized,0.6893375436809219
9,2022-06-04,9.090800897060836,13.777569164092188,advisor_summarized,0.6598261847782082
9,2022-06-05,8.307985079388773,12.572273137114598,advisor_summarized,0.66081805484028
9,2022-06-06,7.440092661211713,11.51648334519028,advisor_summarized,0.6460385899241522
9,2022-06-07,7.440473613203042,11.668585458546715,advisor_summarized,0.6376500081895727
9,2022-06-08,5.749263774144624,9.872792892971082,advisor_summarized,0.5823340807886087
9,2022-06-09,4.825726992746125,8.698152906235014,advisor_summarized,0.5547990527146223
9,2022-06-10,5.913266362895193,9.87052754905355,advisor_summarized,0.5990831121749106
9,2022-06-11,8.993364495385684,13.52530943812882,advisor_summarized,0.6649285575702055
9,2022-06-12,9.86157631339524,14.249469635266031,advisor_summarized,0.6920662007650314
9,2022-06-13,10.783685620600998,15.327605928588447,advisor_summarized,0.703546638062223
9,2022-06-14,7.132373707775456,11.485506278338791,advisor_summarized,0.6209890565491946
9,2022-06-15,12.36590881963431,17.19112858791268,advisor_summarized,0.7193191974800859
9,2022-06-16,9.249388300690889,13.620539602651457,advisor_summarized,0.679076495536957
9,2022-06-17,6.2150574081141565,10.465529640087654,advisor_summarized,0.5938598066081348
9,2022-06-18,4.6755737753675986,8.446186037381013,advisor_summarized,0.5535721987030015
9,2022-06-19,6.261485375758149,10.063290097369537,advisor_summarized,0.6222105608775852
9,2022-06-20,4.268586904680048,7.701807563949664,advisor_summarized,0.5542318305458958
9,2022-06-21,2.0956124067320934,4.954263428037003,advisor_summarized,0.42299171959098364
9,2022-06-22,0.8581506876067493,3.079852574690436,advisor_summarized,0.27863369002102456
9,2022-06-23,0.520691179399844,1.9039685666384736,advisor_summarized,0.27347677294859096
9,2022-06-24,1.0565584051768944,2.1586612237705665,advisor_summarized,0.4894507732581529
9,2022-06-25,1.6191714055942987,4.129609422702855,advisor_summarized,0.39208826788624984
9,2022-06-26,0.28732846641321524,1.2368844678292934,advisor_summarized,0.2323001653642484
9,2022-07-01,3.614479728600205,6.571939290460055,advisor_summarized,0.5499867799824397
9,2022-07-02,2.917959908155283,6.031572691079199,advisor_summarized,0.4837809403293766
9,2022-07-03,1.8408502618779188,4.487295608258938,advisor_summarized,0.4102360135333641
9,2022-07-04,1.2786889082021724,3.636773860629285,advisor_summarized,0.35159978519558427
9,2022-07-05,0.6317866051818323,2.576673532266226,advisor_summarized,0.24519466563005585
9,2022-07-06,2.4904919790226416,5.395277564661602,advisor_summarized,0.46160590426988496
9,2022-07-07,0.9238488164113189,3.010816179032085,advisor_summarized,0.3068433147281403
9,2022-07-08,2.0952742765695618,4.3429403619235165,advisor_summarized,0.48245522663395524
9,2022-07-09,3.3291035092328745,6.687220497879999,advisor_summarized,0.4978306772280465
9,2022-07-10,2.9889984378633683,6.338214415272085,advisor_summarized,0.4715836735755266
9,2022-07-11,2.7635645492801513,5.737574424294659,advisor_summarized,0.48166077595061196
9,2022-07-12,7.499360529794034,11.70750210266487,advisor_summarized,0.6405602547862899
9,2022-07-13,4.196906476379787,7.582881959725756,advisor_summarized,0.5534711602620771
9,2022-07-14,2.2105965596156527,4.996378325930033,advisor_summarized,0.4424397864635619
9,2022-07-15,1.3428320985426343,3.871556699124691,advisor_summarized,0.3468455205231093
9,2022-07-16,1.1435373070196424,3.5471806050335206,advisor_summarized,0.3223792172851137
9,2022-07-17,1.1436686371784268,3.47162058356253,advisor_summarized,0.3294336491128905
9,2022-07-18,0.4736212159194939,2.266052334247183,advisor_summarized,0.20900718344478927
9,2022-07-19,1.059380051768752,3.222658192897102,advisor_summarized,0.32872864212024655
9,2022-07-20,4.063032495150549,7.649214226808013,advisor_summarized,0.5311699182003478
9,2022-07-21,6.287409746641599,10.281007077927947,advisor_summarized,0.6115558231780513
9,2022-07-22,12.52085024903725,16.94590848163468,advisor_summarized,0.7388715844067529
9,2022-07-23,22.850678086053318,28.356852370173996,advisor_summarized,0.8058256180113939
9,2022-07-24,33.130741745055936,37.94674879767634,advisor_summarized,0.8730851204592444
9,2022-07-25,77.9215367899806,80.76842363926433,advisor_summarized,0.9647524772552358
9,2022-07-26,51.01028765130839,55.50759365419348,advisor_summarized,0.9189785449734529
9,2022-07-27,35.93484525371719,41.35638275309001,advisor_summarized,0.8689068738980142
9,2022-07-28,27.32408005307649,32.79558908642223,advisor_summarized,0.8331632641533793
9,2022-07-29,21.01335319097403,26.4295837628117,advisor_summarized,0.7950693957027545
9,2022-07-30,17.173328136845626,22.105065413760627,advisor_summarized,0.7768956035821117
9,2022-07-31,13.214044747486025,18.121933075831535,advisor_summarized,0.7291741279581837
9,2022-08-01,11.330286126371933,16.2640530839351,advisor_summarized,0.6966459140227155
9,2022-08-02,9.883408265471319,14.632801127431518,advisor_summarized,0.6754283188434301
9,2022-08-03,12.84824976898404,17.53541078542271,advisor_summarized,0.7327030958216768
9,2022-08-04,29.15441420914906,34.59395498350924,advisor_summarized,0.8427603673256445
9,2022-08-05,20.94979413957931,26.13174613572055,advisor_summarized,0.8016989768219959
9,2022-08-06,17.07442553051942,22.11787371979951,advisor_summarized,0.7719740942021345
9,2022-08-07,17.801744540437973,23.264725284715016,advisor_summarized,0.7651818073318821
9,2022-08-08,14.905782592239854,19.931533079147993,advisor_summarized,0.7478492764730683
9,2022-08-09,11.295167839760671,16.03503890402223,advisor_summarized,0.7044053904307891
9,2022-08-10,8.988616009333148,13.446880571696733,advisor_summarized,0.6684536210020761
9,2022-08-11,7.369951704690092,11.819112540240043,advisor_summarized,0.6235621904434807
9,2022-08-12,5.7724711286949315,9.76122139565394,advisor_summarized,0.5913677084780651
9,2022-08-13,6.157957616686561,9.866119290137368,advisor_summarized,0.6241519523124297
9,2022-08-14,9.162499958587738,13.664787623776162,advisor_summarized,0.6705190165301486
9,2022-08-15,5.66977341650259,9.595303806024967,advisor_summarized,0.590890453405185
9,2022-08-16,3.1660729938147525,6.371450169023913,advisor_summarized,0.49691560160154014
9,2022-08-17,1.588039865926071,3.957928587157872,advisor_summarized,0.4012300452005927
9,2022-08-18,3.2003496090109387,6.480643809880655,advisor_summarized,0.4938320486201625
9,2022-08-19,3.0922739626313653,6.173977122323205,advisor_summarized,0.5008560772683547
9,2022-08-20,1.7462358745916233,4.154459071321807,advisor_summarized,0.42032809677819993
9,2022-08-21,5.362815189942278,9.252753904242413,advisor_summarized,0.5795912487722615
9,2022-08-22,9.013979220600396,13.651760394076712,advisor_summarized,0.660279624048443
9,2022-08-23,7.596694679705193,11.89898852114108,advisor_summarized,0.6384319697601231
9,2022-08-24,5.502298551949953,9.174489492449537,advisor_summarized,0.5997389344091854
9,2022-08-25,16.372420829521083,21.593506085921035,advisor_summarized,0.7582103973470015
9,2022-08-26,17.737451275267972,23.0161647258666,advisor_summarized,0.7706519086272366
9,2022-08-27,39.88580904719565,45.407972183426466,advisor_summarized,0.8783878056935923
9,2022-08-28,44.22589432344532,48.72419342475865,advisor_summarized,0.9076783259991826
9,2022-08-29,49.88438373229085,54.72952268466492,advisor_summarized,0.911471200282701
9,2022-08-30,31.330024986833845,36.94875490384201,advisor_summarized,0.8479318198507437
9,2022-08-31,23.401222504628645,28.955356529534935,advisor_summarized,0.8081828479908033
9,2022-09-01,24.697661258960803,29.949198449120733,advisor_summarized,0.8246518283592292
9,2022-09-02,21.588052897276192,26.933420764532872,advisor_summarized,0.8015340155270697
9,2022-09-03,21.447290202255278,27.006376373620935,advisor_summarized,0.794156531981254
9,2022-09-04,22.868905802594945,28.528565367391053,advisor_summarized,0.8016142945882145
9,2022-09-05,27.01351795214714,32.42293610468782,advisor_summarized,0.833160755858919
9,2022-09-06,18.293931718535024,23.67762341367687,advisor_summarized,0.772625334853832
9,2022-09-07,13.261890655044366,18.497068485277428,advisor_summarized,0.7169725659825527
9,2022-09-08,14.254049710005127,19.388908431792544,advisor_summarized,0.735165146617143
9,2022-09-09,51.206885837011306,54.862689390512834,advisor_summarized,0.9333644851516574
9,2022-09-10,187.56476000252042,176.06812519527202,advisor_summarized,1.0652965140311332
9,2022-09-11,220.28777031599282,204.5478790497472,advisor_summarized,1.0769496674292947
9,2022-09-12,126.77722647992248,124.60959927240874,advisor_summarized,1.017395346908829
9,2022-09-13,93.8296771185635,97.54283617207692,advisor_summarized,0.9619330419410507
9,2022-09-14,73.99646583833503,76.82171944921765,advisor_summarized,0.963223244270779
9,2022-09-15,58.06392250513161,62.17787020952784,advisor_summarized,0.9338358214822574
9,2022-09-16,48.301873592199144,53.056435895601595,advisor_summarized,0.9103867000648529
9,2022-09-17,42.43229746534896,47.84397918169043,advisor_summarized,0.8868889710074014
9,2022-09-18,40.77687196390573,46.21329557861888,advisor_summarized,0.8823623473148627
9,2022-09-19,52.13671271983142,56.81325787209517,advisor_summarized,0.9176856718410313
9,2022-09-20,44.47915456349156,49.46582942567533,advisor_summarized,0.8991895027318509
9,2022-09-21,37.59389596041766,42.973177968080016,advisor_summarized,0.8748223365826464
9,2022-09-22,30.892948928945938,36.69641736782899,advisor_summarized,0.8418519066667571
9,2022-09-23,28.470418817972046,33.594053708537736,advisor_summarized,0.8474838751221158
9,2022-09-24,25.94590292305725,31.559896841568477,advisor_summarized,0.8221162145524865
9,2022-09-25,23.48211967181861,29.196348958593713,advisor_summarized,0.8042827445692258
9,2022-09-26,21.317521053472063,26.641259186104303,advisor_summarized,0.8001694253472439
9,2022-09-27,19.605271327197077,24.844725727141658,advisor_summarized,0.7891120047978339
9,2022-09-28,20.60739847458378,26.301688268520618,advisor_summarized,0.7835009777394368
9,2022-09-29,24.93244108537822,30.66006158230661,advisor_summarized,0.8131895305704897
9,2022-09-30,23.71573742356277,29.13187690498204,advisor_summarized,0.8140820277703076
9,2022-10-01,20.118289001058102,25.25330977397442,advisor_summarized,0.7966594945820381
9,2022-10-02,16.92248675794975,21.99738600653917,advisor_summarized,0.7692953495892283
9,2022-10-03,15.989826332111498,21.09447514952407,advisor_summarized,0.7580101528372114
9,2022-10-04,14.957944353929642,20.15379968309697,advisor_summarized,0.7421897899717094
9,2022-10-05,13.171819680235824,18.150059396585757,advisor_summarized,0.7257177176353263
9,2022-10-06,11.969810821747686,16.729110884673094,advisor_summarized,0.7155078894667503
9,2022-10-07,10.186918898000052,14.77120643702642,advisor_summarized,0.6896470468698407
9,2022-10-08,9.074538576513115,13.535394678394733,advisor_summarized,0.6704302897792808
9,2022-10-09,7.8199116649113805,12.210151600931349,advisor_summarized,0.6404434539793022
9,2022-10-10,7.396293640640711,11.667193011748424,advisor_summarized,0.6339394259778613
9,2022-10-11,6.872449363561417,11.115134813563524,advisor_summarized,0.6182965370042239
9,2022-10-12,6.506075686102424,10.848557309920118,advisor_summarized,0.5997180546903826
9,2022-10-13,9.020556503023345,13.777551167550495,advisor_summarized,0.6547285793624169
9,2022-10-14,7.8971531215558155,11.982897010271069,advisor_summarized,0.6590353830786343
9,2022-10-15,6.032952396217853,9.86385460608457,advisor_summarized,0.6116221940757718
9,2022-10-16,4.481172625322575,8.27807308872404,advisor_summarized,0.5413304010841116
9,2022-10-17,4.049756733226641,7.783009468212895,advisor_summarized,0.5203330086859743
9,2022-10-18,4.434546660411652,7.8865972447755555,advisor_summarized,0.5622889723891124
9,2022-10-19,3.236062647294975,6.25114788661737,advisor_summarized,0.5176749464242922
9,2022-10-20,2.054355150886804,4.886767454560635,advisor_summarized,0.4203914284829642
9,2022-10-21,1.3343130116503332,3.525592510269169,advisor_summarized,0.37846489852806675
9,2022-10-22,0.6711421846781344,1.8504578326455272,advisor_summarized,0.36268980186304955
9,2022-10-23,0.2251310043195053,9.421812760298137,advisor_summarized,0.02389465913270616
9,2022-11-10,48.83698031489184,24.63039483804304,advisor_summarized,1.9827932372184451
9,2022-11-11,29.52310514140626,34.516260609791,advisor_summarized,0.8553390378861503
9,2022-11-12,22.141106892978502,27.395745218611708,advisor_summarized,0.8081950943950453
9,2022-11-13,18.776673635935275,23.803921485314877,advisor_summarized,0.7888058968569102
9,2022-11-14,15.713387743755867,24.119523700433515,advisor_summarized,0.6514800183833415
9,2022-11-15,13.573683584922753,26.612952009921713,advisor_summarized,0.5100405088417954
9,2022-11-16,12.937021608694337,25.374622347532704,advisor_summarized,0.5098409517788258
9,2022-11-17,11.98826285521421,24.086016895965106,advisor_summarized,0.4977270798652676
9,2022-11-18,10.24754623538193,21.90234903555479,advisor_summarized,0.4678743005486196
9,2022-11-19,9.661580045314174,21.25311277709461,advisor_summarized,0.4545959994964537
9,2022-11-20,9.621664762625551,21.171819595982157,advisor_summarized,0.45445620387070956
9,2022-11-21,8.670434507745965,20.04923373588788,advisor_summarized,0.432457151328731
9,2022-11-22,7.687271619651055,18.724599147798543,advisor_summarized,0.4105439886308514
9,2022-11-23,7.623377680710308,18.47532497822632,advisor_summarized,0.4126248220096085
9,2022-11-24,7.2850484662954615,18.073353232140988,advisor_summarized,0.4030822821157503
9,2022-11-25,7.137852973561025,18.01850407878429,advisor_summarized,0.39614015360827987
9,2022-11-26,7.390935718692433,18.102579448651827,advisor_summarized,0.408280805487246
9,2022-11-27,6.364049258843352,16.80835028147042,advisor_summarized,0.37862426426578577
9,2022-11-28,6.038271730650234,15.978012907663654,advisor_summarized,0.3779113063398548
9,2022-11-29,5.469155979178244,15.218976925235788,advisor_summarized,0.3593642336173994
9,2022-11-30,6.693677225623645,16.820932823664204,advisor_summarized,0.39793733770857076
9,2022-12-01,9.189048673610829,20.423962325662988,advisor_summarized,0.44991508146608084
9,2022-12-02,7.186261598595007,17.99314822431168,advisor_summarized,0.3993887844977121
9,2022-12-03,6.155498459434123,16.488552276718067,advisor_summarized,0.37331952230431553
9,2022-12-04,5.752474730889145,16.101414704310987,advisor_summarized,0.35726517430477583
9,2022-12-05,5.964455757170726,16.08688960189605,advisor_summarized,0.3707650083250237
9,2022-12-06,5.434805949665649,15.154986333896383,advisor_summarized,0.3586150346773917
9,2022-12-07,5.290889785136084,15.029529880780643,advisor_summarized,0.352032952933673
9,2022-12-08,5.18038200012691,15.271613486226563,advisor_summarized,0.3392164164447382
9,2022-12-09,5.929957523264756,16.14745270049239,advisor_summarized,0.36723795593368924
9,2022-12-10,6.089655593123151,16.282205842185093,advisor_summarized,0.374006793191721
9,2022-12-11,7.480146238051356,18.50526176297606,advisor_summarized,0.4042172617637364
9,2022-12-12,7.616385284099089,18.607450913198875,advisor_summarized,0.4093191119852176
9,2022-12-13,7.328773331417179,18.086972968696575,advisor_summarized,0.405196234002296
9,2022-12-14,5.7596255489608374,16.10480621959979,advisor_summarized,0.3576339553810518
9,2022-12-15,11.184415802426305,22.798966757998382,advisor_summarized,0.4905667840628156
9,2022-12-16,12.70858296860804,25.159337759601,advisor_summarized,0.5051239062824038
9,2022-12-17,9.425003603717299,21.081276994057593,advisor_summarized,0.4470793494328653
9,2022-12-18,6.259404995675468,16.195174041455733,advisor_summarized,0.38649816171489754
9,2022-12-19,5.070824422208093,14.745487248642336,advisor_summarized,0.3438899194514566
9,2022-12-20,5.013598175680433,14.94291851599179,advisor_summarized,0.3355166643192841
9,2022-12-21,8.542613007851157,20.16157091721088,advisor_summarized,0.4237077082400744
9,2022-12-22,8.849064032336832,20.43813487284041,advisor_summarized,0.43296827657674736
9,2022-12-23,6.764015786014735,16.59388396158016,advisor_summarized,0.4076210127584035
9,2022-12-24,5.396438675742277,15.191877653426666,advisor_summarized,0.35521867664100504
9,2022-12-25,5.698379408650984,15.74100913144336,advisor_summarized,0.3620085193437961
9,2022-12-26,6.200466659507894,16.476903221430998,advisor_summarized,0.3763126223526724
9,2022-12-27,5.737353828708854,15.970382606988103,advisor_summarized,0.3592496166120892
9,2022-12-28,5.239607442949403,14.98828814068612,advisor_summarized,0.3495801117357989
9,2022-12-29,4.815427128166548,14.5631543807267,advisor_summarized,0.3306582490493559
9,2022-12-30,4.297832752489514,13.756632945620431,advisor_summarized,0.31241894506299045
9,2022-12-31,3.0974853216740064,11.640872102927773,advisor_summarized,0.2660870503761453
9,2023-01-01,3.4681200859973993,12.080581994865478,advisor_summarized,0.2870822024527816
9,2023-01-02,3.034719870708297,11.52378286548465,advisor_summarized,0.2633440690554583
9,2023-01-03,2.249060862512471,10.122688884022812,advisor_summarized,0.2221801823883262
9,2023-01-04,3.7892150357439243,12.092094746147485,advisor_summarized,0.3133629958490989
9,2023-01-05,11.162492878879503,22.98434418384505,advisor_summarized,0.48565635763169857
9,2023-01-06,8.613557938030263,19.754735705935605,advisor_summarized,0.4360249646590914
9,2023-01-07,6.095562163386799,16.380629589130514,advisor_summarized,0.37212013923027437
9,2023-01-08,5.064035524145981,14.987742492500102,advisor_summarized,0.3378784714696049
9,2023-01-09,4.000505341595334,13.131422765824423,advisor_summarized,0.3046513247602513
9,2023-01-10,3.0547059698762253,11.44416425380539,advisor_summarized,0.26692259059987544
9,2023-01-11,2.185005362283051,9.916002238287598,advisor_summarized,0.22035143899487272
9,2023-01-12,1.5800487135284549,8.980718984567794,advisor_summarized,0.17593788606942992
9,2023-01-13,7.8455450613163915,18.19952446126793,advisor_summarized,0.4310851680775073
9,2023-01-14,8.216395805445721,19.336739596626128,advisor_summarized,0.42491112653134744
9,2023-01-15,5.925885672887487,16.164490335080625,advisor_summarized,0.36659898023675797
9,2023-01-16,4.932802928636814,14.721314932987925,advisor_summarized,0.335078962109781
9,2023-01-17,3.9709193832599263,13.034336083060031,advisor_summarized,0.30465068247094684
9,2023-01-18,3.0973051294905605,11.572618326162647,advisor_summarized,0.26764082614634993
9,2023-01-19,2.3416161405187097,10.136248556189816,advisor_summarized,0.23101408055831218
9,2023-01-20,1.6398144904389937,6.600526754713544,advisor_summarized,0.2484369128975919
9,2023-01-21,1.623886782401831,0.3985448778444345,advisor_summarized,4.0745393371626495
9,2023-01-22,3.032628584145988,1.3391316884232929,advisor_summarized,2.2646231213575683
9,2023-01-23,3.885235204348512,1.6228549999875383,advisor_summarized,2.394074149802876
9,2023-01-24,3.136396571845163,1.3889508183420152,advisor_summarized,2.2581048446258642
9,2023-01-25,1.9351098834333718,0.6293131075492121,advisor_summarized,3.0749556305436507
9,2023-01-27,2.9287485893080274,5.609521825400667e-4,advisor_summarized,5221.030741062921
9,2023-01-30,0.9902904138372786,4.027892046973304,advisor_summarized,0.24585823112648134
9,2023-01-31,0.6044163896428711,6.357164067339592,advisor_summarized,0.09507641823310897
9,2023-02-01,0.3973359835635457,4.377099109692778,advisor_summarized,0.09077609933110108
9,2023-02-03,11.475354435476115,17.302939638906153,advisor_summarized,0.6632025930249131
9,2023-02-04,12.146189646712239,26.173148215006993,advisor_summarized,0.46407064014362376
9,2023-02-05,9.284768713998934,16.666819532200225,advisor_summarized,0.5570810133307558
9,2023-02-06,6.319696632463486,18.571077790340148,advisor_summarized,0.34029778474950506
9,2023-02-07,3.4480330765847937,13.264638971970763,advisor_summarized,0.2599417205301073
9,2023-02-08,2.040839772790899,9.24340023003776,advisor_summarized,0.22078885713061477
9,2023-02-09,1.001549448633809,6.772517213489585,advisor_summarized,0.14788437106352573
9,2023-02-10,0.9284396493950121,9.695225659852388,advisor_summarized,0.09576256210720811
9,2023-02-11,11.292649902925145,18.87084561292986,advisor_summarized,0.5984177993161942
9,2023-02-12,18.58625593192121,34.980787264263554,advisor_summarized,0.5313275482198472
9,2023-02-13,12.359140214653463,26.733317328917185,advisor_summarized,0.4623122548762287
9,2023-02-14,8.29346268106814,21.011930792595734,advisor_summarized,0.39470255079988287
9,2023-02-15,5.738215401238766,16.454679239522473,advisor_summarized,0.34872848736280154
9,2023-02-16,4.148467905062335,12.358171738366307,advisor_summarized,0.33568621580029473
9,2023-02-17,2.60990472279396,12.599007070776151,advisor_summarized,0.20715161981674948
9,2023-02-18,3.156542117756397,15.097452388199182,advisor_summarized,0.20907779912746643
9,2023-02-19,2.140196631189831,7.64565364114813,advisor_summarized,0.2799233043557598
9,2023-02-20,1.4399405520059314,6.79117696846822,advisor_summarized,0.21203107483307365
9,2023-02-21,0.5086798384065726,6.548137588976089,advisor_summarized,0.07768313226388898
9,2023-02-22,0.2724359961434669,5.616010316036012,advisor_summarized,0.048510593964820624
9,2023-02-23,0.026360611457617852,2.766350931398037,advisor_summarized,0.009529019315093161
9,2023-03-13,28.929541040356458,0.4755828701172657,advisor_summarized,60.82965316480644
9,2023-03-14,47.168594654106116,0.01204319944000601,advisor_summarized,3916.616584245704
9,2023-03-17,19.48439198410663,14.717576903851018,advisor_summarized,1.3238858618777334
9,2023-03-18,17.316322276002353,34.73220182907418,advisor_summarized,0.4985667871337467
9,2023-03-19,17.673441716882085,27.828117212387117,advisor_summarized,0.6350929738435597
9,2023-03-20,10.839198093374922,24.401177509537053,advisor_summarized,0.4442079932060035
9,2023-03-21,5.481999353056652,15.76814779372569,advisor_summarized,0.34766285963136373
9,2023-03-22,3.1000226296587474,11.373863272981463,advisor_summarized,0.27255669909650054
9,2023-03-23,1.091484086713043,5.789723199599649,advisor_summarized,0.18852094462625046
9,2023-03-24,5.368941101422982e-4,3.1331903347605707,advisor_summarized,1.7135700445192585e-4
9,2023-05-22,63.93741895967837,17.8070381073676,advisor_summarized,3.5905701203180156
9,2023-05-23,115.08380092552125,58.69687004791758,advisor_summarized,1.9606462973506393
9,2023-05-24,81.07403656137062,40.143416800587495,advisor_summarized,2.0196097647618303
9,2023-05-25,46.106303761402174,17.529485979258066,advisor_summarized,2.63021424678156
9,2023-05-26,29.609125864619347,7.315423720549311,advisor_summarized,4.047492940353702
9,2023-05-27,20.6376312524149,3.57243076169369,advisor_summarized,5.776915671454636
9,2023-05-28,14.091774924294887,1.278416849994915,advisor_summarized,11.022832595135881
9,2023-05-29,9.377164396162488,0.2911898665216479,advisor_summarized,32.202921441517134
9,2023-05-30,5.722364501854715,0.00367730916464177,advisor_summarized,1556.1282028926623
9,2023-06-27,31.008495582299727,5.720314575260165,advisor_summarized,5.420767542471986
9,2023-06-28,22.41691565313569,4.945136947152638,advisor_summarized,4.533123327563887
9,2023-06-29,16.213752013002576,0.1240874999130242,advisor_summarized,130.66386239038718
9,2023-06-30,12.13285565694746,0.05922971244077504,advisor_summarized,204.84407499157356
9,2023-07-01,9.11078055969102,0.0491139264978593,advisor_summarized,185.5029969979722
9,2023-07-06,4.7382761597117415,0.3386824031273703,advisor_summarized,13.990322839211077
9,2023-07-07,3.6184760339521254,0.03152015567969737,advisor_summarized,114.79879955931953
9,2023-07-10,8.032393978525324,0.13158050522912698,advisor_summarized,61.0454714741987
9,2023-07-11,17.607765991638423,2.1242406846798114,advisor_summarized,8.288969380271736
9,2023-07-12,31.203929320934364,7.967063001912275,advisor_summarized,3.9166163633254456
9,2023-07-13,40.19714109954203,12.771853978586092,advisor_summarized,3.1473223203881364
9,2023-07-14,33.43990295502348,9.21378028059349,advisor_summarized,3.6293358357433614
9,2023-07-15,23.961589771255678,4.604884800949766,advisor_summarized,5.203515572488057
9,2023-07-16,19.439253730708064,2.659968818699558,advisor_summarized,7.308075791734955
9,2023-07-17,17.35109536887226,1.8881969957128104,advisor_summarized,9.189240004230637
9,2023-07-18,13.589116576188925,0.7265023922602724,advisor_summarized,18.7048476659669
9,2023-07-19,10.564927551674645,0.1339241636546641,advisor_summarized,78.88738867854565
9,2023-07-20,8.650879938130183,0.01602087086832145,advisor_summarized,539.975636108261
9,2023-07-23,10.57808654698807,0.5354562924582237,advisor_summarized,19.755275446339763
9,2023-07-24,15.933883468026716,1.365593997756578,advisor_summarized,11.668097175443933
9,2023-07-25,11.971993046430995,0.3105244436298032,advisor_summarized,38.554108354521695
9,2023-07-26,9.338001264800686,0.0497208264730126,advisor_summarized,187.80864935680734
9,2023-07-30,14.028438599139491,2.8294351127937585,advisor_summarized,4.958035098846263
9,2023-07-31,47.20761852623794,16.67055262175021,advisor_summarized,2.83179685745065
9,2023-08-01,43.57779842596079,14.990745025706447,advisor_summarized,2.9069801635097297
9,2023-08-02,74.07160368085118,32.4649843703047,advisor_summarized,2.281584455300201
9,2023-08-03,47.62349269188747,16.770340820151965,advisor_summarized,2.8397450715289594
9,2023-08-04,44.19703523320302,17.31009139098284,advisor_summarized,2.553252564352497
9,2023-08-05,97.8851214697338,47.739798226650144,advisor_summarized,2.0503882526904076
9,2023-08-06,86.5669042108624,40.45650245716735,advisor_summarized,2.1397525478756765
9,2023-08-07,57.47899351699223,22.522079092207928,advisor_summarized,2.5521175590258234
9,2023-08-08,40.722923514433845,12.98461249138914,advisor_summarized,3.136244808340612
9,2023-08-09,31.549241810754957,8.224541192758453,advisor_summarized,3.8359880595568594
9,2023-08-10,25.580403162281556,5.404789814846564,advisor_summarized,4.732913589352551
9,2023-08-11,19.883160030369133,2.9018723500631007,advisor_summarized,6.851838272602438
9,2023-08-12,16.5353238219286,1.6423506822315517,advisor_summarized,10.068083510314102
9,2023-08-13,13.118227879330522,0.6628229253824196,advisor_summarized,19.791451648661493
9,2023-08-14,10.94107054727539,0.18205004702705552,advisor_summarized,60.09924592685974
9,2023-08-15,11.747365537986795,0.2975167309948566,advisor_summarized,39.48472241781213
9,2023-08-16,13.2040514254076,0.7688637464269482,advisor_summarized,17.17346082029393
9,2023-08-17,28.223149319039937,6.637150471476535,advisor_summarized,4.252299151620901
9,2023-08-18,27.462553829270963,6.248571186221402,advisor_summarized,4.395013357586144
9,2023-08-19,20.64618215896735,3.1970497620101335,advisor_summarized,6.457885768404848
9,2023-08-20,19.233256873300714,2.5156828040644243,advisor_summarized,7.645342585411323
9,2023-08-21,22.12474922081246,3.6438838204065966,advisor_summarized,6.071749350763798
9,2023-08-22,16.720616326916637,1.695840835323977,advisor_summarized,9.859779278001817
9,2023-08-23,13.31585507897787,0.7094791800401598,advisor_summarized,18.76849307716702
9,2023-08-24,10.750655039927924,0.1797372623600655,advisor_summarized,59.81316783601203
9,2023-08-25,9.440542304152874,0.05892787741857856,advisor_summarized,160.20502888801653
9,2023-08-26,11.095844145628423,0.2562457879695393,advisor_summarized,43.30156695862419
9,2023-08-27,9.791722520731101,0.11667039331696036,advisor_summarized,83.92636934144697
9,2023-08-28,8.494841122888422,0.01320621462910177,advisor_summarized,643.2457264603919
9,2023-08-29,8.692824751621536,0.15732212885374555,advisor_summarized,55.25493975296264
9,2023-08-30,42.63421257610885,15.67926779724102,advisor_summarized,2.71914563405894
9,2023-08-31,59.927083221906365,24.541733890024123,advisor_summarized,2.44184390110537
9,2023-09-01,61.12560892141277,24.979712182043404,advisor_summarized,2.447010136704167
9,2023-09-02,108.51571110138433,54.03936133158692,advisor_summarized,2.0080864841375368
9,2023-09-03,75.69294555002165,33.47962582021458,advisor_summarized,2.2608659354943925
9,2023-09-04,50.515617921950444,18.487592606782147,advisor_summarized,2.732406484520806
9,2023-09-05,36.88410849947978,10.891120230365734,advisor_summarized,3.3866221030819688
9,2023-09-06,28.63355020774739,6.778278647016614,advisor_summarized,4.22430999061246
9,2023-09-07,22.543437073483208,4.093638249442458,advisor_summarized,5.506944116655535
9,2023-09-08,18.10405281807798,2.2654960922991827,advisor_summarized,7.991209024644458
9,2023-09-09,15.3001280249349,1.2605629978439352,advisor_summarized,12.13753541164084
9,2023-09-10,12.69159239345503,0.5434197555820965,advisor_summarized,23.355044168131393
9,2023-09-11,31.47102973519644,11.15440085475749,advisor_summarized,2.821400283617533
9,2023-09-12,155.49269385069599,85.26388334454394,advisor_summarized,1.8236642262980625
9,2023-09-13,96.60140066963562,47.13995279847999,advisor_summarized,2.0492468688418053
9,2023-09-14,64.63163698389478,27.281477627796516,advisor_summarized,2.369066583037386
9,2023-09-15,46.95629327743404,16.652482940208852,advisor_summarized,2.8197772936343344
9,2023-09-16,37.426118245771605,11.270483766532196,advisor_summarized,3.3207197686499317
9,2023-09-17,29.981724625960428,7.586346724895783,advisor_summarized,3.9520635838552844
9,2023-09-18,25.163227693090406,5.20392935279265,advisor_summarized,4.83542838251383
9,2023-09-19,20.37123045845471,3.0309440896976394,advisor_summarized,6.721084208612671
9,2023-09-20,17.554778459276246,1.9339339754888631,advisor_summarized,9.077237734984577
9,2023-09-21,16.06008316604115,1.4305783051833183,advisor_summarized,11.226287374729317
9,2023-09-22,20.189848802843763,3.0023007453014436,advisor_summarized,6.724792256219027
9,2023-09-23,17.8636587408841,2.2020310743107356,advisor_summarized,8.112355429169254
9,2023-09-24,14.718495401853998,1.092758554923318,advisor_summarized,13.469119354445901
9,2023-09-25,13.593569800310707,0.7148070563750272,advisor_summarized,19.01711752713696
9,2023-09-26,30.015600665454674,8.106375616532262,advisor_summarized,3.7027152559080063
9,2023-09-27,84.46802947484309,39.180788324644574,advisor_summarized,2.1558532404952406
9,2023-09-28,75.00031282233063,33.298848494975815,advisor_summarized,2.252339531610134
9,2023-09-29,70.81269485642007,31.420309688297376,advisor_summarized,2.2537236443215116
9,2023-09-30,63.83891428730218,27.79597571247174,advisor_summarized,2.296696289695576
9,2023-10-01,56.016083827778644,22.91553396027673,advisor_summarized,2.4444590261296355
9,2023-10-02,46.351520527383734,17.074463037260536,advisor_summarized,2.714669294503359
9,2023-10-03,40.24725232019271,13.498348501992156,advisor_summarized,2.9816427034946393
9,2023-10-04,35.880572352010695,11.032087454553531,advisor_summarized,3.252382878564008
9,2023-10-05,33.06391012333493,9.49343557063379,advisor_summarized,3.48281819340641
9,2023-10-06,30.543171200877378,8.150234600956884,advisor_summarized,3.747520494353799
9,2023-10-07,28.698751280315975,7.201639128937266,advisor_summarized,3.985030458552149
9,2023-10-08,27.61498541401734,6.649585985053819,advisor_summarized,4.152887935592855
9,2023-10-09,25.433256929839445,5.587014957562901,advisor_summarized,4.552208491121282
9,2023-10-10,23.183334517858203,4.534863076748278,advisor_summarized,5.112245755936209
9,2023-10-11,21.993675187592228,3.9722505807142134,advisor_summarized,5.536829749455975
9,2023-10-12,150.65122123410032,86.56262704049207,advisor_summarized,1.7403725647516337
9,2023-10-13,165.7549223403317,96.38821399411631,advisor_summarized,1.7196596499905021
9,2023-10-14,127.10863488319866,69.75232716004388,advisor_summarized,1.822285220556915
9,2023-10-15,107.37912410368612,56.35908385632206,advisor_summarized,1.9052673811630974
9,2023-10-16,94.5808297667627,47.79093854990574,advisor_summarized,1.9790536163669723
9,2023-10-17,83.64208979405785,40.5676227012576,advisor_summarized,2.0617942148102495
9,2023-10-18,74.23051612231743,34.44367465349631,advisor_summarized,2.155127664776686
9,2023-10-19,64.65775107402163,28.320269692292253,advisor_summarized,2.2830909372172794
9,2023-10-20,56.86882598515423,23.44870740259026,advisor_summarized,2.4252435329920243
9,2023-10-21,49.509391093647636,18.938138286654556,advisor_summarized,2.6142691717768383
9,2023-10-22,45.270025238351515,16.422592151125198,advisor_summarized,2.756570023889306
9,2023-10-23,40.45807466371857,13.618064808079495,advisor_summarized,2.9709121842124806
9,2023-10-24,37.18492440741641,11.758897765149287,advisor_summarized,3.1622797604061255
9,2023-10-25,34.47051581373499,10.253747505888006,advisor_summarized,3.3617480627391108
9,2023-10-26,32.616475053398396,9.248397141329091,advisor_summarized,3.5267165277367263
9,2023-10-27,31.006165321730812,8.396703555133426,advisor_summarized,3.692659282079194
9,2023-10-28,29.11282233820942,7.408406197711524,advisor_summarized,3.92970114775867
9,2023-10-29,27.478216940858847,6.57795656427983,advisor_summarized,4.17731808842785
9,2023-10-30,25.960021411897593,5.826529537382587,advisor_summarized,4.455486108040815
9,2023-10-31,24.378337669305562,5.071938751607461,advisor_summarized,4.806512630220403
9,2023-11-01,24.0340612437831,5.069930025254508,advisor_summarized,4.740511431925849
9,2023-11-02,22.82594951941208,5.245106123119913,advisor_summarized,4.351856565646505
9,2023-11-03,21.152170124777,4.788175244935985,advisor_summarized,4.417584788098079
9,2023-11-04,19.515559158403743,4.1855846352753945,advisor_summarized,4.6625646973973325
9,2023-11-05,17.853457743564295,3.1078021611113886,advisor_summarized,5.744721452017936
9,2023-11-06,17.47186306238729,2.8720422467553948,advisor_summarized,6.083428292924873
9,2023-11-07,16.018698062973034,2.281158805360017,advisor_summarized,7.022175757923583
9,2023-11-08,15.216995614901592,1.9336684179771524,advisor_summarized,7.869495862594882
9,2023-11-09,13.625537929572504,1.3690970566710985,advisor_summarized,9.952207451751027
9,2023-11-10,12.560131027402464,0.9837497845934352,advisor_summarized,12.767607397843877
9,2023-11-11,12.322892159375012,0.8415355643945888,advisor_summarized,14.643340912442905
9,2023-11-12,12.39259749269711,0.8701816552767064,advisor_summarized,14.241391343461988
9,2023-11-13,12.302282935412089,1.0039742953542732,advisor_summarized,12.253583575136227
9,2023-11-14,13.584426256963875,1.4978642132251585,advisor_summarized,9.069197419246885
9,2023-11-15,18.21990924039119,3.494897756093232,advisor_summarized,5.213288202387441
9,2023-11-16,18.12698618723498,3.4427514859097137,advisor_summarized,5.265261306668233
9,2023-11-17,22.52801233584465,5.629790690839179,advisor_summarized,4.0015719185621474
9,2023-11-18,22.125926609936386,4.872171551509773,advisor_summarized,4.541286441993217
9,2023-11-19,20.06851147172683,3.714705278925059,advisor_summarized,5.402450521602119
9,2023-11-20,20.766675044776935,4.151517724151122,advisor_summarized,5.002188699320363
9,2023-11-21,17.42411332570953,3.054760364690987,advisor_summarized,5.703921501375155
9,2023-11-22,17.103353753942823,2.653869056437029,advisor_summarized,6.444686376842214
9,2023-11-23,17.4409012044552,2.65647017152325,advisor_summarized,6.565442138751512
9,2023-11-24,15.953908027906753,2.171666182271134,advisor_summarized,7.346390600060879
9,2023-11-25,15.968518597665899,2.3591816317711336,advisor_summarized,6.768668585164289
9,2023-11-26,24.223799733569987,6.891592917439389,advisor_summarized,3.5149783255872404
9,2023-11-27,43.567849250773456,16.05368820713512,advisor_summarized,2.713884104925469
9,2023-11-28,37.58152720777675,13.299504382591644,advisor_summarized,2.825784038762302
9,2023-11-29,30.728968352103344,9.55317366372431,advisor_summarized,3.216624070049998
9,2023-11-30,26.494430422941658,7.658754782606152,advisor_summarized,3.4593652852175567
9,2023-12-01,22.96370807763873,5.593030100734654,advisor_summarized,4.105772303035239
9,2023-12-02,21.482576795591967,5.057851782460101,advisor_summarized,4.247371753773102
9,2023-12-03,21.451522544902673,4.750002964715647,advisor_summarized,4.516107190721899
9,2023-12-04,21.597252805099984,4.524906387835059,advisor_summarized,4.772972290247354
9,2023-12-05,20.332219379961245,4.131419883479251,advisor_summarized,4.921363587677413
9,2023-12-06,20.251761394437814,4.158520253956627,advisor_summarized,4.869944152651238
9,2023-12-07,19.21208023008884,3.6301211383823304,advisor_summarized,5.292407470085202
9,2023-12-08,18.141473708044963,3.141434745903321,advisor_summarized,5.774900698384035
9,2023-12-09,18.017669002211527,3.0865727335965327,advisor_summarized,5.837435420229673
9,2023-12-10,20.31645886322679,4.250275854854971,advisor_summarized,4.780033004215448
9,2023-12-11,35.921404467406454,12.54268658256286,advisor_summarized,2.863932238994574
9,2023-12-12,33.10039968170261,10.918137195616527,advisor_summarized,3.0316892972357903
9,2023-12-13,27.51237931131435,7.811216255382274,advisor_summarized,3.5221633112970214
9,2023-12-14,24.820348643127655,6.371127843844046,advisor_summarized,3.895754292092842
9,2023-12-15,24.209425193723913,6.055570228446755,advisor_summarized,3.997877042197824
9,2023-12-16,26.921779639054026,7.584938913074527,advisor_summarized,3.5493732972124072
9,2023-12-17,566.7029583773957,386.8124937002886,advisor_summarized,1.465058568704067
9,2023-12-18,485.3314327671469,328.54418229709046,advisor_summarized,1.4772181609604016
9,2023-12-19,630.7320553222485,432.63697939597745,advisor_summarized,1.457878279852175
9,2023-12-20,728.0252123830987,502.1614692279315,advisor_summarized,1.4497831016434428
9,2023-12-21,735.1966554153872,507.2795813538452,advisor_summarized,1.4492928208410618
9,2023-12-22,699.7180296730212,481.95391852763856,advisor_summarized,1.4518359593602816
9,2023-12-23,643.8972539668717,442.0689678555584,advisor_summarized,1.4565538429226697
9,2023-12-24,577.0457226759701,394.2436059040152,advisor_summarized,1.4636780762817518
9,2023-12-25,520.2312147999263,353.55616940814303,advisor_summarized,1.4714245141607885
9,2023-12-26,472.84345415020806,319.5920247063101,advisor_summarized,1.4795220706296683
9,2023-12-27,417.9829660278816,280.2538444468645,advisor_summarized,1.4914441828723255
9,2023-12-28,377.116993008795,250.94650702456752,advisor_summarized,1.5027784107466198
9,2023-12-29,347.9066015569144,230.00219662047047,advisor_summarized,1.512622951732063
9,2023-12-30,316.69318863067485,207.63290306296565,advisor_summarized,1.5252553133866078
9,2023-12-31,288.098794682833,187.15771449358115,advisor_summarized,1.5393369996122375
9,2024-01-01,267.80664900219443,172.64188957101703,advisor_summarized,1.5512263545518652
9,2024-01-02,247.8042906807776,158.3517475389066,advisor_summarized,1.5648977326245972
9,2024-01-03,222.5267876460255,140.32559610564053,advisor_summarized,1.5857890065793978
9,2024-01-04,207.8552754789258,129.88409099181894,advisor_summarized,1.6003135864577753
9,2024-01-05,181.55953105502797,111.23147452687633,advisor_summarized,1.632267591770157
9,2024-01-06,178.74483106384974,109.242084878529,advisor_summarized,1.6362268375105058
9,2024-01-07,176.34137467240902,107.53741968279446,advisor_summarized,1.639814077672378
9,2024-01-08,155.77954995219596,93.0320000290597,advisor_summarized,1.6744727610234789
9,2024-01-09,170.49785403685806,103.57591822757963,advisor_summarized,1.64611482045697
9,2024-01-10,351.4417488366654,232.5366731153124,advisor_summarized,1.511339025059455
9,2024-01-11,333.4394929968087,219.63259414851623,advisor_summarized,1.5181694424249979
9,2024-01-12,304.226141702233,198.70264212577592,advisor_summarized,1.531062387734443
9,2024-01-13,290.4592074009251,188.8464345365171,advisor_summarized,1.53807090991045
9,2024-01-14,262.9314952979541,169.15741996879896,advisor_summarized,1.554359810799028
9,2024-01-15,239.8615641018107,152.96819487461474,advisor_summarized,1.5680486018575357
9,2024-01-16,247.68451083068953,158.27637979793383,advisor_summarized,1.564886126072002
9,2024-01-17,266.5705155660895,171.7603960742919,advisor_summarized,1.551990573256417
9,2024-01-18,232.31938931330404,147.30486292712985,advisor_summarized,1.5771331963984785
9,2024-01-19,214.76061520743423,134.79517489081618,advisor_summarized,1.5932366672723255
9,2024-01-20,196.99277197452872,122.16910649376072,advisor_summarized,1.612459791416984
9,2024-01-21,176.32694967175797,107.526002626447,advisor_summarized,1.639854038695462
9,2024-01-22,158.62744336924095,95.03553680748767,advisor_summarized,1.6691381844937712
9,2024-01-23,144.80888578485875,85.32494831836546,advisor_summarized,1.6971458950616192
9,2024-01-24,133.75027434289242,77.58827904884232,advisor_summarized,1.7238463848218075
9,2024-01-25,123.0077237901357,70.10886719961492,advisor_summarized,1.7545244803329432
9,2024-01-26,410.8942223190978,275.33295145675214,advisor_summarized,1.4923539668794017
9,2024-01-27,479.61857192489333,324.4494683607573,advisor_summarized,1.4782535300430901
9,2024-01-28,436.32561329228764,293.408189704924,advisor_summarized,1.4870941868769698
9,2024-01-29,384.33642009603625,256.1240471061994,advisor_summarized,1.500587018042374
9,2024-01-30,336.9573882642389,222.15419105854684,advisor_summarized,1.5167725923092608
9,2024-01-31,308.04914553972924,201.4408696583315,advisor_summarized,1.5292286320160278
9,2024-02-01,280.3667212250516,181.62516449176303,advisor_summarized,1.5436557043711123
9,2024-02-02,260.026966604697,167.08133109999696,advisor_summarized,1.5562897715309245
9,2024-02-03,236.55231307917037,150.3232376822384,advisor_summarized,1.573624389192626
9,2024-02-04,224.64850032322838,141.83623492210285,advisor_summarized,1.5838583169287201
9,2024-02-05,225.4689267454389,142.4208777946075,advisor_summarized,1.5831170979763183
9,2024-02-06,202.4283813752891,126.0286965551981,advisor_summarized,1.606208640637884
9,2024-02-07,181.09704202767085,110.90084000599352,advisor_summarized,1.6329636639170961
9,2024-02-08,159.22487906620512,95.4575358776114,advisor_summarized,1.6680179055779472
9,2024-02-09,137.59694499074806,80.36228274872045,advisor_summarized,1.7122080195381075
9,2024-02-10,119.78121296242288,67.86942889225979,advisor_summarized,1.7648772785840166
9,2024-02-11,107.57619594704212,59.43786320812374,advisor_summarized,1.8098933935488284
9,2024-02-12,101.19387445450131,55.05704739368536,advisor_summarized,1.8379822247080309
9,2024-02-13,105.2479538156074,57.83322489784377,advisor_summarized,1.8198527576754833
9,2024-02-14,92.9747741235766,49.44886760929316,advisor_summarized,1.8802204907540372
9,2024-02-15,80.23311098869216,40.83716073929268,advisor_summarized,1.964708357197162
9,2024-02-16,72.46438115943725,35.65481304191214,advisor_summarized,2.0323870742010497
9,2024-02-17,73.82976559140965,36.5803462820027,advisor_summarized,2.0182905055694738
9,2024-02-18,184.20074411984322,113.25580706650145,advisor_summarized,1.6264132399999973
9,2024-02-19,242.89179532072473,154.84490474294012,advisor_summarized,1.5686134182067684
9,2024-02-20,218.84924110752044,137.7081692508556,advisor_summarized,1.5892248244826672
9,2024-02-21,195.4683820133018,121.08667430431792,advisor_summarized,1.614284834696558
9,2024-02-22,173.91203554600213,105.82035612630072,advisor_summarized,1.6434648484685814
9,2024-02-23,157.5464376060279,94.27362758425625,advisor_summarized,1.6711612955088857
9,2024-02-24,144.3019287546687,84.97292399951499,advisor_summarized,1.6982107000989202
9,2024-02-25,126.73858942855523,72.70515482289939,advisor_summarized,1.743185744357116
9,2024-02-26,111.87528268148971,62.40393410734123,advisor_summarized,1.7927600924815514
9,2024-02-27,95.90980147996208,51.445408175233666,advisor_summarized,1.864302469003133
9,2024-02-28,86.1077201197941,44.793256089783746,advisor_summarized,1.922336700578308
9,2024-02-29,78.69715629447057,39.80451239685551,advisor_summarized,1.9770913284868556
9,2024-03-01,73.30668143466173,36.21289522903195,advisor_summarized,2.024325339662199
9,2024-03-02,68.32215241617203,32.91640651295964,advisor_summarized,2.075626098166963
9,2024-03-03,70.32785198061839,34.24083954315644,advisor_summarized,2.0539172788674946
9,2024-03-04,80.36324520050083,40.90421235951611,advisor_summarized,1.9646691762249475
9,2024-03-05,77.74207707966217,39.16759925689244,advisor_summarized,1.984856834593498
9,2024-03-06,116.98181401537215,65.94275732820485,advisor_summarized,1.7739903327539053
9,2024-03-07,117.12064240644816,66.02446962569984,advisor_summarized,1.7738975120954137
9,2024-03-08,105.3326390656423,57.89475097332366,advisor_summarized,1.8193815034143033
9,2024-03-09,97.89586385282175,52.799008876358926,advisor_summarized,1.8541231348123888
9,2024-03-10,134.6568235451669,78.22571040502231,advisor_summarized,1.7213883114383524
9,2024-03-11,119.05396361668758,67.37746022551134,advisor_summarized,1.7669701888170875
9,2024-03-12,96.92146785317436,52.139713838210334,advisor_summarized,1.8588799346678797
9,2024-03-13,81.14219904322061,41.45482302338411,advisor_summarized,1.957364502495871
9,2024-03-14,70.79894491820465,34.5583056434744,advisor_summarized,2.0486810218247355
9,2024-03-15,59.94353452207819,27.46141177656311,advisor_summarized,2.182827853491381
9,2024-03-16,55.2214926427422,24.41390201064104,advisor_summarized,2.2618872074883143
9,2024-03-17,51.15797998456303,21.837849060703096,advisor_summarized,2.342629067650307
9,2024-03-18,47.90918591281433,19.79722212636744,advisor_summarized,2.419995371421592
9,2024-03-19,45.0512443029425,18.04032661847535,advisor_summarized,2.4972521426970666
9,2024-03-20,39.12753066472824,14.447046056338287,advisor_summarized,2.7083412423650435
9,2024-03-21,34.21794018919325,11.565408180929898,advisor_summarized,2.9586452681899216
9,2024-03-22,50.38639064352355,21.528317349370298,advisor_summarized,2.340470452280719
9,2024-03-23,76.20744940441716,38.17080831731701,advisor_summarized,1.9964850828124592
9,2024-03-24,92.34995443246456,49.01777292218045,advisor_summarized,1.8840095933994663
9,2024-03-25,77.53268472362777,39.33418564209525,advisor_summarized,1.971127238507073
9,2024-03-26,61.89431950678547,28.734993019345364,advisor_summarized,2.153970229438237
9,2024-03-27,58.25860173492127,26.37011960933508,advisor_summarized,2.2092657370540554
9,2024-03-28,87.52752363731865,45.77691525386869,advisor_summarized,1.9120450373711355
9,2024-03-29,78.03358237694988,39.389583766470054,advisor_summarized,1.9810715147331692
9,2024-03-30,57.592237219734294,25.957281791887866,advisor_summarized,2.2187314404289027
9,2024-03-31,46.25729653791091,18.787425872233595,advisor_summarized,2.4621412668499585
9,2024-04-01,39.74451320829333,14.812065798824753,advisor_summarized,2.683252542089491
9,2024-04-02,36.38557018554404,12.814516581588412,advisor_summarized,2.839402481855769
9,2024-04-03,126.3063143860234,74.31709769154666,advisor_summarized,1.6995592980535668
9,2024-04-04,230.76801086174154,146.20618574670763,advisor_summarized,1.5783737855081699
9,2024-04-05,180.20664864520825,110.28287966118182,advisor_summarized,1.6340401084814864
9,2024-04-06,139.67325533533622,81.74204519875933,advisor_summarized,1.7087076179182286
9,2024-04-07,107.08529074271445,59.11538323291409,advisor_summarized,1.811462345102278
9,2024-04-08,84.64077340449482,43.81161588546146,advisor_summarized,1.931925396811995
9,2024-04-09,69.73927228226643,33.86189245705783,advisor_summarized,2.0595208129819302
9,2024-04-10,58.47847935044006,26.510357560063262,advisor_summarized,2.205872901485698
9,2024-04-11,73.28895795738401,36.40225011269076,advisor_summarized,2.0133084556724588
9,2024-04-12,97.72604478680121,52.688592875205245,advisor_summarized,1.8547856272849936
9,2024-04-13,81.36433812298294,41.6095008027375,advisor_summarized,1.9554269230173018
9,2024-04-14,65.41624631788993,31.035347115823836,advisor_summarized,2.107798120438501
9,2024-04-15,60.254430863071875,27.662768359724755,advisor_summarized,2.1781779061129156
9,2024-04-16,48.405832362342835,20.145298836534053,advisor_summarized,2.402835160457264
9,2024-04-17,37.16875696862541,13.29617298162396,advisor_summarized,2.7954477592909384
9,2024-04-18,29.669487790951447,8.995273119192268,advisor_summarized,3.298342073421738
9,2024-04-19,24.572609988970182,6.2743895332240145,advisor_summarized,3.916334785855073
9,2024-04-20,20.16287475994703,4.0949917585583195,advisor_summarized,4.923788849588689
9,2024-04-21,17.80436309838,3.0126801112843107,advisor_summarized,5.909808688845485
9,2024-04-22,17.74589318347116,2.9775837209606553,advisor_summarized,5.959830132919258
9,2024-04-23,15.650849974202924,2.1209590271854513,advisor_summarized,7.379138292441164
9,2024-04-24,13.414600912033091,1.31051954587353,advisor_summarized,10.23609373417743
9,2024-04-25,11.034849924792868,0.5837897663641386,advisor_summarized,18.902095515511117
9,2024-04-26,9.274061569698407,0.2290212686000836,advisor_summarized,40.49432450700792
9,2024-04-27,9.146651625860809,0.14276018332391535,advisor_summarized,64.07004679384264
9,2024-04-28,8.92618577252455,0.1742545110067656,advisor_summarized,51.224991083174785
9,2024-04-29,6.773899534263932,0.01124495567806067,advisor_summarized,602.3945072082466
9,2024-05-05,5.616387376950729,0.34567003184232514,advisor_summarized,16.247828447889873
9,2024-05-06,6.972260353718035,0.09705685404090304,advisor_summarized,71.83686739712054
9,2024-05-13,8.690932343853081,0.1322804609061166,advisor_summarized,65.7008017988484
9,2024-05-14,16.578362092088135,2.55806246669698,advisor_summarized,6.480827699838948
9,2024-05-15,22.23553478628,6.234657147295722,advisor_summarized,3.5664406656145715
9,2024-05-16,24.842038207273998,12.303907087627993,advisor_summarized,2.019036557278097
9,2024-05-17,15.95964990141177,12.94199479844078,advisor_summarized,1.2331676955498816
9,2024-05-18,12.44771879677259,17.56309424206046,advisor_summarized,0.7087429256607037
9,2024-05-19,9.271367926389381,22.4405869314981,advisor_summarized,0.41315175733553944
9,2024-05-20,7.152239204035284,29.21847887372326,advisor_summarized,0.24478478961707448
9,2024-05-21,5.529931884394621,36.98415329643016,advisor_summarized,0.14952165702082978
9,2024-05-22,3.7514981189445438,43.94987371915435,advisor_summarized,0.0853585642342712
9,2024-05-23,2.322514402083725,41.95169910545714,advisor_summarized,0.055361629006859675
9,2024-05-24,1.0439479616059348,36.152938928699285,advisor_summarized,0.028875880980652937
9,2024-05-25,0.5842769768361398,29.43957557006847,advisor_summarized,0.019846650827064924
9,2024-07-25,60.64746338666141,23.236401829780014,advisor_summarized,2.6100195646012194
9,2024-07-26,113.72105353829433,201.82631338923872,advisor_summarized,0.5634599950253953
9,2024-07-27,136.38957775489348,227.2513019636044,advisor_summarized,0.6001707210317195
9,2024-07-28,67.84753493249325,147.56638549901126,advisor_summarized,0.45977635559114405
9,2024-07-29,48.94866712790312,122.82659831011048,advisor_summarized,0.3985184626241815
9,2024-07-30,44.84296904279717,117.6640213793022,advisor_summarized,0.3811102877254314
9,2024-07-31,25.03559937522081,88.12680594921422,advisor_summarized,0.2840860860161929
9,2024-08-01,11.200467795107661,63.80293531862276,advisor_summarized,0.1755478449255371
9,2024-08-02,15.335194276937031,68.86668551988787,advisor_summarized,0.22267942999098472
9,2024-08-03,82.60080493036676,165.52322333990364,advisor_summarized,0.49902849439286934
9,2024-08-04,56.12328267809367,132.63982372151781,advisor_summarized,0.4231254317400675
9,2024-08-05,815.8159616004059,838.5310828922471,advisor_summarized,0.9729108177916403
9,2024-08-06,822.8264600070875,862.4371466794055,advisor_summarized,0.9540712191899098
9,2024-08-07,926.5976056395856,950.1051327643368,advisor_summarized,0.975257972708393
9,2024-08-08,1009.1690259316072,1019.187526258865,advisor_summarized,0.9901701109274436
9,2024-08-09,973.103980761525,989.1079410987217,advisor_summarized,0.9838198040151016
9,2024-08-10,890.4661015794936,919.7670935712944,advisor_summarized,0.9681430307774654
9,2024-08-11,797.000614413531,840.463355049938,advisor_summarized,0.9482871675781457
9,2024-08-12,691.7884425257143,749.9380282958667,advisor_summarized,0.9224608119923062
9,2024-08-13,592.8183210438847,663.3327345330513,advisor_summarized,0.8936967681252685
9,2024-08-14,520.6049808752803,599.0545774698234,advisor_summarized,0.8690443249329901
9,2024-08-15,463.07473891598346,547.0508670482122,advisor_summarized,0.8464930170290218
9,2024-08-16,413.4312022187536,501.484872220969,advisor_summarized,0.8244141052306432
9,2024-08-17,358.5386986322096,450.21918457644966,advisor_summarized,0.7963647727928569
9,2024-08-18,290.3091271240069,384.9368479269176,advisor_summarized,0.7541733889272241
9,2024-08-19,235.82220935269694,331.2572407815232,advisor_summarized,0.7119005422985779
9,2024-08-20,195.172289529822,289.9596851146955,advisor_summarized,0.6731014673733705
9,2024-08-21,161.87408490037768,255.0899783738755,advisor_summarized,0.6345764186122792
9,2024-08-22,135.34969135934313,226.41593938785036,advisor_summarized,0.5977922390326469
9,2024-08-23,102.63825894299416,189.0821901911801,advisor_summarized,0.5428235141512646
9,2024-08-24,80.84241749766865,163.88296303518146,advisor_summarized,0.4932936041699091
9,2024-08-25,67.24534497952575,147.0771761480128,advisor_summarized,0.4572112868950695
9,2024-08-26,64.80950378452087,143.62982591684735,advisor_summarized,0.4512259439905017
9,2024-08-27,130.55264307594183,221.1192648366552,advisor_summarized,0.5904173169731883
9,2024-08-28,137.95373010386783,229.2963091242332,advisor_summarized,0.6016395581366476
9,2024-08-29,115.02401139321861,203.7682142233267,advisor_summarized,0.5644845631672177
9,2024-08-30,99.37279830112244,185.86444427815695,advisor_summarized,0.5346520077417565
9,2024-08-31,86.69215991024478,170.89089445839582,advisor_summarized,0.5072953722022351
9,2024-09-01,71.78868912929892,152.7630044936424,advisor_summarized,0.46993504328652147
9,2024-09-02,61.56435903588321,139.88204102629865,advisor_summarized,0.44011624783419295
9,2024-09-03,54.316889636594475,130.46611353530756,advisor_summarized,0.41632948330215186
9,2024-09-04,49.59735939686599,124.19522667334736,advisor_summarized,0.39934996477211404
9,2024-09-05,48.2437587354833,122.37153745687876,advisor_summarized,0.39424003112229766
9,2024-09-06,50.41839210375482,125.17636326512292,advisor_summarized,0.40277885367997884
9,2024-09-07,65.4220831821207,144.81915391916377,advisor_summarized,0.4517502099110349
9,2024-09-08,62.2164134220069,140.72159539682792,advisor_summarized,0.442124133446325
9,2024-09-09,85.61649124905995,169.62781969088056,advisor_summarized,0.5047314255708896
9,2024-09-10,82.90938871785248,166.39043571085347,advisor_summarized,0.4982821780810109
9,2024-09-11,79.4641366237946,162.21947789708227,advisor_summarized,0.48985570446854376
9,2024-09-12,97.04383729370386,183.0879824500631,advisor_summarized,0.5300393613773771
9,2024-09-13,126.76530600400645,216.94962073681415,advisor_summarized,0.5843075713775409
9,2024-09-14,133.16954189777016,224.06713794428103,advisor_summarized,0.5943287494968832
9,2024-09-15,126.00758656052705,216.13384525695065,advisor_summarized,0.5830071935782337
9,2024-09-16,126.32900098360288,216.49068711369637,advisor_summarized,0.5835308791701397
9,2024-09-17,110.58275330715247,198.75064164073575,advisor_summarized,0.5563894153712635
9,2024-09-18,97.17818844973917,183.31627436666255,advisor_summarized,0.5301121724488405
9,2024-09-19,111.33031649710709,199.6128416893768,advisor_summarized,0.5577312338970223
9,2024-09-20,104.77144542142587,192.07141178673427,advisor_summarized,0.5454817270659645
9,2024-09-21,83.78632534466811,167.43087132083213,advisor_summarized,0.5004233967349797
9,2024-09-22,74.96680068636822,156.7021466211082,advisor_summarized,0.4784031508364161
9,2024-09-23,66.62787319468686,146.32789455144646,advisor_summarized,0.45533268553427864
9,2024-09-24,59.18486165560233,136.82409943941747,advisor_summarized,0.4325616751587539
9,2024-09-25,55.015212162268824,131.39069650203814,advisor_summarized,0.418714670269028
9,2024-09-26,58.7308468564077,136.10756215684987,advisor_summarized,0.43150318708027763
9,2024-09-27,119.29547344642425,208.4567676195726,advisor_summarized,0.5722792059413248
9,2024-09-28,121.33251465148112,210.92160036830796,advisor_summarized,0.5752493553984618
9,2024-09-29,108.00275845464432,195.7893035463578,advisor_summarized,0.5516274714623115
9,2024-09-30,102.06473450802164,188.91921880881696,advisor_summarized,0.5402559631125164
9,2024-10-01,117.69757987773433,206.82979195790563,advisor_summarized,0.5690552543885378
9,2024-10-02,102.79213862779687,189.80974764473663,advisor_summarized,0.5415535287481178
9,2024-10-03,88.7819922181436,173.40304758101013,advisor_summarized,0.511997876950038
9,2024-10-04,78.65121204583511,161.1527144643713,advisor_summarized,0.4880539077933052
9,2024-10-05,72.20163861974548,153.31438768588006,advisor_summarized,0.4709384403483164
9,2024-10-06,158.42899447139797,249.06883923670853,advisor_summarized,0.6360851680881332
9,2024-10-07,235.91316989419522,331.4192979801139,advisor_summarized,0.7118268952110045
9,2024-10-08,210.45801337790212,305.64675691326676,advisor_summarized,0.6885661588669292
9,2024-10-09,220.62034978956672,315.30985711455077,advisor_summarized,0.6996937926663557
9,2024-10-10,420.83735708311843,508.2793808478812,advisor_summarized,0.8279646449185146
9,2024-10-11,383.7757911733734,473.9508242877069,advisor_summarized,0.809737575095779
9,2024-10-12,361.7494753678763,453.29819274761263,advisor_summarized,0.7980386446616414
9,2024-10-13,337.9968900927279,430.8296646363563,advisor_summarized,0.7845255743427408
9,2024-10-14,298.7693148225093,393.1861447747615,advisor_summarized,0.7598673523800302
9,2024-10-15,255.5709821347637,350.94396830378986,advisor_summarized,0.728238708218892
9,2024-10-16,220.0697299610811,315.4376096694004,advisor_summarized,0.6976648415251714
9,2024-10-17,191.71379931905992,286.40474928901364,advisor_summarized,0.6693806572516009
9,2024-10-18,165.81261896080818,259.2932854215929,advisor_summarized,0.6394790312105783
9,2024-10-19,148.2843846753341,240.538973995921,advisor_summarized,0.61646718705073
9,2024-10-20,134.24866463733358,225.23898358669177,advisor_summarized,0.59602766137356
9,2024-10-21,121.22701412235918,210.7845524772407,advisor_summarized,0.5751228574278401
9,2024-10-22,107.40091379277897,195.13198121306328,advisor_summarized,0.5504013905107059
9,2024-10-23,96.2061394553811,182.1673863729959,advisor_summarized,0.5281194475634333
9,2024-10-24,85.65779706188391,169.67363655357994,advisor_summarized,0.5048385759966587
9,2024-10-25,75.2132205206144,157.14115172225624,advisor_summarized,0.4786347795996317
9,2024-10-26,67.56304126868564,147.49849453969426,advisor_summarized,0.45805919226181196
9,2024-10-27,59.17162697199592,136.79723550350278,advisor_summarized,0.4325498739371878
9,2024-10-28,53.214072652343404,129.01737046297578,advisor_summarized,0.41245665185537395
9,2024-10-29,51.6258495839068,126.90974284765164,advisor_summarized,0.406791854001949
9,2024-10-30,51.12881387611438,126.23941847233608,advisor_summarized,0.4050146498996957
9,2024-10-31,46.59582166051249,120.11120066690208,advisor_summarized,0.38793902152168286
9,2024-11-01,43.298155403588126,115.5677715784684,advisor_summarized,0.37465596863386325
9,2024-11-02,40.376477804248665,111.48856457691828,advisor_summarized,0.36215802003973324
9,2024-11-03,38.45061793072656,108.7403713971182,advisor_summarized,0.35360020787776675
9,2024-11-04,34.80982738548297,103.4843142404448,advisor_summarized,0.3363778137873405
9,2024-11-05,32.31725293581806,99.78880413302072,advisor_summarized,0.32385650090303153
9,2024-11-06,31.59252636293398,98.70753014759214,advisor_summarized,0.32006196807574205
9,2024-11-07,35.469627042657926,104.41399071466452,advisor_summarized,0.33970186178964196
9,2024-11-08,38.70936731075923,109.12553063967292,advisor_summarized,0.3547232905430319
9,2024-11-09,36.46183499930633,105.88869106619154,advisor_summarized,0.34434116270748744
9,2024-11-10,35.59339247872077,104.63036020837389,advisor_summarized,0.34018226074951546
9,2024-11-11,38.373752135378716,108.64545858216331,advisor_summarized,0.35320162145901846
9,2024-11-12,35.19668930693907,104.0324468043106,advisor_summarized,0.3383241516288233
9,2024-11-13,33.02430059135444,100.85339036906906,advisor_summarized,0.3274485911728232
9,2024-11-14,31.515870686187608,98.58998672544914,advisor_summarized,0.3196660404666875
9,2024-11-15,28.815663593835808,94.4980620995836,advisor_summarized,0.3049339103215618
9,2024-11-16,26.324757060721936,90.59710183759768,advisor_summarized,0.2905695273554236
9,2024-11-17,23.039267189504447,85.34793717189241,advisor_summarized,0.26994521429502055
9,2024-11-18,20.789391761453807,81.63722328919881,advisor_summarized,0.25465579209875444
9,2024-11-19,18.828869185398492,78.29940342140831,advisor_summarized,0.24047270301743293
9,2024-11-20,16.904082081962468,74.95157163104864,advisor_summarized,0.22553339061618774
9,2024-11-21,16.207414951266625,73.68772804241657,advisor_summarized,0.21994727455753849
9,2024-11-22,14.243557740731237,70.26766157335165,advisor_summarized,0.20270430838035705
9,2024-11-23,13.11629385198992,67.95789656116999,advisor_summarized,0.19300617758502478
9,2024-11-24,11.38097029553794,64.54993823972399,advisor_summarized,0.17631264422394288
9,2024-11-25,10.484479339996781,62.747298145804855,advisor_summarized,0.1670905305856225
9,2024-11-26,9.425926934368652,60.54351341932263,advisor_summarized,0.15568846936722938
9,2024-11-27,8.604312111030382,58.78745524681485,advisor_summarized,0.14636306461822177
9,2024-11-28,7.9997766432030035,57.457554211550864,advisor_summarized,0.13922932768333507
9,2024-11-29,8.25086707370191,58.018296899455,advisor_summarized,0.14221146628968723
9,2024-11-30,8.189127730703134,57.86073777198241,advisor_summarized,0.14153168531958318
9,2024-12-01,7.151875669807664,55.50210495875147,advisor_summarized,0.1288577374700087
9,2024-12-02,6.357881781766552,53.620674069811635,advisor_summarized,0.11857146319139673
9,2024-12-03,5.478508308902577,51.45707238732831,advisor_summarized,0.10646754770004561
9,2024-12-04,5.0817742706448925,50.44400633263712,advisor_summarized,0.10074089351933571
9,2024-12-05,4.735287575657437,49.5319690877268,advisor_summarized,0.09560063253836526
9,2024-12-06,5.016672181056723,50.284237741832136,advisor_summarized,0.09976629668352884
9,2024-12-07,4.9956900261282495,50.206795730716216,advisor_summarized,0.09950226763967565
9,2024-12-08,4.290358937069734,48.325497795189754,advisor_summarized,0.08878043957773343
9,2024-12-09,3.953090205671682,47.38101641865598,advisor_summarized,0.08343194182966444
9,2024-12-10,3.774702193957421,46.85563507919256,advisor_summarized,0.08056026105670423
9,2024-12-11,7.657145634834644,56.21697394651736,advisor_summarized,0.13620700470500874
9,2024-12-12,10.766995706440637,63.32367115040342,advisor_summarized,0.17003113544802817
9,2024-12-13,7.76765308804188,57.18201803557293,advisor_summarized,0.1358408351941973
9,2024-12-14,6.514211356673272,54.03072860273959,advisor_summarized,0.12056493638220109
9,2024-12-15,6.52298765517019,54.044976836571976,advisor_summarized,0.12069553984443777
9,2024-12-16,5.7683156102896005,52.20361883360912,advisor_summarized,0.11049647015229357
9,2024-12-17,5.649216610334013,51.909613371457624,advisor_summarized,0.10882794618231968
9,2024-12-18,5.642636155293478,51.894335367943206,advisor_summarized,0.10873318090087951
9,2024-12-19,5.163639348368264,50.660056175036296,advisor_summarized,0.10192723297675191
9,2024-12-20,5.0341222911126025,50.3310949686882,advisor_summarized,0.10002012263481279
9,2024-12-21,5.1769450429999235,50.700570093893326,advisor_summarized,0.10210822153306448
9,2024-12-22,4.024732268229678,47.58071415148578,advisor_summarized,0.0845874707852404
9,2024-12-23,3.571212495099876,46.287280079143585,advisor_summarized,0.07715321550528988
9,2024-12-24,3.9932744259992643,47.50649459706591,advisor_summarized,0.084057442248031
9,2024-12-25,4.436396266862665,48.734031290635464,advisor_summarized,0.09103281935379609
9,2024-12-26,5.059487297720118,50.39654236242205,advisor_summarized,0.10039354012295694
9,2024-12-27,5.335184385778396,51.11929677068843,advisor_summarized,0.10436732746365882
9,2024-12-28,5.24560996242996,50.884789576854836,advisor_summarized,0.10308797591679436
9,2024-12-29,8.73270113010615,58.622735737460154,advisor_summarized,0.14896440809612235
9,2024-12-30,13.152034695890467,68.04706456361458,advisor_summarized,0.19327850187564133
9,2024-12-31,10.442017136529703,62.67194469106956,advisor_summarized,0.16661390017497954
9,2025-01-01,9.212499400463782,60.10384528833661,advisor_summarized,0.15327637285549026
9,2025-01-02,8.078597543655594,57.6200940313743,advisor_summarized,0.14020451857049687
9,2025-01-03,6.4864652918539845,54.5423492710074,advisor_summarized,0.11892530077177915
9,2025-01-04,6.326829333090929,53.563846599549834,advisor_summarized,0.11811753140865917
9,2025-01-05,5.460542487447648,51.41113924570019,advisor_summarized,0.10621321697134622
9,2025-01-06,5.52255245029455,51.582475168811165,advisor_summarized,0.10706257177890732
9,2025-01-07,5.744922274072612,52.14558130510517,advisor_summarized,0.11017083576955294
9,2025-01-08,5.235449528074901,50.847515484558194,advisor_summarized,0.1029637235601973
9,2025-01-09,4.821232860527759,49.76293204988596,advisor_summarized,0.09688401912681927
9,2025-01-10,4.564506056787563,49.08059401488736,advisor_summarized,0.09300022031931877
9,2025-01-11,6.917612406757074,54.91660387013962,advisor_summarized,0.12596577208443258
9,2025-01-12,7.199824931461915,55.62381738555724,advisor_summarized,0.12943780685809878
9,2025-01-13,6.543808105527601,54.09397968948186,advisor_summarized,0.1209710977652471
9,2025-01-14,7.44225609821482,56.20101554048,advisor_summarized,0.13242209285087336
9,2025-01-15,6.511656289270948,54.01189621021829,advisor_summarized,0.12055966826136044
9,2025-01-16,5.4715165845112885,51.43660875340374,advisor_summarized,0.10637397598941084
9,2025-01-17,4.676143714840042,49.35994102286063,advisor_summarized,0.09473560174381744
9,2025-01-18,4.576824976189885,48.92482199422808,advisor_summarized,0.09354811708318196
9,2025-01-19,69.6885263406376,147.0799710712758,advisor_summarized,0.473813843129369
9,2025-01-20,77.37771911204307,159.60803453677147,advisor_summarized,0.4847983958740894
9,2025-01-21,62.53940024100606,141.13812346701107,advisor_summarized,0.44310777771977183
9,2025-01-22,141.98616903482144,232.88081245585963,advisor_summarized,0.6096945795469242
9,2025-01-23,143.06568678825238,234.85528329900933,advisor_summarized,0.6091652901250949
9,2025-01-24,120.27928276623398,209.71313842748916,advisor_summarized,0.5735419519641684
9,2025-01-25,103.44061050938357,190.57038652826063,advisor_summarized,0.5427947772674736
9,2025-01-26,92.20715383712006,177.46717226743502,advisor_summarized,0.519573015442924
9,2025-01-27,80.87432667413205,164.29865475819318,advisor_summarized,0.4922397374047826
9,2025-01-28,73.32941247527597,154.70590390267984,advisor_summarized,0.47399233400559154
9,2025-01-29,66.25837733576358,145.8679998405455,advisor_summarized,0.45423518117882894
9,2025-01-30,59.96823028422786,137.84436318341454,advisor_summarized,0.4350430362134913
9,2025-01-31,53.296728385314026,129.1198026797965,advisor_summarized,0.4127695928833186
9,2025-02-01,47.59265152390067,121.47643650693496,advisor_summarized,0.39178504813304804
9,2025-02-02,42.49743020744966,114.45447731344306,advisor_summarized,0.37130421810469616
9,2025-02-03,37.24262917821082,107.00531087982176,advisor_summarized,0.34804467995086913
9,2025-02-04,33.57673129314691,101.67361987846677,advisor_summarized,0.3302403448729581
9,2025-02-05,31.377041986385606,98.37424543934846,advisor_summarized,0.31895585929277365
9,2025-02-06,27.697706504164834,92.76475096589434,advisor_summarized,0.2985800771927702
9,2025-02-07,25.733891128925038,89.69583759457458,advisor_summarized,0.2869017316638738
9,2025-02-08,23.957020378786382,86.85327134368463,advisor_summarized,0.2758332531193527
9,2025-02-09,21.572049678104783,82.94741380144973,advisor_summarized,0.26006898454654115
9,2025-02-10,19.6184367501379,79.66973916391333,advisor_summarized,0.24624703125705893
9,2025-02-11,18.964857413095487,78.55548379357965,advisor_summarized,0.2414199047252954
9,2025-02-12,17.613439426661078,76.20205325524672,advisor_summarized,0.23114127079572286
9,2025-02-13,19.79229194796273,79.73747355485969,advisor_summarized,0.2482181973616904
9,2025-02-14,34.92248859162788,103.6416645522558,advisor_summarized,0.3369541462161684
9,2025-02-15,33.26456631489664,101.19854009246389,advisor_summarized,0.3287059900716276
9,2025-02-16,32.8874055796609,100.62935651782942,advisor_summarized,0.3268172103816836
9,2025-02-17,37.34415902931006,107.15637025150072,advisor_summarized,0.3485015304424896
9,2025-02-18,32.451847749048135,99.9765029935436,advisor_summarized,0.32459474753926776
9,2025-02-19,41.75944919066267,113.02786833374785,advisor_summarized,0.3694615302073616
9,2025-02-20,58.33049135904766,135.73197762593256,advisor_summarized,0.4297475980185174
9,2025-02-21,51.66727959269273,126.94249874921586,advisor_summarized,0.4070132548341056
9,2025-02-22,44.203896612879085,116.82250378410102,advisor_summarized,0.3783851157185609
9,2025-02-23,39.61396521097029,110.40103374615468,advisor_summarized,0.3588187887991589
9,2025-02-24,45.06059393470621,117.938866562897,advisor_summarized,0.38206738158430004
9,2025-02-25,54.36308351318158,130.54511864226205,advisor_summarized,0.41643137697208643
9,2025-02-26,50.24836304528711,125.04960250803748,advisor_summarized,0.4018274511672872
9,2025-02-27,43.624766576987454,116.30086105768385,advisor_summarized,0.37510269640523203
9,2025-02-28,39.840023633487526,110.71386144221232,advisor_summarized,0.35984675373536884
9,2025-03-01,34.93152625854885,103.6477543305116,advisor_summarized,0.3370215445976699
9,2025-03-02,31.923803759618522,99.20506444879676,advisor_summarized,0.3217961092711706
9,2025-03-03,28.735279832508247,94.35879931945328,advisor_summarized,0.3045320631436235
9,2025-03-04,25.865579379722256,89.88755650648845,advisor_summarized,0.28775483932367407
9,2025-03-05,25.63426002832463,89.53523118387609,advisor_summarized,0.28630361132010973
9,2025-03-06,28.00389008256136,93.25264666959124,advisor_summarized,0.3003012899117334
9,2025-03-07,26.150946333832756,90.33143599296902,advisor_summarized,0.28949995144401586
9,2025-03-08,25.050489286643746,88.61106555319968,advisor_summarized,0.28270159184130467
9,2025-03-09,33.3238005743149,101.00690160175115,advisor_summarized,0.32991607549455976
9,2025-03-10,123.70640276309007,212.2716164851462,advisor_summarized,0.5827741118264225
9,2025-03-11,145.52077253038584,237.53446636793535,advisor_summarized,0.6126301363987219
9,2025-03-12,124.17023880547197,214.05653738044032,advisor_summarized,0.5800815070870066
9,2025-03-13,105.76365297019517,193.22551496172048,advisor_summarized,0.5473586290669107
9,2025-03-14,90.73393840016942,175.72285897019705,advisor_summarized,0.5163468141362193
9,2025-03-15,80.50489414358704,163.47095330997294,advisor_summarized,0.49247216409715305
9,2025-03-16,78.85846774802096,161.47817254245425,advisor_summarized,0.48835372921555864
9,2025-03-17,79.09036665126318,161.76506304220447,advisor_summarized,0.48892118708369386
9,2025-03-18,69.76293049111733,150.2499041503322,advisor_summarized,0.4643126455596017
9,2025-03-19,60.50451745450178,138.50654082190837,advisor_summarized,0.4368350916531693
9,2025-03-20,53.01769312066627,128.74132205501533,advisor_summarized,0.41181566473280506
9,2025-03-21,47.997005544627164,122.01604021123906,advisor_summarized,0.39336635955021015
9,2025-03-22,42.35997104793484,114.25765032424948,advisor_summarized,0.370740785651747
9,2025-03-23,37.18522395625293,106.91991621846088,advisor_summarized,0.34778575658697064
9,2025-03-24,33.54618077061496,101.62548167581188,advisor_summarized,0.33009615519096097
9,2025-03-25,30.0560327163991,96.3856467159896,advisor_summarized,0.3118310011962917
9,2025-03-26,27.25405236459001,98.76795008191282,advisor_summarized,0.2759402452109917
9,2025-03-27,24.98820459491313,102.02561729027208,advisor_summarized,0.24492088613215088
9,2025-03-28,22.169860673746037,97.65198474606156,advisor_summarized,0.22702928907586978
9,2025-03-29,20.191512906657984,93.9085539771117,advisor_summarized,0.21501249941064213
9,2025-03-30,37.073548555599764,120.14923186797472,advisor_summarized,0.3085625099654221
9,2025-03-31,75.97610557915448,177.5856905746367,advisor_summarized,0.42782785782631977
9,2025-04-01,70.57728545157049,169.33245017662503,advisor_summarized,0.4167971666266783
9,2025-04-02,79.23845786794962,172.28818094287615,advisor_summarized,0.45991812923152237
9,2025-04-03,67.40479059585498,147.2756929329189,advisor_summarized,0.45767763337943684
9,2025-04-04,56.12383523828462,132.81467868562936,advisor_summarized,0.42257253335024075
9,2025-04-05,45.5748657213347,118.68542335463012,advisor_summarized,0.3839971618516096
9,2025-04-06,38.181451740170495,108.32663097733432,advisor_summarized,0.35246597623957654
9,2025-04-07,32.1391876591353,99.48908418080627,advisor_summarized,0.3230423510656427
9,2025-04-08,29.848748910745737,96.06627297736604,advisor_summarized,0.310709971206839
9,2025-04-09,24.997223319035115,88.45745605373241,advisor_summarized,0.2825903483348069
9,2025-04-10,20.236901128786663,80.69901802144246,advisor_summarized,0.25077010383706944
9,2025-04-11,17.97355037435464,76.78253060332646,advisor_summarized,0.23408384997375914
9,2025-04-12,18.56064096984242,77.85618083858793,advisor_summarized,0.2383964994163083
9,2025-04-13,16.955408666262787,74.97841267912885,advisor_summarized,0.22613720483552635
9,2025-04-14,13.925854703930273,69.45408802287201,advisor_summarized,0.20050446417703063
9,2025-04-15,11.861092708327227,65.48377329459309,advisor_summarized,0.1811302573382188
9,2025-04-16,10.583951029818431,66.06933404232907,advisor_summarized,0.1601946074261554
9,2025-04-17,9.310682948161881,60.344923579906975,computed_RC,0.15429107198773645
9,2025-04-18,7.946279214548602,57.40565393884812,computed_RC,0.13842328532679804
9,2025-04-19,6.758981346920943,54.62900590252219,computed_RC,0.1237251389670425
9,2025-04-20,5.029527990644636,50.33148934826987,computed_RC,0.09992805807598311
9,2025-04-21,4.341245967735209,48.517343920569054,computed_RC,0.08947822813306823
9,2025-04-22,3.487417973737107,46.04807129132262,computed_RC,0.07573428975285404
9,2025-04-23,2.7065455862666017,43.579568259721995,computed_RC,0.06210583753690146
9,2025-04-24,2.0985142678235205,41.50141565384539,computed_RC,0.0505648839867726
9,2025-04-25,1.3361768887435812,38.28390195008901,computed_RC,0.03490179476704241
9,2025-04-26,0.6119603336807707,34.30336568812248,computed_RC,0.017839658628385307
9,2025-04-27,0.46937460443309176,33.94182100262301,computed_RC,0.013828798531369861
9,2025-05-12,9.601871588986153,61.023204737114405,computed_RC,0.15734787496577152
9,2025-05-13,7.786753691241061,56.9037910227324,computed_RC,0.1368406840966069
9,2025-05-14,3.9798269505784343,47.36354457027671,computed_RC,0.08402721938754558
9,2025-05-15,1.7800421135794602,39.66283358791467,computed_RC,0.044879348058527065
9,2025-05-16,0.5849399061641573,34.583600131510075,computed_RC,0.016913794513579352
9,2025-08-24,33.5688582821832,101.17037422066608,computed_RC,0.3318052200633858
9,2025-08-25,15.17111314523708,71.70448550695876,computed_RC,0.2115782999902392
9,2025-08-26,6.819793186353075,54.63376359665942,computed_RC,0.12482744620526327
9,2025-08-27,2.5856687553748707,42.84351623525014,computed_RC,0.06035145997768206
9,2025-08-28,0.7336073888340631,35.245144584711454,computed_RC,0.02081442415623641
9,2025-08-29,0.5845040066772651,34.07878846283406,computed_RC,0.017151548897189187
