Date,Q,ID,Q_source
2021-04-01,65.3184881021126,13,advisor_summarized
2021-04-02,50.36604139707333,13,advisor_summarized
2021-04-03,40.05250314087436,13,advisor_summarized
2021-04-04,32.66303206792809,13,advisor_summarized
2021-04-05,27.037743333484205,13,advisor_summarized
2021-04-06,22.60536259323708,13,advisor_summarized
2021-04-07,19.271896280581128,13,advisor_summarized
2021-04-08,16.79259791079918,13,advisor_summarized
2021-04-09,14.79463385202121,13,advisor_summarized
2021-04-10,13.662163222299384,13,advisor_summarized
2021-04-11,23.519170989262072,13,advisor_summarized
2021-04-12,39.18472424090113,13,advisor_summarized
2021-04-13,1.432662254956613,13,advisor_summarized
2021-04-14,4.786389631319914,13,advisor_summarized
2021-04-15,0.7347482158902863,13,advisor_summarized
2021-04-16,0,13,advisor_summarized
2021-04-17,0.04730433459316696,13,advisor_summarized
2021-04-18,9.710332578709542,13,advisor_summarized
2021-04-19,21.597862202586587,13,advisor_summarized
2021-04-20,20.417425055971233,13,advisor_summarized
2021-04-21,19.933116108190227,13,advisor_summarized
2021-04-22,35.643914687414046,13,advisor_summarized
2021-04-23,29.558918763724265,13,advisor_summarized
2021-04-24,19.700455166294365,13,advisor_summarized
2021-04-25,22.57513133221369,13,advisor_summarized
2021-04-26,24.110703090899843,13,advisor_summarized
2021-04-27,12.555125706076561,13,advisor_summarized
2021-04-28,6.561383524388016,13,advisor_summarized
2021-04-29,10.034307129553765,13,advisor_summarized
2021-04-30,9.045240736952236,13,advisor_summarized
2021-05-01,7.450044798820069,13,advisor_summarized
2021-05-02,9.900318459972347,13,advisor_summarized
2021-05-03,8.829167943699943,13,advisor_summarized
2021-05-04,5.209595394010682,13,advisor_summarized
2021-05-05,4.514211264050852,13,advisor_summarized
2021-05-06,1.0405062431437553,13,advisor_summarized
2021-05-07,1.5383319587607953,13,advisor_summarized
2021-05-08,12.611569902531706,13,advisor_summarized
2021-05-09,10.761258046504146,13,advisor_summarized
2021-05-10,0.828914771646608,13,advisor_summarized
2021-05-11,0.19180791355385504,13,advisor_summarized
2021-05-12,0.3267824152020104,13,advisor_summarized
2021-05-13,2.9182361384188056,13,advisor_summarized
2021-05-14,4.807362113242299,13,advisor_summarized
2021-05-15,5.4223668364296715,13,advisor_summarized
2021-05-16,6.980270194715079,13,advisor_summarized
2021-05-17,5.415649872606461,13,advisor_summarized
2021-05-18,3.829542900685716,13,advisor_summarized
2021-05-19,2.804973411994778,13,advisor_summarized
2021-05-20,5.424827567539688,13,advisor_summarized
2021-05-21,6.402868476885452,13,advisor_summarized
2021-05-22,2.565405391573417,13,advisor_summarized
2021-05-23,1.1626123711397292,13,advisor_summarized
2021-05-24,0.890012020456354,13,advisor_summarized
2021-05-25,0.7371417414752441,13,advisor_summarized
2021-05-26,0.9696365723807809,13,advisor_summarized
2021-05-27,0.002268150892558264,13,advisor_summarized
2021-05-28,0,13,advisor_summarized
2021-05-29,0,13,advisor_summarized
2021-05-30,0,13,advisor_summarized
2021-05-31,0.2009147503800662,13,advisor_summarized
2021-06-01,0.003985954581323808,13,advisor_summarized
2021-06-02,0,13,advisor_summarized
2021-06-03,0,13,advisor_summarized
2021-06-04,0,13,advisor_summarized
2021-06-05,0,13,advisor_summarized
2021-06-06,0,13,advisor_summarized
2021-06-07,0,13,advisor_summarized
2021-06-08,0,13,advisor_summarized
2021-06-09,0,13,advisor_summarized
2021-06-10,5.803417788967364e-7,13,advisor_summarized
2021-06-11,2.8030736705174744e-7,13,advisor_summarized
2021-06-12,0.007486949033283448,13,advisor_summarized
2021-06-13,0.21541479062930283,13,advisor_summarized
2021-06-14,0,13,advisor_summarized
2021-06-15,0.33952509179022083,13,advisor_summarized
2021-06-16,0.9716224956017037,13,advisor_summarized
2021-06-17,2.019410882138987,13,advisor_summarized
2021-06-18,2.8342192845132708,13,advisor_summarized
2021-06-19,1.7696886821792324,13,advisor_summarized
2021-06-20,3.9851209014793234,13,advisor_summarized
2021-06-21,10.871666516763277,13,advisor_summarized
2021-06-22,137.09682990044612,13,advisor_summarized
2021-06-23,242.7018725925591,13,advisor_summarized
2021-06-24,202.60872677549654,13,advisor_summarized
2021-06-25,229.80703169371645,13,advisor_summarized
2021-06-26,261.34008545980447,13,advisor_summarized
2021-06-27,216.63140752124198,13,advisor_summarized
2021-06-28,166.24449858422403,13,advisor_summarized
2021-06-29,143.62165223807415,13,advisor_summarized
2021-06-30,115.23196342023022,13,advisor_summarized
2021-07-01,73.16232870575844,13,advisor_summarized
2021-07-02,40.742557657337485,13,advisor_summarized
2021-07-03,49.00436569178739,13,advisor_summarized
2021-07-04,53.77582711881457,13,advisor_summarized
2021-07-05,53.100064530228906,13,advisor_summarized
2021-07-06,53.42047025136066,13,advisor_summarized
2021-07-07,501.18647657813943,13,advisor_summarized
2021-07-08,647.8645744188315,13,advisor_summarized
2021-07-09,266.1169485122918,13,advisor_summarized
2021-07-10,142.45791850478773,13,advisor_summarized
2021-07-11,93.746908700463,13,advisor_summarized
2021-07-12,80.68605025167919,13,advisor_summarized
2021-07-13,61.49349640572465,13,advisor_summarized
2021-07-14,57.9290835142155,13,advisor_summarized
2021-07-15,46.546499252453394,13,advisor_summarized
2021-07-16,41.61742382137614,13,advisor_summarized
2021-07-17,34.83751246090528,13,advisor_summarized
2021-07-18,24.846976863847654,13,advisor_summarized
2021-07-19,13.796824959407841,13,advisor_summarized
2021-07-20,10.333236701441189,13,advisor_summarized
2021-07-21,33.32218065202931,13,advisor_summarized
2021-07-22,25.104620401807086,13,advisor_summarized
2021-07-23,10.884572630732633,13,advisor_summarized
2021-07-24,12.418614701702237,13,advisor_summarized
2021-07-25,6.019622994323497,13,advisor_summarized
2021-07-26,1.2538510523043163,13,advisor_summarized
2021-07-27,71.63852645851281,13,advisor_summarized
2021-07-28,177.16112520382566,13,advisor_summarized
2021-07-29,169.19621096231393,13,advisor_summarized
2021-07-30,178.56331456677188,13,advisor_summarized
2021-07-31,155.4428346483048,13,advisor_summarized
2021-08-01,80.84501460405774,13,advisor_summarized
2021-08-02,73.7141252346088,13,advisor_summarized
2021-08-03,90.88619922358727,13,advisor_summarized
2021-08-04,80.38825591391893,13,advisor_summarized
2021-08-05,115.22163833933196,13,advisor_summarized
2021-08-06,120.34609399713754,13,advisor_summarized
2021-08-07,106.85564705516992,13,advisor_summarized
2021-08-08,99.33283817786683,13,advisor_summarized
2021-08-09,93.10012630029142,13,advisor_summarized
2021-08-10,77.861477723083,13,advisor_summarized
2021-08-11,57.17519922253572,13,advisor_summarized
2021-08-12,45.41583734074134,13,advisor_summarized
2021-08-13,36.97011255500648,13,advisor_summarized
2021-08-14,37.076789067814055,13,advisor_summarized
2021-08-15,32.12903459012302,13,advisor_summarized
2021-08-16,18.869583956782108,13,advisor_summarized
2021-08-17,25.24237144197856,13,advisor_summarized
2021-08-18,32.25776868138083,13,advisor_summarized
2021-08-19,19.80042156951189,13,advisor_summarized
2021-08-20,5.406150870367786,13,advisor_summarized
2021-08-21,4.0452772838744755,13,advisor_summarized
2021-08-22,5.928627031687733,13,advisor_summarized
2021-08-23,4.228469336208631,13,advisor_summarized
2021-08-24,4.345328143733108,13,advisor_summarized
2021-08-25,8.565567991287379,13,advisor_summarized
2021-08-26,7.697890508698246,13,advisor_summarized
2021-08-27,6.121535632429257,13,advisor_summarized
2021-08-28,7.867230083018225,13,advisor_summarized
2021-08-29,11.000527726105624,13,advisor_summarized
2021-08-30,9.45794298203097,13,advisor_summarized
2021-08-31,2.3460570058125945,13,advisor_summarized
2021-09-01,1.2282467799261227,13,advisor_summarized
2021-09-02,2.3675615543011697,13,advisor_summarized
2021-09-03,10.840683435507009,13,advisor_summarized
2021-09-04,10.056617096499936,13,advisor_summarized
2021-09-05,4.878271489061189,13,advisor_summarized
2021-09-06,3.9506426056593362,13,advisor_summarized
2021-09-07,2.478449888567767,13,advisor_summarized
2021-09-08,5.630196157747967,13,advisor_summarized
2021-09-09,8.659668887364322,13,advisor_summarized
2021-09-10,12.213804147010727,13,advisor_summarized
2021-09-11,18.24691503803155,13,advisor_summarized
2021-09-12,20.79157390094696,13,advisor_summarized
2021-09-13,21.4455738767127,13,advisor_summarized
2021-09-14,23.647917296518234,13,advisor_summarized
2021-09-15,42.42819557236808,13,advisor_summarized
2021-09-16,66.56338328029953,13,advisor_summarized
2021-09-17,229.22298469764362,13,advisor_summarized
2021-09-18,190.67968244819318,13,advisor_summarized
2021-09-19,290.0197212196593,13,advisor_summarized
2021-09-20,601.5374451874442,13,advisor_summarized
2021-09-21,633.5368374267881,13,advisor_summarized
2021-09-22,236.4003869911701,13,advisor_summarized
2021-09-23,122.37581849511213,13,advisor_summarized
2021-09-24,71.8778464569814,13,advisor_summarized
2021-09-25,33.168133625121364,13,advisor_summarized
2021-09-26,21.11818505172392,13,advisor_summarized
2021-09-27,18.183538634977076,13,advisor_summarized
2021-09-28,12.343572483068634,13,advisor_summarized
2021-09-29,13.790122459854643,13,advisor_summarized
2021-09-30,13.064617206047657,13,advisor_summarized
2021-10-01,8.718395727796583,13,advisor_summarized
2021-10-02,9.70515968342868,13,advisor_summarized
2021-10-03,6.2854528140288375,13,advisor_summarized
2021-10-04,3.3428373677228076,13,advisor_summarized
2021-10-05,2.8570761870535364,13,advisor_summarized
2021-10-06,12.251090000801272,13,advisor_summarized
2021-10-07,10.81155102993428,13,advisor_summarized
2021-10-08,3.4009636137017902,13,advisor_summarized
2021-10-09,1.0908231843009886,13,advisor_summarized
2021-10-10,0.18410603469457534,13,advisor_summarized
2021-10-11,0.11241320278900764,13,advisor_summarized
2021-10-12,1.6646404221262767,13,advisor_summarized
2021-10-13,1.755573870762755,13,advisor_summarized
2021-10-14,0.448363668682205,13,advisor_summarized
2021-10-15,0.045948991462183786,13,advisor_summarized
2021-10-16,0.0012403650535496016,13,advisor_summarized
2021-10-17,1.6364205367271174,13,advisor_summarized
2021-10-18,5.4995907575944445,13,advisor_summarized
2021-10-19,6.709468915926863,13,advisor_summarized
2021-10-20,5.356069790320994,13,advisor_summarized
2021-10-21,2.8393736933613947,13,advisor_summarized
2021-10-22,1.4798333907650638,13,advisor_summarized
2021-10-23,2.2499597945319305,13,advisor_summarized
2021-10-24,2.8245673681874717,13,advisor_summarized
2021-10-25,0.6012337303723349,13,advisor_summarized
2021-10-26,0.0013980809369018804,13,advisor_summarized
2021-10-27,0.007079473706121266,13,advisor_summarized
2021-10-28,0.02222105243358664,13,advisor_summarized
2021-10-29,0,13,advisor_summarized
2021-10-30,0.033452359487969895,13,advisor_summarized
2021-10-31,0.4619253027623354,13,advisor_summarized
2021-11-01,1.6286148558695661,13,advisor_summarized
2021-11-02,0.6180026379968414,13,advisor_summarized
2021-11-03,0.10336604621915717,13,advisor_summarized
2021-11-04,0.3960028846424972,13,advisor_summarized
2021-11-05,1.7794751879231334,13,advisor_summarized
2021-11-06,63.775907934663955,13,advisor_summarized
2021-11-07,57.854752032179135,13,advisor_summarized
2021-11-08,87.78603263213459,13,advisor_summarized
2021-11-09,87.01979745799825,13,advisor_summarized
2021-11-10,61.013226608325766,13,advisor_summarized
2021-11-11,67.5772480054629,13,advisor_summarized
2021-11-12,61.10198570711204,13,advisor_summarized
2021-11-13,34.96989109320457,13,advisor_summarized
2021-11-14,17.37312273516145,13,advisor_summarized
2021-11-15,13.085967725805117,13,advisor_summarized
2021-11-16,15.148974530846187,13,advisor_summarized
2021-11-17,15.181261203642519,13,advisor_summarized
2021-11-18,12.53487635810528,13,advisor_summarized
2021-11-19,16.834617183053975,13,advisor_summarized
2021-11-20,24.910856383306495,13,advisor_summarized
2021-11-21,11.263004339440876,13,advisor_summarized
2021-11-22,0.3100618857120618,13,advisor_summarized
2021-11-23,2.304518906062905,13,advisor_summarized
2021-11-24,13.063241944196434,13,advisor_summarized
2021-11-25,13.85506251457184,13,advisor_summarized
2021-11-26,3.820989667436511,13,advisor_summarized
2021-11-27,8.650985472738807,13,advisor_summarized
2021-11-28,2.7599442941707673,13,advisor_summarized
2021-11-29,0.3066273970505864,13,advisor_summarized
2021-11-30,1.4780477474614762,13,advisor_summarized
2021-12-01,1.590933033292254,13,advisor_summarized
2021-12-02,1.6180297379087003,13,advisor_summarized
2021-12-03,0.8268087104038045,13,advisor_summarized
2021-12-04,0.4631162460088283,13,advisor_summarized
2021-12-05,3.0213441155369822,13,advisor_summarized
2021-12-06,8.166396853234355,13,advisor_summarized
2021-12-07,1.1308539785482064,13,advisor_summarized
2021-12-08,0.00821210114105169,13,advisor_summarized
2021-12-09,2.7878435122330214,13,advisor_summarized
2021-12-10,9.044883429771485,13,advisor_summarized
2021-12-11,3.854788311393649,13,advisor_summarized
2021-12-12,11.63174960144444,13,advisor_summarized
2021-12-13,20.87074140608038,13,advisor_summarized
2021-12-14,13.135262800991383,13,advisor_summarized
2021-12-15,9.969185243550525,13,advisor_summarized
2021-12-16,8.235045749924515,13,advisor_summarized
2021-12-17,7.982466297786112,13,advisor_summarized
2021-12-18,3.300036071928433,13,advisor_summarized
2021-12-19,0.3669468468945795,13,advisor_summarized
2021-12-20,4.506813763737821,13,advisor_summarized
2021-12-21,2.1546189346447657,13,advisor_summarized
2021-12-22,9.977702510265503,13,advisor_summarized
2021-12-23,14.883335842164518,13,advisor_summarized
2021-12-24,15.108129546305825,13,advisor_summarized
2021-12-25,10.798080397475731,13,advisor_summarized
2021-12-26,4.151829744324723,13,advisor_summarized
2021-12-27,0.44447733566134345,13,advisor_summarized
2021-12-28,0.008056041013078408,13,advisor_summarized
2021-12-29,0.11416903411204171,13,advisor_summarized
2021-12-30,1.1219265847222604,13,advisor_summarized
2021-12-31,1.5511724129151565,13,advisor_summarized
2022-01-01,3.34576317815349,13,advisor_summarized
2022-01-02,5.031565169425833,13,advisor_summarized
2022-01-03,7.181813717031949,13,advisor_summarized
2022-01-04,38.47495428220347,13,advisor_summarized
2022-01-05,9.516841148101774,13,advisor_summarized
2022-01-06,0.5459273846166859,13,advisor_summarized
2022-01-07,3.752994910729541,13,advisor_summarized
2022-01-08,21.78552326568399,13,advisor_summarized
2022-01-09,18.160016829813152,13,advisor_summarized
2022-01-10,12.759791386692157,13,advisor_summarized
2022-01-11,28.287862789131367,13,advisor_summarized
2022-01-12,16.943213685640067,13,advisor_summarized
2022-01-13,2.691408579171368,13,advisor_summarized
2022-01-14,0.5159635565486899,13,advisor_summarized
2022-01-15,2.244967745236342,13,advisor_summarized
2022-01-16,0.665879866461725,13,advisor_summarized
2022-01-17,1.3161535844556105,13,advisor_summarized
2022-01-18,5.251844887181109,13,advisor_summarized
2022-01-19,16.708256805204513,13,advisor_summarized
2022-01-20,9.859642419749765,13,advisor_summarized
2022-01-21,3.3886543059607512,13,advisor_summarized
2022-01-22,0.9410031602345973,13,advisor_summarized
2022-01-23,0.46224147592408077,13,advisor_summarized
2022-01-24,0.24967445286293502,13,advisor_summarized
2022-01-25,0,13,advisor_summarized
2022-01-26,1.8508573329485742,13,advisor_summarized
2022-01-27,17.222602579341835,13,advisor_summarized
2022-01-28,7.303961968042727,13,advisor_summarized
2022-01-29,0.6093410595579615,13,advisor_summarized
2022-01-30,6.196212488992835,13,advisor_summarized
2022-01-31,0,13,advisor_summarized
2022-02-01,0,13,advisor_summarized
2022-02-02,0,13,advisor_summarized
2022-02-03,0,13,advisor_summarized
2022-02-04,0,13,advisor_summarized
2022-02-05,0,13,advisor_summarized
2022-02-06,0,13,advisor_summarized
2022-02-07,0,13,advisor_summarized
2022-02-08,0,13,advisor_summarized
2022-02-09,0,13,advisor_summarized
2022-02-10,0,13,advisor_summarized
2022-02-11,0,13,advisor_summarized
2022-02-12,0,13,advisor_summarized
2022-02-13,0,13,advisor_summarized
2022-02-14,0,13,advisor_summarized
2022-02-15,0,13,advisor_summarized
2022-02-16,0,13,advisor_summarized
2022-02-17,0,13,advisor_summarized
2022-02-18,0,13,advisor_summarized
2022-02-19,0,13,advisor_summarized
2022-02-20,0,13,advisor_summarized
2022-02-21,0,13,advisor_summarized
2022-02-22,0,13,advisor_summarized
2022-02-23,0,13,advisor_summarized
2022-02-24,0,13,advisor_summarized
2022-02-25,0,13,advisor_summarized
2022-02-26,0,13,advisor_summarized
2022-02-27,0,13,advisor_summarized
2022-02-28,0,13,advisor_summarized
2022-03-01,0,13,advisor_summarized
2022-03-02,0,13,advisor_summarized
2022-03-03,0,13,advisor_summarized
2022-03-04,0,13,advisor_summarized
2022-03-05,0,13,advisor_summarized
2022-03-06,0,13,advisor_summarized
2022-03-07,0,13,advisor_summarized
2022-03-08,0,13,advisor_summarized
2022-03-09,0,13,advisor_summarized
2022-03-10,0,13,advisor_summarized
2022-03-11,0.023170522288759602,13,advisor_summarized
2022-03-12,36.17822102306264,13,advisor_summarized
2022-03-13,54.34026701839181,13,advisor_summarized
2022-03-14,15.892130712433849,13,advisor_summarized
2022-03-15,0.703752664874218,13,advisor_summarized
2022-03-16,5.789439781486197e-4,13,advisor_summarized
2022-03-17,0,13,advisor_summarized
2022-03-18,0,13,advisor_summarized
2022-03-19,0,13,advisor_summarized
2022-03-20,0,13,advisor_summarized
2022-03-21,0,13,advisor_summarized
2022-03-22,0,13,advisor_summarized
2022-03-23,0,13,advisor_summarized
2022-03-24,12.98778089235563,13,advisor_summarized
2022-03-25,18.169216627954334,13,advisor_summarized
2022-03-26,6.035019799879334,13,advisor_summarized
2022-03-27,0,13,advisor_summarized
2022-03-28,0,13,advisor_summarized
2022-03-29,0,13,advisor_summarized
2022-03-30,0,13,advisor_summarized
2022-03-31,0,13,advisor_summarized
2022-04-01,0,13,advisor_summarized
2022-04-02,0,13,advisor_summarized
2022-04-03,0,13,advisor_summarized
2022-04-04,0,13,advisor_summarized
2022-04-05,0,13,advisor_summarized
2022-04-06,0,13,advisor_summarized
2022-04-07,0,13,advisor_summarized
2022-04-08,0,13,advisor_summarized
2022-04-09,0,13,advisor_summarized
2022-04-10,0,13,advisor_summarized
2022-04-11,0,13,advisor_summarized
2022-04-12,0,13,advisor_summarized
2022-04-13,0,13,advisor_summarized
2022-04-14,18.901249331746452,13,advisor_summarized
2022-04-15,22.59291740292851,13,advisor_summarized
2022-04-16,14.885988442690277,13,advisor_summarized
2022-04-17,12.973730842919268,13,advisor_summarized
2022-04-18,9.244612350231336,13,advisor_summarized
2022-04-19,31.438776243264655,13,advisor_summarized
2022-04-20,52.703778476778915,13,advisor_summarized
2022-04-21,73.48321380113775,13,advisor_summarized
2022-04-22,46.21785076949518,13,advisor_summarized
2022-04-23,22.728531304090094,13,advisor_summarized
2022-04-24,8.416010780402061,13,advisor_summarized
2022-04-25,5.775891511761322,13,advisor_summarized
2022-04-26,5.251323056701199,13,advisor_summarized
2022-04-27,6.151581392253751,13,advisor_summarized
2022-04-28,9.401541181549202,13,advisor_summarized
2022-04-29,7.228654435603548,13,advisor_summarized
2022-04-30,9.289064620282888,13,advisor_summarized
2022-05-01,15.996140530691584,13,advisor_summarized
2022-05-02,23.005405640144684,13,advisor_summarized
2022-05-03,5.3157151196939605,13,advisor_summarized
2022-05-04,0.615561047430911,13,advisor_summarized
2022-05-05,0.0206032367459358,13,advisor_summarized
2022-05-06,0,13,advisor_summarized
2022-05-07,0,13,advisor_summarized
2022-05-08,0.0434208135422491,13,advisor_summarized
2022-05-09,3.0420757557361706,13,advisor_summarized
2022-05-10,6.796999498413041,13,advisor_summarized
2022-05-11,6.994269887915984,13,advisor_summarized
2022-05-12,2.3892899072453964,13,advisor_summarized
2022-05-13,2.313079212240335,13,advisor_summarized
2022-05-14,3.5533320056810855,13,advisor_summarized
2022-05-15,1.753188408507403,13,advisor_summarized
2022-05-16,1.0863084347516823,13,advisor_summarized
2022-05-17,2.0783136960363895,13,advisor_summarized
2022-05-18,4.082452927148634,13,advisor_summarized
2022-05-19,4.202261002558385,13,advisor_summarized
2022-05-20,14.2251278240719,13,advisor_summarized
2022-05-21,47.90981949029817,13,advisor_summarized
2022-05-22,40.03066399017847,13,advisor_summarized
2022-05-23,10.483180254745182,13,advisor_summarized
2022-05-24,3.590522191706929,13,advisor_summarized
2022-05-25,8.125491360237598,13,advisor_summarized
2022-05-26,12.869021228043197,13,advisor_summarized
2022-05-27,6.631758815844601,13,advisor_summarized
2022-05-28,4.628379743629722,13,advisor_summarized
2022-05-29,7.721686370793271,13,advisor_summarized
2022-05-30,12.693268474814635,13,advisor_summarized
2022-05-31,11.56537210283476,13,advisor_summarized
2022-06-01,6.432645032459253,13,advisor_summarized
2022-06-02,3.4283055214897904,13,advisor_summarized
2022-06-03,0.6790883628646774,13,advisor_summarized
2022-06-04,1.148107635507498e-8,13,advisor_summarized
2022-06-05,0,13,advisor_summarized
2022-06-06,2.560164914863979,13,advisor_summarized
2022-06-07,5.506900332296682,13,advisor_summarized
2022-06-08,2.5101948309752866,13,advisor_summarized
2022-06-09,2.094658847601586,13,advisor_summarized
2022-06-10,3.616751165369541,13,advisor_summarized
2022-06-11,4.732229767248401,13,advisor_summarized
2022-06-12,5.758583044253334,13,advisor_summarized
2022-06-13,6.596011938585033,13,advisor_summarized
2022-06-14,5.081295678763914,13,advisor_summarized
2022-06-15,7.6514859266560995,13,advisor_summarized
2022-06-16,15.44797490893079,13,advisor_summarized
2022-06-17,16.940978670036902,13,advisor_summarized
2022-06-18,14.03698443029225,13,advisor_summarized
2022-06-19,30.110998313960053,13,advisor_summarized
2022-06-20,25.084660556786105,13,advisor_summarized
2022-06-21,20.58974670359584,13,advisor_summarized
2022-06-22,8.924457614914386,13,advisor_summarized
2022-06-23,2.4918738989174742,13,advisor_summarized
2022-06-24,5.982225496805536,13,advisor_summarized
2022-06-25,13.074864014997553,13,advisor_summarized
2022-06-26,9.892372416664651,13,advisor_summarized
2022-06-27,4.776342579199246,13,advisor_summarized
2022-06-28,6.5804829066281485,13,advisor_summarized
2022-06-29,11.184705433473141,13,advisor_summarized
2022-06-30,9.086913782151784,13,advisor_summarized
2022-07-01,12.419019215058055,13,advisor_summarized
2022-07-02,16.207549805308613,13,advisor_summarized
2022-07-03,12.582393020729512,13,advisor_summarized
2022-07-04,4.320920966895608,13,advisor_summarized
2022-07-05,2.3356476680578466,13,advisor_summarized
2022-07-06,6.262215686977258,13,advisor_summarized
2022-07-07,14.525148156968184,13,advisor_summarized
2022-07-08,13.61937919951085,13,advisor_summarized
2022-07-09,6.953445221666701,13,advisor_summarized
2022-07-10,1.835744815423703,13,advisor_summarized
2022-07-11,0.9486878120825223,13,advisor_summarized
2022-07-12,1.1904717920562338,13,advisor_summarized
2022-07-13,1.4534579204044402,13,advisor_summarized
2022-07-14,3.169804926236628,13,advisor_summarized
2022-07-15,4.9597573845264344,13,advisor_summarized
2022-07-16,4.879773359919183,13,advisor_summarized
2022-07-17,1.9876107836648567,13,advisor_summarized
2022-07-18,2.6702658382898448,13,advisor_summarized
2022-07-19,5.028369245065458,13,advisor_summarized
2022-07-20,5.7132856542851655,13,advisor_summarized
2022-07-21,4.181423308122488,13,advisor_summarized
2022-07-22,4.082038868644214,13,advisor_summarized
2022-07-23,9.31890702676546,13,advisor_summarized
2022-07-24,28.757009824962253,13,advisor_summarized
2022-07-25,31.503011744520293,13,advisor_summarized
2022-07-26,20.114737588610392,13,advisor_summarized
2022-07-27,9.900491179781733,13,advisor_summarized
2022-07-28,5.588365916893814,13,advisor_summarized
2022-07-29,4.853521737453606,13,advisor_summarized
2022-07-30,8.243686712668643,13,advisor_summarized
2022-07-31,13.263605480385918,13,advisor_summarized
2022-08-01,9.326190011785348,13,advisor_summarized
2022-08-02,4.779391655439112,13,advisor_summarized
2022-08-03,7.773888586419531,13,advisor_summarized
2022-08-04,18.0965115708448,13,advisor_summarized
2022-08-05,17.354331644738167,13,advisor_summarized
2022-08-06,16.023104590576846,13,advisor_summarized
2022-08-07,15.550216796906994,13,advisor_summarized
2022-08-08,12.613300832478346,13,advisor_summarized
2022-08-09,10.76918099641621,13,advisor_summarized
2022-08-10,12.087735255978735,13,advisor_summarized
2022-08-11,10.42931247741908,13,advisor_summarized
2022-08-12,6.247501640345594,13,advisor_summarized
2022-08-13,2.9113369373312117,13,advisor_summarized
2022-08-14,2.1789348284659256,13,advisor_summarized
2022-08-15,1.1001364407195025,13,advisor_summarized
2022-08-16,1.8882666650971738,13,advisor_summarized
2022-08-17,3.511226601591254,13,advisor_summarized
2022-08-18,4.612467322627788,13,advisor_summarized
2022-08-19,4.585811891760879,13,advisor_summarized
2022-08-20,6.227449838585482,13,advisor_summarized
2022-08-21,8.742089639008297,13,advisor_summarized
2022-08-22,8.939894264589816,13,advisor_summarized
2022-08-23,5.2218803293207285,13,advisor_summarized
2022-08-24,5.98620794703659,13,advisor_summarized
2022-08-25,13.776474489224142,13,advisor_summarized
2022-08-26,14.757471821406474,13,advisor_summarized
2022-08-27,16.09202397977683,13,advisor_summarized
2022-08-28,59.19265991329923,13,advisor_summarized
2022-08-29,127.58227884802047,13,advisor_summarized
2022-08-30,103.44561859377819,13,advisor_summarized
2022-08-31,85.07526130582066,13,advisor_summarized
2022-09-01,70.61747331745404,13,advisor_summarized
2022-09-02,57.99330093293552,13,advisor_summarized
2022-09-03,44.076220286361256,13,advisor_summarized
2022-09-04,37.77899133857647,13,advisor_summarized
2022-09-05,52.41226524439739,13,advisor_summarized
2022-09-06,59.52742982313533,13,advisor_summarized
2022-09-07,34.94626587634624,13,advisor_summarized
2022-09-08,17.83442390639069,13,advisor_summarized
2022-09-09,81.11591007433962,13,advisor_summarized
2022-09-10,507.6548512043675,13,advisor_summarized
2022-09-11,546.5660603344639,13,advisor_summarized
2022-09-12,199.14553650774246,13,advisor_summarized
2022-09-13,103.40595736818663,13,advisor_summarized
2022-09-14,81.66170060471539,13,advisor_summarized
2022-09-15,70.86250325502039,13,advisor_summarized
2022-09-16,52.0405234587472,13,advisor_summarized
2022-09-17,42.207054134433236,13,advisor_summarized
2022-09-18,36.029315423495845,13,advisor_summarized
2022-09-19,31.662655681198128,13,advisor_summarized
2022-09-20,25.91939025222285,13,advisor_summarized
2022-09-21,29.960942873615778,13,advisor_summarized
2022-09-22,35.95894584831961,13,advisor_summarized
2022-09-23,38.167655365805885,13,advisor_summarized
2022-09-24,22.076834561567804,13,advisor_summarized
2022-09-25,9.558977492147312,13,advisor_summarized
2022-09-26,12.16669328577411,13,advisor_summarized
2022-09-27,15.735063846879003,13,advisor_summarized
2022-09-28,10.166927101412186,13,advisor_summarized
2022-09-29,3.5334340704872425,13,advisor_summarized
2022-09-30,2.5124460204790484,13,advisor_summarized
2022-10-01,4.947859508887007,13,advisor_summarized
2022-10-02,11.46027809578534,13,advisor_summarized
2022-10-03,20.097548840922933,13,advisor_summarized
2022-10-04,21.262592562586907,13,advisor_summarized
2022-10-05,23.457840791024537,13,advisor_summarized
2022-10-06,31.188983486993877,13,advisor_summarized
2022-10-07,25.254829350761838,13,advisor_summarized
2022-10-08,18.457614639139738,13,advisor_summarized
2022-10-09,27.50114906659601,13,advisor_summarized
2022-10-10,29.965860887407754,13,advisor_summarized
2022-10-11,29.16012229328098,13,advisor_summarized
2022-10-12,25.510005445651956,13,advisor_summarized
2022-10-13,18.696655806685076,13,advisor_summarized
2022-10-14,22.563165025192188,13,advisor_summarized
2022-10-15,26.542221610136053,13,advisor_summarized
2022-10-16,17.989028541391338,13,advisor_summarized
2022-10-17,3.274001409883448,13,advisor_summarized
2022-10-18,1.8321642949300498,13,advisor_summarized
2022-10-19,10.60969687545976,13,advisor_summarized
2022-10-20,8.611909022695508,13,advisor_summarized
2022-10-21,5.932294225193012,13,advisor_summarized
2022-10-22,7.096554723191304,13,advisor_summarized
2022-10-23,6.649229884242072,13,advisor_summarized
2022-10-24,6.224719714948086,13,advisor_summarized
2022-10-25,1.5074524048778584,13,advisor_summarized
2022-10-26,1.233807337602405,13,advisor_summarized
2022-10-27,12.933227926099692,13,advisor_summarized
2022-10-28,17.23673555880286,13,advisor_summarized
2022-10-29,11.38025931448348,13,advisor_summarized
2022-10-30,7.842699936477118,13,advisor_summarized
2022-10-31,15.100630138001213,13,advisor_summarized
2022-11-01,24.018743988249877,13,advisor_summarized
2022-11-02,10.262990130137267,13,advisor_summarized
2022-11-03,11.394867901570143,13,advisor_summarized
2022-11-04,7.453380040069316,13,advisor_summarized
2022-11-05,2.3508256817914766,13,advisor_summarized
2022-11-06,2.955618942953112,13,advisor_summarized
2022-11-07,7.4016201209794055,13,advisor_summarized
2022-11-08,14.090222481075138,13,advisor_summarized
2022-11-09,19.158990580708537,13,advisor_summarized
2022-11-10,1.1924573473921154,13,advisor_summarized
2022-11-11,0.9866931888118969,13,advisor_summarized
2022-11-12,3.566754071131429,13,advisor_summarized
2022-11-13,13.460203931727692,13,advisor_summarized
2022-11-14,22.593094532245303,13,advisor_summarized
2022-11-15,21.56233698309967,13,advisor_summarized
2022-11-16,18.052523586658012,13,advisor_summarized
2022-11-17,30.780245350860753,13,advisor_summarized
2022-11-18,39.67402953121891,13,advisor_summarized
2022-11-19,53.63253253201308,13,advisor_summarized
2022-11-20,49.93324545324324,13,advisor_summarized
2022-11-21,37.64592555998906,13,advisor_summarized
2022-11-22,31.31239882527461,13,advisor_summarized
2022-11-23,27.019343009325095,13,advisor_summarized
2022-11-24,102.5175884064202,13,advisor_summarized
2022-11-25,45.99001298643245,13,advisor_summarized
2022-11-26,32.869122671127954,13,advisor_summarized
2022-11-27,12.886920266597981,13,advisor_summarized
2022-11-28,12.915291985164155,13,advisor_summarized
2022-11-29,22.244827413405066,13,advisor_summarized
2022-11-30,20.80915942739369,13,advisor_summarized
2022-12-01,31.633160842121125,13,advisor_summarized
2022-12-02,29.525580030107747,13,advisor_summarized
2022-12-03,23.887866853899908,13,advisor_summarized
2022-12-04,11.185832119308087,13,advisor_summarized
2022-12-05,6.934394906956032,13,advisor_summarized
2022-12-06,16.134858047332667,13,advisor_summarized
2022-12-07,35.695557200535845,13,advisor_summarized
2022-12-08,30.21202791527495,13,advisor_summarized
2022-12-09,27.8770505884824,13,advisor_summarized
2022-12-10,25.785270926936047,13,advisor_summarized
2022-12-11,39.63004135846206,13,advisor_summarized
2022-12-12,21.784497164939697,13,advisor_summarized
2022-12-13,18.011722177683726,13,advisor_summarized
2022-12-14,11.029771123301508,13,advisor_summarized
2022-12-15,0.9657072514599633,13,advisor_summarized
2022-12-16,3.8623860397617538,13,advisor_summarized
2022-12-17,4.513041279788839,13,advisor_summarized
2022-12-18,21.782810957314407,13,advisor_summarized
2022-12-19,40.44598586800586,13,advisor_summarized
2022-12-20,24.42256259756039,13,advisor_summarized
2022-12-21,11.3690630830091,13,advisor_summarized
2022-12-22,8.234211660818152,13,advisor_summarized
2022-12-23,17.733021432420134,13,advisor_summarized
2022-12-24,41.6657626795817,13,advisor_summarized
2022-12-25,43.200780899838314,13,advisor_summarized
2022-12-26,49.2915469567316,13,advisor_summarized
2022-12-27,40.08590697052957,13,advisor_summarized
2022-12-28,61.287597144834955,13,advisor_summarized
2022-12-29,78.02196002066614,13,advisor_summarized
2022-12-30,34.571002401786366,13,advisor_summarized
2022-12-31,24.163865661453187,13,advisor_summarized
2023-01-01,17.211104603364635,13,advisor_summarized
2023-01-02,13.724778719794974,13,advisor_summarized
2023-01-03,13.369612100206256,13,advisor_summarized
2023-01-04,17.997531567074464,13,advisor_summarized
2023-01-05,45.828494192372744,13,advisor_summarized
2023-01-06,45.312878366865384,13,advisor_summarized
2023-01-07,19.875962780464757,13,advisor_summarized
2023-01-08,14.886347662658894,13,advisor_summarized
2023-01-09,7.935753110181399,13,advisor_summarized
2023-01-10,8.876015202049908,13,advisor_summarized
2023-01-11,8.883203520689287,13,advisor_summarized
2023-01-12,6.750844674896814,13,advisor_summarized
2023-01-13,9.183774796486064,13,advisor_summarized
2023-01-14,26.97730211204319,13,advisor_summarized
2023-01-15,28.09021373662687,13,advisor_summarized
2023-01-16,15.895460653832897,13,advisor_summarized
2023-01-17,14.632008561526815,13,advisor_summarized
2023-01-18,21.451084957969886,13,advisor_summarized
2023-01-19,12.529393201058214,13,advisor_summarized
2023-01-20,8.730359798304454,13,advisor_summarized
2023-01-21,8.62766937080345,13,advisor_summarized
2023-01-22,2.8503522573657682,13,advisor_summarized
2023-01-23,21.90603507423975,13,advisor_summarized
2023-01-24,30.167381648888362,13,advisor_summarized
2023-01-25,7.224867861526903,13,advisor_summarized
2023-01-26,32.93929543636438,13,advisor_summarized
2023-01-27,77.51175014629335,13,advisor_summarized
2023-01-28,52.68279537987288,13,advisor_summarized
2023-01-29,24.12774963620826,13,advisor_summarized
2023-01-30,25.03663105723669,13,advisor_summarized
2023-01-31,35.04253649020326,13,advisor_summarized
2023-02-01,32.734177884009725,13,advisor_summarized
2023-02-02,27.56035073578124,13,advisor_summarized
2023-02-03,32.63189747445289,13,advisor_summarized
2023-02-04,63.89704264079152,13,advisor_summarized
2023-02-05,73.31879631037098,13,advisor_summarized
2023-02-06,28.095724130280612,13,advisor_summarized
2023-02-07,32.35701719820886,13,advisor_summarized
2023-02-08,63.69916189352593,13,advisor_summarized
2023-02-09,24.604009567656657,13,advisor_summarized
2023-02-10,5.9175765386824395,13,advisor_summarized
2023-02-11,4.257322724327273,13,advisor_summarized
2023-02-12,6.68681641931495,13,advisor_summarized
2023-02-13,17.478819277648327,13,advisor_summarized
2023-02-14,21.85156694116994,13,advisor_summarized
2023-02-15,25.204741852551894,13,advisor_summarized
2023-02-16,25.744205917419947,13,advisor_summarized
2023-02-17,20.27633627478698,13,advisor_summarized
2023-02-18,21.068142015731993,13,advisor_summarized
2023-02-19,26.405477123175174,13,advisor_summarized
2023-02-20,17.86646960463304,13,advisor_summarized
2023-02-21,5.255059483321651,13,advisor_summarized
2023-02-22,10.076126449050188,13,advisor_summarized
2023-02-23,24.999262123465332,13,advisor_summarized
2023-02-24,41.74260728922359,13,advisor_summarized
2023-02-25,52.70157054938387,13,advisor_summarized
2023-02-26,50.74056140365091,13,advisor_summarized
2023-02-27,16.904460000019537,13,advisor_summarized
2023-02-28,9.10134320672412,13,advisor_summarized
2023-03-01,10.502792881668372,13,advisor_summarized
2023-03-02,7.361439343948137,13,advisor_summarized
2023-03-03,4.414067399848238,13,advisor_summarized
2023-03-04,0.21938205514322903,13,advisor_summarized
2023-03-05,8.197805371088306,13,advisor_summarized
2023-03-06,18.07201680960313,13,advisor_summarized
2023-03-07,18.67408017963964,13,advisor_summarized
2023-03-08,20.569103624477147,13,advisor_summarized
2023-03-09,13.58118845969379,13,advisor_summarized
2023-03-10,2.42772284289627,13,advisor_summarized
2023-03-11,1.8522263902441327,13,advisor_summarized
2023-03-12,3.2315333851492842,13,advisor_summarized
2023-03-13,44.27963156856467,13,advisor_summarized
2023-03-14,73.65789326899404,13,advisor_summarized
2023-03-15,63.248310019126386,13,advisor_summarized
2023-03-16,68.99070860703183,13,advisor_summarized
2023-03-17,54.63669846630891,13,advisor_summarized
2023-03-18,42.389759634009536,13,advisor_summarized
2023-03-19,45.577898752404074,13,advisor_summarized
2023-03-20,52.95115779812851,13,advisor_summarized
2023-03-21,70.15606111994269,13,advisor_summarized
2023-03-22,49.88136206203686,13,advisor_summarized
2023-03-23,33.752315039243435,13,advisor_summarized
2023-03-24,29.48135734750656,13,advisor_summarized
2023-03-25,29.433091404325584,13,advisor_summarized
2023-03-26,37.85005140132252,13,advisor_summarized
2023-03-27,39.35365318285353,13,advisor_summarized
2023-03-28,15.368713346991122,13,advisor_summarized
2023-03-29,13.047573882452513,13,advisor_summarized
2023-03-30,20.849412491586648,13,advisor_summarized
2023-03-31,39.258076764483555,13,advisor_summarized
2023-04-01,33.433195800532175,13,advisor_summarized
2023-04-02,7.609868539173082,13,advisor_summarized
2023-04-03,2.715459211760765,13,advisor_summarized
2023-04-04,2.6673313787963626,13,advisor_summarized
2023-04-05,6.2242249627670105,13,advisor_summarized
2023-04-06,11.206395102789806,13,advisor_summarized
2023-04-07,18.659909623678626,13,advisor_summarized
2023-04-08,19.832382856797,13,advisor_summarized
2023-04-09,23.917086355367914,13,advisor_summarized
2023-04-10,30.932907706270555,13,advisor_summarized
2023-04-11,31.031006955686877,13,advisor_summarized
2023-04-12,14.203656285892405,13,advisor_summarized
2023-04-13,1.1438919812120205,13,advisor_summarized
2023-04-14,2.0200611718793033,13,advisor_summarized
2023-04-15,7.719123178025609,13,advisor_summarized
2023-04-16,8.168034681489958,13,advisor_summarized
2023-04-17,7.739372906290946,13,advisor_summarized
2023-04-18,9.368224400828463,13,advisor_summarized
2023-04-19,10.36589381592936,13,advisor_summarized
2023-04-20,10.001830037974385,13,advisor_summarized
2023-04-21,5.2620867640057885,13,advisor_summarized
2023-04-22,2.356448029459933,13,advisor_summarized
2023-04-23,3.470272749331862,13,advisor_summarized
2023-04-24,1.9537858543679356,13,advisor_summarized
2023-04-25,1.8112444582742029,13,advisor_summarized
2023-04-26,7.603632428087025,13,advisor_summarized
2023-04-27,13.189826903329765,13,advisor_summarized
2023-04-28,9.132068229167414,13,advisor_summarized
2023-04-29,3.778856407463875,13,advisor_summarized
2023-04-30,2.5117018782148124,13,advisor_summarized
2023-05-01,7.770107499616195,13,advisor_summarized
2023-05-02,6.639259078188384,13,advisor_summarized
2023-05-03,5.051476576704315,13,advisor_summarized
2023-05-04,5.967417751811297,13,advisor_summarized
2023-05-05,16.47744507591459,13,advisor_summarized
2023-05-06,19.6079974710897,13,advisor_summarized
2023-05-07,17.2929101692885,13,advisor_summarized
2023-05-08,6.592069964285513,13,advisor_summarized
2023-05-09,6.238033687754928,13,advisor_summarized
2023-05-10,4.138775151685714,13,advisor_summarized
2023-05-11,6.217254057342132,13,advisor_summarized
2023-05-12,5.6027508079332895,13,advisor_summarized
2023-05-13,9.733253681690796,13,advisor_summarized
2023-05-14,11.376461364063877,13,advisor_summarized
2023-05-15,14.068311704632643,13,advisor_summarized
2023-05-16,7.1432339941056044,13,advisor_summarized
2023-05-17,6.1603929771692485,13,advisor_summarized
2023-05-18,14.25559183636836,13,advisor_summarized
2023-05-19,30.20913521731975,13,advisor_summarized
2023-05-20,24.5500782206971,13,advisor_summarized
2023-05-21,31.553099926744963,13,advisor_summarized
2023-05-22,38.28438123419136,13,advisor_summarized
2023-05-23,30.569835833435008,13,advisor_summarized
2023-05-24,15.774216601305314,13,advisor_summarized
2023-05-25,16.015651947144107,13,advisor_summarized
2023-05-26,20.501433038652962,13,advisor_summarized
2023-05-27,24.908809809599177,13,advisor_summarized
2023-05-28,19.718150851753975,13,advisor_summarized
2023-05-29,17.435779698106156,13,advisor_summarized
2023-05-30,14.455548656315797,13,advisor_summarized
2023-05-31,19.05381144788172,13,advisor_summarized
2023-06-01,15.639040060757713,13,advisor_summarized
2023-06-02,17.040774924406886,13,advisor_summarized
2023-06-03,15.856457566856271,13,advisor_summarized
2023-06-04,14.651231679261343,13,advisor_summarized
2023-06-05,13.323962269780862,13,advisor_summarized
2023-06-06,12.003317598416956,13,advisor_summarized
2023-06-07,11.406277076572245,13,advisor_summarized
2023-06-08,10.886433757813885,13,advisor_summarized
2023-06-09,11.12326660984165,13,advisor_summarized
2023-06-10,10.660367939434556,13,advisor_summarized
2023-06-11,10.389450594860563,13,advisor_summarized
2023-06-12,10.090009582616906,13,advisor_summarized
2023-06-13,9.798445228816657,13,advisor_summarized
2023-06-14,10.090324341776958,13,advisor_summarized
2023-06-15,13.505751244495537,13,advisor_summarized
2023-06-16,18.316617895157712,13,advisor_summarized
2023-06-17,16.651723998163714,13,advisor_summarized
2023-06-18,17.583763854584216,13,advisor_summarized
2023-06-19,14.870262120065178,13,advisor_summarized
2023-06-20,19.867425204518046,13,advisor_summarized
2023-06-21,19.930827289693035,13,advisor_summarized
2023-06-22,48.180426810550394,13,advisor_summarized
2023-06-23,79.61771535863281,13,advisor_summarized
2023-06-24,49.60631570988832,13,advisor_summarized
2023-06-25,41.17838971614167,13,advisor_summarized
2023-06-26,36.62562394654752,13,advisor_summarized
2023-06-27,32.28238328856049,13,advisor_summarized
2023-06-28,28.538815939973095,13,advisor_summarized
2023-06-29,24.460148462240838,13,advisor_summarized
2023-06-30,21.047317288295087,13,advisor_summarized
2023-07-01,19.11278403999246,13,advisor_summarized
2023-07-02,17.493533190494333,13,advisor_summarized
2023-07-03,15.920890878081446,13,advisor_summarized
2023-07-04,14.892562863240828,13,advisor_summarized
2023-07-05,13.333848206145577,13,advisor_summarized
2023-07-06,12.489178370828178,13,advisor_summarized
2023-07-07,11.517301784675881,13,advisor_summarized
2023-07-08,11.23248019906758,13,advisor_summarized
2023-07-09,11.565135460724926,13,advisor_summarized
2023-07-10,16.512652164253424,13,advisor_summarized
2023-07-11,15.683547625004406,13,advisor_summarized
2023-07-12,14.535210353498078,13,advisor_summarized
2023-07-13,14.613838513948558,13,advisor_summarized
2023-07-14,13.162531380650405,13,advisor_summarized
2023-07-15,12.219281631206607,13,advisor_summarized
2023-07-16,12.493441058627608,13,advisor_summarized
2023-07-17,12.12770521587341,13,advisor_summarized
2023-07-18,11.546242786942626,13,advisor_summarized
2023-07-19,10.268951210886593,13,advisor_summarized
2023-07-20,9.316044855193105,13,advisor_summarized
2023-07-21,8.741607935731269,13,advisor_summarized
2023-07-22,8.662719144363246,13,advisor_summarized
2023-07-23,11.860156114683958,13,advisor_summarized
2023-07-24,11.86109225568279,13,advisor_summarized
2023-07-25,10.971885853694468,13,advisor_summarized
2023-07-26,10.591651536241185,13,advisor_summarized
2023-07-27,9.342643002726717,13,advisor_summarized
2023-07-28,9.39455606608887,13,advisor_summarized
2023-07-29,10.548078565614402,13,advisor_summarized
2023-07-30,13.539537846640089,13,advisor_summarized
2023-07-31,30.068237678105543,13,advisor_summarized
2023-08-01,46.23680147570345,13,advisor_summarized
2023-08-02,72.81827002949824,13,advisor_summarized
2023-08-03,46.386653947049176,13,advisor_summarized
2023-08-04,70.5123173070986,13,advisor_summarized
2023-08-05,94.62698756492277,13,advisor_summarized
2023-08-06,77.01332643535936,13,advisor_summarized
2023-08-07,63.232263454375094,13,advisor_summarized
2023-08-08,51.80799658102131,13,advisor_summarized
2023-08-09,44.11574318198944,13,advisor_summarized
2023-08-10,38.60582750571092,13,advisor_summarized
2023-08-11,32.71493912163931,13,advisor_summarized
2023-08-12,28.488168565405118,13,advisor_summarized
2023-08-13,24.88496988017847,13,advisor_summarized
2023-08-14,21.84479509582206,13,advisor_summarized
2023-08-15,21.27592640438374,13,advisor_summarized
2023-08-16,20.57310944570331,13,advisor_summarized
2023-08-17,21.7948755753081,13,advisor_summarized
2023-08-18,21.385073217973556,13,advisor_summarized
2023-08-19,18.94823065103454,13,advisor_summarized
2023-08-20,20.564919365044428,13,advisor_summarized
2023-08-21,20.663671650614887,13,advisor_summarized
2023-08-22,18.50489406179172,13,advisor_summarized
2023-08-23,17.04305104994466,13,advisor_summarized
2023-08-24,15.710700496842556,13,advisor_summarized
2023-08-25,14.872216096772554,13,advisor_summarized
2023-08-26,14.840115777665323,13,advisor_summarized
2023-08-27,13.742668577969063,13,advisor_summarized
2023-08-28,12.68236614928715,13,advisor_summarized
2023-08-29,14.291507619201232,13,advisor_summarized
2023-08-30,33.33472016390053,13,advisor_summarized
2023-08-31,32.35665122672267,13,advisor_summarized
2023-09-01,29.529666500308732,13,advisor_summarized
2023-09-02,30.415045150385836,13,advisor_summarized
2023-09-03,25.396019022044722,13,advisor_summarized
2023-09-04,22.174239940640927,13,advisor_summarized
2023-09-05,19.979832268008884,13,advisor_summarized
2023-09-06,18.337675234400034,13,advisor_summarized
2023-09-07,16.42137706094735,13,advisor_summarized
2023-09-08,15.781965363976868,13,advisor_summarized
2023-09-09,15.13648264679406,13,advisor_summarized
2023-09-10,13.818446720662044,13,advisor_summarized
2023-09-11,16.017543534092724,13,advisor_summarized
2023-09-12,18.79662429155051,13,advisor_summarized
2023-09-13,16.133817294306496,13,advisor_summarized
2023-09-14,14.943612559778726,13,advisor_summarized
2023-09-15,14.660241645328428,13,advisor_summarized
2023-09-16,13.963945369960364,13,advisor_summarized
2023-09-17,13.289693160295668,13,advisor_summarized
2023-09-18,12.47754711607472,13,advisor_summarized
2023-09-19,11.515072286045317,13,advisor_summarized
2023-09-20,11.00376696190807,13,advisor_summarized
2023-09-21,11.213153589233777,13,advisor_summarized
2023-09-22,11.815943213083251,13,advisor_summarized
2023-09-23,10.226924943101293,13,advisor_summarized
2023-09-24,9.470590548535219,13,advisor_summarized
2023-09-25,9.80330254901792,13,advisor_summarized
2023-09-26,13.627018233814509,13,advisor_summarized
2023-09-27,13.24079046974091,13,advisor_summarized
2023-09-28,12.649780034856548,13,advisor_summarized
2023-09-29,11.562128725226726,13,advisor_summarized
2023-09-30,10.638887226420609,13,advisor_summarized
2023-10-01,9.9257739816109,13,advisor_summarized
2023-10-02,9.031013306527845,13,advisor_summarized
2023-10-03,8.91540644523278,13,advisor_summarized
2023-10-04,8.810761317014174,13,advisor_summarized
2023-10-05,8.48023505438699,13,advisor_summarized
2023-10-06,8.591117649009112,13,advisor_summarized
2023-10-07,8.479340438087517,13,advisor_summarized
2023-10-08,7.997401641482831,13,advisor_summarized
2023-10-09,7.6057148413817695,13,advisor_summarized
2023-10-10,7.461699825804588,13,advisor_summarized
2023-10-11,7.6198698065074195,13,advisor_summarized
2023-10-12,35.60893493546654,13,advisor_summarized
2023-10-13,29.535871052345346,13,advisor_summarized
2023-10-14,24.747187585159267,13,advisor_summarized
2023-10-15,21.838644579730452,13,advisor_summarized
2023-10-16,20.08409802412348,13,advisor_summarized
2023-10-17,18.240019591757743,13,advisor_summarized
2023-10-18,17.28431022929837,13,advisor_summarized
2023-10-19,16.117102305970423,13,advisor_summarized
2023-10-20,14.88655784510897,13,advisor_summarized
2023-10-21,14.1509615154471,13,advisor_summarized
2023-10-22,13.176834443892297,13,advisor_summarized
2023-10-23,12.648848888043014,13,advisor_summarized
2023-10-24,12.08872765428478,13,advisor_summarized
2023-10-25,11.496765081548672,13,advisor_summarized
2023-10-26,11.468618890622302,13,advisor_summarized
2023-10-27,11.210943828391706,13,advisor_summarized
2023-10-28,10.939815233622113,13,advisor_summarized
2023-10-29,11.223047022566732,13,advisor_summarized
2023-10-30,11.363292939938637,13,advisor_summarized
2023-10-31,11.422536616354185,13,advisor_summarized
2023-11-01,11.189898782939105,13,advisor_summarized
2023-11-02,10.78819840509002,13,advisor_summarized
2023-11-03,11.098444479831945,13,advisor_summarized
2023-11-04,10.790290843713358,13,advisor_summarized
2023-11-05,10.014524455346232,13,advisor_summarized
2023-11-06,10.167105978523674,13,advisor_summarized
2023-11-07,9.934359513007372,13,advisor_summarized
2023-11-08,9.671144743506654,13,advisor_summarized
2023-11-09,9.422518942890193,13,advisor_summarized
2023-11-10,9.583322973949675,13,advisor_summarized
2023-11-11,9.853423260938746,13,advisor_summarized
2023-11-12,10.527301653032891,13,advisor_summarized
2023-11-13,10.970404734300814,13,advisor_summarized
2023-11-14,12.390143515452822,13,advisor_summarized
2023-11-15,14.250252447910421,13,advisor_summarized
2023-11-16,14.073772608348266,13,advisor_summarized
2023-11-17,16.408541274024927,13,advisor_summarized
2023-11-18,14.298403477832546,13,advisor_summarized
2023-11-19,13.648492317790108,13,advisor_summarized
2023-11-20,13.05386647669502,13,advisor_summarized
2023-11-21,12.745761130816346,13,advisor_summarized
2023-11-22,13.474640241410787,13,advisor_summarized
2023-11-23,13.409312735916027,13,advisor_summarized
2023-11-24,13.164157314620496,13,advisor_summarized
2023-11-25,13.179768694619577,13,advisor_summarized
2023-11-26,17.85802682865172,13,advisor_summarized
2023-11-27,18.416458097127826,13,advisor_summarized
2023-11-28,16.436208273054756,13,advisor_summarized
2023-11-29,15.385541110141466,13,advisor_summarized
2023-11-30,14.895265939082426,13,advisor_summarized
2023-12-01,14.164756101129472,13,advisor_summarized
2023-12-02,14.43936177121576,13,advisor_summarized
2023-12-03,15.446088872017256,13,advisor_summarized
2023-12-04,15.045798467331005,13,advisor_summarized
2023-12-05,14.108076289695022,13,advisor_summarized
2023-12-06,13.8310282849913,13,advisor_summarized
2023-12-07,13.384169917890224,13,advisor_summarized
2023-12-08,13.450409332413388,13,advisor_summarized
2023-12-09,13.755586098464454,13,advisor_summarized
2023-12-10,15.771899394473671,13,advisor_summarized
2023-12-11,18.570239902252553,13,advisor_summarized
2023-12-12,15.722208141243195,13,advisor_summarized
2023-12-13,15.029619689166951,13,advisor_summarized
2023-12-14,14.59775887156365,13,advisor_summarized
2023-12-15,14.802393781480438,13,advisor_summarized
2023-12-16,16.14590249993568,13,advisor_summarized
2023-12-17,641.6645650129984,13,advisor_summarized
2023-12-18,456.5897911260911,13,advisor_summarized
2023-12-19,378.20142213046984,13,advisor_summarized
2023-12-20,312.2002428683877,13,advisor_summarized
2023-12-21,258.697990945786,13,advisor_summarized
2023-12-22,225.00538846202883,13,advisor_summarized
2023-12-23,186.50939473483118,13,advisor_summarized
2023-12-24,161.98465339447588,13,advisor_summarized
2023-12-25,153.0151806436046,13,advisor_summarized
2023-12-26,143.58392242443017,13,advisor_summarized
2023-12-27,122.87952720748287,13,advisor_summarized
2023-12-28,112.16751710514733,13,advisor_summarized
2023-12-29,102.16250224254831,13,advisor_summarized
2023-12-30,93.56630765363083,13,advisor_summarized
2023-12-31,86.90382190312272,13,advisor_summarized
2024-01-01,80.65944982499308,13,advisor_summarized
2024-01-02,76.05482670243289,13,advisor_summarized
2024-01-03,67.89116337151711,13,advisor_summarized
2024-01-04,76.76491240076608,13,advisor_summarized
2024-01-05,69.878408082663,13,advisor_summarized
2024-01-06,96.6176401299248,13,advisor_summarized
2024-01-07,99.91070869206375,13,advisor_summarized
2024-01-08,88.89747108522556,13,advisor_summarized
2024-01-09,161.43385390243586,13,advisor_summarized
2024-01-10,233.51286236111113,13,advisor_summarized
2024-01-11,199.67769672396082,13,advisor_summarized
2024-01-12,181.90092556638106,13,advisor_summarized
2024-01-13,166.36931050010293,13,advisor_summarized
2024-01-14,144.72068641770952,13,advisor_summarized
2024-01-15,129.34776602890858,13,advisor_summarized
2024-01-16,140.0719750836963,13,advisor_summarized
2024-01-17,139.72647803547179,13,advisor_summarized
2024-01-18,125.08688929048644,13,advisor_summarized
2024-01-19,117.16791605846362,13,advisor_summarized
2024-01-20,107.5071118547171,13,advisor_summarized
2024-01-21,96.7180469461742,13,advisor_summarized
2024-01-22,87.9449743387453,13,advisor_summarized
2024-01-23,82.65776692023347,13,advisor_summarized
2024-01-24,77.44991570447682,13,advisor_summarized
2024-01-25,71.84946463131313,13,advisor_summarized
2024-01-26,156.41729649807436,13,advisor_summarized
2024-01-27,151.50665374634224,13,advisor_summarized
2024-01-28,134.28137543874644,13,advisor_summarized
2024-01-29,118.82578366769161,13,advisor_summarized
2024-01-30,103.49778673081335,13,advisor_summarized
2024-01-31,91.68414302130314,13,advisor_summarized
2024-02-01,81.38610619814825,13,advisor_summarized
2024-02-02,74.93657740727281,13,advisor_summarized
2024-02-03,68.65037142402268,13,advisor_summarized
2024-02-04,75.77489960073827,13,advisor_summarized
2024-02-05,81.24348343547793,13,advisor_summarized
2024-02-06,72.77502375147377,13,advisor_summarized
2024-02-07,66.07173441857744,13,advisor_summarized
2024-02-08,60.43658213068678,13,advisor_summarized
2024-02-09,56.232691116732894,13,advisor_summarized
2024-02-10,53.03010801538354,13,advisor_summarized
2024-02-11,50.14547543302363,13,advisor_summarized
2024-02-12,51.4434796770106,13,advisor_summarized
2024-02-13,58.930835434878304,13,advisor_summarized
2024-02-14,52.29400549385985,13,advisor_summarized
2024-02-15,48.30272224211819,13,advisor_summarized
2024-02-16,46.300220766867305,13,advisor_summarized
2024-02-17,51.25791801729974,13,advisor_summarized
2024-02-18,127.60260220708714,13,advisor_summarized
2024-02-19,139.2045688915494,13,advisor_summarized
2024-02-20,117.2382022997748,13,advisor_summarized
2024-02-21,101.08394203952302,13,advisor_summarized
2024-02-22,87.1513256216753,13,advisor_summarized
2024-02-23,80.00944093535715,13,advisor_summarized
2024-02-24,74.09598508739766,13,advisor_summarized
2024-02-25,65.97719988209033,13,advisor_summarized
2024-02-26,59.0320868551046,13,advisor_summarized
2024-02-27,54.75684472630451,13,advisor_summarized
2024-02-28,50.949414995315074,13,advisor_summarized
2024-02-29,46.56529618942819,13,advisor_summarized
2024-03-01,43.66290495308513,13,advisor_summarized
2024-03-02,42.575452193245475,13,advisor_summarized
2024-03-03,41.68057814149463,13,advisor_summarized
2024-03-04,41.08932387052784,13,advisor_summarized
2024-03-05,40.45036773713259,13,advisor_summarized
2024-03-06,54.84968050546707,13,advisor_summarized
2024-03-07,48.70373120475906,13,advisor_summarized
2024-03-08,44.23318081580447,13,advisor_summarized
2024-03-09,43.043445000587944,13,advisor_summarized
2024-03-10,52.28361958913806,13,advisor_summarized
2024-03-11,45.93583602222719,13,advisor_summarized
2024-03-12,40.47202332940329,13,advisor_summarized
2024-03-13,37.029223646263915,13,advisor_summarized
2024-03-14,33.867847723635435,13,advisor_summarized
2024-03-15,30.881296949869895,13,advisor_summarized
2024-03-16,29.518081297356435,13,advisor_summarized
2024-03-17,29.069271419232603,13,advisor_summarized
2024-03-18,29.126055612117085,13,advisor_summarized
2024-03-19,28.150298115343674,13,advisor_summarized
2024-03-20,26.29605296574565,13,advisor_summarized
2024-03-21,24.317229688538358,13,advisor_summarized
2024-03-22,33.58067134636669,13,advisor_summarized
2024-03-23,38.009709064234535,13,advisor_summarized
2024-03-24,34.99623397765,13,advisor_summarized
2024-03-25,31.24068272116233,13,advisor_summarized
2024-03-26,28.87025923071046,13,advisor_summarized
2024-03-27,28.85311926938751,13,advisor_summarized
2024-03-28,32.864539870437625,13,advisor_summarized
2024-03-29,29.4575916261397,13,advisor_summarized
2024-03-30,27.132470531764927,13,advisor_summarized
2024-03-31,24.541452924611136,13,advisor_summarized
2024-04-01,23.409327125543626,13,advisor_summarized
2024-04-02,22.363558652006684,13,advisor_summarized
2024-04-03,69.11875361087019,13,advisor_summarized
2024-04-04,89.81363872499217,13,advisor_summarized
2024-04-05,68.92694844166363,13,advisor_summarized
2024-04-06,55.82589904628801,13,advisor_summarized
2024-04-07,48.00891804750574,13,advisor_summarized
2024-04-08,39.951590050530676,13,advisor_summarized
2024-04-09,34.55970036446948,13,advisor_summarized
2024-04-10,30.42358525189962,13,advisor_summarized
2024-04-11,38.346860663340955,13,advisor_summarized
2024-04-12,38.28949295051165,13,advisor_summarized
2024-04-13,31.238925928125088,13,advisor_summarized
2024-04-14,26.633647288207115,13,advisor_summarized
2024-04-15,24.286353788114255,13,advisor_summarized
2024-04-16,22.81940231535985,13,advisor_summarized
2024-04-17,21.276135077947956,13,advisor_summarized
2024-04-18,19.169800658253067,13,advisor_summarized
2024-04-19,18.10821656490113,13,advisor_summarized
2024-04-20,17.046196378656195,13,advisor_summarized
2024-04-21,16.461069248568602,13,advisor_summarized
2024-04-22,17.199024171054486,13,advisor_summarized
2024-04-23,16.177022335450804,13,advisor_summarized
2024-04-24,15.178752516973098,13,advisor_summarized
2024-04-25,14.290384306767969,13,advisor_summarized
2024-04-26,13.73593905827687,13,advisor_summarized
2024-04-27,13.961249051580594,13,advisor_summarized
2024-04-28,13.379825316034825,13,advisor_summarized
2024-04-29,12.967858057256606,13,advisor_summarized
2024-04-30,12.213233811478448,13,advisor_summarized
2024-05-01,11.945009402839313,13,advisor_summarized
2024-05-02,11.756031093944136,13,advisor_summarized
2024-05-03,11.338488472146798,13,advisor_summarized
2024-05-04,11.098754705060955,13,advisor_summarized
2024-05-05,11.806530529919797,13,advisor_summarized
2024-05-06,13.02664197970869,13,advisor_summarized
2024-05-07,11.634969816219682,13,advisor_summarized
2024-05-08,10.497302476481325,13,advisor_summarized
2024-05-09,9.444232811458853,13,advisor_summarized
2024-05-10,10.71525138335231,13,advisor_summarized
2024-05-11,10.908198541710492,13,advisor_summarized
2024-05-12,10.248626961017534,13,advisor_summarized
2024-05-13,11.160554209936274,13,advisor_summarized
2024-05-14,17.08867937776238,13,advisor_summarized
2024-05-15,18.764762867028324,13,advisor_summarized
2024-05-16,15.73196454232576,13,advisor_summarized
2024-05-17,14.335269440561845,13,advisor_summarized
2024-05-18,13.72711389762054,13,advisor_summarized
2024-05-19,13.670674248593492,13,advisor_summarized
2024-05-20,13.39642857669579,13,advisor_summarized
2024-05-21,12.900054495627996,13,advisor_summarized
2024-05-22,12.097389294758662,13,advisor_summarized
2024-05-23,11.305208220210668,13,advisor_summarized
2024-05-24,10.404629446157836,13,advisor_summarized
2024-05-25,10.01451884278889,13,advisor_summarized
2024-05-26,9.551804327407124,13,advisor_summarized
2024-05-27,8.924815682361793,13,advisor_summarized
2024-05-28,8.7961471886007,13,advisor_summarized
2024-05-29,8.645604388704394,13,advisor_summarized
2024-05-30,8.500120893493568,13,advisor_summarized
2024-05-31,8.145549094369692,13,advisor_summarized
2024-06-01,7.7815447160295035,13,advisor_summarized
2024-06-02,7.759006964149747,13,advisor_summarized
2024-06-03,7.538287787688154,13,advisor_summarized
2024-06-04,7.196449434781649,13,advisor_summarized
2024-06-05,7.985136834349427,13,advisor_summarized
2024-06-06,7.766891925576769,13,advisor_summarized
2024-06-07,7.22591182888489,13,advisor_summarized
2024-06-08,6.840314839129579,13,advisor_summarized
2024-06-09,6.2614301870742635,13,advisor_summarized
2024-06-10,5.209962398565897,13,advisor_summarized
2024-06-11,4.518135589835025,13,advisor_summarized
2024-06-12,3.909395767698945,13,advisor_summarized
2024-06-13,3.2703194389595414,13,advisor_summarized
2024-06-14,1.2125919673473697,13,advisor_summarized
2024-06-15,0,13,advisor_summarized
2024-06-16,0,13,advisor_summarized
2024-06-17,0,13,advisor_summarized
2024-06-18,0,13,advisor_summarized
2024-06-19,0,13,advisor_summarized
2024-06-20,0,13,advisor_summarized
2024-06-21,0,13,advisor_summarized
2024-06-22,0,13,advisor_summarized
2024-06-23,0,13,advisor_summarized
2024-06-24,0,13,advisor_summarized
2024-06-25,1.1515662789166836,13,advisor_summarized
2024-06-26,0,13,advisor_summarized
2024-06-27,0,13,advisor_summarized
2024-06-28,3.244157430142181,13,advisor_summarized
2024-06-29,2.2813393627457703,13,advisor_summarized
2024-06-30,0,13,advisor_summarized
2024-07-01,0.6922239349835336,13,advisor_summarized
2024-07-02,2.960591815472823,13,advisor_summarized
2024-07-03,5.5271555880586805,13,advisor_summarized
2024-07-04,6.7288533794338425,13,advisor_summarized
2024-07-05,6.952458299160697,13,advisor_summarized
2024-07-06,5.834778604929375,13,advisor_summarized
2024-07-07,4.56273011461388,13,advisor_summarized
2024-07-08,6.117587274693332,13,advisor_summarized
2024-07-09,9.619182596133632,13,advisor_summarized
2024-07-10,10.176378589832469,13,advisor_summarized
2024-07-11,8.940611989792025,13,advisor_summarized
2024-07-12,7.352333727292353,13,advisor_summarized
2024-07-13,6.873976609206065,13,advisor_summarized
2024-07-14,6.813982316178504,13,advisor_summarized
2024-07-15,6.892518143589432,13,advisor_summarized
2024-07-16,6.780721064220736,13,advisor_summarized
2024-07-17,6.24292508856027,13,advisor_summarized
2024-07-18,5.74894369313047,13,advisor_summarized
2024-07-19,5.0356832572401,13,advisor_summarized
2024-07-20,3.8664761422216554,13,advisor_summarized
2024-07-21,4.380170261273862,13,advisor_summarized
2024-07-22,5.839066338637671,13,advisor_summarized
2024-07-23,7.768429293891873,13,advisor_summarized
2024-07-24,14.881146259974463,13,advisor_summarized
2024-07-25,22.202590004971075,13,advisor_summarized
2024-07-26,23.933004318439696,13,advisor_summarized
2024-07-27,22.717447402948334,13,advisor_summarized
2024-07-28,20.780595606163725,13,advisor_summarized
2024-07-29,18.44581877953856,13,advisor_summarized
2024-07-30,14.85742189518242,13,advisor_summarized
2024-07-31,13.502889903004018,13,advisor_summarized
2024-08-01,12.775813760885157,13,advisor_summarized
2024-08-02,12.607436380763195,13,advisor_summarized
2024-08-03,11.927534964506991,13,advisor_summarized
2024-08-04,13.30214727999976,13,advisor_summarized
2024-08-05,894.3274678017932,13,advisor_summarized
2024-08-06,433.34113421899747,13,advisor_summarized
2024-08-07,202.61375510526003,13,advisor_summarized
2024-08-08,144.04348659795696,13,advisor_summarized
2024-08-09,107.05983544396518,13,advisor_summarized
2024-08-10,79.23684905247616,13,advisor_summarized
2024-08-11,60.97158026561086,13,advisor_summarized
2024-08-12,46.58111385440975,13,advisor_summarized
2024-08-13,37.44006428623103,13,advisor_summarized
2024-08-14,30.545355614122055,13,advisor_summarized
2024-08-15,26.992216855477356,13,advisor_summarized
2024-08-16,23.458880230842144,13,advisor_summarized
2024-08-17,20.58090896751592,13,advisor_summarized
2024-08-18,18.436925029030487,13,advisor_summarized
2024-08-19,18.89801318473626,13,advisor_summarized
2024-08-20,19.258386831039957,13,advisor_summarized
2024-08-21,18.312026207824083,13,advisor_summarized
2024-08-22,18.13607658514792,13,advisor_summarized
2024-08-23,18.665927115267685,13,advisor_summarized
2024-08-24,17.878578075668035,13,advisor_summarized
2024-08-25,16.96363674314662,13,advisor_summarized
2024-08-26,17.280007017013038,13,advisor_summarized
2024-08-27,19.715631889624557,13,advisor_summarized
2024-08-28,18.802760043302886,13,advisor_summarized
2024-08-29,16.342362046097584,13,advisor_summarized
2024-08-30,14.96738570164789,13,advisor_summarized
2024-08-31,13.961367789666907,13,advisor_summarized
2024-09-01,13.04419228440083,13,advisor_summarized
2024-09-02,12.1758565676683,13,advisor_summarized
2024-09-03,11.585630668443871,13,advisor_summarized
2024-09-04,11.680813587490475,13,advisor_summarized
2024-09-05,11.845346433349519,13,advisor_summarized
2024-09-06,12.186952364462032,13,advisor_summarized
2024-09-07,13.238921821913886,13,advisor_summarized
2024-09-08,14.028506885029536,13,advisor_summarized
2024-09-09,18.93975991836392,13,advisor_summarized
2024-09-10,16.62762957799101,13,advisor_summarized
2024-09-11,16.420546023336623,13,advisor_summarized
2024-09-12,18.32053515420451,13,advisor_summarized
2024-09-13,20.40167079670472,13,advisor_summarized
2024-09-14,19.935116235258658,13,advisor_summarized
2024-09-15,19.450389960537816,13,advisor_summarized
2024-09-16,18.649131688446023,13,advisor_summarized
2024-09-17,17.42179958290198,13,advisor_summarized
2024-09-18,17.363590260780857,13,advisor_summarized
2024-09-19,18.533477765461758,13,advisor_summarized
2024-09-20,17.602528106185407,13,advisor_summarized
2024-09-21,16.45359982749432,13,advisor_summarized
2024-09-22,14.703540507285178,13,advisor_summarized
2024-09-23,13.792025813241972,13,advisor_summarized
2024-09-24,12.876699874997039,13,advisor_summarized
2024-09-25,12.832518000359125,13,advisor_summarized
2024-09-26,16.237769916917756,13,advisor_summarized
2024-09-27,29.579004543080416,13,advisor_summarized
2024-09-28,24.662294293725964,13,advisor_summarized
2024-09-29,21.97666379739502,13,advisor_summarized
2024-09-30,21.757009272993475,13,advisor_summarized
2024-10-01,25.485786653384533,13,advisor_summarized
2024-10-02,21.920540916486363,13,advisor_summarized
2024-10-03,19.92921216010665,13,advisor_summarized
2024-10-04,19.562969706025317,13,advisor_summarized
2024-10-05,19.67318917030349,13,advisor_summarized
2024-10-06,25.64373021411723,13,advisor_summarized
2024-10-07,29.18052970190537,13,advisor_summarized
2024-10-08,26.882492397414623,13,advisor_summarized
2024-10-09,39.76302130322398,13,advisor_summarized
2024-10-10,97.8280663978458,13,advisor_summarized
2024-10-11,79.32045785427192,13,advisor_summarized
2024-10-12,67.68742668948066,13,advisor_summarized
2024-10-13,60.27566278860386,13,advisor_summarized
2024-10-14,54.51250607777601,13,advisor_summarized
2024-10-15,48.956638991100874,13,advisor_summarized
2024-10-16,44.4179367673599,13,advisor_summarized
2024-10-17,40.639867014073296,13,advisor_summarized
2024-10-18,36.87681228734754,13,advisor_summarized
2024-10-19,35.10723241611496,13,advisor_summarized
2024-10-20,33.74045682915668,13,advisor_summarized
2024-10-21,30.20999960260866,13,advisor_summarized
2024-10-22,28.039322723396413,13,advisor_summarized
2024-10-23,27.573334139626677,13,advisor_summarized
2024-10-24,26.7661867523148,13,advisor_summarized
2024-10-25,24.912100849915433,13,advisor_summarized
2024-10-26,23.69821628011623,13,advisor_summarized
2024-10-27,22.8220482762076,13,advisor_summarized
2024-10-28,22.135924789216194,13,advisor_summarized
2024-10-29,24.652255597441776,13,advisor_summarized
2024-10-30,26.30457607420986,13,advisor_summarized
2024-10-31,25.030459863237663,13,advisor_summarized
2024-11-01,23.256693298771875,13,advisor_summarized
2024-11-02,21.472984933998433,13,advisor_summarized
2024-11-03,20.669917951277192,13,advisor_summarized
2024-11-04,20.249341643467293,13,advisor_summarized
2024-11-05,20.377518646976778,13,advisor_summarized
2024-11-06,20.832958123441056,13,advisor_summarized
2024-11-07,23.563506900142944,13,advisor_summarized
2024-11-08,23.230530047519895,13,advisor_summarized
2024-11-09,21.874862214914703,13,advisor_summarized
2024-11-10,23.848622604870698,13,advisor_summarized
2024-11-11,23.892249837853708,13,advisor_summarized
2024-11-12,21.949865684864736,13,advisor_summarized
2024-11-13,20.70611609977546,13,advisor_summarized
2024-11-14,19.762669154845472,13,advisor_summarized
2024-11-15,19.533512861623347,13,advisor_summarized
2024-11-16,18.849577670131925,13,advisor_summarized
2024-11-17,17.583762305588305,13,advisor_summarized
2024-11-18,17.315688172468516,13,advisor_summarized
2024-11-19,16.547328582378082,13,advisor_summarized
2024-11-20,16.522559185116197,13,advisor_summarized
2024-11-21,16.199571551592058,13,advisor_summarized
2024-11-22,15.887783128750778,13,advisor_summarized
2024-11-23,16.329591005400946,13,advisor_summarized
2024-11-24,15.7652694286216,13,advisor_summarized
2024-11-25,15.394913634073978,13,advisor_summarized
2024-11-26,15.118557923518907,13,advisor_summarized
2024-11-27,14.56407892102793,13,advisor_summarized
2024-11-28,14.639861652327456,13,advisor_summarized
2024-11-29,15.126068591563554,13,advisor_summarized
2024-11-30,15.7282690407536,13,advisor_summarized
2024-12-01,15.110836860485918,13,advisor_summarized
2024-12-02,14.81793012430465,13,advisor_summarized
2024-12-03,14.756280456244356,13,advisor_summarized
2024-12-04,14.636465314565699,13,advisor_summarized
2024-12-05,14.283846023674466,13,advisor_summarized
2024-12-06,14.67957453480462,13,advisor_summarized
2024-12-07,14.207315384609826,13,advisor_summarized
2024-12-08,14.068714463010616,13,advisor_summarized
2024-12-09,13.862303926816876,13,advisor_summarized
2024-12-10,13.594942608421093,13,advisor_summarized
2024-12-11,17.448904831280775,13,advisor_summarized
2024-12-12,17.645689487194446,13,advisor_summarized
2024-12-13,15.467449087662098,13,advisor_summarized
2024-12-14,14.05098626239842,13,advisor_summarized
2024-12-15,14.206879304485492,13,advisor_summarized
2024-12-16,14.46814891901616,13,advisor_summarized
2024-12-17,14.857195844738476,13,advisor_summarized
2024-12-18,15.050988863320343,13,advisor_summarized
2024-12-19,15.012402134542837,13,advisor_summarized
2024-12-20,15.474093068483612,13,advisor_summarized
2024-12-21,15.209374335744334,13,advisor_summarized
2024-12-22,14.438578582310214,13,advisor_summarized
2024-12-23,14.264197716035468,13,advisor_summarized
2024-12-24,14.63680628666721,13,advisor_summarized
2024-12-25,14.79527951281041,13,advisor_summarized
2024-12-26,14.27065314914577,13,advisor_summarized
2024-12-27,14.379745627713191,13,advisor_summarized
2024-12-28,14.51900920810431,13,advisor_summarized
2024-12-29,19.09807619433387,13,advisor_summarized
2024-12-30,19.485121019039614,13,advisor_summarized
2024-12-31,17.285663951088683,13,advisor_summarized
2025-01-01,17.071186859848627,13,advisor_summarized
2025-01-02,16.463632438823065,13,advisor_summarized
2025-01-03,16.174337994690884,13,advisor_summarized
2025-01-04,16.119957675135,13,advisor_summarized
2025-01-05,15.845171520832508,13,advisor_summarized
2025-01-06,15.8272354897438,13,advisor_summarized
2025-01-07,16.510726862620363,13,advisor_summarized
2025-01-08,15.818206681489729,13,advisor_summarized
2025-01-09,16.108060947019904,13,advisor_summarized
2025-01-10,15.465753112636643,13,advisor_summarized
2025-01-11,16.597063159123607,13,advisor_summarized
2025-01-12,16.115812649048568,13,advisor_summarized
2025-01-13,15.778454704964455,13,advisor_summarized
2025-01-14,17.000774254626027,13,advisor_summarized
2025-01-15,15.957163827642264,13,advisor_summarized
2025-01-16,15.743484727690715,13,advisor_summarized
2025-01-17,15.87403085913301,13,advisor_summarized
2025-01-18,15.373004098480346,13,advisor_summarized
2025-01-19,39.10567098833153,13,advisor_summarized
2025-01-20,31.290864153497164,13,advisor_summarized
2025-01-21,28.875020051210225,13,advisor_summarized
2025-01-22,56.89129984396831,13,advisor_summarized
2025-01-23,47.36370027045839,13,advisor_summarized
2025-01-24,41.01870101767317,13,advisor_summarized
2025-01-25,36.61894288471202,13,advisor_summarized
2025-01-26,34.14494557637895,13,advisor_summarized
2025-01-27,32.58370105945701,13,advisor_summarized
2025-01-28,30.100449815352203,13,advisor_summarized
2025-01-29,28.671262562116038,13,advisor_summarized
2025-01-30,28.413820435804126,13,advisor_summarized
2025-01-31,28.165893681852666,13,advisor_summarized
2025-02-01,29.21820641126135,13,advisor_summarized
2025-02-02,27.95940482054482,13,advisor_summarized
2025-02-03,26.760417297214037,13,advisor_summarized
2025-02-04,25.112831448508093,13,advisor_summarized
2025-02-05,24.232418706117343,13,advisor_summarized
2025-02-06,23.40801148185523,13,advisor_summarized
2025-02-07,23.296371778548373,13,advisor_summarized
2025-02-08,23.09408368318962,13,advisor_summarized
2025-02-09,22.169740547575866,13,advisor_summarized
2025-02-10,21.816336476944908,13,advisor_summarized
2025-02-11,22.49573349572087,13,advisor_summarized
2025-02-12,21.916540821206492,13,advisor_summarized
2025-02-13,26.303968276190734,13,advisor_summarized
2025-02-14,32.60187254328263,13,advisor_summarized
2025-02-15,28.28292582174704,13,advisor_summarized
2025-02-16,31.46520532167241,13,advisor_summarized
2025-02-17,33.1806983993113,13,advisor_summarized
2025-02-18,29.6850038728096,13,advisor_summarized
2025-02-19,48.35923116612884,13,advisor_summarized
2025-02-20,54.345900887698605,13,advisor_summarized
2025-02-21,45.278719857115675,13,advisor_summarized
2025-02-22,40.32333607672053,13,advisor_summarized
2025-02-23,37.808541482141536,13,advisor_summarized
2025-02-24,44.191483381561056,13,advisor_summarized
2025-02-25,47.221003189842115,13,advisor_summarized
2025-02-26,43.561285862135406,13,advisor_summarized
2025-02-27,40.431979209752534,13,advisor_summarized
2025-02-28,36.51328279512824,13,computed_RC
2025-03-01,33.186942108831325,13,computed_RC
2025-03-02,31.807469038230685,13,computed_RC
2025-03-03,30.223461156195565,13,computed_RC
2025-03-04,29.144419531562566,13,computed_RC
2025-03-05,28.980344724574906,13,computed_RC
2025-03-06,28.07470401291974,13,computed_RC
2025-03-07,26.53820889191353,13,computed_RC
2025-03-08,28.317474233014373,13,computed_RC
2025-03-09,31.338615235299635,13,computed_RC
2025-03-10,70.39726254259254,13,computed_RC
2025-03-11,60.412930290680315,13,computed_RC
2025-03-12,51.21596001715109,13,computed_RC
2025-03-13,45.99075406268062,13,computed_RC
2025-03-14,42.67651196623694,13,computed_RC
2025-03-15,38.244168024136194,13,computed_RC
2025-03-16,40.656043313621126,13,computed_RC
2025-03-17,43.053306330942846,13,computed_RC
2025-03-18,38.13583485455184,13,computed_RC
2025-03-19,35.399223196604794,13,computed_RC
2025-03-20,34.17145266630262,13,computed_RC
2025-03-21,32.00215241487057,13,computed_RC
2025-03-22,30.235097965896518,13,computed_RC
2025-03-23,28.739181152348255,13,computed_RC
2025-03-24,28.214816099309136,13,computed_RC
2025-03-25,27.08282369245645,13,computed_RC
2025-03-26,26.09733797599658,13,computed_RC
2025-03-27,24.539840196155247,13,computed_RC
2025-03-28,23.76026438865633,13,computed_RC
2025-03-29,23.103385404522747,13,computed_RC
2025-03-30,36.00292621851079,13,computed_RC
2025-03-31,44.53212420092811,13,computed_RC
2025-04-01,39.58475906914061,13,computed_RC
2025-04-02,37.91367815475961,13,computed_RC
2025-04-03,33.39705690791002,13,computed_RC
2025-04-04,30.82560177652058,13,computed_RC
2025-04-05,27.718785333717697,13,computed_RC
2025-04-06,25.538631928838722,13,computed_RC
2025-04-07,24.569480486579707,13,computed_RC
2025-04-08,24.514475049197898,13,computed_RC
2025-04-09,22.334482808369142,13,computed_RC
2025-04-10,20.225418262311372,13,computed_RC
2025-04-11,19.958464933417712,13,computed_RC
2025-04-12,20.83496169425501,13,computed_RC
2025-04-13,18.980712129494574,13,computed_RC
2025-04-14,17.267091155657745,13,computed_RC
2025-04-15,16.402908749969452,13,computed_RC
2025-04-16,15.942333817019293,13,computed_RC
2025-04-17,15.38144334370965,13,computed_RC
2025-04-18,14.677126751280642,13,computed_RC
2025-04-19,14.028995305744832,13,computed_RC
2025-04-20,13.099446156133498,13,computed_RC
2025-04-21,12.565858679722023,13,computed_RC
2025-04-22,12.5623881949585,13,computed_RC
2025-04-23,12.179359226119232,13,computed_RC
2025-04-24,12.0480027445518,13,computed_RC
2025-04-25,11.663077354379888,13,computed_RC
2025-04-26,11.083457618309092,13,computed_RC
2025-04-27,10.844768133541557,13,computed_RC
2025-04-28,10.900226440132288,13,computed_RC
2025-04-29,10.926723676276026,13,computed_RC
2025-04-30,10.623554441410903,13,computed_RC
2025-05-01,10.256069918949466,13,computed_RC
2025-05-02,9.869818972255853,13,computed_RC
2025-05-03,10.054761268345116,13,computed_RC
2025-05-05,9.420078971835803,13,computed_RC
2025-05-06,8.320819385981153,13,computed_RC
2025-05-07,8.438158852085587,13,computed_RC
2025-05-08,8.46781445271739,13,computed_RC
2025-05-10,8.945455146282253,13,computed_RC
2025-05-11,10.140099260524282,13,computed_RC
2025-05-12,12.430195352245335,13,computed_RC
2025-05-13,13.465183196492083,13,computed_RC
2025-05-14,11.388252592295899,13,computed_RC
2025-05-15,9.394020822195596,13,computed_RC
2025-05-16,9.29708200635882,13,computed_RC
2025-07-14,24.116715217514837,13,computed_RC
2025-07-15,20.528543602477715,13,computed_RC
2025-07-16,16.528694128989045,13,computed_RC
2025-07-17,14.18195106553438,13,computed_RC
2025-07-18,12.772638070171599,13,computed_RC
2025-07-19,12.01953365110871,13,computed_RC
2025-07-20,11.330272500057452,13,computed_RC
2025-07-21,14.823701246397107,13,computed_RC
2025-07-22,22.975634822066205,13,computed_RC
2025-07-23,37.12705260417287,13,computed_RC
2025-07-24,47.31053119841192,13,computed_RC
2025-07-25,27.31557662605682,13,computed_RC
2025-07-26,22.43562127703259,13,computed_RC
2025-07-27,22.51328534691237,13,computed_RC
2025-07-28,18.87842802773921,13,computed_RC
2025-07-29,22.677485146951316,13,computed_RC
2025-07-30,37.44786734653037,13,computed_RC
2025-07-31,26.02889079365236,13,computed_RC
2025-08-01,20.73726450988246,13,computed_RC
2025-08-02,18.76040714968063,13,computed_RC
2025-08-03,20.855256217353944,13,computed_RC
2025-08-04,21.64257766664365,13,computed_RC
2025-08-05,19.456998361083304,13,computed_RC
2025-08-06,24.83809694295922,13,computed_RC
2025-08-07,25.360167231442215,13,computed_RC
2025-08-08,30.351651874590896,13,computed_RC
2025-08-09,63.18069837882658,13,computed_RC
2025-08-10,72.03670398632403,13,computed_RC
2025-08-11,47.79342420854858,13,computed_RC
2025-08-12,36.85551846694062,13,computed_RC
2025-08-13,30.175942390845346,13,computed_RC
2025-08-14,25.451371231181056,13,computed_RC
2025-08-15,21.869595031822687,13,computed_RC
2025-08-16,20.540014871615952,13,computed_RC
2025-08-17,20.820871062799434,13,computed_RC
2025-08-18,20.191834100771047,13,computed_RC
2025-08-19,19.53911676750981,13,computed_RC
2025-08-20,18.250158580215615,13,computed_RC
2025-08-21,16.59575598339204,13,computed_RC
2025-08-22,16.89591695626381,13,computed_RC
2025-08-23,37.9196897392208,13,computed_RC
2025-08-24,74.0089415531007,13,computed_RC
2025-08-25,53.29486562240182,13,computed_RC
2025-08-26,40.25540023541033,13,computed_RC
2025-08-27,32.001772569559975,13,computed_RC
2025-08-28,27.60901138201147,13,computed_RC
2025-08-29,28.72452122044515,13,computed_RC
2025-09-27,16.122751281561705,13,computed_RC
2025-09-28,12.991418088667468,13,computed_RC
2025-09-29,14.51865361406833,13,computed_RC
2025-09-30,13.746081494776371,13,computed_RC
2025-10-01,14.249798491310125,13,computed_RC
2025-10-02,12.370998372070318,13,computed_RC
2025-10-03,12.11324878560858,13,computed_RC
2025-10-04,12.0996388299359,13,computed_RC
2025-10-05,12.723215586233511,13,computed_RC
2025-10-06,15.630905781699537,13,computed_RC
2025-10-07,15.494847189042028,13,computed_RC
2025-10-08,13.439466427196537,13,computed_RC
2025-10-09,12.812105146032778,13,computed_RC
2025-10-10,13.12682806967044,13,computed_RC
2025-10-13,11.17809069686879,13,computed_RC
2025-10-14,10.542925510535625,13,computed_RC
2025-10-15,10.14977749079731,13,computed_RC
2025-10-16,9.96148101438019,13,computed_RC
2025-10-17,9.661616375544554,13,computed_RC
2025-10-18,9.397878383404583,13,computed_RC
2025-10-19,11.180677910861169,13,computed_RC
2025-10-20,13.249835286238937,13,computed_RC
2025-10-21,11.457037131105979,13,computed_RC
2025-10-22,10.65816914319604,13,computed_RC
2025-10-23,10.142050256647172,13,computed_RC
2025-10-24,9.157258607127861,13,computed_RC
2025-10-25,8.754252567988244,13,computed_RC
2025-10-26,8.783658469043774,13,computed_RC
2025-10-28,11.31457114185664,13,computed_RC
2025-10-31,9.428412097672908,13,computed_RC
2021-04-01,148.970682256105,14,advisor_summarized
2021-04-02,111.46898124588552,14,advisor_summarized
2021-04-03,85.60196190977358,14,advisor_summarized
2021-04-04,67.06869171875513,14,advisor_summarized
2021-04-05,52.96010465091603,14,advisor_summarized
2021-04-06,31.845539294945965,14,advisor_summarized
2021-04-07,28.461016319947138,14,advisor_summarized
2021-04-08,24.48889242880796,14,advisor_summarized
2021-04-09,21.904847074126447,14,advisor_summarized
2021-04-10,20.216097657766415,14,advisor_summarized
2021-04-11,63.221758707931656,14,advisor_summarized
2021-04-12,81.75589958128232,14,advisor_summarized
2021-04-13,56.28406228649535,14,advisor_summarized
2021-04-14,39.11658140541764,14,advisor_summarized
2021-04-15,31.113257687279617,14,advisor_summarized
2021-04-16,31.81734012132692,14,advisor_summarized
2021-04-17,68.7510467683879,14,advisor_summarized
2021-04-18,284.21507313788254,14,advisor_summarized
2021-04-19,315.49528221124893,14,advisor_summarized
2021-04-20,139.2993173301611,14,advisor_summarized
2021-04-21,78.42361885481834,14,advisor_summarized
2021-04-22,50.59248360603073,14,advisor_summarized
2021-04-23,38.750200271789424,14,advisor_summarized
2021-04-24,31.435424398293886,14,advisor_summarized
2021-04-25,33.5904695279636,14,advisor_summarized
2021-04-26,27.94173631737533,14,advisor_summarized
2021-04-27,22.971672564134654,14,advisor_summarized
2021-04-28,19.556448399621498,14,advisor_summarized
2021-04-29,17.349296737164547,14,advisor_summarized
2021-04-30,15.688036547130196,14,advisor_summarized
2021-05-01,14.326282032892982,14,advisor_summarized
2021-05-02,13.260602723194049,14,advisor_summarized
2021-05-03,12.498690632727936,14,advisor_summarized
2021-05-04,11.679955916739955,14,advisor_summarized
2021-05-05,10.752562732410667,14,advisor_summarized
2021-05-06,14.874699468905952,14,advisor_summarized
2021-05-07,14.783025372580637,14,advisor_summarized
2021-05-08,12.230454971226953,14,advisor_summarized
2021-05-09,11.074818973720568,14,advisor_summarized
2021-05-10,10.789088223507626,14,advisor_summarized
2021-05-11,13.064302687352571,14,advisor_summarized
2021-05-12,14.322740906614627,14,advisor_summarized
2021-05-13,13.456714094777082,14,advisor_summarized
2021-05-14,12.532733138714285,14,advisor_summarized
2021-05-15,11.136581585769049,14,advisor_summarized
2021-05-16,10.194104854832144,14,advisor_summarized
2021-05-17,9.68605888555247,14,advisor_summarized
2021-05-18,9.234514894466965,14,advisor_summarized
2021-05-19,8.917056295315023,14,advisor_summarized
2021-05-20,8.736137886127642,14,advisor_summarized
2021-05-21,8.6603946930604625,14,advisor_summarized
2021-05-22,8.585024530997545,14,advisor_summarized
2021-05-23,8.111564937348613,14,advisor_summarized
2021-05-24,7.746879481008971,14,advisor_summarized
2021-05-25,7.394020459968458,14,advisor_summarized
2021-05-26,7.2974641504277535,14,advisor_summarized
2021-05-27,7.051566596448815,14,advisor_summarized
2021-05-28,6.997947595338324,14,advisor_summarized
2021-05-29,6.761694321471174,14,advisor_summarized
2021-05-30,6.797870836747427,14,advisor_summarized
2021-05-31,9.762853415619466,14,advisor_summarized
2021-06-01,10.972584840074886,14,advisor_summarized
2021-06-02,8.243415899300484,14,advisor_summarized
2021-06-03,6.768427897689578,14,advisor_summarized
2021-06-04,7.927986092583428,14,advisor_summarized
2021-06-05,8.765951631814618,14,advisor_summarized
2021-06-06,7.754948621544407,14,advisor_summarized
2021-06-07,9.074133815184004,14,advisor_summarized
2021-06-08,7.904362253305822,14,advisor_summarized
2021-06-09,7.3297860611792975,14,advisor_summarized
2021-06-10,7.123015906246462,14,advisor_summarized
2021-06-11,7.053344721518086,14,advisor_summarized
2021-06-12,6.804362031842547,14,advisor_summarized
2021-06-13,6.82949410180498,14,advisor_summarized
2021-06-14,7.2720707278742935,14,advisor_summarized
2021-06-15,62.581788955830156,14,advisor_summarized
2021-06-16,58.14409223139649,14,advisor_summarized
2021-06-17,20.64721718106979,14,advisor_summarized
2021-06-18,16.905102617646946,14,advisor_summarized
2021-06-19,17.61830271396239,14,advisor_summarized
2021-06-20,33.063821280548595,14,advisor_summarized
2021-06-21,96.685223403818,14,advisor_summarized
2021-06-22,524.2966880200041,14,advisor_summarized
2021-06-23,539.6382015718832,14,advisor_summarized
2021-06-24,477.9914791244185,14,advisor_summarized
2021-06-25,539.8157895411258,14,advisor_summarized
2021-06-26,306.6045576627063,14,advisor_summarized
2021-06-27,197.3186031618758,14,advisor_summarized
2021-06-28,119.93999603440108,14,advisor_summarized
2021-06-29,102.76521523411272,14,advisor_summarized
2021-06-30,84.16769800219024,14,advisor_summarized
2021-07-01,88.53191294408786,14,advisor_summarized
2021-07-02,72.04898504106866,14,advisor_summarized
2021-07-03,75.6475380007648,14,advisor_summarized
2021-07-04,73.13610758979365,14,advisor_summarized
2021-07-05,60.70876069563396,14,advisor_summarized
2021-07-06,48.49232129181343,14,advisor_summarized
2021-07-07,613.1041551806549,14,advisor_summarized
2021-07-08,783.2734135212257,14,advisor_summarized
2021-07-09,363.05391270125057,14,advisor_summarized
2021-07-10,181.74633050982206,14,advisor_summarized
2021-07-11,139.52133406233023,14,advisor_summarized
2021-07-12,115.64525875076133,14,advisor_summarized
2021-07-13,80.6365800926345,14,advisor_summarized
2021-07-14,61.79624722392487,14,advisor_summarized
2021-07-15,48.326475495348575,14,advisor_summarized
2021-07-16,39.23205609327134,14,advisor_summarized
2021-07-17,32.67746280979669,14,advisor_summarized
2021-07-18,29.703723469449912,14,advisor_summarized
2021-07-19,30.379208206944764,14,advisor_summarized
2021-07-20,31.62144856907767,14,advisor_summarized
2021-07-21,33.889095844674145,14,advisor_summarized
2021-07-22,40.97194524288762,14,advisor_summarized
2021-07-23,36.68252752192882,14,advisor_summarized
2021-07-24,32.02833751077482,14,advisor_summarized
2021-07-25,26.585437232868426,14,advisor_summarized
2021-07-26,24.340845436722347,14,advisor_summarized
2021-07-27,39.325475470485344,14,advisor_summarized
2021-07-28,98.09960417464656,14,advisor_summarized
2021-07-29,132.58704333479741,14,advisor_summarized
2021-07-30,76.645259810401555,14,advisor_summarized
2021-07-31,51.275831081960895,14,advisor_summarized
2021-08-01,38.90931002300156,14,advisor_summarized
2021-08-02,35.47327780312069,14,advisor_summarized
2021-08-03,54.34045469716906,14,advisor_summarized
2021-08-04,48.571297421959194,14,advisor_summarized
2021-08-05,58.44384221858051,14,advisor_summarized
2021-08-06,74.4124012540456,14,advisor_summarized
2021-08-07,71.70858024093059,14,advisor_summarized
2021-08-08,87.042298475258,14,advisor_summarized
2021-08-09,57.22094915168237,14,advisor_summarized
2021-08-10,49.96325592924955,14,advisor_summarized
2021-08-11,63.74182699401513,14,advisor_summarized
2021-08-12,47.536863631069174,14,advisor_summarized
2021-08-13,38.45182943499513,14,advisor_summarized
2021-08-14,33.845984766525476,14,advisor_summarized
2021-08-15,30.578499663650575,14,advisor_summarized
2021-08-16,27.175400421251563,14,advisor_summarized
2021-08-17,33.39924777102642,14,advisor_summarized
2021-08-18,31.185582237941585,14,advisor_summarized
2021-08-19,26.54705873084085,14,advisor_summarized
2021-08-20,29.44400344016699,14,advisor_summarized
2021-08-21,24.62444285909855,14,advisor_summarized
2021-08-22,23.995083319243715,14,advisor_summarized
2021-08-23,26.4716734029508,14,advisor_summarized
2021-08-24,24.792693176873026,14,advisor_summarized
2021-08-25,27.282645960502624,14,advisor_summarized
2021-08-26,26.8588979911632,14,advisor_summarized
2021-08-27,25.647371605291795,14,advisor_summarized
2021-08-28,24.854748620916578,14,advisor_summarized
2021-08-29,22.796616600271253,14,advisor_summarized
2021-08-30,19.65826415410192,14,advisor_summarized
2021-08-31,18.003547126779598,14,advisor_summarized
2021-09-01,60.264615356995954,14,advisor_summarized
2021-09-02,51.67159640115117,14,advisor_summarized
2021-09-03,38.30976921948572,14,advisor_summarized
2021-09-04,29.89257946385119,14,advisor_summarized
2021-09-05,25.028300658637974,14,advisor_summarized
2021-09-06,21.86141771781472,14,advisor_summarized
2021-09-07,25.130312487854777,14,advisor_summarized
2021-09-08,24.800345411809356,14,advisor_summarized
2021-09-09,30.48504606770132,14,advisor_summarized
2021-09-10,22.747763198571544,14,advisor_summarized
2021-09-11,18.675605798138655,14,advisor_summarized
2021-09-12,15.849190278322268,14,advisor_summarized
2021-09-13,12.42387146770722,14,advisor_summarized
2021-09-14,9.163112897597161,14,advisor_summarized
2021-09-15,12.396155951038518,14,advisor_summarized
2021-09-16,16.146149455357314,14,advisor_summarized
2021-09-17,14.26516341870114,14,advisor_summarized
2021-09-18,18.28348803750524,14,advisor_summarized
2021-09-19,138.8811204509499,14,advisor_summarized
2021-09-20,196.7994883596808,14,advisor_summarized
2021-09-21,295.15870644690733,14,advisor_summarized
2021-09-22,164.25537053141798,14,advisor_summarized
2021-09-23,93.64215134180722,14,advisor_summarized
2021-09-24,57.923414348201476,14,advisor_summarized
2021-09-25,40.638632643000115,14,advisor_summarized
2021-09-26,31.115913123916645,14,advisor_summarized
2021-09-27,24.711789743956263,14,advisor_summarized
2021-09-28,21.29634024346201,14,advisor_summarized
2021-09-29,18.761430498378452,14,advisor_summarized
2021-09-30,16.91731130483175,14,advisor_summarized
2021-10-01,15.668276233310758,14,advisor_summarized
2021-10-02,14.466909830917507,14,advisor_summarized
2021-10-03,13.502374035590838,14,advisor_summarized
2021-10-04,12.523303934145268,14,advisor_summarized
2021-10-05,12.01471392222823,14,advisor_summarized
2021-10-06,14.08471300793702,14,advisor_summarized
2021-10-07,15.50812064563712,14,advisor_summarized
2021-10-08,14.648833669738757,14,advisor_summarized
2021-10-09,15.487101351377339,14,advisor_summarized
2021-10-10,13.875172488142573,14,advisor_summarized
2021-10-11,11.884252984406691,14,advisor_summarized
2021-10-12,11.23206329707149,14,advisor_summarized
2021-10-13,11.036688574858433,14,advisor_summarized
2021-10-14,11.37558310466077,14,advisor_summarized
2021-10-15,10.354609304263017,14,advisor_summarized
2021-10-16,10.240155724484062,14,advisor_summarized
2021-10-17,10.195821343220763,14,advisor_summarized
2021-10-18,9.65676876508086,14,advisor_summarized
2021-10-19,10.501574666182995,14,advisor_summarized
2021-10-20,10.477835286308341,14,advisor_summarized
2021-10-21,10.371182410739772,14,advisor_summarized
2021-10-22,9.674428074966855,14,advisor_summarized
2021-10-23,9.369588076354546,14,advisor_summarized
2021-10-24,9.204989466762285,14,advisor_summarized
2021-10-25,9.098633667340017,14,advisor_summarized
2021-10-26,9.091516573686766,14,advisor_summarized
2021-10-27,8.757999137414386,14,advisor_summarized
2021-10-28,22.01786270941678,14,advisor_summarized
2021-10-29,16.557904887538715,14,advisor_summarized
2021-10-30,13.360063801083617,14,advisor_summarized
2021-10-31,12.687613108823292,14,advisor_summarized
2021-11-01,12.202618003453273,14,advisor_summarized
2021-11-02,11.468473105956718,14,advisor_summarized
2021-11-03,10.999299047673299,14,advisor_summarized
2021-11-04,10.891560427887413,14,advisor_summarized
2021-11-05,12.622461120909916,14,advisor_summarized
2021-11-06,173.69310234769864,14,advisor_summarized
2021-11-07,147.13915860704705,14,advisor_summarized
2021-11-08,98.64476253940296,14,advisor_summarized
2021-11-09,72.20914706130618,14,advisor_summarized
2021-11-10,58.154312842144,14,advisor_summarized
2021-11-11,48.47814365679559,14,advisor_summarized
2021-11-12,41.15846388045664,14,advisor_summarized
2021-11-13,35.41957975192306,14,advisor_summarized
2021-11-14,31.88087988828285,14,advisor_summarized
2021-11-15,26.350891548953488,14,advisor_summarized
2021-11-16,22.805837546344765,14,advisor_summarized
2021-11-17,10.10279647455817,14,advisor_summarized
2021-11-18,10.688788340976068,14,advisor_summarized
2021-11-19,9.777655010243565,14,advisor_summarized
2021-11-20,11.835668562075226,14,advisor_summarized
2021-11-21,15.466842836456749,14,advisor_summarized
2021-11-22,22.170804861178908,14,advisor_summarized
2021-11-23,13.554131737907193,14,advisor_summarized
2021-11-24,8.744179377749767,14,advisor_summarized
2021-11-25,12.271528123425606,14,advisor_summarized
2021-11-26,16.506290395966854,14,advisor_summarized
2021-11-27,13.607648848485402,14,advisor_summarized
2021-11-28,25.954931140660985,14,advisor_summarized
2021-11-29,51.971338708142525,14,advisor_summarized
2021-11-30,29.868543503607423,14,advisor_summarized
2021-12-01,21.926986744865342,14,advisor_summarized
2021-12-02,34.59799776660059,14,advisor_summarized
2021-12-03,43.652216007142925,14,advisor_summarized
2021-12-04,43.31991183020249,14,advisor_summarized
2021-12-05,39.073019864803534,14,advisor_summarized
2021-12-06,34.48570594127565,14,advisor_summarized
2021-12-07,32.44695382444831,14,advisor_summarized
2021-12-08,28.12765037053867,14,advisor_summarized
2021-12-09,17.484282888290487,14,advisor_summarized
2021-12-10,29.8338301720806,14,advisor_summarized
2021-12-11,107.58484799576013,14,advisor_summarized
2021-12-12,126.18302937400266,14,advisor_summarized
2021-12-13,89.7712722497801,14,advisor_summarized
2021-12-14,67.73517427349752,14,advisor_summarized
2021-12-15,51.91574295033931,14,advisor_summarized
2021-12-16,53.80518207260679,14,advisor_summarized
2021-12-17,47.805202552173114,14,advisor_summarized
2021-12-18,44.0526911049867,14,advisor_summarized
2021-12-19,48.51935066766311,14,advisor_summarized
2021-12-20,36.328262624858766,14,advisor_summarized
2021-12-21,57.59721229103229,14,advisor_summarized
2021-12-22,41.68398209436033,14,advisor_summarized
2021-12-23,20.037239576631595,14,advisor_summarized
2021-12-24,25.58701513811906,14,advisor_summarized
2021-12-25,39.8999806527717,14,advisor_summarized
2021-12-26,27.145865889142428,14,advisor_summarized
2021-12-27,23.3367780187896,14,advisor_summarized
2021-12-28,33.01892459266248,14,advisor_summarized
2021-12-29,49.24044773068176,14,advisor_summarized
2021-12-30,42.05710137900279,14,advisor_summarized
2021-12-31,33.06777426174341,14,advisor_summarized
2022-01-01,44.86340741220878,14,advisor_summarized
2022-01-02,38.924542276615604,14,advisor_summarized
2022-01-03,17.19310331889483,14,advisor_summarized
2022-01-04,8.525620154811994,14,advisor_summarized
2022-01-05,16.130847696640263,14,advisor_summarized
2022-01-06,21.62909568495058,14,advisor_summarized
2022-01-07,25.23293077316984,14,advisor_summarized
2022-01-08,21.793697259697073,14,advisor_summarized
2022-01-09,23.5396150664525,14,advisor_summarized
2022-01-10,19.711135882482907,14,advisor_summarized
2022-01-11,13.551026836829486,14,advisor_summarized
2022-01-12,26.1464006541769,14,advisor_summarized
2022-01-13,34.617927720950966,14,advisor_summarized
2022-01-14,28.86485953985275,14,advisor_summarized
2022-01-15,25.189223760093956,14,advisor_summarized
2022-01-16,58.574530517225604,14,advisor_summarized
2022-01-17,42.714097830511115,14,advisor_summarized
2022-01-18,25.14296780064048,14,advisor_summarized
2022-01-19,29.639322749775605,14,advisor_summarized
2022-01-20,27.585152553201198,14,advisor_summarized
2022-01-21,26.100958062593488,14,advisor_summarized
2022-01-22,27.19210563911227,14,advisor_summarized
2022-01-23,26.32396946158219,14,advisor_summarized
2022-01-24,24.83801627014509,14,advisor_summarized
2022-01-25,24.00092503784042,14,advisor_summarized
2022-01-26,26.11557009236462,14,advisor_summarized
2022-01-27,24.819853241469318,14,advisor_summarized
2022-01-28,23.937512994547223,14,advisor_summarized
2022-01-29,22.626746381650563,14,advisor_summarized
2022-01-30,22.984634063960034,14,advisor_summarized
2022-01-31,23.20842090395504,14,advisor_summarized
2022-02-01,22.18020680774192,14,advisor_summarized
2022-02-02,21.371993988841584,14,advisor_summarized
2022-02-03,20.250473199770788,14,advisor_summarized
2022-02-04,19.76778746659772,14,advisor_summarized
2022-02-05,32.493194096246945,14,advisor_summarized
2022-02-06,30.937340126300914,14,advisor_summarized
2022-02-07,29.574311082094713,14,advisor_summarized
2022-02-08,52.78380940901757,14,advisor_summarized
2022-02-09,54.21282548080859,14,advisor_summarized
2022-02-10,47.27630310217452,14,advisor_summarized
2022-02-11,42.577765628198314,14,advisor_summarized
2022-02-12,39.366475270603765,14,advisor_summarized
2022-02-13,42.34106826044934,14,advisor_summarized
2022-02-14,40.33303805885629,14,advisor_summarized
2022-02-15,36.911880577169875,14,advisor_summarized
2022-02-16,35.17742703917701,14,advisor_summarized
2022-02-17,33.64181049235144,14,advisor_summarized
2022-02-18,31.911696293891538,14,advisor_summarized
2022-02-19,29.082247485689958,14,advisor_summarized
2022-02-20,25.62215936142421,14,advisor_summarized
2022-02-21,24.478451644838188,14,advisor_summarized
2022-02-22,22.60936862326975,14,advisor_summarized
2022-02-23,21.11759942390979,14,advisor_summarized
2022-02-24,19.51462539785849,14,advisor_summarized
2022-02-25,18.109995011428392,14,advisor_summarized
2022-02-26,17.107487964060212,14,advisor_summarized
2022-02-27,16.841822896210054,14,advisor_summarized
2022-02-28,16.608218288522103,14,advisor_summarized
2022-03-01,17.644194189271566,14,advisor_summarized
2022-03-02,16.38767778825251,14,advisor_summarized
2022-03-03,15.68514949977339,14,advisor_summarized
2022-03-04,15.023638531184139,14,advisor_summarized
2022-03-05,15.016938314307444,14,advisor_summarized
2022-03-06,14.748811410429164,14,advisor_summarized
2022-03-07,13.62775767377061,14,advisor_summarized
2022-03-08,13.732919163796579,14,advisor_summarized
2022-03-09,15.199884728621198,14,advisor_summarized
2022-03-10,63.21922099497157,14,advisor_summarized
2022-03-11,309.6569587046177,14,advisor_summarized
2022-03-12,653.4597573874158,14,advisor_summarized
2022-03-13,332.54163344443697,14,advisor_summarized
2022-03-14,169.25114228979922,14,advisor_summarized
2022-03-15,121.82626208318739,14,advisor_summarized
2022-03-16,189.60590870925185,14,advisor_summarized
2022-03-17,127.49466408071106,14,advisor_summarized
2022-03-18,90.81566974700775,14,advisor_summarized
2022-03-19,72.41248680771918,14,advisor_summarized
2022-03-20,93.4402103526928,14,advisor_summarized
2022-03-21,73.6237552433678,14,advisor_summarized
2022-03-22,61.33938840954755,14,advisor_summarized
2022-03-23,56.109212418725775,14,advisor_summarized
2022-03-24,408.96415871435846,14,advisor_summarized
2022-03-25,516.4681471940461,14,advisor_summarized
2022-03-26,216.81525436149022,14,advisor_summarized
2022-03-27,120.80304777802523,14,advisor_summarized
2022-03-28,84.08992737605492,14,advisor_summarized
2022-03-29,67.73600991211536,14,advisor_summarized
2022-03-30,57.48173700868526,14,advisor_summarized
2022-03-31,54.43453638098418,14,advisor_summarized
2022-04-01,67.91900136216925,14,advisor_summarized
2022-04-02,72.7112918974662,14,advisor_summarized
2022-04-03,101.42884900050599,14,advisor_summarized
2022-04-04,75.67600640309317,14,advisor_summarized
2022-04-05,59.89794730170713,14,advisor_summarized
2022-04-06,50.84922957606245,14,advisor_summarized
2022-04-07,50.41435743726669,14,advisor_summarized
2022-04-08,46.08861410770382,14,advisor_summarized
2022-04-09,38.5449940178543,14,advisor_summarized
2022-04-10,33.16338056732595,14,advisor_summarized
2022-04-11,29.323555095874664,14,advisor_summarized
2022-04-12,24.895896786330212,14,advisor_summarized
2022-04-13,22.230648670161568,14,advisor_summarized
2022-04-14,19.572059265473108,14,advisor_summarized
2022-04-15,9.915957513630081,14,advisor_summarized
2022-04-16,15.161029544791118,14,advisor_summarized
2022-04-17,20.762479663131334,14,advisor_summarized
2022-04-18,26.321005366181737,14,advisor_summarized
2022-04-19,19.967234882698136,14,advisor_summarized
2022-04-20,17.627181232738952,14,advisor_summarized
2022-04-21,16.27485859553276,14,advisor_summarized
2022-04-22,15.052058409435956,14,advisor_summarized
2022-04-23,14.381890116479527,14,advisor_summarized
2022-04-24,13.444969553383766,14,advisor_summarized
2022-04-25,12.56954012703716,14,advisor_summarized
2022-04-26,12.003817647199298,14,advisor_summarized
2022-04-27,11.722207269314671,14,advisor_summarized
2022-04-28,11.430497189864232,14,advisor_summarized
2022-04-29,10.881687461646026,14,advisor_summarized
2022-04-30,10.7598813557368,14,advisor_summarized
2022-05-01,20.226233101130344,14,advisor_summarized
2022-05-02,36.96615835824393,14,advisor_summarized
2022-05-03,24.896638361269428,14,advisor_summarized
2022-05-04,128.2783133488153,14,advisor_summarized
2022-05-05,92.98376213622976,14,advisor_summarized
2022-05-06,68.06294700406015,14,advisor_summarized
2022-05-07,222.5574226263399,14,advisor_summarized
2022-05-08,120.53735729286632,14,advisor_summarized
2022-05-09,72.66976403983003,14,advisor_summarized
2022-05-10,51.210516057736506,14,advisor_summarized
2022-05-11,36.88899052743974,14,advisor_summarized
2022-05-12,28.201324166412267,14,advisor_summarized
2022-05-13,25.862873025141226,14,advisor_summarized
2022-05-14,22.316764731484252,14,advisor_summarized
2022-05-15,19.398681803276784,14,advisor_summarized
2022-05-16,18.225705631782233,14,advisor_summarized
2022-05-17,16.27061709473925,14,advisor_summarized
2022-05-18,14.722292575751888,14,advisor_summarized
2022-05-19,13.189805598536347,14,advisor_summarized
2022-05-20,15.206514125409567,14,advisor_summarized
2022-05-21,33.08514481760557,14,advisor_summarized
2022-05-22,50.64952638773216,14,advisor_summarized
2022-05-23,33.961849419029896,14,advisor_summarized
2022-05-24,25.11402117011048,14,advisor_summarized
2022-05-25,20.090455372023936,14,advisor_summarized
2022-05-26,17.407490441701,14,advisor_summarized
2022-05-27,17.464415157131963,14,advisor_summarized
2022-05-28,17.691611974729234,14,advisor_summarized
2022-05-29,14.617395537168958,14,advisor_summarized
2022-05-30,12.836742676082297,14,advisor_summarized
2022-05-31,12.02954979415446,14,advisor_summarized
2022-06-01,11.33137554179355,14,advisor_summarized
2022-06-02,9.928136780178896,14,advisor_summarized
2022-06-03,9.046161518174534,14,advisor_summarized
2022-06-04,8.735221817110457,14,advisor_summarized
2022-06-05,8.428616605957588,14,advisor_summarized
2022-06-06,8.827021103428775,14,advisor_summarized
2022-06-07,9.672758691290877,14,advisor_summarized
2022-06-08,8.864177760653472,14,advisor_summarized
2022-06-09,8.464811032774636,14,advisor_summarized
2022-06-10,8.843416273654212,14,advisor_summarized
2022-06-11,9.0338653722351,14,advisor_summarized
2022-06-12,8.776642524799149,14,advisor_summarized
2022-06-13,8.740145113438935,14,advisor_summarized
2022-06-14,9.235644583905495,14,advisor_summarized
2022-06-15,11.94230429446065,14,advisor_summarized
2022-06-16,9.380853180435631,14,advisor_summarized
2022-06-17,8.330978241475105,14,advisor_summarized
2022-06-18,7.904378981447194,14,advisor_summarized
2022-06-19,15.10527386875303,14,advisor_summarized
2022-06-20,11.527618820980821,14,advisor_summarized
2022-06-21,9.101090628536916,14,advisor_summarized
2022-06-22,8.034096770712978,14,advisor_summarized
2022-06-23,7.5546087190685505,14,advisor_summarized
2022-06-24,8.137849019986128,14,advisor_summarized
2022-06-25,9.838603183887761,14,advisor_summarized
2022-06-26,7.9321454541495475,14,advisor_summarized
2022-06-27,7.31246447544416,14,advisor_summarized
2022-06-28,7.520589910741573,14,advisor_summarized
2022-06-29,7.902099898490275,14,advisor_summarized
2022-06-30,7.466511639408231,14,advisor_summarized
2022-07-01,7.849119468961633,14,advisor_summarized
2022-07-02,7.820578363043008,14,advisor_summarized
2022-07-03,8.383901573760882,14,advisor_summarized
2022-07-04,9.660221339237548,14,advisor_summarized
2022-07-05,23.621885530421256,14,advisor_summarized
2022-07-06,19.012973464072616,14,advisor_summarized
2022-07-07,12.092694136383138,14,advisor_summarized
2022-07-08,9.969220924289095,14,advisor_summarized
2022-07-09,10.30500188325589,14,advisor_summarized
2022-07-10,12.404845620218891,14,advisor_summarized
2022-07-11,16.704261549427653,14,advisor_summarized
2022-07-12,17.809764392751678,14,advisor_summarized
2022-07-13,11.280455772280646,14,advisor_summarized
2022-07-14,9.386895184045587,14,advisor_summarized
2022-07-15,8.858557315172378,14,advisor_summarized
2022-07-16,8.37963129176842,14,advisor_summarized
2022-07-17,8.941309344296398,14,advisor_summarized
2022-07-18,9.267680438453196,14,advisor_summarized
2022-07-19,19.660379085619017,14,advisor_summarized
2022-07-20,30.547246781117664,14,advisor_summarized
2022-07-21,19.682018057293778,14,advisor_summarized
2022-07-22,20.365586662018117,14,advisor_summarized
2022-07-23,29.65755850278173,14,advisor_summarized
2022-07-24,24.28601103350231,14,advisor_summarized
2022-07-25,33.447121508031216,14,advisor_summarized
2022-07-26,24.499307985899748,14,advisor_summarized
2022-07-27,27.743597391267695,14,advisor_summarized
2022-07-28,22.736308798590752,14,advisor_summarized
2022-07-29,18.50523183437154,14,advisor_summarized
2022-07-30,15.5331239498905,14,advisor_summarized
2022-07-31,13.671587561834533,14,advisor_summarized
2022-08-01,12.037694955360225,14,advisor_summarized
2022-08-02,11.054229234058406,14,advisor_summarized
2022-08-03,11.150844220569189,14,advisor_summarized
2022-08-04,15.323118920037624,14,advisor_summarized
2022-08-05,12.199751462986294,14,advisor_summarized
2022-08-06,10.943515934712552,14,advisor_summarized
2022-08-07,11.225074196316116,14,advisor_summarized
2022-08-08,10.606494448321387,14,advisor_summarized
2022-08-09,10.050532231384695,14,advisor_summarized
2022-08-10,10.601326187388922,14,advisor_summarized
2022-08-11,10.503588368095317,14,advisor_summarized
2022-08-12,10.412719300327806,14,advisor_summarized
2022-08-13,11.96351323582882,14,advisor_summarized
2022-08-14,13.338076019753906,14,advisor_summarized
2022-08-15,10.683601279370263,14,advisor_summarized
2022-08-16,9.919963495206305,14,advisor_summarized
2022-08-17,10.871157007809382,14,advisor_summarized
2022-08-18,14.511325956167333,14,advisor_summarized
2022-08-19,13.799692802420099,14,advisor_summarized
2022-08-20,13.28126755873072,14,advisor_summarized
2022-08-21,20.307756495980833,14,advisor_summarized
2022-08-22,14.544554375969092,14,advisor_summarized
2022-08-23,13.961523608865823,14,advisor_summarized
2022-08-24,18.015972017219735,14,advisor_summarized
2022-08-25,81.8649667757106,14,advisor_summarized
2022-08-26,100.98697136439546,14,advisor_summarized
2022-08-27,165.387038297648,14,advisor_summarized
2022-08-28,84.61941611405285,14,advisor_summarized
2022-08-29,101.95366436228488,14,advisor_summarized
2022-08-30,63.89940814846736,14,advisor_summarized
2022-08-31,43.57623688545133,14,advisor_summarized
2022-09-01,33.317893279864236,14,advisor_summarized
2022-09-02,35.870752094980425,14,advisor_summarized
2022-09-03,40.63388626556364,14,advisor_summarized
2022-09-04,43.058639566910706,14,advisor_summarized
2022-09-05,29.586237449705916,14,advisor_summarized
2022-09-06,22.975189150647193,14,advisor_summarized
2022-09-07,20.05305988802215,14,advisor_summarized
2022-09-08,22.328769466576304,14,advisor_summarized
2022-09-09,68.01710312991035,14,advisor_summarized
2022-09-10,242.72230467130007,14,advisor_summarized
2022-09-11,238.63672346876547,14,advisor_summarized
2022-09-12,129.0657196179372,14,advisor_summarized
2022-09-13,105.03911883635101,14,advisor_summarized
2022-09-14,75.11390897220265,14,advisor_summarized
2022-09-15,56.35124982592402,14,advisor_summarized
2022-09-16,44.436049468356515,14,advisor_summarized
2022-09-17,45.91614696858804,14,advisor_summarized
2022-09-18,62.233908724601825,14,advisor_summarized
2022-09-19,74.64611894561568,14,advisor_summarized
2022-09-20,52.74636039622098,14,advisor_summarized
2022-09-21,39.99317328027349,14,advisor_summarized
2022-09-22,31.407798825719244,14,advisor_summarized
2022-09-23,25.942198296934418,14,advisor_summarized
2022-09-24,23.17023209765422,14,advisor_summarized
2022-09-25,20.278028442958746,14,advisor_summarized
2022-09-26,18.32345376882951,14,advisor_summarized
2022-09-27,16.95648157581457,14,advisor_summarized
2022-09-28,17.271554312210068,14,advisor_summarized
2022-09-29,20.106424740707723,14,advisor_summarized
2022-09-30,18.54807639158671,14,advisor_summarized
2022-10-01,17.416602583507267,14,advisor_summarized
2022-10-02,16.23454974050861,14,advisor_summarized
2022-10-03,15.959330395710019,14,advisor_summarized
2022-10-04,15.753621089602555,14,advisor_summarized
2022-10-05,14.961581436535738,14,advisor_summarized
2022-10-06,14.156428501377569,14,advisor_summarized
2022-10-07,13.9189965467731,14,advisor_summarized
2022-10-08,13.79750129732997,14,advisor_summarized
2022-10-09,13.423645784726133,14,advisor_summarized
2022-10-10,13.881080770151357,14,advisor_summarized
2022-10-11,14.218026073047596,14,advisor_summarized
2022-10-12,15.050799742226857,14,advisor_summarized
2022-10-13,17.009178763125636,14,advisor_summarized
2022-10-14,16.57972475575701,14,advisor_summarized
2022-10-15,15.043377807576109,14,advisor_summarized
2022-10-16,13.676484426817739,14,advisor_summarized
2022-10-17,14.100521059882533,14,advisor_summarized
2022-10-18,14.994709293738929,14,advisor_summarized
2022-10-19,13.312289895156233,14,advisor_summarized
2022-10-20,12.75600633960576,14,advisor_summarized
2022-10-21,12.656701350439727,14,advisor_summarized
2022-10-22,12.321877983204429,14,advisor_summarized
2022-10-23,12.06509185693831,14,advisor_summarized
2022-10-24,11.788584833399563,14,advisor_summarized
2022-10-25,11.578272854290065,14,advisor_summarized
2022-10-26,11.905835025425064,14,advisor_summarized
2022-10-27,13.114769163489411,14,advisor_summarized
2022-10-28,12.33753035943045,14,advisor_summarized
2022-10-29,12.973120136599881,14,advisor_summarized
2022-10-30,13.503790502290919,14,advisor_summarized
2022-10-31,13.062996460400774,14,advisor_summarized
2022-11-01,12.286163771398359,14,advisor_summarized
2022-11-02,12.164601647063728,14,advisor_summarized
2022-11-03,12.100520038715407,14,advisor_summarized
2022-11-04,12.114016364738326,14,advisor_summarized
2022-11-05,13.509694173298428,14,advisor_summarized
2022-11-06,15.07017408179226,14,advisor_summarized
2022-11-07,13.707805913041112,14,advisor_summarized
2022-11-08,13.059348323876309,14,advisor_summarized
2022-11-09,13.123084986777782,14,advisor_summarized
2022-11-10,44.684005074191674,14,advisor_summarized
2022-11-11,29.1822727543874,14,advisor_summarized
2022-11-12,21.190219576565568,14,advisor_summarized
2022-11-13,18.734749440843704,14,advisor_summarized
2022-11-14,17.71582673450794,14,advisor_summarized
2022-11-15,16.662202158862105,14,advisor_summarized
2022-11-16,16.06869885195424,14,advisor_summarized
2022-11-17,9.31872235352976,14,advisor_summarized
2022-11-18,14.162021712795122,14,advisor_summarized
2022-11-19,13.893273285021065,14,advisor_summarized
2022-11-20,14.132903247959419,14,advisor_summarized
2022-11-21,14.368372830967145,14,advisor_summarized
2022-11-22,14.179992553259739,14,advisor_summarized
2022-11-23,14.134628956762718,14,advisor_summarized
2022-11-24,13.953753996398747,14,advisor_summarized
2022-11-25,13.822249099154831,14,advisor_summarized
2022-11-26,13.750502165888053,14,advisor_summarized
2022-11-27,13.582631682033368,14,advisor_summarized
2022-11-28,13.436299074896207,14,advisor_summarized
2022-11-29,13.176843235516175,14,advisor_summarized
2022-11-30,14.227934396150907,14,advisor_summarized
2022-12-01,14.693677412903478,14,advisor_summarized
2022-12-02,13.600481343619025,14,advisor_summarized
2022-12-03,13.07358839127779,14,advisor_summarized
2022-12-04,13.078757310882708,14,advisor_summarized
2022-12-05,13.340439531557942,14,advisor_summarized
2022-12-06,13.070105153647397,14,advisor_summarized
2022-12-07,12.920574149146864,14,advisor_summarized
2022-12-08,12.98837141011378,14,advisor_summarized
2022-12-09,12.845137705527891,14,advisor_summarized
2022-12-10,12.52969896285652,14,advisor_summarized
2022-12-11,12.9089087262834,14,advisor_summarized
2022-12-12,12.86732364401292,14,advisor_summarized
2022-12-13,12.576031865674098,14,advisor_summarized
2022-12-14,12.436341686328534,14,advisor_summarized
2022-12-15,14.71731750889061,14,advisor_summarized
2022-12-16,14.426311729024867,14,advisor_summarized
2022-12-17,13.239446996317263,14,advisor_summarized
2022-12-18,12.730463011823153,14,advisor_summarized
2022-12-19,12.593161883509685,14,advisor_summarized
2022-12-20,12.905563376850347,14,advisor_summarized
2022-12-21,15.718601861047283,14,advisor_summarized
2022-12-22,14.663229541256179,14,advisor_summarized
2022-12-23,13.253329514839665,14,advisor_summarized
2022-12-24,12.735572773176704,14,advisor_summarized
2022-12-25,12.639935860589611,14,advisor_summarized
2022-12-26,12.707446764441299,14,advisor_summarized
2022-12-27,12.745110063766658,14,advisor_summarized
2022-12-28,12.672051688469523,14,advisor_summarized
2022-12-29,12.796527972594047,14,advisor_summarized
2022-12-30,12.705695573179087,14,advisor_summarized
2022-12-31,13.125335353176643,14,advisor_summarized
2023-01-01,18.84350494199096,14,advisor_summarized
2023-01-02,16.460642920997422,14,advisor_summarized
2023-01-03,15.335578552633505,14,advisor_summarized
2023-01-04,17.181298213758037,14,advisor_summarized
2023-01-05,19.959148165979688,14,advisor_summarized
2023-01-06,16.831992183651202,14,advisor_summarized
2023-01-07,15.479693036198077,14,advisor_summarized
2023-01-08,14.931018975646234,14,advisor_summarized
2023-01-09,14.259427968060434,14,advisor_summarized
2023-01-10,13.816491846356953,14,advisor_summarized
2023-01-11,13.299953773108449,14,advisor_summarized
2023-01-12,13.181982652419054,14,advisor_summarized
2023-01-13,17.403821828314843,14,advisor_summarized
2023-01-14,15.484297499994033,14,advisor_summarized
2023-01-15,14.176115898256066,14,advisor_summarized
2023-01-16,13.66210913412644,14,advisor_summarized
2023-01-17,13.038993671167326,14,advisor_summarized
2023-01-18,12.64449247417317,14,advisor_summarized
2023-01-19,12.372739870246024,14,advisor_summarized
2023-01-20,12.053385302563811,14,advisor_summarized
2023-01-21,12.368871835719125,14,advisor_summarized
2023-01-22,13.96044398973824,14,advisor_summarized
2023-01-23,14.322521323500078,14,advisor_summarized
2023-01-24,13.478050097427472,14,advisor_summarized
2023-01-25,12.87491207431737,14,advisor_summarized
2023-01-26,14.333473936610396,14,advisor_summarized
2023-01-27,12.94210655410351,14,advisor_summarized
2023-01-28,12.271033360943024,14,advisor_summarized
2023-01-29,12.25476121671079,14,advisor_summarized
2023-01-30,12.096888975328802,14,advisor_summarized
2023-01-31,11.798408705573449,14,advisor_summarized
2023-02-01,11.7940044196533,14,advisor_summarized
2023-02-02,11.729722928048604,14,advisor_summarized
2023-02-03,19.25268334015535,14,advisor_summarized
2023-02-04,16.939731577404928,14,advisor_summarized
2023-02-05,13.271299951163208,14,advisor_summarized
2023-02-06,14.039960420202652,14,advisor_summarized
2023-02-07,13.09123335685421,14,advisor_summarized
2023-02-08,12.093301808728762,14,advisor_summarized
2023-02-09,11.524599311426504,14,advisor_summarized
2023-02-10,11.393485246165293,14,advisor_summarized
2023-02-11,18.421247714458566,14,advisor_summarized
2023-02-12,24.446698611148978,14,advisor_summarized
2023-02-13,17.755700658776636,14,advisor_summarized
2023-02-14,15.703713446555268,14,advisor_summarized
2023-02-15,14.348211672883913,14,advisor_summarized
2023-02-16,13.224306464231502,14,advisor_summarized
2023-02-17,13.60262202534195,14,advisor_summarized
2023-02-18,13.755576854774596,14,advisor_summarized
2023-02-19,11.627800151262116,14,advisor_summarized
2023-02-20,11.529095410612337,14,advisor_summarized
2023-02-21,11.883241030964719,14,advisor_summarized
2023-02-22,11.831739767136964,14,advisor_summarized
2023-02-23,11.732833654333609,14,advisor_summarized
2023-02-24,11.121912818951401,14,advisor_summarized
2023-02-25,10.55884824447242,14,advisor_summarized
2023-02-26,10.004270616380422,14,advisor_summarized
2023-02-27,9.97168836565674,14,advisor_summarized
2023-02-28,10.226476277710933,14,advisor_summarized
2023-03-01,10.146763323210704,14,advisor_summarized
2023-03-02,9.679019248283025,14,advisor_summarized
2023-03-03,9.56038273866397,14,advisor_summarized
2023-03-04,11.104328873642643,14,advisor_summarized
2023-03-05,11.795628435022927,14,advisor_summarized
2023-03-06,10.12858796869487,14,advisor_summarized
2023-03-07,9.946587228708806,14,advisor_summarized
2023-03-08,10.553564373800532,14,advisor_summarized
2023-03-09,9.693911045117789,14,advisor_summarized
2023-03-10,8.935943081197417,14,advisor_summarized
2023-03-11,12.240760744474514,14,advisor_summarized
2023-03-12,9.977780810628921,14,advisor_summarized
2023-03-13,38.357858914631606,14,advisor_summarized
2023-03-14,23.123413331595955,14,advisor_summarized
2023-03-15,17.086599635982083,14,advisor_summarized
2023-03-16,14.22734103520258,14,advisor_summarized
2023-03-17,12.328389539953205,14,advisor_summarized
2023-03-18,13.680456278318438,14,advisor_summarized
2023-03-19,13.576830410974699,14,advisor_summarized
2023-03-20,12.086247182569979,14,advisor_summarized
2023-03-21,11.30529217162596,14,advisor_summarized
2023-03-22,10.96501342027704,14,advisor_summarized
2023-03-23,9.798004173400395,14,advisor_summarized
2023-03-24,8.969668662390584,14,advisor_summarized
2023-03-25,9.131643307523117,14,advisor_summarized
2023-03-26,8.920905272280779,14,advisor_summarized
2023-03-27,9.043921276374492,14,advisor_summarized
2023-03-28,9.450878449504359,14,advisor_summarized
2023-03-29,12.193012693100494,14,advisor_summarized
2023-03-30,10.635536344811266,14,advisor_summarized
2023-03-31,8.926288802527958,14,advisor_summarized
2023-04-01,8.249697515822527,14,advisor_summarized
2023-04-02,8.507785495473614,14,advisor_summarized
2023-04-03,8.462179341926136,14,advisor_summarized
2023-04-04,8.37316906050773,14,advisor_summarized
2023-04-05,8.026877270771157,14,advisor_summarized
2023-04-06,8.246968092757188,14,advisor_summarized
2023-04-07,8.645175720277097,14,advisor_summarized
2023-04-08,9.685866509570998,14,advisor_summarized
2023-04-09,11.279820646589409,14,advisor_summarized
2023-04-10,10.676135829682854,14,advisor_summarized
2023-04-11,10.136302761475708,14,advisor_summarized
2023-04-12,9.59779412583887,14,advisor_summarized
2023-04-13,8.616911811412777,14,advisor_summarized
2023-04-14,8.072069960023244,14,advisor_summarized
2023-04-15,7.793600262953324,14,advisor_summarized
2023-04-16,7.789741196994933,14,advisor_summarized
2023-04-17,7.613694877812619,14,advisor_summarized
2023-04-18,7.38262871185184,14,advisor_summarized
2023-04-19,7.020862183692507,14,advisor_summarized
2023-04-20,7.02191397110035,14,advisor_summarized
2023-04-21,6.981514778311677,14,advisor_summarized
2023-04-22,6.649110543642009,14,advisor_summarized
2023-04-23,6.523012965336881,14,advisor_summarized
2023-04-24,6.7804904581785665,14,advisor_summarized
2023-04-25,6.979989768947557,14,advisor_summarized
2023-04-26,6.840231281882695,14,advisor_summarized
2023-04-27,7.417968098372675,14,advisor_summarized
2023-04-28,7.56278133548352,14,advisor_summarized
2023-04-29,7.806681457080455,14,advisor_summarized
2023-04-30,8.054148304152708,14,advisor_summarized
2023-05-01,7.467214947122029,14,advisor_summarized
2023-05-02,7.16106189738973,14,advisor_summarized
2023-05-03,6.971174738880902,14,advisor_summarized
2023-05-04,6.807831154480151,14,advisor_summarized
2023-05-05,6.518328781036026,14,advisor_summarized
2023-05-06,6.682308979427766,14,advisor_summarized
2023-05-07,6.5880165113050255,14,advisor_summarized
2023-05-08,6.111232947741065,14,advisor_summarized
2023-05-09,6.021987889774995,14,advisor_summarized
2023-05-10,5.920838480893138,14,advisor_summarized
2023-05-11,6.051463358616613,14,advisor_summarized
2023-05-12,6.520881085502748,14,advisor_summarized
2023-05-13,8.587339302910628,14,advisor_summarized
2023-05-14,7.642323343445995,14,advisor_summarized
2023-05-15,7.193062863247913,14,advisor_summarized
2023-05-16,6.928831931481143,14,advisor_summarized
2023-05-17,7.672674558144572,14,advisor_summarized
2023-05-18,8.516641233532022,14,advisor_summarized
2023-05-19,7.970778744458176,14,advisor_summarized
2023-05-20,7.499876266534521,14,advisor_summarized
2023-05-21,7.788406664046884,14,advisor_summarized
2023-05-22,97.97056728075053,14,advisor_summarized
2023-05-23,144.8312748299388,14,advisor_summarized
2023-05-24,101.39954161693716,14,advisor_summarized
2023-05-25,65.06668316612277,14,advisor_summarized
2023-05-26,40.62195264910131,14,advisor_summarized
2023-05-27,28.582810872644444,14,advisor_summarized
2023-05-28,21.74927693960153,14,advisor_summarized
2023-05-29,17.427766189527592,14,advisor_summarized
2023-05-30,15.113572716053111,14,advisor_summarized
2023-05-31,13.567539616487572,14,advisor_summarized
2023-06-01,12.800725420523683,14,advisor_summarized
2023-06-02,11.192970427264116,14,advisor_summarized
2023-06-03,9.927298884061395,14,advisor_summarized
2023-06-04,8.904957864206374,14,advisor_summarized
2023-06-05,8.088716929065408,14,advisor_summarized
2023-06-06,7.21962315084398,14,advisor_summarized
2023-06-07,6.787896022095107,14,advisor_summarized
2023-06-08,6.65016927976675,14,advisor_summarized
2023-06-09,6.867636073749545,14,advisor_summarized
2023-06-10,7.302538125893373,14,advisor_summarized
2023-06-11,6.936911072709619,14,advisor_summarized
2023-06-12,6.485187699470977,14,advisor_summarized
2023-06-13,6.289913356412804,14,advisor_summarized
2023-06-14,6.2956958354538415,14,advisor_summarized
2023-06-15,9.03603851281011,14,advisor_summarized
2023-06-16,11.05721296040837,14,advisor_summarized
2023-06-17,9.890642759886049,14,advisor_summarized
2023-06-18,12.098464342387613,14,advisor_summarized
2023-06-19,9.278091968391594,14,advisor_summarized
2023-06-20,11.591459696411867,14,advisor_summarized
2023-06-21,12.294134847731753,14,advisor_summarized
2023-06-22,54.10627960459664,14,advisor_summarized
2023-06-23,102.82933890252416,14,advisor_summarized
2023-06-24,76.91023206909121,14,advisor_summarized
2023-06-25,50.37054047270283,14,advisor_summarized
2023-06-26,33.13045202075198,14,advisor_summarized
2023-06-27,23.000235797283462,14,advisor_summarized
2023-06-28,18.00332636212369,14,advisor_summarized
2023-06-29,14.724122888116632,14,advisor_summarized
2023-06-30,12.288005661267048,14,advisor_summarized
2023-07-01,9.994336149687344,14,advisor_summarized
2023-07-02,7.739837237223419,14,advisor_summarized
2023-07-03,7.0005255883806035,14,advisor_summarized
2023-07-04,7.302533542069036,14,advisor_summarized
2023-07-05,6.849568706360593,14,advisor_summarized
2023-07-06,7.008501042485947,14,advisor_summarized
2023-07-07,7.52314200958826,14,advisor_summarized
2023-07-08,7.732985378536076,14,advisor_summarized
2023-07-09,8.180103812689568,14,advisor_summarized
2023-07-10,16.626062137339648,14,advisor_summarized
2023-07-11,30.49251303813308,14,advisor_summarized
2023-07-12,87.83948093026436,14,advisor_summarized
2023-07-13,243.69350225745595,14,advisor_summarized
2023-07-14,101.77816815576006,14,advisor_summarized
2023-07-15,62.31112942249516,14,advisor_summarized
2023-07-16,49.053495855044666,14,advisor_summarized
2023-07-17,39.88268796867512,14,advisor_summarized
2023-07-18,29.28682271399148,14,advisor_summarized
2023-07-19,21.621736244114206,14,advisor_summarized
2023-07-20,17.278135485639343,14,advisor_summarized
2023-07-21,14.214285711961425,14,advisor_summarized
2023-07-22,12.271084415362495,14,advisor_summarized
2023-07-23,13.098428304356466,14,advisor_summarized
2023-07-24,16.34164138769812,14,advisor_summarized
2023-07-25,13.454071459810862,14,advisor_summarized
2023-07-26,11.577319315679361,14,advisor_summarized
2023-07-27,9.708026134275444,14,advisor_summarized
2023-07-28,9.991150453931244,14,advisor_summarized
2023-07-29,10.781816904096116,14,advisor_summarized
2023-07-30,10.598112165876811,14,advisor_summarized
2023-07-31,25.78864369947844,14,advisor_summarized
2023-08-01,54.69007846942836,14,advisor_summarized
2023-08-02,143.41772085857968,14,advisor_summarized
2023-08-03,72.98892612763191,14,advisor_summarized
2023-08-04,68.15015133298307,14,advisor_summarized
2023-08-05,107.57730050082489,14,advisor_summarized
2023-08-06,83.05438743092004,14,advisor_summarized
2023-08-07,55.45333643182524,14,advisor_summarized
2023-08-08,38.227382466183776,14,advisor_summarized
2023-08-09,27.089876938860897,14,advisor_summarized
2023-08-10,20.454711718885974,14,advisor_summarized
2023-08-11,16.947527694828405,14,advisor_summarized
2023-08-12,14.31921545536659,14,advisor_summarized
2023-08-13,11.94315385150095,14,advisor_summarized
2023-08-14,26.62108026249884,14,advisor_summarized
2023-08-15,35.98426035585478,14,advisor_summarized
2023-08-16,51.99095981456298,14,advisor_summarized
2023-08-17,65.84016460626957,14,advisor_summarized
2023-08-18,48.56648606009131,14,advisor_summarized
2023-08-19,31.544168223493383,14,advisor_summarized
2023-08-20,25.764388230132383,14,advisor_summarized
2023-08-21,24.19585836055502,14,advisor_summarized
2023-08-22,18.5878429221334,14,advisor_summarized
2023-08-23,15.433789671963739,14,advisor_summarized
2023-08-24,13.401565654948385,14,advisor_summarized
2023-08-25,11.842142014277245,14,advisor_summarized
2023-08-26,12.964880096269562,14,advisor_summarized
2023-08-27,11.08258118230133,14,advisor_summarized
2023-08-28,9.42488405345012,14,advisor_summarized
2023-08-29,10.250019181773228,14,advisor_summarized
2023-08-30,46.701886355367975,14,advisor_summarized
2023-08-31,42.179172785613254,14,advisor_summarized
2023-09-01,51.0795616147895,14,advisor_summarized
2023-09-02,71.20252357145161,14,advisor_summarized
2023-09-03,50.82131840407902,14,advisor_summarized
2023-09-04,34.91972030378689,14,advisor_summarized
2023-09-05,25.15184593522162,14,advisor_summarized
2023-09-06,20.138493216498514,14,advisor_summarized
2023-09-07,16.536776817978815,14,advisor_summarized
2023-09-08,6.3911239891332174,14,advisor_summarized
2023-09-09,0.2213347417083629,14,advisor_summarized
2023-09-10,0.05978882209176031,14,advisor_summarized
2023-09-11,0.3694246597929807,14,advisor_summarized
2023-09-12,1.8951133221174208,14,advisor_summarized
2023-09-13,2.2313455294277698,14,advisor_summarized
2023-09-14,2.075808239912583,14,advisor_summarized
2023-09-15,1.7503073153058752,14,advisor_summarized
2023-09-16,1.377936008736694,14,advisor_summarized
2023-09-17,1.134323919302213,14,advisor_summarized
2023-09-18,0.901334992014497,14,advisor_summarized
2023-09-19,0.631876427663805,14,advisor_summarized
2023-09-20,0.41049138142292757,14,advisor_summarized
2023-09-21,0.6967071691797303,14,advisor_summarized
2023-09-22,1.5274913317127525,14,advisor_summarized
2023-09-23,1.449312909593863,14,advisor_summarized
2023-09-24,1.269350737479402,14,advisor_summarized
2023-09-25,1.358623267983744,14,advisor_summarized
2023-09-26,2.968935252065835,14,advisor_summarized
2023-09-27,6.445422308959716,14,advisor_summarized
2023-09-28,7.589744421805964,14,advisor_summarized
2023-09-29,5.85748873269458,14,advisor_summarized
2023-09-30,3.979087514986739,14,advisor_summarized
2023-10-01,2.6297192639124107,14,advisor_summarized
2023-10-02,1.804139115427282,14,advisor_summarized
2023-10-03,1.3769585345864244,14,advisor_summarized
2023-10-04,1.057871340941207,14,advisor_summarized
2023-10-05,0.8745874780221761,14,advisor_summarized
2023-10-06,0.7226653376060669,14,advisor_summarized
2023-10-07,0.6011263960743383,14,advisor_summarized
2023-10-08,0.49044426841053684,14,advisor_summarized
2023-10-09,0.3974117570149231,14,advisor_summarized
2023-10-10,0.30112248597087676,14,advisor_summarized
2023-10-11,0.2521046105839512,14,advisor_summarized
2023-10-12,1.8666781743373868,14,advisor_summarized
2023-10-13,3.3848139456092063,14,advisor_summarized
2023-10-14,3.872646859174542,14,advisor_summarized
2023-10-15,3.179052851102701,14,advisor_summarized
2023-10-16,2.329977594957031,14,advisor_summarized
2023-10-17,1.6792095012974935,14,advisor_summarized
2023-10-18,1.2549002976252628,14,advisor_summarized
2023-10-19,0.9927512000191414,14,advisor_summarized
2023-10-20,0.8233222176766297,14,advisor_summarized
2023-10-21,0.6947061136789728,14,advisor_summarized
2023-10-22,0.5730849185070818,14,advisor_summarized
2023-10-23,0.4584417034021076,14,advisor_summarized
2023-10-24,0.3597841774589008,14,advisor_summarized
2023-10-25,0.2622048753849331,14,advisor_summarized
2023-10-26,0.17148684040082643,14,advisor_summarized
2023-10-27,0.10256933849850759,14,advisor_summarized
2023-10-28,0.0753291972743231,14,advisor_summarized
2023-10-29,0.053195808534963675,14,advisor_summarized
2023-10-30,0.026017028763666503,14,advisor_summarized
2023-10-31,0.0055817873725785665,14,advisor_summarized
2023-11-01,8.762179707317484,14,advisor_summarized
2023-11-02,16.144389857410772,14,advisor_summarized
2023-11-03,16.0160816729806,14,advisor_summarized
2023-11-04,15.71698045142602,14,advisor_summarized
2023-11-05,14.724238726970825,14,advisor_summarized
2023-11-06,14.740579729365244,14,advisor_summarized
2023-11-07,14.558900176576465,14,advisor_summarized
2023-11-08,14.237338071361554,14,advisor_summarized
2023-11-09,14.408576174921402,14,advisor_summarized
2023-11-10,14.76294810518351,14,advisor_summarized
2023-11-11,15.022011959620741,14,advisor_summarized
2023-11-12,16.094563429410957,14,advisor_summarized
2023-11-13,17.053225403106094,14,advisor_summarized
2023-11-14,19.475655508908527,14,advisor_summarized
2023-11-15,23.3355892695493,14,advisor_summarized
2023-11-16,21.910900446652025,14,advisor_summarized
2023-11-17,24.384609134874356,14,advisor_summarized
2023-11-18,22.396111088769715,14,advisor_summarized
2023-11-19,20.922195333656358,14,advisor_summarized
2023-11-20,19.882228450731414,14,advisor_summarized
2023-11-21,19.345617256879134,14,advisor_summarized
2023-11-22,21.62897886301141,14,advisor_summarized
2023-11-23,21.6761021507611,14,advisor_summarized
2023-11-24,20.483405630500208,14,advisor_summarized
2023-11-25,20.25449970667744,14,advisor_summarized
2023-11-26,33.829071989601864,14,advisor_summarized
2023-11-27,41.82251253907513,14,advisor_summarized
2023-11-28,31.186970543409043,14,advisor_summarized
2023-11-29,27.477244774242696,14,advisor_summarized
2023-11-30,25.35520433383596,14,advisor_summarized
2023-12-01,24.257001266753353,14,advisor_summarized
2023-12-02,23.910962216532727,14,advisor_summarized
2023-12-03,27.843691424429824,14,advisor_summarized
2023-12-04,30.561322800543852,14,advisor_summarized
2023-12-05,27.233964611128183,14,advisor_summarized
2023-12-06,25.031440260364846,14,advisor_summarized
2023-12-07,23.042717188243902,14,advisor_summarized
2023-12-08,22.037965769751015,14,advisor_summarized
2023-12-09,22.129435845808814,14,advisor_summarized
2023-12-10,30.974199176120617,14,advisor_summarized
2023-12-11,58.1487253343119,14,advisor_summarized
2023-12-12,42.670733997757274,14,advisor_summarized
2023-12-13,37.54322062032896,14,advisor_summarized
2023-12-14,34.427361856991595,14,advisor_summarized
2023-12-15,33.45591831649027,14,advisor_summarized
2023-12-16,37.63348548206483,14,advisor_summarized
2023-12-17,1147.4838759249417,14,advisor_summarized
2023-12-18,684.9698717716636,14,advisor_summarized
2023-12-19,350.6980499045108,14,advisor_summarized
2023-12-20,209.245789572171,14,advisor_summarized
2023-12-21,155.4064777002009,14,advisor_summarized
2023-12-22,124.97846275928741,14,advisor_summarized
2023-12-23,105.09955653591273,14,advisor_summarized
2023-12-24,90.17939357524274,14,advisor_summarized
2023-12-25,101.6385786639547,14,advisor_summarized
2023-12-26,114.65819863558141,14,advisor_summarized
2023-12-27,97.73304312909808,14,advisor_summarized
2023-12-28,86.9924471262625,14,advisor_summarized
2023-12-29,80.8103103608547,14,advisor_summarized
2023-12-30,71.60166586608362,14,advisor_summarized
2023-12-31,65.80712157696954,14,advisor_summarized
2024-01-01,61.761725921610356,14,advisor_summarized
2024-01-02,58.88799053342209,14,advisor_summarized
2024-01-03,55.764350957774205,14,advisor_summarized
2024-01-04,57.42655381141819,14,advisor_summarized
2024-01-05,54.42175168830733,14,advisor_summarized
2024-01-06,69.77724994759268,14,advisor_summarized
2024-01-07,72.62604617904407,14,advisor_summarized
2024-01-08,66.02236772430068,14,advisor_summarized
2024-01-09,222.59935580993877,14,advisor_summarized
2024-01-10,369.47258753116574,14,advisor_summarized
2024-01-11,217.09776387652755,14,advisor_summarized
2024-01-12,160.40494851560516,14,advisor_summarized
2024-01-13,133.74964604776883,14,advisor_summarized
2024-01-14,104.15281651733056,14,advisor_summarized
2024-01-15,88.93703548406643,14,advisor_summarized
2024-01-16,93.60419478455138,14,advisor_summarized
2024-01-17,94.24288614183358,14,advisor_summarized
2024-01-18,80.65157198079312,14,advisor_summarized
2024-01-19,77.78706946004634,14,advisor_summarized
2024-01-20,71.61283750451523,14,advisor_summarized
2024-01-21,65.09235826582028,14,advisor_summarized
2024-01-22,61.13333428615749,14,advisor_summarized
2024-01-23,58.27450007817695,14,advisor_summarized
2024-01-24,57.369594905999605,14,advisor_summarized
2024-01-25,56.85528510700942,14,advisor_summarized
2024-01-26,245.70779138343042,14,advisor_summarized
2024-01-27,203.47565569291305,14,advisor_summarized
2024-01-28,159.11588494812517,14,advisor_summarized
2024-01-29,120.27496757424763,14,advisor_summarized
2024-01-30,96.76816844436475,14,advisor_summarized
2024-01-31,83.97818646999443,14,advisor_summarized
2024-02-01,74.47425896575864,14,advisor_summarized
2024-02-02,67.33923039317646,14,advisor_summarized
2024-02-03,61.98351171744088,14,advisor_summarized
2024-02-04,67.73194047652214,14,advisor_summarized
2024-02-05,78.16938319999244,14,advisor_summarized
2024-02-06,70.07657888433341,14,advisor_summarized
2024-02-07,62.315630229826446,14,advisor_summarized
2024-02-08,34.467726191421015,14,advisor_summarized
2024-02-09,1.1030341165567912,14,advisor_summarized
2024-02-10,0.7289142247914618,14,advisor_summarized
2024-02-11,0.7026837357594632,14,advisor_summarized
2024-02-12,4.2180556385493375,14,advisor_summarized
2024-02-13,4.39996636320191,14,advisor_summarized
2024-02-14,1.535537408776837,14,advisor_summarized
2024-02-15,0.6103033431420221,14,advisor_summarized
2024-02-16,0.89879867731771,14,advisor_summarized
2024-02-17,8.941528597035612,14,advisor_summarized
2024-02-18,12.12686490991991,14,advisor_summarized
2024-02-19,9.749085655903965,14,advisor_summarized
2024-02-20,5.26082555330878,14,advisor_summarized
2024-02-21,1.916320180560181,14,advisor_summarized
2024-02-22,0.8580105581923294,14,advisor_summarized
2024-02-23,5.331763541934441,14,advisor_summarized
2024-02-24,5.416594539015218,14,advisor_summarized
2024-02-25,2.4585438437913822,14,advisor_summarized
2024-02-26,1.2736249913073547,14,advisor_summarized
2024-02-27,1.453396387076002,14,advisor_summarized
2024-02-28,2.93992482360477,14,advisor_summarized
2024-02-29,1.0279598506327565,14,advisor_summarized
2024-03-01,0.784874353354628,14,advisor_summarized
2024-03-02,0.9463921717122737,14,advisor_summarized
2024-03-03,1.2531537094639544,14,advisor_summarized
2021-03-30,166.73810351358932,15,computed_RC
2021-03-31,223.86982419793964,15,computed_RC
2021-04-01,222.3417370953101,15,advisor_summarized
2021-04-02,168.7502065790864,15,advisor_summarized
2021-04-03,117.15179347657556,15,advisor_summarized
2021-04-04,74.49132345997553,15,advisor_summarized
2021-04-05,49.15972554989691,15,advisor_summarized
2021-04-06,33.82349972287087,15,advisor_summarized
2021-04-07,23.189227378921117,15,advisor_summarized
2021-04-08,16.7902080207153,15,advisor_summarized
2021-04-09,12.35552241950595,15,advisor_summarized
2021-04-10,9.244837726320187,15,advisor_summarized
2021-04-11,19.36757259055105,15,advisor_summarized
2021-04-12,35.73107616480677,15,advisor_summarized
2021-04-13,35.930518511828275,15,advisor_summarized
2021-04-14,28.719416026299598,15,advisor_summarized
2021-04-15,23.356002465089006,15,advisor_summarized
2021-04-16,20.2983469543565,15,advisor_summarized
2021-04-17,33.145660438027704,15,advisor_summarized
2021-04-18,71.94848841745971,15,advisor_summarized
2021-04-19,118.27652545860674,15,advisor_summarized
2021-04-20,120.3241221066399,15,advisor_summarized
2021-04-21,95.21962369960808,15,advisor_summarized
2021-04-22,66.17122783644918,15,advisor_summarized
2021-04-23,47.06144340128239,15,advisor_summarized
2021-04-24,33.27541536178061,15,advisor_summarized
2021-04-25,30.76301608964509,15,advisor_summarized
2021-04-26,24.709341532674912,15,advisor_summarized
2021-04-27,19.521268743172794,15,advisor_summarized
2021-04-28,14.426379714844808,15,advisor_summarized
2021-04-29,10.334845534904622,15,advisor_summarized
2021-04-30,7.468171211396851,15,advisor_summarized
2021-05-01,5.279194089121203,15,advisor_summarized
2021-05-02,3.8455706952367907,15,advisor_summarized
2021-05-03,2.993138462552522,15,advisor_summarized
2021-05-04,2.3876520631495555,15,advisor_summarized
2021-05-05,1.9104989547553324,15,advisor_summarized
2021-05-06,2.6673438639899167,15,advisor_summarized
2021-05-07,2.9781931244714275,15,advisor_summarized
2021-05-08,2.200980570998787,15,advisor_summarized
2021-05-09,1.7146213584453582,15,advisor_summarized
2021-05-10,1.798470177142784,15,advisor_summarized
2021-05-11,3.3552499326299094,15,advisor_summarized
2021-05-12,5.423655590705138,15,advisor_summarized
2021-05-13,5.24174557185683,15,advisor_summarized
2021-05-14,4.6187754375971455,15,advisor_summarized
2021-05-15,3.877757893668558,15,advisor_summarized
2021-05-16,2.978557485322424,15,advisor_summarized
2021-05-17,2.3577058233423602,15,advisor_summarized
2021-05-18,1.549575807121622,15,advisor_summarized
2021-05-19,0.8662163987937589,15,advisor_summarized
2021-05-20,0.4760059266235232,15,advisor_summarized
2021-05-21,0.14414294765986255,15,advisor_summarized
2021-05-22,0.014181142333694182,15,advisor_summarized
2021-05-23,0,15,advisor_summarized
2021-05-24,0,15,advisor_summarized
2021-05-25,0,15,advisor_summarized
2021-05-26,0,15,advisor_summarized
2021-05-27,0,15,advisor_summarized
2021-05-28,0,15,advisor_summarized
2021-05-29,0,15,advisor_summarized
2021-05-30,0,15,advisor_summarized
2021-05-31,0,15,advisor_summarized
2021-06-01,0,15,advisor_summarized
2021-06-02,0,15,advisor_summarized
2021-06-03,0,15,advisor_summarized
2021-06-04,0,15,advisor_summarized
2021-06-05,0,15,advisor_summarized
2021-06-06,0,15,advisor_summarized
2021-06-07,0,15,advisor_summarized
2021-06-08,0,15,advisor_summarized
2021-06-09,0,15,advisor_summarized
2021-06-10,0,15,advisor_summarized
2021-06-11,0,15,advisor_summarized
2021-06-12,0,15,advisor_summarized
2021-06-13,0,15,advisor_summarized
2021-06-14,0,15,advisor_summarized
2021-06-15,0.3309168543227334,15,advisor_summarized
2021-06-16,0.18329359298189152,15,advisor_summarized
2021-06-17,0.0025735526925752456,15,advisor_summarized
2021-06-18,0,15,advisor_summarized
2021-06-19,0,15,advisor_summarized
2021-06-20,0.6851585399411987,15,advisor_summarized
2021-06-21,4.228291018676034,15,advisor_summarized
2021-06-22,72.14260992702398,15,advisor_summarized
2021-06-23,237.4483390630038,15,advisor_summarized
2021-06-24,327.0840028402666,15,advisor_summarized
2021-06-25,355.7547472681039,15,advisor_summarized
2021-06-26,305.3537692565506,15,advisor_summarized
2021-06-27,227.58096207760892,15,advisor_summarized
2021-06-28,167.98350403577027,15,advisor_summarized
2021-06-29,127.47676829715802,15,advisor_summarized
2021-06-30,99.31045868647631,15,advisor_summarized
2021-07-01,80.7896111023254,15,advisor_summarized
2021-07-02,64.7773626210665,15,advisor_summarized
2021-07-03,55.99724088151597,15,advisor_summarized
2021-07-04,50.81937263754554,15,advisor_summarized
2021-07-05,47.30314177816715,15,advisor_summarized
2021-07-06,42.60701245089651,15,advisor_summarized
2021-07-07,488.52092377026565,15,advisor_summarized
2021-07-08,850.6548085640911,15,advisor_summarized
2021-07-09,519.9655239705755,15,advisor_summarized
2021-07-10,356.48322963913114,15,advisor_summarized
2021-07-11,272.0632572515137,15,advisor_summarized
2021-07-12,204.60430414195358,15,advisor_summarized
2021-07-13,159.2293899828888,15,advisor_summarized
2021-07-14,118.80550108558361,15,advisor_summarized
2021-07-15,85.59500313068348,15,advisor_summarized
2021-07-16,64.60109444664253,15,advisor_summarized
2021-07-17,51.15877022459605,15,advisor_summarized
2021-07-18,42.84332542956849,15,advisor_summarized
2021-07-19,37.5878486654774,15,advisor_summarized
2021-07-20,32.58494380833507,15,advisor_summarized
2021-07-21,38.963128779261766,15,advisor_summarized
2021-07-22,53.26530926520882,15,advisor_summarized
2021-07-23,51.270852952864345,15,advisor_summarized
2021-07-24,46.60688349127164,15,advisor_summarized
2021-07-25,38.9770680649727,15,advisor_summarized
2021-07-26,33.35887071594111,15,advisor_summarized
2021-07-27,59.381289191056624,15,advisor_summarized
2021-07-28,103.60758014472101,15,advisor_summarized
2021-07-29,120.25041406170504,15,advisor_summarized
2021-07-30,110.62851006704555,15,advisor_summarized
2021-07-31,86.99242721633857,15,advisor_summarized
2021-08-01,66.57742772042765,15,advisor_summarized
2021-08-02,54.578720334805475,15,advisor_summarized
2021-08-03,61.14085183519677,15,advisor_summarized
2021-08-04,58.372712606695366,15,advisor_summarized
2021-08-05,63.313230671574324,15,advisor_summarized
2021-08-06,69.75573992029665,15,advisor_summarized
2021-08-07,74.52533687181766,15,advisor_summarized
2021-08-08,81.5367075584842,15,advisor_summarized
2021-08-09,73.94362605979946,15,advisor_summarized
2021-08-10,61.33534122340398,15,advisor_summarized
2021-08-11,51.90930722068948,15,advisor_summarized
2021-08-12,45.50077938554265,15,advisor_summarized
2021-08-13,37.61229354999452,15,advisor_summarized
2021-08-14,31.77803071086328,15,advisor_summarized
2021-08-15,27.639320013056253,15,advisor_summarized
2021-08-16,24.206824519774177,15,advisor_summarized
2021-08-17,26.547431945549548,15,advisor_summarized
2021-08-18,26.858926443910082,15,advisor_summarized
2021-08-19,23.376011009538434,15,advisor_summarized
2021-08-20,21.059127698194185,15,advisor_summarized
2021-08-21,17.491235048990422,15,advisor_summarized
2021-08-22,16.88519791392231,15,advisor_summarized
2021-08-23,20.73492003342592,15,advisor_summarized
2021-08-24,22.395116791310354,15,advisor_summarized
2021-08-25,24.30844671502364,15,advisor_summarized
2021-08-26,22.65004432424406,15,advisor_summarized
2021-08-27,22.508105371882177,15,advisor_summarized
2021-08-28,21.499910475940823,15,advisor_summarized
2021-08-29,19.960551862150893,15,advisor_summarized
2021-08-30,17.245684028611333,15,advisor_summarized
2021-08-31,12.896179905565903,15,advisor_summarized
2021-09-01,18.821496285084965,15,advisor_summarized
2021-09-02,22.469316673082318,15,advisor_summarized
2021-09-03,20.863705127519392,15,advisor_summarized
2021-09-04,17.819934195204805,15,advisor_summarized
2021-09-05,14.675494809007132,15,advisor_summarized
2021-09-06,10.66425079752164,15,advisor_summarized
2021-09-07,9.210135223670493,15,advisor_summarized
2021-09-08,12.362637143985841,15,advisor_summarized
2021-09-09,20.122650204345856,15,advisor_summarized
2021-09-10,17.447944971055247,15,advisor_summarized
2021-09-11,15.971461466331604,15,advisor_summarized
2021-09-12,14.531844852677205,15,advisor_summarized
2021-09-13,3.3963537714142187,15,advisor_summarized
2021-09-14,2.7204835185951315,15,advisor_summarized
2021-09-15,2.535380739324495,15,advisor_summarized
2021-09-16,3.549785674023252,15,advisor_summarized
2021-09-17,3.2221970926683885,15,advisor_summarized
2021-09-18,4.680352123279116,15,advisor_summarized
2021-09-19,20.094945319711627,15,advisor_summarized
2021-09-20,23.76271295093081,15,advisor_summarized
2021-09-21,25.492668568223475,15,advisor_summarized
2021-09-22,27.76734350569058,15,advisor_summarized
2021-09-23,29.998905867211217,15,advisor_summarized
2021-09-24,24.895577015472398,15,advisor_summarized
2021-09-25,20.11236320896597,15,advisor_summarized
2021-09-26,15.743475895931914,15,advisor_summarized
2021-09-27,11.709916322851072,15,advisor_summarized
2021-09-28,9.168664015956773,15,advisor_summarized
2021-09-29,7.136561207707644,15,advisor_summarized
2021-09-30,5.59031103956703,15,advisor_summarized
2021-10-01,4.71270408458268,15,advisor_summarized
2021-10-02,3.10758121340472,15,advisor_summarized
2021-10-03,2.2122779146832237,15,advisor_summarized
2021-10-04,1.5509811753802287,15,advisor_summarized
2021-10-05,1.0639777994660056,15,advisor_summarized
2021-10-06,1.4792957364198902,15,advisor_summarized
2021-10-07,1.884065065214017,15,advisor_summarized
2021-10-08,1.5689970304186371,15,advisor_summarized
2021-10-09,1.2125867188761117,15,advisor_summarized
2021-10-10,0.49922213939707744,15,advisor_summarized
2021-10-11,0.18205398145243148,15,advisor_summarized
2021-10-12,0.028930342181127822,15,advisor_summarized
2021-10-13,2.088044820512559e-5,15,advisor_summarized
2021-10-14,0,15,advisor_summarized
2021-10-15,0,15,advisor_summarized
2021-10-16,0,15,advisor_summarized
2021-10-17,0,15,advisor_summarized
2021-10-18,0,15,advisor_summarized
2021-10-19,0,15,advisor_summarized
2021-10-20,0,15,advisor_summarized
2021-10-21,0,15,advisor_summarized
2021-10-22,0,15,advisor_summarized
2021-10-23,0,15,advisor_summarized
2021-10-24,0,15,advisor_summarized
2021-10-25,0,15,advisor_summarized
2021-10-26,0,15,advisor_summarized
2021-10-27,0,15,advisor_summarized
2021-10-28,0.06560738760919889,15,advisor_summarized
2021-10-29,0.7492502236999008,15,advisor_summarized
2021-10-30,1.1506806279984165,15,advisor_summarized
2021-10-31,0.9720461943514779,15,advisor_summarized
2021-11-01,0.6072129884880741,15,advisor_summarized
2021-11-02,0.1631797040738169,15,advisor_summarized
2021-11-03,0.025773874746981798,15,advisor_summarized
2021-11-04,0.0014415366100405272,15,advisor_summarized
2021-11-05,0.13562437218615359,15,advisor_summarized
2021-11-06,25.76557480929831,15,advisor_summarized
2021-11-07,42.010842741000566,15,advisor_summarized
2021-11-08,47.327745777328595,15,advisor_summarized
2021-11-09,41.53564173190268,15,advisor_summarized
2021-11-10,35.1939619864308,15,advisor_summarized
2021-11-11,30.202168079343654,15,advisor_summarized
2021-11-12,25.00428071357337,15,advisor_summarized
2021-11-13,20.374586451048984,15,advisor_summarized
2021-11-14,16.772603635155598,15,advisor_summarized
2021-11-15,14.106359578638681,15,advisor_summarized
2021-11-16,12.018051925769107,15,advisor_summarized
2021-11-17,10.398421201618927,15,advisor_summarized
2021-11-18,9.698028465957112,15,advisor_summarized
2021-11-19,9.22033265264651,15,advisor_summarized
2021-11-20,8.715946984031335,15,advisor_summarized
2021-11-21,8.42209718140049,15,advisor_summarized
2021-11-22,7.96953817237337,15,advisor_summarized
2021-11-23,6.901786748000426,15,advisor_summarized
2021-11-24,6.102963451150866,15,advisor_summarized
2021-11-25,5.817877000136408,15,advisor_summarized
2021-11-26,5.589049695777789,15,advisor_summarized
2021-11-27,4.915765896757193,15,advisor_summarized
2021-11-28,4.099061571355348,15,advisor_summarized
2021-11-29,3.239408841759495,15,advisor_summarized
2021-11-30,2.443102325558764,15,advisor_summarized
2021-12-01,2.1384179779172237,15,advisor_summarized
2021-12-02,2.0284636219489296,15,advisor_summarized
2021-12-03,1.869116389996349,15,advisor_summarized
2021-12-04,1.6989957728762042,15,advisor_summarized
2021-12-05,1.2602055017324614,15,advisor_summarized
2021-12-06,0.9908400306468036,15,advisor_summarized
2021-12-07,0.9482866876918282,15,advisor_summarized
2021-12-08,1.9677529943516638,15,advisor_summarized
2021-12-09,6.145068887968802,15,advisor_summarized
2021-12-10,6.326355022800892,15,advisor_summarized
2021-12-11,6.325807634514958,15,advisor_summarized
2021-12-12,7.961924196257397,15,advisor_summarized
2021-12-13,9.16362438285878,15,advisor_summarized
2021-12-14,8.97741753707989,15,advisor_summarized
2021-12-15,8.536718859649788,15,advisor_summarized
2021-12-16,8.227378393945465,15,advisor_summarized
2021-12-17,7.972511463564515,15,advisor_summarized
2021-12-18,7.424961285272022,15,advisor_summarized
2021-12-19,7.739348902387072,15,advisor_summarized
2021-12-20,10.48202259019435,15,advisor_summarized
2021-12-21,43.64904927498541,15,advisor_summarized
2021-12-22,85.64848543381594,15,advisor_summarized
2021-12-23,90.84214601666709,15,advisor_summarized
2021-12-24,76.71991799901757,15,advisor_summarized
2021-12-25,60.61463695696523,15,advisor_summarized
2021-12-26,48.057535720771625,15,advisor_summarized
2021-12-27,38.96216751111307,15,advisor_summarized
2021-12-28,32.31707044507936,15,advisor_summarized
2021-12-29,26.87720997963855,15,advisor_summarized
2021-12-30,22.43257535024239,15,advisor_summarized
2021-12-31,18.933553027441118,15,advisor_summarized
2022-01-01,16.900331003500302,15,advisor_summarized
2022-01-02,14.29828403535952,15,advisor_summarized
2022-01-03,12.244272657918158,15,advisor_summarized
2022-01-04,11.280841330227284,15,advisor_summarized
2022-01-05,10.484290230432348,15,advisor_summarized
2022-01-06,9.535307139840782,15,advisor_summarized
2022-01-07,8.665900261695969,15,advisor_summarized
2022-01-08,8.030195662416352,15,advisor_summarized
2022-01-09,7.330613763158933,15,advisor_summarized
2022-01-10,6.80129903390355,15,advisor_summarized
2022-01-11,6.411591736021443,15,advisor_summarized
2022-01-12,6.072306131547396,15,advisor_summarized
2022-01-13,5.778090944950207,15,advisor_summarized
2022-01-14,5.343228254719769,15,advisor_summarized
2022-01-15,4.731759491270117,15,advisor_summarized
2022-01-16,7.962748996103777,15,advisor_summarized
2022-01-17,9.960864720954836,15,advisor_summarized
2022-01-18,9.912325703088902,15,advisor_summarized
2022-01-19,9.657464052073957,15,advisor_summarized
2022-01-20,9.164362420298682,15,advisor_summarized
2022-01-21,8.78498702550561,15,advisor_summarized
2022-01-22,8.748716033304264,15,advisor_summarized
2022-01-23,8.581703576278228,15,advisor_summarized
2022-01-24,7.996828625545445,15,advisor_summarized
2022-01-25,7.673551581203139,15,advisor_summarized
2022-01-26,7.880093984289719,15,advisor_summarized
2022-01-27,7.534800279958811,15,advisor_summarized
2022-01-28,8.10936504082427,15,advisor_summarized
2022-01-29,7.8699069940502,15,advisor_summarized
2022-01-30,7.098043276727183,15,advisor_summarized
2022-01-31,6.884999178361717,15,advisor_summarized
2022-02-01,6.188689398836807,15,advisor_summarized
2022-02-02,5.499632499709752,15,advisor_summarized
2022-02-03,4.902184680142223,15,advisor_summarized
2022-02-04,4.171075636689149,15,advisor_summarized
2022-02-05,7.713479610881585,15,advisor_summarized
2022-02-06,8.428877732408845,15,advisor_summarized
2022-02-07,8.594096924668534,15,advisor_summarized
2022-02-08,12.743520892137573,15,advisor_summarized
2022-02-09,16.249004388927357,15,advisor_summarized
2022-02-10,16.30170589864591,15,advisor_summarized
2022-02-11,14.49205837740343,15,advisor_summarized
2022-02-12,12.873994317299852,15,advisor_summarized
2022-02-13,13.37122751454507,15,advisor_summarized
2022-02-14,12.011214269147649,15,advisor_summarized
2022-02-15,11.21508095759044,15,advisor_summarized
2022-02-16,10.49480188701151,15,advisor_summarized
2022-02-17,10.05949600809543,15,advisor_summarized
2022-02-18,9.747968935388569,15,advisor_summarized
2022-02-19,8.801838510222744,15,advisor_summarized
2022-02-20,7.631158066142017,15,advisor_summarized
2022-02-21,7.429039248994179,15,advisor_summarized
2022-02-22,7.2297254557228205,15,advisor_summarized
2022-02-23,6.864209639524643,15,advisor_summarized
2022-02-24,6.289214208694713,15,advisor_summarized
2022-02-25,5.520892468575101,15,advisor_summarized
2022-02-26,4.7738640704611806,15,advisor_summarized
2022-02-27,4.167673233730816,15,advisor_summarized
2022-02-28,3.682861572140542,15,advisor_summarized
2022-03-01,3.4859571899852018,15,advisor_summarized
2022-03-02,3.020631184012449,15,advisor_summarized
2022-03-03,2.219275616727755,15,advisor_summarized
2022-03-04,1.7238140872188181,15,advisor_summarized
2022-03-05,1.5000335611068474,15,advisor_summarized
2022-03-06,0.8547141390724229,15,advisor_summarized
2022-03-07,0.9157302966303879,15,advisor_summarized
2022-03-08,1.0919932709858022,15,advisor_summarized
2022-03-09,1.1801997484553608,15,advisor_summarized
2022-03-10,13.153305040178315,15,advisor_summarized
2022-03-11,75.39706499669497,15,advisor_summarized
2022-03-12,251.4068059055722,15,advisor_summarized
2022-03-13,277.2284016437822,15,advisor_summarized
2022-03-14,232.69181731670415,15,advisor_summarized
2022-03-15,182.61712422995677,15,advisor_summarized
2022-03-16,160.6913777143141,15,advisor_summarized
2022-03-17,127.29496616778259,15,advisor_summarized
2022-03-18,98.29812019412545,15,advisor_summarized
2022-03-19,73.66475576631167,15,advisor_summarized
2022-03-20,62.66487225600209,15,advisor_summarized
2022-03-21,51.235643878919355,15,advisor_summarized
2022-03-22,43.368350884545826,15,advisor_summarized
2022-03-23,37.70885694230056,15,advisor_summarized
2022-03-24,98.76339098881193,15,advisor_summarized
2022-03-25,202.34906357046586,15,advisor_summarized
2022-03-26,216.42296817842634,15,advisor_summarized
2022-03-27,172.92027361200533,15,advisor_summarized
2022-03-28,121.22122616376464,15,advisor_summarized
2022-03-29,82.90266596491394,15,advisor_summarized
2022-03-30,58.22177718131575,15,advisor_summarized
2022-03-31,47.059752032188534,15,advisor_summarized
2022-04-01,48.1636180696294,15,advisor_summarized
2022-04-02,56.295779886460934,15,advisor_summarized
2022-04-03,75.02094724583289,15,advisor_summarized
2022-04-04,74.17186607743498,15,advisor_summarized
2022-04-05,62.45716037863403,15,advisor_summarized
2022-04-06,50.84635316703517,15,advisor_summarized
2022-04-07,45.22972204428624,15,advisor_summarized
2022-04-08,42.81192072640852,15,advisor_summarized
2022-04-09,37.60764919948432,15,advisor_summarized
2022-04-10,30.86515382290389,15,advisor_summarized
2022-04-11,24.72600582539948,15,advisor_summarized
2022-04-12,20.24823066413872,15,advisor_summarized
2022-04-13,16.99255183261606,15,advisor_summarized
2022-04-14,14.172502618810633,15,advisor_summarized
2022-04-15,12.436320962105606,15,advisor_summarized
2022-04-16,11.200443907587422,15,advisor_summarized
2022-04-17,13.421539193407645,15,advisor_summarized
2022-04-18,21.596829785135583,15,advisor_summarized
2022-04-19,18.524345708887875,15,advisor_summarized
2022-04-20,14.58931527261034,15,advisor_summarized
2022-04-21,11.78377595387506,15,advisor_summarized
2022-04-22,9.490077277468153,15,advisor_summarized
2022-04-23,7.939262099853156,15,advisor_summarized
2022-04-24,6.543629353257572,15,advisor_summarized
2022-04-25,5.1641673239627215,15,advisor_summarized
2022-04-26,3.4235616075896362,15,advisor_summarized
2022-04-27,2.554943137645656,15,advisor_summarized
2022-04-28,1.4814553265217152,15,advisor_summarized
2022-04-29,0.7054478813299564,15,advisor_summarized
2022-04-30,0.16050854274338489,15,advisor_summarized
2022-05-01,5.334754364076008,15,advisor_summarized
2022-05-02,22.21616534578162,15,advisor_summarized
2022-05-03,21.382915170135522,15,advisor_summarized
2022-05-04,26.092729962186894,15,advisor_summarized
2022-05-05,28.844498658033846,15,advisor_summarized
2022-05-06,28.399909814554203,15,advisor_summarized
2022-05-07,36.319216506332815,15,advisor_summarized
2022-05-08,34.71691408871219,15,advisor_summarized
2022-05-09,29.304637892752947,15,advisor_summarized
2022-05-10,22.542238011715003,15,advisor_summarized
2022-05-11,16.443500345452147,15,advisor_summarized
2022-05-12,12.117725701380204,15,advisor_summarized
2022-05-13,11.07416235384484,15,advisor_summarized
2022-05-14,10.61418717640049,15,advisor_summarized
2022-05-15,8.216923202041132,15,advisor_summarized
2022-05-16,7.148584908937802,15,advisor_summarized
2022-05-17,6.001204410868147,15,advisor_summarized
2022-05-18,5.049253629725254,15,advisor_summarized
2022-05-19,4.2025357323776396,15,advisor_summarized
2022-05-20,3.9705253045143034,15,advisor_summarized
2022-05-21,14.344827303676338,15,advisor_summarized
2022-05-22,34.759392569946996,15,advisor_summarized
2022-05-23,40.42780656620759,15,advisor_summarized
2022-05-24,35.344857634643716,15,advisor_summarized
2022-05-25,26.457713019380478,15,advisor_summarized
2022-05-26,19.433480142247,15,advisor_summarized
2022-05-27,15.46799870187908,15,advisor_summarized
2022-05-28,12.792213852667489,15,advisor_summarized
2022-05-29,9.77902203641656,15,advisor_summarized
2022-05-30,7.457626290217426,15,advisor_summarized
2022-05-31,6.101607922431595,15,advisor_summarized
2022-06-01,5.38085301438912,15,advisor_summarized
2022-06-02,3.658275755312331,15,advisor_summarized
2022-06-03,1.685166343591731,15,advisor_summarized
2022-06-04,0.2883680494779432,15,advisor_summarized
2022-06-05,0.0094254066614644,15,advisor_summarized
2022-06-06,2.527996599550994e-4,15,advisor_summarized
2022-06-07,1.0263233400859073,15,advisor_summarized
2022-06-08,7.62884810888344,15,advisor_summarized
2022-06-09,5.570749742807968,15,advisor_summarized
2022-06-10,4.397884618482573,15,advisor_summarized
2022-06-11,3.701381776829214,15,advisor_summarized
2022-06-12,3.2105988704961397,15,advisor_summarized
2022-06-13,3.181663185529862,15,advisor_summarized
2022-06-14,1.5940273475805522,15,advisor_summarized
2022-06-15,0.5019033266419596,15,advisor_summarized
2022-06-16,0.036182192273044735,15,advisor_summarized
2022-06-17,0,15,advisor_summarized
2022-06-18,0,15,advisor_summarized
2022-06-19,12.922656958919914,15,advisor_summarized
2022-06-20,11.942450726275538,15,advisor_summarized
2022-06-21,8.922957119207103,15,advisor_summarized
2022-06-22,6.401879964537521,15,advisor_summarized
2022-06-23,4.758951171057549,15,advisor_summarized
2022-06-24,4.205021791398212,15,advisor_summarized
2022-06-25,5.309993492752983,15,advisor_summarized
2022-06-26,3.777773932443384,15,advisor_summarized
2022-06-27,2.564987280861994,15,advisor_summarized
2022-06-28,2.3553051254182136,15,advisor_summarized
2022-06-29,5.935747863514613,15,advisor_summarized
2022-06-30,5.495898438427314,15,advisor_summarized
2022-07-01,9.85113795071003,15,advisor_summarized
2022-07-02,14.625152245485511,15,advisor_summarized
2022-07-03,14.299714472136401,15,advisor_summarized
2022-07-04,15.602480602632491,15,advisor_summarized
2022-07-05,36.84833975081563,15,advisor_summarized
2022-07-06,67.34235016161814,15,advisor_summarized
2022-07-07,63.44830247486584,15,advisor_summarized
2022-07-08,48.36230021347359,15,advisor_summarized
2022-07-09,37.57944304672227,15,advisor_summarized
2022-07-10,33.61858205487068,15,advisor_summarized
2022-07-11,36.8186295476248,15,advisor_summarized
2022-07-12,42.53208041941714,15,advisor_summarized
2022-07-13,38.66788718903733,15,advisor_summarized
2022-07-14,30.291801113152598,15,advisor_summarized
2022-07-15,22.58385471282313,15,advisor_summarized
2022-07-16,17.07331914505178,15,advisor_summarized
2022-07-17,14.046245648434022,15,advisor_summarized
2022-07-18,11.106802060452546,15,advisor_summarized
2022-07-19,12.43296525482868,15,advisor_summarized
2022-07-20,26.39766482464879,15,advisor_summarized
2022-07-21,44.43448631397927,15,advisor_summarized
2022-07-22,52.02185540279987,15,advisor_summarized
2022-07-23,56.640695078504656,15,advisor_summarized
2022-07-24,57.0646997888127,15,advisor_summarized
2022-07-25,74.83552125761712,15,advisor_summarized
2022-07-26,90.902540060113,15,advisor_summarized
2022-07-27,118.75511597995275,15,advisor_summarized
2022-07-28,102.1820192143424,15,advisor_summarized
2022-07-29,75.39442548963565,15,advisor_summarized
2022-07-30,53.95655729065996,15,advisor_summarized
2022-07-31,39.36323808579245,15,advisor_summarized
2022-08-01,28.73986218570199,15,advisor_summarized
2022-08-02,21.690495989183088,15,advisor_summarized
2022-08-03,17.80683846744231,15,advisor_summarized
2022-08-04,20.865464299700065,15,advisor_summarized
2022-08-05,18.961575114320944,15,advisor_summarized
2022-08-06,16.550925202590804,15,advisor_summarized
2022-08-07,14.483063588570554,15,advisor_summarized
2022-08-08,12.350565358817343,15,advisor_summarized
2022-08-09,9.860844127157112,15,advisor_summarized
2022-08-10,8.064100671547532,15,advisor_summarized
2022-08-11,7.889802533401152,15,advisor_summarized
2022-08-12,6.662029676998384,15,advisor_summarized
2022-08-13,4.0143178932744865,15,advisor_summarized
2022-08-14,5.8490274037640075,15,advisor_summarized
2022-08-15,1.20501227471362,15,advisor_summarized
2022-08-16,0.1019430977161155,15,advisor_summarized
2022-08-17,0.8089279449746091,15,advisor_summarized
2022-08-18,8.528389419535877,15,advisor_summarized
2022-08-19,8.53653035793547,15,advisor_summarized
2022-08-20,6.6882137941690125,15,advisor_summarized
2022-08-21,8.82263181547381,15,advisor_summarized
2022-08-22,6.927754768322543,15,advisor_summarized
2022-08-23,5.416431250334575,15,advisor_summarized
2022-08-24,4.99570671910184,15,advisor_summarized
2022-08-25,44.629385833355435,15,advisor_summarized
2022-08-26,96.1753447690985,15,advisor_summarized
2022-08-27,195.838983211115,15,advisor_summarized
2022-08-28,259.73532052976776,15,advisor_summarized
2022-08-29,295.7166727069369,15,advisor_summarized
2022-08-30,271.0164350524572,15,advisor_summarized
2022-08-31,214.8590094111785,15,advisor_summarized
2022-09-01,158.8886875907216,15,advisor_summarized
2022-09-02,112.05825412792461,15,advisor_summarized
2022-09-03,103.02259360083696,15,advisor_summarized
2022-09-04,109.08240441754599,15,advisor_summarized
2022-09-05,88.83673492409848,15,advisor_summarized
2022-09-06,70.23672391934852,15,advisor_summarized
2022-09-07,55.58201165035721,15,advisor_summarized
2022-09-08,50.67781347653612,15,advisor_summarized
2022-09-09,75.37249204479109,15,advisor_summarized
2022-09-10,210.7254434422282,15,advisor_summarized
2022-09-11,275.6673669314052,15,advisor_summarized
2022-09-12,255.29004317339377,15,advisor_summarized
2022-09-13,215.37243672141415,15,advisor_summarized
2022-09-14,170.29970827279445,15,advisor_summarized
2022-09-15,125.42371437481457,15,advisor_summarized
2022-09-16,91.78932637007635,15,advisor_summarized
2022-09-17,70.51230819898463,15,advisor_summarized
2022-09-18,60.75361050390748,15,advisor_summarized
2022-09-19,59.97948683078747,15,advisor_summarized
2022-09-20,52.67116170040188,15,advisor_summarized
2022-09-21,46.70361276236454,15,advisor_summarized
2022-09-22,39.38541035580247,15,advisor_summarized
2022-09-23,33.64549801851019,15,advisor_summarized
2022-09-24,29.820691596435577,15,advisor_summarized
2022-09-25,24.582597869679642,15,advisor_summarized
2022-09-26,20.042808092060223,15,advisor_summarized
2022-09-27,17.575766103294857,15,advisor_summarized
2022-09-28,17.187799538200437,15,advisor_summarized
2022-09-29,21.45841787100821,15,advisor_summarized
2022-09-30,20.01942898607056,15,advisor_summarized
2022-10-01,17.145262171946,15,advisor_summarized
2022-10-02,15.62756509596354,15,advisor_summarized
2022-10-03,13.535752953129707,15,advisor_summarized
2022-10-04,10.490996301161632,15,advisor_summarized
2022-10-05,7.624185785465625,15,advisor_summarized
2022-10-06,5.091649241721264,15,advisor_summarized
2022-10-07,2.8487449147010704,15,advisor_summarized
2022-10-08,1.0727841235431674,15,advisor_summarized
2022-10-09,0.4496210439234563,15,advisor_summarized
2022-10-10,0.20183647038309402,15,advisor_summarized
2022-10-11,0.028987778336940564,15,advisor_summarized
2022-10-12,0.0039159542579668,15,advisor_summarized
2022-10-13,0.23894590695488724,15,advisor_summarized
2022-10-14,0.145273917388405,15,advisor_summarized
2022-10-15,0.001205401820757372,15,advisor_summarized
2022-10-16,0,15,advisor_summarized
2022-10-17,0,15,advisor_summarized
2022-10-18,0,15,advisor_summarized
2022-10-19,0,15,advisor_summarized
2022-10-20,0,15,advisor_summarized
2022-10-21,0,15,advisor_summarized
2022-10-22,0,15,advisor_summarized
2022-10-23,0,15,advisor_summarized
2022-10-24,0,15,advisor_summarized
2022-10-25,0,15,advisor_summarized
2022-10-26,0,15,advisor_summarized
2022-10-27,0,15,advisor_summarized
2022-10-28,0,15,advisor_summarized
2022-10-29,0,15,advisor_summarized
2022-10-30,0,15,advisor_summarized
2022-10-31,0,15,advisor_summarized
2022-11-01,0,15,advisor_summarized
2022-11-02,0,15,advisor_summarized
2022-11-03,0,15,advisor_summarized
2022-11-04,0,15,advisor_summarized
2022-11-05,0,15,advisor_summarized
2022-11-06,0,15,advisor_summarized
2022-11-07,0,15,advisor_summarized
2022-11-08,0,15,advisor_summarized
2022-11-09,0,15,advisor_summarized
2022-11-10,1.488588847449958,15,advisor_summarized
2022-11-11,5.055909588559946,15,advisor_summarized
2022-11-12,5.605350771679755,15,advisor_summarized
2022-11-13,5.302199381345629,15,advisor_summarized
2022-11-14,4.703896248197494,15,advisor_summarized
2022-11-15,4.627030978086389,15,advisor_summarized
2022-11-16,4.814576322894429,15,advisor_summarized
2022-11-17,4.289754431107322,15,advisor_summarized
2022-11-18,2.7224672963663896,15,advisor_summarized
2022-11-19,1.6668029646966562,15,advisor_summarized
2022-11-20,1.6108039947908417,15,advisor_summarized
2022-11-21,1.7247291475812634,15,advisor_summarized
2022-11-22,1.4057876437810026,15,advisor_summarized
2022-11-23,1.3587030746652244,15,advisor_summarized
2022-11-24,0.7735941991380594,15,advisor_summarized
2022-11-25,0.6761624171500822,15,advisor_summarized
2022-11-26,0.7549823484018284,15,advisor_summarized
2022-11-27,0.7380647359229392,15,advisor_summarized
2022-11-28,0.5794924498705575,15,advisor_summarized
2022-11-29,0.26229893593147496,15,advisor_summarized
2022-11-30,0.4342432464994514,15,advisor_summarized
2022-12-01,1.2162630766847704,15,advisor_summarized
2022-12-02,0.6737724555568524,15,advisor_summarized
2022-12-03,0.5019010438045298,15,advisor_summarized
2022-12-04,0.3358359489508385,15,advisor_summarized
2022-12-05,0.28457616161059457,15,advisor_summarized
2022-12-06,0.1743860355998007,15,advisor_summarized
2022-12-07,0.0599957836366996,15,advisor_summarized
2022-12-08,0.007595526272016869,15,advisor_summarized
2022-12-09,8.348135808649211e-4,15,advisor_summarized
2022-12-10,0,15,advisor_summarized
2022-12-11,0,15,advisor_summarized
2022-12-12,5.552668274517002e-8,15,advisor_summarized
2022-12-13,0,15,advisor_summarized
2022-12-14,0,15,advisor_summarized
2022-12-15,0.13317800749664307,15,advisor_summarized
2022-12-16,0.2855884908485122,15,advisor_summarized
2022-12-17,0.13817457168932998,15,advisor_summarized
2022-12-18,0.0341850596503236,15,advisor_summarized
2022-12-19,8.447746906700345e-4,15,advisor_summarized
2022-12-20,7.64790881017437e-5,15,advisor_summarized
2022-12-21,0.3742000875518982,15,advisor_summarized
2022-12-22,0.4796071910615431,15,advisor_summarized
2022-12-23,0.2923585460837374,15,advisor_summarized
2022-12-24,0.16036396881357573,15,advisor_summarized
2022-12-25,0.10861529537426833,15,advisor_summarized
2022-12-26,0.0746500116210349,15,advisor_summarized
2022-12-27,0.04923188720747083,15,advisor_summarized
2022-12-28,0.019382581457456412,15,advisor_summarized
2022-12-29,0.010975506530135284,15,advisor_summarized
2022-12-30,0.006612776457537475,15,advisor_summarized
2022-12-31,0.003707421580652037,15,advisor_summarized
2023-01-01,0.004554153277253414,15,advisor_summarized
2023-01-02,0.0015719417325575017,15,advisor_summarized
2023-01-03,3.6352120688869227e-4,15,advisor_summarized
2023-01-04,0.6589541574822407,15,advisor_summarized
2023-01-05,3.0106803480743305,15,advisor_summarized
2023-01-06,1.6693505102461768,15,advisor_summarized
2023-01-07,1.0388504263966605,15,advisor_summarized
2023-01-08,0.9038671462576473,15,advisor_summarized
2023-01-09,0.7389866816667516,15,advisor_summarized
2023-01-10,0.5903003628355051,15,advisor_summarized
2023-01-11,0.4676876804556689,15,advisor_summarized
2023-01-12,0.5037018380955208,15,advisor_summarized
2023-01-13,3.0808666343620446,15,advisor_summarized
2023-01-14,2.427418055526242,15,advisor_summarized
2023-01-15,1.229957153761534,15,advisor_summarized
2023-01-16,0.9921571408735291,15,advisor_summarized
2023-01-17,0.7476413303174668,15,advisor_summarized
2023-01-18,0.5981649077936191,15,advisor_summarized
2023-01-19,0.5456260578122272,15,advisor_summarized
2023-01-20,0.4857980522253374,15,advisor_summarized
2023-01-21,0.5878873683052414,15,advisor_summarized
2023-01-22,0.8354604025479836,15,advisor_summarized
2023-01-23,0.6647726417382269,15,advisor_summarized
2023-01-24,0.7099926511144462,15,advisor_summarized
2023-01-25,0.7945923947599977,15,advisor_summarized
2023-01-26,2.521510173516743,15,advisor_summarized
2023-01-27,1.3021962972553267,15,advisor_summarized
2023-01-28,0.9065208972526674,15,advisor_summarized
2023-01-29,0.8892031498163099,15,advisor_summarized
2023-01-30,0.8129771215921001,15,advisor_summarized
2023-01-31,0.7514551205341816,15,advisor_summarized
2023-02-01,0.7156149954151257,15,advisor_summarized
2023-02-02,0.6244687778272224,15,advisor_summarized
2023-02-03,5.289411812725295,15,advisor_summarized
2023-02-04,3.8828119834288484,15,advisor_summarized
2023-02-05,2.338304076463993,15,advisor_summarized
2023-02-06,3.015016246729598,15,advisor_summarized
2023-02-07,2.1966832607163864,15,advisor_summarized
2023-02-08,1.5471212542604447,15,advisor_summarized
2023-02-09,1.2638910930971676,15,advisor_summarized
2023-02-10,1.1437340334486708,15,advisor_summarized
2023-02-11,3.819005913725745,15,advisor_summarized
2023-02-12,6.504577715802515,15,advisor_summarized
2023-02-13,5.387320968970468,15,advisor_summarized
2023-02-14,4.664362552348012,15,advisor_summarized
2023-02-15,4.017033041792451,15,advisor_summarized
2023-02-16,3.401705170436449,15,advisor_summarized
2023-02-17,4.322756297254573,15,advisor_summarized
2023-02-18,4.940902349465023,15,advisor_summarized
2023-02-19,2.787346624154239,15,advisor_summarized
2023-02-20,2.600369289498274,15,advisor_summarized
2023-02-21,2.580436556131497,15,advisor_summarized
2023-02-22,2.186821517025169,15,advisor_summarized
2023-02-23,2.0461485977347866,15,advisor_summarized
2023-02-24,1.4799006097827734,15,advisor_summarized
2023-02-25,1.195855885963965,15,advisor_summarized
2023-02-26,0.9549055861830514,15,advisor_summarized
2023-02-27,0.8617827195683354,15,advisor_summarized
2023-02-28,0.890498486046264,15,advisor_summarized
2023-03-01,0.6201080155737214,15,advisor_summarized
2023-03-02,0.279913129898809,15,advisor_summarized
2023-03-03,0.11805914773063102,15,advisor_summarized
2023-03-04,0.10268621508186805,15,advisor_summarized
2023-03-05,0.06326057788666628,15,advisor_summarized
2023-03-06,0.0026930778153573635,15,advisor_summarized
2023-03-07,1.161015675765562e-6,15,advisor_summarized
2023-03-08,0,15,advisor_summarized
2023-03-09,0,15,advisor_summarized
2023-03-10,0,15,advisor_summarized
2023-03-11,7.616126574270423e-6,15,advisor_summarized
2023-03-12,0,15,advisor_summarized
2023-03-13,13.019554600670622,15,advisor_summarized
2023-03-14,24.64677936899405,15,advisor_summarized
2023-03-15,25.859763836371716,15,advisor_summarized
2023-03-16,20.81763002785603,15,advisor_summarized
2023-03-17,17.16282673868687,15,advisor_summarized
2023-03-18,19.98263902213525,15,advisor_summarized
2023-03-19,17.820886054316567,15,advisor_summarized
2023-03-20,14.354275175361431,15,advisor_summarized
2023-03-21,10.842141740541182,15,advisor_summarized
2023-03-22,8.374632961485812,15,advisor_summarized
2023-03-23,5.675505496819582,15,advisor_summarized
2023-03-24,3.789258928362939,15,advisor_summarized
2023-03-25,3.440600311959969,15,advisor_summarized
2023-03-26,2.180148096843343,15,advisor_summarized
2023-03-27,0.7785338558731749,15,advisor_summarized
2023-03-28,0.3645797820729964,15,advisor_summarized
2023-03-29,0.5782904416645707,15,advisor_summarized
2023-03-30,0.08313087745021981,15,advisor_summarized
2023-03-31,9.146159883564879e-4,15,advisor_summarized
2023-04-01,0,15,advisor_summarized
2023-04-02,0,15,advisor_summarized
2023-04-03,0,15,advisor_summarized
2023-04-04,0,15,advisor_summarized
2023-04-05,0,15,advisor_summarized
2023-04-06,0,15,advisor_summarized
2023-04-07,0,15,advisor_summarized
2023-04-08,0,15,advisor_summarized
2023-04-09,0,15,advisor_summarized
2023-04-10,0,15,advisor_summarized
2023-04-11,0,15,advisor_summarized
2023-04-12,0,15,advisor_summarized
2023-04-13,0,15,advisor_summarized
2023-04-14,0,15,advisor_summarized
2023-04-15,0,15,advisor_summarized
2023-04-16,0,15,advisor_summarized
2023-04-17,0,15,advisor_summarized
2023-04-18,0,15,advisor_summarized
2023-04-19,0,15,advisor_summarized
2023-04-20,0,15,advisor_summarized
2023-04-21,0,15,advisor_summarized
2023-04-22,0,15,advisor_summarized
2023-04-23,0,15,advisor_summarized
2023-04-24,0,15,advisor_summarized
2023-04-25,0,15,advisor_summarized
2023-04-26,0,15,advisor_summarized
2023-04-27,0,15,advisor_summarized
2023-04-28,0,15,advisor_summarized
2023-04-29,0,15,advisor_summarized
2023-04-30,0,15,advisor_summarized
2023-05-01,0,15,advisor_summarized
2023-05-02,0,15,advisor_summarized
2023-05-03,0,15,advisor_summarized
2023-05-04,0,15,advisor_summarized
2023-05-05,0,15,advisor_summarized
2023-05-06,0,15,advisor_summarized
2023-05-07,0,15,advisor_summarized
2023-05-08,0,15,advisor_summarized
2023-05-09,0,15,advisor_summarized
2023-05-10,0,15,advisor_summarized
2023-05-11,0,15,advisor_summarized
2023-05-12,0,15,advisor_summarized
2023-05-13,0,15,advisor_summarized
2023-05-14,0,15,advisor_summarized
2023-05-15,0,15,advisor_summarized
2023-05-16,0,15,advisor_summarized
2023-05-17,0,15,advisor_summarized
2023-05-18,0,15,advisor_summarized
2023-05-19,0,15,advisor_summarized
2023-05-20,0,15,advisor_summarized
2023-05-21,0,15,advisor_summarized
2023-05-22,0,15,advisor_summarized
2023-05-23,0,15,advisor_summarized
2023-05-24,0,15,advisor_summarized
2023-05-25,0,15,advisor_summarized
2023-05-26,0,15,advisor_summarized
2023-05-27,0,15,advisor_summarized
2023-05-28,0,15,advisor_summarized
2023-05-29,0,15,advisor_summarized
2023-05-30,0,15,advisor_summarized
2023-05-31,0,15,advisor_summarized
2023-06-01,0,15,advisor_summarized
2023-06-02,0,15,advisor_summarized
2023-06-03,0,15,advisor_summarized
2023-06-04,0,15,advisor_summarized
2023-06-05,0,15,advisor_summarized
2023-06-06,0,15,advisor_summarized
2023-06-07,0,15,advisor_summarized
2023-06-08,0,15,advisor_summarized
2023-06-09,0,15,advisor_summarized
2023-06-10,0,15,advisor_summarized
2023-06-11,0,15,advisor_summarized
2023-06-12,0,15,advisor_summarized
2023-06-13,0,15,advisor_summarized
2023-06-14,0,15,advisor_summarized
2023-06-15,0,15,advisor_summarized
2023-06-16,0,15,advisor_summarized
2023-06-17,0,15,advisor_summarized
2023-06-18,0,15,advisor_summarized
2023-06-19,0,15,advisor_summarized
2023-06-20,0,15,advisor_summarized
2023-06-21,0,15,advisor_summarized
2023-06-22,0,15,advisor_summarized
2023-06-23,1.4153091907116062,15,advisor_summarized
2023-06-24,18.000007108490948,15,advisor_summarized
2023-06-25,32.5374508438189,15,advisor_summarized
2023-06-26,27.6986523820897,15,advisor_summarized
2023-06-27,22.010882581542102,15,advisor_summarized
2023-06-28,17.074154932577226,15,advisor_summarized
2023-06-29,11.701048815015254,15,advisor_summarized
2023-06-30,5.816190403020195,15,advisor_summarized
2023-07-01,1.1582515280116217,15,advisor_summarized
2023-07-02,0.003991388368482031,15,advisor_summarized
2023-07-03,0,15,advisor_summarized
2023-07-04,0,15,advisor_summarized
2023-07-05,0,15,advisor_summarized
2023-07-06,0,15,advisor_summarized
2023-07-07,0,15,advisor_summarized
2023-07-08,0,15,advisor_summarized
2023-07-09,0,15,advisor_summarized
2023-07-10,0,15,advisor_summarized
2023-07-11,0,15,advisor_summarized
2023-07-12,0,15,advisor_summarized
2023-07-13,0,15,advisor_summarized
2023-07-14,0,15,advisor_summarized
2023-07-15,0,15,advisor_summarized
2023-07-16,0,15,advisor_summarized
2023-07-17,0,15,advisor_summarized
2023-07-18,0,15,advisor_summarized
2023-07-19,0,15,advisor_summarized
2023-07-20,0,15,advisor_summarized
2023-07-21,0,15,advisor_summarized
2023-07-22,0,15,advisor_summarized
2023-07-23,0,15,advisor_summarized
2023-07-24,0,15,advisor_summarized
2023-07-25,0,15,advisor_summarized
2023-07-26,0,15,advisor_summarized
2023-07-27,0,15,advisor_summarized
2023-07-28,0,15,advisor_summarized
2023-07-29,0,15,advisor_summarized
2023-07-30,0,15,advisor_summarized
2023-07-31,0,15,advisor_summarized
2023-08-01,0,15,advisor_summarized
2023-08-02,0,15,advisor_summarized
2023-08-03,0,15,advisor_summarized
2023-08-04,0,15,advisor_summarized
2023-08-05,0,15,advisor_summarized
2023-08-06,0,15,advisor_summarized
2023-08-07,0,15,advisor_summarized
2023-08-08,0,15,advisor_summarized
2023-08-09,0,15,advisor_summarized
2023-08-10,0,15,advisor_summarized
2023-08-11,0,15,advisor_summarized
2023-08-12,0,15,advisor_summarized
2023-08-13,0,15,advisor_summarized
2023-08-14,0,15,advisor_summarized
2023-08-15,0,15,advisor_summarized
2023-08-16,16.570533189074684,15,advisor_summarized
2023-08-17,63.029789204816844,15,advisor_summarized
2023-08-18,86.88818071423962,15,advisor_summarized
2023-08-19,76.7873823414319,15,advisor_summarized
2023-08-20,62.66335732589342,15,advisor_summarized
2023-08-21,48.789691569216274,15,advisor_summarized
2023-08-22,37.934743126725714,15,advisor_summarized
2023-08-23,30.18879899328294,15,advisor_summarized
2023-08-24,23.825030928178432,15,advisor_summarized
2023-08-25,18.358416457152792,15,advisor_summarized
2023-08-26,14.09070533487236,15,advisor_summarized
2023-08-27,7.7208918182479485,15,advisor_summarized
2023-08-28,1.3971712586044944,15,advisor_summarized
2023-08-29,0.6251894052110339,15,advisor_summarized
2023-08-30,26.16532272419525,15,advisor_summarized
2023-08-31,39.040837012345776,15,advisor_summarized
2023-09-01,49.898762595468774,15,advisor_summarized
2023-09-02,50.767760126906005,15,advisor_summarized
2023-09-03,43.89628495636268,15,advisor_summarized
2023-09-04,36.81051039703189,15,advisor_summarized
2023-09-05,30.403980418437694,15,advisor_summarized
2023-09-06,24.981559764992273,15,advisor_summarized
2023-09-07,20.663520462021122,15,advisor_summarized
2023-09-08,16.337420753535987,15,advisor_summarized
2023-09-09,9.787858594518035,15,advisor_summarized
2023-09-10,3.418766460258995,15,advisor_summarized
2023-09-11,11.361806637381024,15,advisor_summarized
2023-09-12,52.86515615330517,15,advisor_summarized
2023-09-13,59.95851696296233,15,advisor_summarized
2023-09-14,56.699892530011034,15,advisor_summarized
2023-09-15,49.70548765337219,15,advisor_summarized
2023-09-16,41.32538276737821,15,advisor_summarized
2023-09-17,35.5710238126325,15,advisor_summarized
2023-09-18,29.743214763015413,15,advisor_summarized
2023-09-19,22.520722887442886,15,advisor_summarized
2023-09-20,16.069772473266976,15,advisor_summarized
2023-09-21,22.88023310398029,15,advisor_summarized
2023-09-22,44.777820503857036,15,advisor_summarized
2023-09-23,42.99349590688258,15,advisor_summarized
2023-09-24,38.795071499552044,15,advisor_summarized
2023-09-25,40.50707182319741,15,advisor_summarized
2023-09-26,73.98292536821997,15,advisor_summarized
2023-09-27,134.53187052166095,15,advisor_summarized
2023-09-28,152.87544789653654,15,advisor_summarized
2023-09-29,125.3835779654243,15,advisor_summarized
2023-09-30,93.28704001515483,15,advisor_summarized
2023-10-01,67.90361667256293,15,advisor_summarized
2023-10-02,50.85858103563577,15,advisor_summarized
2023-10-03,41.30677441354598,15,advisor_summarized
2023-10-04,33.69673027775065,15,advisor_summarized
2023-10-05,29.073771578073252,15,advisor_summarized
2023-10-06,25.07494992931942,15,advisor_summarized
2023-10-07,21.723734391313965,15,advisor_summarized
2023-10-08,18.536442117915144,15,advisor_summarized
2023-10-09,15.713409078296536,15,advisor_summarized
2023-10-10,12.620795804200263,15,advisor_summarized
2023-10-11,10.985152298590892,15,advisor_summarized
2023-10-12,51.723751852424556,15,advisor_summarized
2023-10-13,82.45638907355267,15,advisor_summarized
2023-10-14,91.49482539360987,15,advisor_summarized
2023-10-15,78.61478985315121,15,advisor_summarized
2023-10-16,61.936437192858335,15,advisor_summarized
2023-10-17,48.12973619130577,15,advisor_summarized
2023-10-18,38.439047870852896,15,advisor_summarized
2023-10-19,32.07385719729456,15,advisor_summarized
2023-10-20,27.74928988133529,15,advisor_summarized
2023-10-21,24.31754167491313,15,advisor_summarized
2023-10-22,20.91777300081804,15,advisor_summarized
2023-10-23,17.576167055819276,15,advisor_summarized
2023-10-24,14.523678553280467,15,advisor_summarized
2023-10-25,11.312492727863415,15,advisor_summarized
2023-10-26,8.066372386253764,15,advisor_summarized
2023-10-27,5.366055909835189,15,advisor_summarized
2023-10-28,4.191826121874215,15,advisor_summarized
2023-10-29,3.1467635039524766,15,advisor_summarized
2023-10-30,1.7091577817292565,15,advisor_summarized
2023-10-31,0.4663178883301025,15,advisor_summarized
2023-11-01,0.5221366860971567,15,advisor_summarized
2023-11-02,0.10338321111905674,15,advisor_summarized
2023-11-03,0,15,advisor_summarized
2023-11-04,0,15,advisor_summarized
2023-11-05,0,15,advisor_summarized
2023-11-06,0,15,advisor_summarized
2023-11-07,0,15,advisor_summarized
2023-11-08,0,15,advisor_summarized
2023-11-09,0,15,advisor_summarized
2023-11-10,0,15,advisor_summarized
2023-11-11,0,15,advisor_summarized
2023-11-12,0,15,advisor_summarized
2023-11-13,0,15,advisor_summarized
2023-11-14,0,15,advisor_summarized
2023-11-15,0.0028177578574646585,15,advisor_summarized
2023-11-16,0.021539394795454303,15,advisor_summarized
2023-11-17,0.4040510592638053,15,advisor_summarized
2023-11-18,1.4397714524338496,15,advisor_summarized
2023-11-19,1.2730681145360478,15,advisor_summarized
2023-11-20,0.45510854658443994,15,advisor_summarized
2023-11-21,0.03919341970322327,15,advisor_summarized
2023-11-22,0.054387038856896656,15,advisor_summarized
2023-11-23,0.2172703973411689,15,advisor_summarized
2023-11-24,0.05070030494868293,15,advisor_summarized
2023-11-25,0.008061290955493934,15,advisor_summarized
2023-11-26,0.4647982776003283,15,advisor_summarized
2023-11-27,10.715393984819855,15,advisor_summarized
2023-11-28,17.463990212735084,15,advisor_summarized
2023-11-29,16.14863361044834,15,advisor_summarized
2023-11-30,14.130783418901181,15,advisor_summarized
2023-12-01,13.54070031473669,15,advisor_summarized
2023-12-02,12.59322865836352,15,advisor_summarized
2023-12-03,14.934726652768044,15,advisor_summarized
2023-12-04,20.83392477174047,15,advisor_summarized
2023-12-05,18.790779369322482,15,advisor_summarized
2023-12-06,14.908212346492606,15,advisor_summarized
2023-12-07,12.267026733570583,15,advisor_summarized
2023-12-08,10.298730935192987,15,advisor_summarized
2023-12-09,8.814796357911883,15,advisor_summarized
2023-12-10,9.600058268108873,15,advisor_summarized
2023-12-11,24.41701737124677,15,advisor_summarized
2023-12-12,24.82172115592182,15,advisor_summarized
2023-12-13,25.375387595739678,15,advisor_summarized
2023-12-14,24.226138922316796,15,advisor_summarized
2023-12-15,24.109991652116534,15,advisor_summarized
2023-12-16,25.378106303071107,15,advisor_summarized
2023-12-17,301.00531865641733,15,advisor_summarized
2023-12-18,416.3971763005586,15,advisor_summarized
2023-12-19,366.8952986628562,15,advisor_summarized
2023-12-20,297.0469376036421,15,advisor_summarized
2023-12-21,227.79997205739963,15,advisor_summarized
2023-12-22,170.616255858715,15,advisor_summarized
2023-12-23,126.92611640828318,15,advisor_summarized
2023-12-24,95.95019026079414,15,advisor_summarized
2023-12-25,80.85047430199764,15,advisor_summarized
2023-12-26,74.11586388466489,15,advisor_summarized
2023-12-27,68.3750052493785,15,advisor_summarized
2023-12-28,62.05582150075505,15,advisor_summarized
2023-12-29,55.69855032268561,15,advisor_summarized
2023-12-30,48.722843617011925,15,advisor_summarized
2023-12-31,42.767025326707675,15,advisor_summarized
2024-01-01,38.99212744752082,15,advisor_summarized
2024-01-02,36.39212703035964,15,advisor_summarized
2024-01-03,32.93344635732615,15,advisor_summarized
2024-01-04,32.69273966251986,15,advisor_summarized
2024-01-05,29.92677933808353,15,advisor_summarized
2024-01-06,35.26610070709361,15,advisor_summarized
2024-01-07,38.23762796026352,15,advisor_summarized
2024-01-08,37.81434263430888,15,advisor_summarized
2024-01-09,64.5282843915518,15,advisor_summarized
2024-01-10,138.70263523222425,15,advisor_summarized
2024-01-11,176.57858952187584,15,advisor_summarized
2024-01-12,157.8325174254411,15,advisor_summarized
2024-01-13,132.16273355976162,15,advisor_summarized
2024-01-14,105.30721268508962,15,advisor_summarized
2024-01-15,85.25902707765553,15,advisor_summarized
2024-01-16,79.3787893166018,15,advisor_summarized
2024-01-17,74.18159148862148,15,advisor_summarized
2024-01-18,67.15236215589078,15,advisor_summarized
2024-01-19,61.79402789782791,15,advisor_summarized
2024-01-20,56.02049151137475,15,advisor_summarized
2024-01-21,49.02921533415458,15,advisor_summarized
2024-01-22,43.95208345629131,15,advisor_summarized
2024-01-23,40.63022607072901,15,advisor_summarized
2024-01-24,37.650465861125916,15,advisor_summarized
2024-01-25,35.28644651618417,15,advisor_summarized
2024-01-26,110.26401981121342,15,advisor_summarized
2024-01-27,177.6347011191655,15,advisor_summarized
2024-01-28,181.4397571942576,15,advisor_summarized
2024-01-29,149.29728414882484,15,advisor_summarized
2024-01-30,115.81143818819002,15,advisor_summarized
2024-01-31,91.53028566781366,15,advisor_summarized
2024-02-01,72.71447709755978,15,advisor_summarized
2024-02-02,60.74440994752121,15,advisor_summarized
2024-02-03,52.22896569122067,15,advisor_summarized
2024-02-04,49.24408893425282,15,advisor_summarized
2024-02-05,47.923307632859554,15,advisor_summarized
2024-02-06,43.81004933360382,15,advisor_summarized
2024-02-07,39.917218332518004,15,advisor_summarized
2024-02-08,35.52679169326649,15,advisor_summarized
2024-02-09,31.882932665062018,15,advisor_summarized
2024-02-10,29.078782394757013,15,advisor_summarized
2024-02-11,26.57242929495276,15,advisor_summarized
2024-02-12,25.428240745466805,15,advisor_summarized
2024-02-13,25.49412052783069,15,advisor_summarized
2024-02-14,23.296540669282432,15,advisor_summarized
2024-02-15,21.441495224105747,15,advisor_summarized
2024-02-16,20.737795935387222,15,advisor_summarized
2024-02-17,22.41141601038367,15,advisor_summarized
2024-02-18,46.53947961866061,15,advisor_summarized
2024-02-19,67.14633575157326,15,advisor_summarized
2024-02-20,77.24879576632861,15,advisor_summarized
2024-02-21,71.6794250436958,15,advisor_summarized
2024-02-22,61.525601961815674,15,advisor_summarized
2024-02-23,52.88531493448236,15,advisor_summarized
2024-02-24,46.68345557165133,15,advisor_summarized
2024-02-25,40.63456603999215,15,advisor_summarized
2024-02-26,35.06874496952207,15,advisor_summarized
2024-02-27,31.10109293284449,15,advisor_summarized
2024-02-28,28.620179288153082,15,advisor_summarized
2024-02-29,26.997715732166167,15,advisor_summarized
2024-03-01,24.739880661069204,15,advisor_summarized
2024-03-02,22.927667356244314,15,advisor_summarized
2024-03-03,23.63760552268853,15,advisor_summarized
2024-03-04,26.001019889257254,15,advisor_summarized
2024-03-05,26.28217741145292,15,advisor_summarized
2024-03-06,33.87175286532239,15,advisor_summarized
2024-03-07,35.07151579984233,15,advisor_summarized
2024-03-08,34.94763146809111,15,advisor_summarized
2024-03-09,33.6222010518556,15,advisor_summarized
2024-03-10,36.27334347428418,15,advisor_summarized
2024-03-11,32.20381675656741,15,advisor_summarized
2024-03-12,29.45873150059216,15,advisor_summarized
2024-03-13,27.12668291056887,15,advisor_summarized
2024-03-14,24.204911556124145,15,advisor_summarized
2024-03-15,21.902213176906415,15,advisor_summarized
2024-03-16,20.40267566412537,15,advisor_summarized
2024-03-17,18.915831673493766,15,advisor_summarized
2024-03-18,18.03610282955871,15,advisor_summarized
2024-03-19,16.179361366499013,15,advisor_summarized
2024-03-20,13.610770783492782,15,advisor_summarized
2024-03-21,11.794938166112518,15,advisor_summarized
2024-03-22,18.015092365580628,15,advisor_summarized
2024-03-23,20.3778959128573,15,advisor_summarized
2024-03-24,20.599008360870055,15,advisor_summarized
2024-03-25,26.286704042952294,15,advisor_summarized
2024-03-26,33.443448759827916,15,advisor_summarized
2024-03-27,25.99109097910778,15,advisor_summarized
2024-03-28,36.30400336721841,15,advisor_summarized
2024-03-29,16.32834349737699,15,advisor_summarized
2024-03-30,7.364142542731206,15,advisor_summarized
2024-03-31,19.46350033279784,15,advisor_summarized
2024-04-01,53.444296230958365,15,advisor_summarized
2024-04-02,67.96592577676104,15,advisor_summarized
2024-04-03,109.41713965523786,15,advisor_summarized
2024-04-04,69.56742281357839,15,advisor_summarized
2024-04-05,32.23498962023499,15,advisor_summarized
2024-04-06,12.663086506329728,15,advisor_summarized
2024-04-07,5.248477762149222,15,advisor_summarized
2024-04-08,2.1343837307434477,15,advisor_summarized
2024-04-09,14.166900231195848,15,advisor_summarized
2024-04-10,26.314917537732143,15,advisor_summarized
2024-04-11,52.0382329081204,15,advisor_summarized
2024-04-12,8.467980215124387,15,advisor_summarized
2024-04-13,0.22915782398295734,15,advisor_summarized
2024-04-14,7.386570058388244,15,advisor_summarized
2024-04-15,8.331780591459838,15,advisor_summarized
2024-04-16,0,15,advisor_summarized
2024-04-17,0,15,advisor_summarized
2024-04-18,5.645286715826021,15,advisor_summarized
2024-04-19,10.177652350574606,15,advisor_summarized
2024-04-20,7.999236311250976,15,advisor_summarized
2024-04-21,7.224698365723508,15,advisor_summarized
2024-04-22,7.328474309395793,15,advisor_summarized
2024-04-23,6.309642131929522,15,advisor_summarized
2024-04-24,5.475701355887364,15,advisor_summarized
2024-04-25,4.586241888588218,15,advisor_summarized
2024-04-26,3.2968031180345734,15,advisor_summarized
2024-04-27,1.900629097040344,15,advisor_summarized
2024-04-28,2.2235474597077984,15,advisor_summarized
2024-04-29,0.22564290481244323,15,advisor_summarized
2024-04-30,0.0038911942408214883,15,advisor_summarized
2024-05-01,0,15,advisor_summarized
2024-05-02,0,15,advisor_summarized
2024-05-03,0,15,advisor_summarized
2024-05-04,0,15,advisor_summarized
2024-05-05,0,15,advisor_summarized
2024-05-06,0,15,advisor_summarized
2024-05-07,0,15,advisor_summarized
2024-05-08,0,15,advisor_summarized
2024-05-09,0,15,advisor_summarized
2024-05-10,0,15,advisor_summarized
2024-05-11,0,15,advisor_summarized
2024-05-12,0,15,advisor_summarized
2024-05-13,0,15,advisor_summarized
2024-05-14,6.990109298993912,15,advisor_summarized
2024-05-15,11.9671163116979,15,advisor_summarized
2024-05-16,12.463767423656194,15,advisor_summarized
2024-05-17,10.356663245562773,15,advisor_summarized
2024-05-18,8.546919500521415,15,advisor_summarized
2024-05-19,7.257347726881419,15,advisor_summarized
2024-05-20,7.7938553866812805,15,advisor_summarized
2024-05-21,6.361747456963877,15,advisor_summarized
2024-05-22,4.642492229794302,15,advisor_summarized
2024-05-23,3.053721554062656,15,advisor_summarized
2024-05-24,0.3383180724685599,15,advisor_summarized
2024-05-25,8.465305117648482e-5,15,advisor_summarized
2024-05-26,0,15,advisor_summarized
2024-05-27,0,15,advisor_summarized
2024-05-28,0,15,advisor_summarized
2024-05-29,0,15,advisor_summarized
2024-05-30,0,15,advisor_summarized
2024-05-31,0,15,advisor_summarized
2024-06-01,0,15,advisor_summarized
2024-06-02,0,15,advisor_summarized
2024-06-03,0,15,advisor_summarized
2024-06-04,0,15,advisor_summarized
2024-06-05,0,15,advisor_summarized
2024-06-06,0,15,advisor_summarized
2024-06-07,0,15,advisor_summarized
2024-06-08,0,15,advisor_summarized
2024-06-09,0,15,advisor_summarized
2024-06-10,0,15,advisor_summarized
2024-06-11,0,15,advisor_summarized
2024-06-12,0,15,advisor_summarized
2024-06-13,0,15,advisor_summarized
2024-06-14,0,15,advisor_summarized
2024-06-15,0,15,advisor_summarized
2024-06-16,0,15,advisor_summarized
2024-06-17,0,15,advisor_summarized
2024-06-18,0,15,advisor_summarized
2024-06-19,0,15,advisor_summarized
2024-06-20,0,15,advisor_summarized
2024-06-21,0,15,advisor_summarized
2024-06-22,0,15,advisor_summarized
2024-06-23,0,15,advisor_summarized
2024-06-24,0,15,advisor_summarized
2024-06-25,0,15,advisor_summarized
2024-06-26,0,15,advisor_summarized
2024-06-27,0,15,advisor_summarized
2024-06-28,0,15,advisor_summarized
2024-06-29,0,15,advisor_summarized
2024-06-30,0,15,advisor_summarized
2024-07-01,0,15,advisor_summarized
2024-07-02,0,15,advisor_summarized
2024-07-03,0.39118115613411053,15,advisor_summarized
2024-07-04,6.243136074969372,15,advisor_summarized
2024-07-05,9.344510754514893,15,advisor_summarized
2024-07-06,8.972548382935354,15,advisor_summarized
2024-07-07,7.4183848380550605,15,advisor_summarized
2024-07-08,23.453264196002397,15,advisor_summarized
2024-07-09,43.25608738696386,15,advisor_summarized
2024-07-10,27.43139127827006,15,advisor_summarized
2024-07-11,68.64055872335682,15,advisor_summarized
2024-07-12,77.4078565928482,15,advisor_summarized
2024-07-13,62.60607488131168,15,advisor_summarized
2024-07-14,53.13830852421421,15,advisor_summarized
2024-07-15,72.1460447610315,15,advisor_summarized
2024-07-16,91.82619075629954,15,advisor_summarized
2024-07-17,97.34377829361667,15,advisor_summarized
2024-07-18,980.6807200526782,15,advisor_summarized
2024-07-19,802.4640627895716,15,advisor_summarized
2024-07-20,267.2559054977335,15,advisor_summarized
2024-07-21,171.52816483469417,15,advisor_summarized
2024-07-22,176.35385090641412,15,advisor_summarized
2024-07-23,138.44754316507638,15,advisor_summarized
2024-07-24,77.66397242058007,15,advisor_summarized
2024-07-25,65.96996732915711,15,advisor_summarized
2024-07-26,68.70479841843073,15,advisor_summarized
2024-07-27,50.23149857513752,15,advisor_summarized
2024-07-28,33.68066944863998,15,advisor_summarized
2024-07-29,52.009025967102495,15,advisor_summarized
2024-07-30,74.85448973372866,15,advisor_summarized
2024-07-31,77.96591312726301,15,advisor_summarized
2024-08-01,57.48124988431522,15,advisor_summarized
2024-08-02,75.80278931165002,15,advisor_summarized
2024-08-03,112.91942270214919,15,advisor_summarized
2024-08-04,142.38345164015868,15,advisor_summarized
2024-08-05,1577.0184057685149,15,advisor_summarized
2024-08-06,1206.9630768472753,15,advisor_summarized
2024-08-07,549.5454184504191,15,advisor_summarized
2024-08-08,352.2973834177263,15,advisor_summarized
2024-08-09,244.1078125476307,15,advisor_summarized
2024-08-10,170.85684612881263,15,advisor_summarized
2024-08-11,119.32595842533449,15,advisor_summarized
2024-08-12,99.63581181091894,15,advisor_summarized
2024-08-13,81.84888997214411,15,advisor_summarized
2024-08-14,61.05932007760283,15,advisor_summarized
2024-08-15,48.14307783141971,15,advisor_summarized
2024-08-16,37.217798384785276,15,advisor_summarized
2024-08-17,30.155506579141356,15,advisor_summarized
2024-08-18,24.96958888891827,15,advisor_summarized
2024-08-19,22.15172961418007,15,advisor_summarized
2024-08-20,19.468020726749856,15,advisor_summarized
2024-08-21,16.348515379458075,15,advisor_summarized
2024-08-22,14.485503347702505,15,advisor_summarized
2024-08-23,12.818194124710859,15,advisor_summarized
2024-08-24,11.088957642699754,15,advisor_summarized
2024-08-25,9.697401950206846,15,advisor_summarized
2024-08-26,9.804279553153002,15,advisor_summarized
2024-08-27,14.701957954662975,15,advisor_summarized
2024-08-28,14.098286110817545,15,advisor_summarized
2024-08-29,10.893219485943135,15,advisor_summarized
2024-08-30,9.121464265667045,15,advisor_summarized
2024-08-31,8.114485627794002,15,advisor_summarized
2024-09-01,7.086492407304326,15,advisor_summarized
2024-09-02,6.139969571421621,15,advisor_summarized
2024-09-03,5.268290771200708,15,advisor_summarized
2024-09-04,20.096159176884942,15,advisor_summarized
2024-09-05,30.226264531668466,15,advisor_summarized
2024-09-06,25.01335821307602,15,advisor_summarized
2024-09-07,21.382787448401533,15,advisor_summarized
2024-09-08,25.33129659935428,15,advisor_summarized
2024-09-09,81.00461799296303,15,advisor_summarized
2024-09-10,114.91176784071443,15,advisor_summarized
2024-09-11,103.58974487825907,15,advisor_summarized
2024-09-12,87.380781764953,15,advisor_summarized
2024-09-13,76.13347189671178,15,advisor_summarized
2024-09-14,67.37606546191512,15,advisor_summarized
2024-09-15,60.31075150049111,15,advisor_summarized
2024-09-16,54.34969700764834,15,advisor_summarized
2024-09-17,47.353855030432385,15,advisor_summarized
2024-09-18,43.59432607907752,15,advisor_summarized
2024-09-19,45.675347746128125,15,advisor_summarized
2024-09-20,42.02787592487596,15,advisor_summarized
2024-09-21,37.59398022356624,15,advisor_summarized
2024-09-22,31.951792262124517,15,advisor_summarized
2024-09-23,26.369548557389322,15,advisor_summarized
2024-09-24,21.9983526901029,15,advisor_summarized
2024-09-25,19.45042314634897,15,advisor_summarized
2024-09-26,22.401540807754035,15,advisor_summarized
2024-09-27,47.27408213607344,15,advisor_summarized
2024-09-28,56.14731316601377,15,advisor_summarized
2024-09-29,59.086493963582505,15,advisor_summarized
2024-09-30,57.69667228488091,15,advisor_summarized
2024-10-01,65.08922117310169,15,advisor_summarized
2024-10-02,57.53897055166356,15,advisor_summarized
2024-10-03,49.838241903454424,15,advisor_summarized
2024-10-04,44.90822267185021,15,advisor_summarized
2024-10-05,41.86567967996536,15,advisor_summarized
2024-10-06,44.26314685361974,15,advisor_summarized
2024-10-07,53.697183981660466,15,advisor_summarized
2024-10-08,55.639919842792956,15,advisor_summarized
2024-10-09,70.65888078823066,15,advisor_summarized
2024-10-10,139.49200143561058,15,advisor_summarized
2024-10-11,153.7000112574245,15,advisor_summarized
2024-10-12,146.65920323257498,15,advisor_summarized
2024-10-13,118.37180268161138,15,advisor_summarized
2024-10-14,93.31220300899253,15,advisor_summarized
2024-10-15,76.37722746429438,15,advisor_summarized
2024-10-16,62.76550893245244,15,advisor_summarized
2024-10-17,50.984226314616144,15,advisor_summarized
2024-10-18,41.29824599787883,15,advisor_summarized
2024-10-19,34.415944667232374,15,advisor_summarized
2024-10-20,29.164850569675508,15,advisor_summarized
2024-10-21,24.922076193769716,15,advisor_summarized
2024-10-22,21.92308267982945,15,advisor_summarized
2024-10-23,19.985314877823743,15,advisor_summarized
2024-10-24,16.889885090381867,15,advisor_summarized
2024-10-25,13.851154512957308,15,advisor_summarized
2024-10-26,11.352538141741507,15,advisor_summarized
2024-10-27,9.578985668174575,15,advisor_summarized
2024-10-28,8.916384016831822,15,advisor_summarized
2024-10-29,9.306964566683556,15,advisor_summarized
2024-10-30,9.188491631148535,15,advisor_summarized
2024-10-31,8.353050719501203,15,advisor_summarized
2024-11-01,7.678063059555945,15,advisor_summarized
2024-11-02,6.524416913109902,15,advisor_summarized
2024-11-03,6.243531971466665,15,advisor_summarized
2024-11-04,6.323767377664275,15,advisor_summarized
2024-11-05,6.287156090984585,15,advisor_summarized
2024-11-06,9.424411709890745,15,advisor_summarized
2024-11-07,13.100320328164877,15,advisor_summarized
2024-11-08,12.442933244935007,15,advisor_summarized
2024-11-09,12.257171113709425,15,advisor_summarized
2024-11-10,13.256917710651487,15,advisor_summarized
2024-11-11,15.114380661249939,15,advisor_summarized
2024-11-12,13.613693151938074,15,advisor_summarized
2024-11-13,13.283869657283377,15,advisor_summarized
2024-11-14,11.133828666438587,15,advisor_summarized
2024-11-15,9.992231365268456,15,advisor_summarized
2024-11-16,6.472142249074127,15,advisor_summarized
2024-11-17,3.20096916399129,15,advisor_summarized
2024-11-18,2.8794485720297245,15,advisor_summarized
2024-11-19,2.393900374902176,15,advisor_summarized
2024-11-20,2.367118327800803,15,advisor_summarized
2024-11-21,2.0095105232181925,15,advisor_summarized
2024-11-22,0.6435093026889059,15,advisor_summarized
2024-11-23,0.15120601643216092,15,advisor_summarized
2024-11-24,0.0280318288606175,15,advisor_summarized
2024-11-25,0.0037095126193403428,15,advisor_summarized
2024-11-26,8.358655951506813e-5,15,advisor_summarized
2024-11-27,0,15,advisor_summarized
2024-11-28,0,15,advisor_summarized
2024-11-29,0,15,advisor_summarized
2024-11-30,0,15,advisor_summarized
2024-12-01,0,15,advisor_summarized
2024-12-02,0,15,advisor_summarized
2024-12-03,0,15,advisor_summarized
2024-12-04,0,15,advisor_summarized
2024-12-05,0,15,advisor_summarized
2024-12-06,0,15,advisor_summarized
2024-12-07,0,15,advisor_summarized
2024-12-08,0,15,advisor_summarized
2024-12-09,0,15,advisor_summarized
2024-12-10,0,15,advisor_summarized
2024-12-11,0.16792531158090973,15,advisor_summarized
2024-12-12,2.7322862943657644,15,advisor_summarized
2024-12-13,3.761137042926596,15,advisor_summarized
2024-12-14,3.7001784929003585,15,advisor_summarized
2024-12-15,3.70905430353764,15,advisor_summarized
2024-12-16,3.751102192872965,15,advisor_summarized
2024-12-17,3.9081465246107587,15,advisor_summarized
2024-12-18,4.401553719912015,15,advisor_summarized
2024-12-19,4.681519082248891,15,advisor_summarized
2024-12-20,4.4251864091025395,15,advisor_summarized
2024-12-21,3.878605276278036,15,advisor_summarized
2024-12-22,3.340286608486849,15,advisor_summarized
2024-12-23,3.312381178518754,15,advisor_summarized
2024-12-24,3.3111708355285643,15,advisor_summarized
2024-12-25,3.2794017590342395,15,advisor_summarized
2024-12-26,3.2329190900340135,15,advisor_summarized
2024-12-27,3.2987044359287285,15,advisor_summarized
2024-12-28,3.3921750340260584,15,advisor_summarized
2024-12-29,7.502473755262748,15,advisor_summarized
2024-12-30,12.379243957416525,15,advisor_summarized
2024-12-31,10.839719520068696,15,advisor_summarized
2025-01-01,9.411271022904169,15,advisor_summarized
2025-01-02,7.286248129827334,15,advisor_summarized
2025-01-03,6.205183183556574,15,advisor_summarized
2025-01-04,5.093199414638456,15,advisor_summarized
2025-01-05,4.151107378021001,15,advisor_summarized
2025-01-06,4.426656669801969,15,advisor_summarized
2025-01-07,4.332872107284091,15,advisor_summarized
2025-01-08,4.091984047685797,15,advisor_summarized
2025-01-09,3.850337697130579,15,advisor_summarized
2025-01-10,3.602293516020057,15,advisor_summarized
2025-01-11,4.518544411169765,15,advisor_summarized
2025-01-12,4.227225758080022,15,advisor_summarized
2025-01-13,4.775850457349683,15,advisor_summarized
2025-01-14,7.614490324212593,15,advisor_summarized
2025-01-15,6.6009973539846944,15,advisor_summarized
2025-01-16,5.683095043825667,15,advisor_summarized
2025-01-17,4.94029614545671,15,advisor_summarized
2025-01-18,5.178998600708028,15,advisor_summarized
2025-01-19,56.12316162451617,15,advisor_summarized
2025-01-20,40.18687319573572,15,advisor_summarized
2025-01-21,36.30756608790247,15,advisor_summarized
2025-01-22,81.55500354366932,15,advisor_summarized
2025-01-23,84.02556253972888,15,advisor_summarized
2025-01-24,87.35865882909023,15,advisor_summarized
2025-01-25,83.37517948797161,15,advisor_summarized
2025-01-26,76.38851054654349,15,advisor_summarized
2025-01-27,70.58433839574487,15,advisor_summarized
2025-01-28,65.89577981585332,15,advisor_summarized
2025-01-29,60.35443370464113,15,advisor_summarized
2025-01-30,56.232491888543855,15,advisor_summarized
2025-01-31,55.75934749190321,15,advisor_summarized
2025-02-01,53.17196335740445,15,advisor_summarized
2025-02-02,49.212603265525225,15,advisor_summarized
2025-02-03,46.389053092888474,15,advisor_summarized
2025-02-04,44.602956892224235,15,advisor_summarized
2025-02-05,42.27764533961884,15,advisor_summarized
2025-02-06,40.21704175455519,15,advisor_summarized
2025-02-07,38.239431493739474,15,advisor_summarized
2025-02-08,36.47827360724487,15,advisor_summarized
2025-02-09,33.931593996290964,15,advisor_summarized
2025-02-10,31.94737271536947,15,advisor_summarized
2025-02-11,30.903168168443283,15,advisor_summarized
2025-02-12,27.85143083907907,15,advisor_summarized
2025-02-13,29.51550131027102,15,advisor_summarized
2025-02-14,41.46910862735768,15,advisor_summarized
2025-02-15,38.72068888421439,15,advisor_summarized
2025-02-16,40.62669801474896,15,advisor_summarized
2025-02-17,41.61532115777788,15,advisor_summarized
2025-02-18,37.639267328073835,15,advisor_summarized
2025-02-19,47.75855901557068,15,advisor_summarized
2025-02-20,49.56721476341685,15,advisor_summarized
2025-02-21,46.62327860661023,15,advisor_summarized
2025-02-22,45.2154745834755,15,advisor_summarized
2025-02-23,44.533136310820744,15,advisor_summarized
2025-02-24,49.26552639074304,15,advisor_summarized
2025-02-25,51.743425109248136,15,advisor_summarized
2025-02-26,50.67234451749794,15,advisor_summarized
2025-02-27,48.40885067790549,15,advisor_summarized
2025-02-28,46.74087478288329,15,advisor_summarized
2025-03-01,43.06057225453075,15,advisor_summarized
2025-03-02,41.75574771315236,15,advisor_summarized
2025-03-03,39.63059788570811,15,advisor_summarized
2025-03-04,37.11398637631695,15,advisor_summarized
2025-03-05,38.70767734187742,15,advisor_summarized
2025-03-06,39.81007095778632,15,advisor_summarized
2025-03-07,36.8937003482721,15,advisor_summarized
2025-03-08,36.680483320511215,15,advisor_summarized
2025-03-09,42.620651102219945,15,advisor_summarized
2025-03-10,93.62749277589704,15,advisor_summarized
2025-03-11,108.81733569994907,15,advisor_summarized
2025-03-12,110.95888084885883,15,advisor_summarized
2025-03-13,98.26548752965964,15,advisor_summarized
2025-03-14,84.65728482467576,15,advisor_summarized
2025-03-15,72.72430478864239,15,advisor_summarized
2025-03-16,69.52786563659488,15,advisor_summarized
2025-03-17,69.6192457789134,15,advisor_summarized
2025-03-18,62.067719269828636,15,advisor_summarized
2025-03-19,57.08516054558522,15,advisor_summarized
2025-03-20,53.05734384550788,15,advisor_summarized
2025-03-21,48.93721095481052,15,advisor_summarized
2025-03-22,44.11196427578928,15,advisor_summarized
2025-03-23,41.11246166734953,15,advisor_summarized
2025-03-24,39.07939327406194,15,advisor_summarized
2025-03-25,36.47914191522562,15,advisor_summarized
2025-03-26,39.20431623402634,15,advisor_summarized
2025-03-27,38.95539159694885,15,advisor_summarized
2025-03-28,35.84681261035539,15,advisor_summarized
2025-03-29,29.440933540971347,15,advisor_summarized
2025-03-30,52.275758719286365,15,advisor_summarized
2025-03-31,81.24268633017296,15,advisor_summarized
2025-04-01,84.09678901422686,15,advisor_summarized
2025-04-02,77.17116153786338,15,advisor_summarized
2025-04-03,63.4489280910602,15,advisor_summarized
2025-04-04,56.38605706115359,15,advisor_summarized
2025-04-05,50.58185854531448,15,advisor_summarized
2025-04-06,46.08913897041694,15,advisor_summarized
2025-04-07,42.24979745826233,15,advisor_summarized
2025-04-08,40.792802403818264,15,advisor_summarized
2025-04-09,35.59888637221574,15,advisor_summarized
2025-04-10,32.41446606537084,15,advisor_summarized
2025-04-11,29.313556376819704,15,advisor_summarized
2025-04-12,28.53523617328143,15,advisor_summarized
2025-04-13,22.159800073450853,15,advisor_summarized
2025-04-14,13.590865383343045,15,advisor_summarized
2025-04-15,9.905775106975947,15,advisor_summarized
2025-04-16,8.87800514719246,15,advisor_summarized
2025-04-17,5.515164438221128,15,computed_RC
2025-04-18,3.7559167574527486,15,computed_RC
2025-04-19,2.6817404650244985,15,computed_RC
2025-04-20,0.8375882621164928,15,computed_RC
2025-04-21,0.2342041838352643,15,computed_RC
2025-05-12,12.14236565833562,15,computed_RC
2025-05-13,15.169782986192278,15,computed_RC
2025-05-14,12.332265659855317,15,computed_RC
2025-05-15,8.127969836294055,15,computed_RC
2025-05-16,5.017412817296451,15,computed_RC
2025-05-17,2.662564037622796,15,computed_RC
2025-05-18,0.6799335564145959,15,computed_RC
2025-06-14,4.609729748242246,15,computed_RC
2025-06-15,5.751649211156322,15,computed_RC
2025-06-16,5.6069101034157605,15,computed_RC
2025-06-17,3.3600626672482026,15,computed_RC
2025-06-18,0.8523366838973271,15,computed_RC
2025-07-10,15.365948200785493,15,computed_RC
2025-07-11,13.787342908551242,15,computed_RC
2025-07-12,14.232557591712705,15,computed_RC
2025-07-13,15.043905295776712,15,computed_RC
2025-07-14,23.070952560822192,15,computed_RC
2025-07-15,28.880984132709056,15,computed_RC
2025-07-16,32.79684705977566,15,computed_RC
2025-07-17,39.90835568017902,15,computed_RC
2025-07-18,31.877787803544788,15,computed_RC
2025-07-19,30.189445293114716,15,computed_RC
2025-07-20,31.00023580183564,15,computed_RC
2025-07-21,30.00816228648848,15,computed_RC
2025-07-22,41.925116251167765,15,computed_RC
2025-07-23,77.43402418708945,15,computed_RC
2025-07-24,96.51341065723672,15,computed_RC
2025-07-25,103.39907448833588,15,computed_RC
2025-07-26,90.12732604732597,15,computed_RC
2025-07-27,71.01749846632974,15,computed_RC
2025-07-28,55.6909543270188,15,computed_RC
2025-07-29,43.77322011834252,15,computed_RC
2025-07-30,33.586986972657904,15,computed_RC
2025-07-31,20.886813955714455,15,computed_RC
2025-08-01,11.727961143315573,15,computed_RC
2025-08-02,7.865312065581977,15,computed_RC
2025-08-03,6.460812497242709,15,computed_RC
2025-08-04,7.084841946482535,15,computed_RC
2025-08-05,10.301211100563044,15,computed_RC
2025-08-06,21.852353314148054,15,computed_RC
2025-08-07,30.932353465324912,15,computed_RC
2025-08-08,23.932656945388437,15,computed_RC
2025-08-09,30.8057379843599,15,computed_RC
2025-08-10,37.374281457745,15,computed_RC
2025-08-11,41.85933663999448,15,computed_RC
2025-08-12,95.91386922327003,15,computed_RC
2025-08-13,70.67644559553248,15,computed_RC
2025-08-14,57.329562479692186,15,computed_RC
2025-08-15,48.55534710207198,15,computed_RC
2025-08-16,42.949511636211554,15,computed_RC
2025-08-17,46.7017959408668,15,computed_RC
2025-08-18,40.27826351383874,15,computed_RC
2025-08-19,34.145397601625454,15,computed_RC
2025-08-20,27.55838972423103,15,computed_RC
2025-08-21,26.4287352345495,15,computed_RC
2025-08-22,41.26525547873083,15,computed_RC
2025-08-23,64.0920009680285,15,computed_RC
2025-08-24,75.06688393115984,15,computed_RC
2025-08-25,65.19653037584543,15,computed_RC
2025-08-26,56.889834897017266,15,computed_RC
2025-08-27,47.01482632769293,15,computed_RC
2025-08-28,39.274888698588484,15,computed_RC
2025-08-29,38.337226073857124,15,computed_RC
2021-03-30,129.88374486160257,3,computed_RC
2021-03-31,112.97254590737069,3,computed_RC
2021-04-01,99.84726990721975,3,advisor_summarized
2021-04-02,84.20057836482582,3,advisor_summarized
2021-04-03,83.60890669064912,3,advisor_summarized
2021-04-04,75.88248023408788,3,advisor_summarized
2021-04-05,51.82321153424035,3,advisor_summarized
2021-04-06,27.125345865798128,3,advisor_summarized
2021-04-07,15.982030707232346,3,advisor_summarized
2021-04-08,16.924141935204947,3,advisor_summarized
2021-04-09,19.119499769815196,3,advisor_summarized
2021-04-10,11.189454141818965,3,advisor_summarized
2021-04-11,20.97140048680644,3,advisor_summarized
2021-04-12,58.5889862131535,3,advisor_summarized
2021-04-13,162.1727007811915,3,advisor_summarized
2021-04-14,174.10635445330885,3,advisor_summarized
2021-04-15,110.12892727334217,3,advisor_summarized
2021-04-16,90.88251713605274,3,advisor_summarized
2021-04-17,133.36903203109947,3,advisor_summarized
2021-04-18,263.66910889933223,3,advisor_summarized
2021-04-19,273.166635457807,3,advisor_summarized
2021-04-20,195.20090359090887,3,advisor_summarized
2021-04-21,168.6719645298821,3,advisor_summarized
2021-04-22,193.0695799906081,3,advisor_summarized
2021-04-23,183.153814875418,3,advisor_summarized
2021-04-24,134.92556120775384,3,advisor_summarized
2021-04-25,163.56772883686023,3,advisor_summarized
2021-04-26,204.91459807472856,3,advisor_summarized
2021-04-27,192.6287672573477,3,advisor_summarized
2021-04-28,164.84652465917046,3,advisor_summarized
2021-04-29,139.68539980158468,3,advisor_summarized
2021-04-30,125.43678865239491,3,advisor_summarized
2021-05-01,102.78354645711363,3,advisor_summarized
2021-05-02,90.50757787206668,3,advisor_summarized
2021-05-03,89.46606561650297,3,advisor_summarized
2021-05-04,85.7118291602539,3,advisor_summarized
2021-05-05,85.57695015930533,3,advisor_summarized
2021-05-06,82.55274069523982,3,advisor_summarized
2021-05-07,87.78202806526615,3,advisor_summarized
2021-05-08,85.3301726674592,3,advisor_summarized
2021-05-09,74.78665171448208,3,advisor_summarized
2021-05-10,67.53824459072804,3,advisor_summarized
2021-05-11,74.62925920374448,3,advisor_summarized
2021-05-12,88.17583806805523,3,advisor_summarized
2021-05-13,84.11052901624765,3,advisor_summarized
2021-05-14,75.70709330697174,3,advisor_summarized
2021-05-15,72.5419103622461,3,advisor_summarized
2021-05-16,75.21790510607279,3,advisor_summarized
2021-05-17,73.61460634615996,3,advisor_summarized
2021-05-18,68.03367978482633,3,advisor_summarized
2021-05-19,63.90177497249545,3,advisor_summarized
2021-05-20,79.05758755903649,3,advisor_summarized
2021-05-21,94.5799040432122,3,advisor_summarized
2021-05-22,105.4665713287376,3,advisor_summarized
2021-05-23,76.67659318607123,3,advisor_summarized
2021-05-24,47.65118263989002,3,advisor_summarized
2021-05-25,46.3590010459592,3,advisor_summarized
2021-05-26,56.217408957370765,3,advisor_summarized
2021-05-27,51.12489877274357,3,advisor_summarized
2021-05-28,38.45542224359766,3,advisor_summarized
2021-05-29,27.569273344356855,3,advisor_summarized
2021-05-30,30.947409230344558,3,advisor_summarized
2021-05-31,36.192292544644765,3,advisor_summarized
2021-06-01,26.25619138918057,3,advisor_summarized
2021-06-02,16.544030683367946,3,advisor_summarized
2021-06-03,16.722771186875367,3,advisor_summarized
2021-06-04,22.934539877776785,3,advisor_summarized
2021-06-05,26.245243142509533,3,advisor_summarized
2021-06-06,28.55909722369454,3,advisor_summarized
2021-06-07,49.58931996045524,3,advisor_summarized
2021-06-08,72.27932241635759,3,advisor_summarized
2021-06-09,62.79781383604072,3,advisor_summarized
2021-06-10,46.5139988908866,3,advisor_summarized
2021-06-11,34.08344685777977,3,advisor_summarized
2021-06-12,22.107261453934388,3,advisor_summarized
2021-06-13,18.800018980271346,3,advisor_summarized
2021-06-14,18.755741308717944,3,advisor_summarized
2021-06-15,27.6988057756555,3,advisor_summarized
2021-06-16,39.12178544458134,3,advisor_summarized
2021-06-17,36.25280062777586,3,advisor_summarized
2021-06-18,40.6030907662604,3,advisor_summarized
2021-06-19,43.61933756805113,3,advisor_summarized
2021-06-20,57.44595758899996,3,advisor_summarized
2021-06-21,81.04446693157892,3,advisor_summarized
2021-06-22,187.12749641382376,3,advisor_summarized
2021-06-23,292.4609853874815,3,advisor_summarized
2021-06-24,325.1980710960071,3,advisor_summarized
2021-06-25,389.48387520580246,3,advisor_summarized
2021-06-26,427.543595509088,3,advisor_summarized
2021-06-27,456.4557278637028,3,advisor_summarized
2021-06-28,312.3882929560258,3,advisor_summarized
2021-06-29,260.2586842843392,3,advisor_summarized
2021-06-30,259.2470304050648,3,advisor_summarized
2021-07-01,211.16785895959103,3,advisor_summarized
2021-07-02,153.9645202061303,3,advisor_summarized
2021-07-03,171.29635646210536,3,advisor_summarized
2021-07-04,168.13043460950217,3,advisor_summarized
2021-07-05,156.6418484786765,3,advisor_summarized
2021-07-06,154.4260299243461,3,advisor_summarized
2021-07-07,411.1293780719563,3,advisor_summarized
2021-07-08,773.6647498989933,3,advisor_summarized
2021-07-09,643.6633184277067,3,advisor_summarized
2021-07-10,442.8504706953583,3,advisor_summarized
2021-07-11,305.873593849462,3,advisor_summarized
2021-07-12,282.24690779327017,3,advisor_summarized
2021-07-13,276.0439244408617,3,advisor_summarized
2021-07-14,240.14653604066606,3,advisor_summarized
2021-07-15,188.7879323825156,3,advisor_summarized
2021-07-16,171.34640021234836,3,advisor_summarized
2021-07-17,173.28366241188107,3,advisor_summarized
2021-07-18,172.40712804187118,3,advisor_summarized
2021-07-19,164.8119286388022,3,advisor_summarized
2021-07-20,137.8450339622224,3,advisor_summarized
2021-07-21,133.50691555766025,3,advisor_summarized
2021-07-22,140.07101741428008,3,advisor_summarized
2021-07-23,123.1656023709258,3,advisor_summarized
2021-07-24,113.93058488168155,3,advisor_summarized
2021-07-25,100.95996395335395,3,advisor_summarized
2021-07-26,89.88217027311474,3,advisor_summarized
2021-07-27,107.95028812066153,3,advisor_summarized
2021-07-28,131.11738362456967,3,advisor_summarized
2021-07-29,139.12882158499744,3,advisor_summarized
2021-07-30,113.51649830266895,3,advisor_summarized
2021-07-31,102.51729724943097,3,advisor_summarized
2021-08-01,94.22174368058808,3,advisor_summarized
2021-08-02,82.89242193095033,3,advisor_summarized
2021-08-03,82.08327614142435,3,advisor_summarized
2021-08-04,82.00536955615526,3,advisor_summarized
2021-08-05,106.4294859273744,3,advisor_summarized
2021-08-06,123.68328942699287,3,advisor_summarized
2021-08-07,130.8831039338657,3,advisor_summarized
2021-08-08,168.13527114406813,3,advisor_summarized
2021-08-09,164.18974261423494,3,advisor_summarized
2021-08-10,158.60270104850184,3,advisor_summarized
2021-08-11,131.92748021170996,3,advisor_summarized
2021-08-12,117.69831735635732,3,advisor_summarized
2021-08-13,130.85559691910237,3,advisor_summarized
2021-08-14,130.87623176877574,3,advisor_summarized
2021-08-15,110.33134781105575,3,advisor_summarized
2021-08-16,93.14598283507432,3,advisor_summarized
2021-08-17,91.05319092545459,3,advisor_summarized
2021-08-18,96.73949379547882,3,advisor_summarized
2021-08-19,88.47308376083764,3,advisor_summarized
2021-08-20,71.57986585355515,3,advisor_summarized
2021-08-21,62.67613248004741,3,advisor_summarized
2021-08-22,71.07689065231658,3,advisor_summarized
2021-08-23,92.34306456809857,3,advisor_summarized
2021-08-24,113.65809220908257,3,advisor_summarized
2021-08-25,137.97485890690874,3,advisor_summarized
2021-08-26,121.60024839461698,3,advisor_summarized
2021-08-27,103.03421173997413,3,advisor_summarized
2021-08-28,100.53397156647888,3,advisor_summarized
2021-08-29,100.52607629102009,3,advisor_summarized
2021-08-30,82.60026473522133,3,advisor_summarized
2021-08-31,63.259609817358175,3,advisor_summarized
2021-09-01,90.11824243893817,3,advisor_summarized
2021-09-02,114.61695574349388,3,advisor_summarized
2021-09-03,110.66096735070876,3,advisor_summarized
2021-09-04,79.52431228296494,3,advisor_summarized
2021-09-05,57.57142735848373,3,advisor_summarized
2021-09-06,57.095149597450956,3,advisor_summarized
2021-09-07,68.74762416075554,3,advisor_summarized
2021-09-08,76.59603284385298,3,advisor_summarized
2021-09-09,75.89958593509472,3,advisor_summarized
2021-09-10,69.1569485822916,3,advisor_summarized
2021-09-11,63.68235521529869,3,advisor_summarized
2021-09-12,68.41740976858088,3,advisor_summarized
2021-09-13,60.43982063744374,3,advisor_summarized
2021-09-14,56.000576592307226,3,advisor_summarized
2021-09-15,107.21693965611621,3,advisor_summarized
2021-09-16,126.07382554808908,3,advisor_summarized
2021-09-17,164.49588763194043,3,advisor_summarized
2021-09-18,137.37729431360012,3,advisor_summarized
2021-09-19,144.51010611688392,3,advisor_summarized
2021-09-20,247.42123446489083,3,advisor_summarized
2021-09-21,464.61231097782775,3,advisor_summarized
2021-09-22,493.26942624826194,3,advisor_summarized
2021-09-23,303.2715799463009,3,advisor_summarized
2021-09-24,207.30738663358338,3,advisor_summarized
2021-09-25,165.58668990776167,3,advisor_summarized
2021-09-26,164.83457084532597,3,advisor_summarized
2021-09-27,163.1762605614339,3,advisor_summarized
2021-09-28,138.58029787910272,3,advisor_summarized
2021-09-29,112.96594540621014,3,advisor_summarized
2021-09-30,109.39957453140671,3,advisor_summarized
2021-10-01,122.67151476817766,3,advisor_summarized
2021-10-02,131.1072723220512,3,advisor_summarized
2021-10-03,113.65542602350047,3,advisor_summarized
2021-10-04,97.2481043545444,3,advisor_summarized
2021-10-05,84.6482463552235,3,advisor_summarized
2021-10-06,101.34477125658418,3,advisor_summarized
2021-10-07,133.76797991805762,3,advisor_summarized
2021-10-08,108.08837486571849,3,advisor_summarized
2021-10-09,93.354644688492,3,advisor_summarized
2021-10-10,74.61640973889918,3,advisor_summarized
2021-10-11,58.99831563658963,3,advisor_summarized
2021-10-12,57.588427536317056,3,advisor_summarized
2021-10-13,48.12230865774681,3,advisor_summarized
2021-10-14,46.492952814354915,3,advisor_summarized
2021-10-15,58.35230809548026,3,advisor_summarized
2021-10-16,61.54706556667927,3,advisor_summarized
2021-10-17,65.41678748634622,3,advisor_summarized
2021-10-18,83.82430009436902,3,advisor_summarized
2021-10-19,97.8844900780792,3,advisor_summarized
2021-10-20,97.74029720144354,3,advisor_summarized
2021-10-21,102.48367991547741,3,advisor_summarized
2021-10-22,95.66428888818473,3,advisor_summarized
2021-10-23,79.66942423108308,3,advisor_summarized
2021-10-24,57.254365386926985,3,advisor_summarized
2021-10-25,28.58012199850151,3,advisor_summarized
2021-10-26,23.162743921328584,3,advisor_summarized
2021-10-27,23.964632822732046,3,advisor_summarized
2021-10-28,26.126271094764544,3,advisor_summarized
2021-10-29,31.690839059126123,3,advisor_summarized
2021-10-30,39.607754356250716,3,advisor_summarized
2021-10-31,50.169540292241315,3,advisor_summarized
2021-11-01,48.46950014750396,3,advisor_summarized
2021-11-02,39.87024482323898,3,advisor_summarized
2021-11-03,42.1209122678965,3,advisor_summarized
2021-11-04,46.27854537934704,3,advisor_summarized
2021-11-05,46.243563895850066,3,advisor_summarized
2021-11-06,289.2394535961667,3,advisor_summarized
2021-11-07,287.85017339517856,3,advisor_summarized
2021-11-08,217.8568964363266,3,advisor_summarized
2021-11-09,174.88894704214056,3,advisor_summarized
2021-11-10,134.33461482177677,3,advisor_summarized
2021-11-11,110.91781367737322,3,advisor_summarized
2021-11-12,99.38988428629158,3,advisor_summarized
2021-11-13,73.48759262950577,3,advisor_summarized
2021-11-14,85.81760118705394,3,advisor_summarized
2021-11-15,112.05228539838271,3,advisor_summarized
2021-11-16,94.19741865458855,3,advisor_summarized
2021-11-17,64.40071542441038,3,advisor_summarized
2021-11-18,68.8064362758215,3,advisor_summarized
2021-11-19,99.38205506854052,3,advisor_summarized
2021-11-20,97.52035853558958,3,advisor_summarized
2021-11-21,83.95412213329156,3,advisor_summarized
2021-11-22,61.35446563185968,3,advisor_summarized
2021-11-23,64.19447583291031,3,advisor_summarized
2021-11-24,77.84411144377557,3,advisor_summarized
2021-11-25,71.800711298914635,3,advisor_summarized
2021-11-26,53.235621921867,3,advisor_summarized
2021-11-27,55.447698967797045,3,advisor_summarized
2021-11-28,46.968681102937545,3,advisor_summarized
2021-11-29,50.4112063854912,3,advisor_summarized
2021-11-30,66.54737354305792,3,advisor_summarized
2021-12-01,71.97112502688682,3,advisor_summarized
2021-12-02,56.875552967978194,3,advisor_summarized
2021-12-03,48.8575749738174,3,advisor_summarized
2021-12-04,55.607672804860435,3,advisor_summarized
2021-12-05,52.05522483349227,3,advisor_summarized
2021-12-06,31.550013284287587,3,advisor_summarized
2021-12-07,26.572155077168933,3,advisor_summarized
2021-12-08,28.07872165183431,3,advisor_summarized
2021-12-09,63.4296475510202,3,advisor_summarized
2021-12-10,62.22445706660712,3,advisor_summarized
2021-12-11,58.49388544730754,3,advisor_summarized
2021-12-12,89.5727286659252,3,advisor_summarized
2021-12-13,96.70658420474717,3,advisor_summarized
2021-12-14,125.22449958718528,3,advisor_summarized
2021-12-15,112.14024259485275,3,advisor_summarized
2021-12-16,65.18399371690835,3,advisor_summarized
2021-12-17,54.867586240736536,3,advisor_summarized
2021-12-18,52.81204999622799,3,advisor_summarized
2021-12-19,44.869041999518366,3,advisor_summarized
2021-12-20,57.0283094722602,3,advisor_summarized
2021-12-21,89.80092198474891,3,advisor_summarized
2021-12-22,143.73107154485695,3,advisor_summarized
2021-12-23,162.71417672145915,3,advisor_summarized
2021-12-24,150.42635605011722,3,advisor_summarized
2021-12-25,125.57345738451149,3,advisor_summarized
2021-12-26,125.97175697117804,3,advisor_summarized
2021-12-27,111.59878072515365,3,advisor_summarized
2021-12-28,69.14874016320333,3,advisor_summarized
2021-12-29,86.8038505389555,3,advisor_summarized
2021-12-30,92.2243694308844,3,advisor_summarized
2021-12-31,80.54761750039101,3,advisor_summarized
2022-01-01,45.47409914650488,3,advisor_summarized
2022-01-02,36.637176224783964,3,advisor_summarized
2022-01-03,57.36536839993942,3,advisor_summarized
2022-01-04,53.218960902411645,3,advisor_summarized
2022-01-05,40.64680581528145,3,advisor_summarized
2022-01-06,58.632252503127894,3,advisor_summarized
2022-01-07,86.11916654734112,3,advisor_summarized
2022-01-08,103.57189102399866,3,advisor_summarized
2022-01-09,136.78187902454943,3,advisor_summarized
2022-01-10,99.05675288980355,3,advisor_summarized
2022-01-11,80.04869769981863,3,advisor_summarized
2022-01-12,55.87126972177154,3,advisor_summarized
2022-01-13,42.41307114872938,3,advisor_summarized
2022-01-14,37.52320149076879,3,advisor_summarized
2022-01-15,31.177167664387678,3,advisor_summarized
2022-01-16,26.182540802963885,3,advisor_summarized
2022-01-17,58.79104554468853,3,advisor_summarized
2022-01-18,84.06255753755839,3,advisor_summarized
2022-01-19,74.36239317406844,3,advisor_summarized
2022-01-20,48.12700236165126,3,advisor_summarized
2022-01-21,62.70424061965022,3,advisor_summarized
2022-01-22,61.37310336659519,3,advisor_summarized
2022-01-23,34.476117122761295,3,advisor_summarized
2022-01-24,29.733752038637032,3,advisor_summarized
2022-01-25,26.520183895294334,3,advisor_summarized
2022-01-26,30.429361282335538,3,advisor_summarized
2022-01-27,31.22860244795154,3,advisor_summarized
2022-01-28,19.16957511390289,3,advisor_summarized
2022-01-29,27.107846758255036,3,advisor_summarized
2022-01-30,43.19419756862215,3,advisor_summarized
2022-01-31,43.09709720261836,3,advisor_summarized
2022-02-01,47.3637563035823,3,advisor_summarized
2022-02-02,45.513609509137126,3,advisor_summarized
2022-02-03,40.300835318040335,3,advisor_summarized
2022-02-04,42.1817725748122,3,advisor_summarized
2022-02-05,61.82399535573867,3,advisor_summarized
2022-02-06,65.17478350860085,3,advisor_summarized
2022-02-07,37.142179703275275,3,advisor_summarized
2022-02-08,32.25194254267975,3,advisor_summarized
2022-02-09,33.16219715740474,3,advisor_summarized
2022-02-10,45.721976851728975,3,advisor_summarized
2022-02-11,56.685283519092486,3,advisor_summarized
2022-02-12,41.665403581015916,3,advisor_summarized
2022-02-13,27.417187269415773,3,advisor_summarized
2022-02-14,50.22549591032958,3,advisor_summarized
2022-02-15,63.38410743861334,3,advisor_summarized
2022-02-16,57.176377164348025,3,advisor_summarized
2022-02-17,40.31494774171401,3,advisor_summarized
2022-02-18,27.819730198499546,3,advisor_summarized
2022-02-19,39.058814446186034,3,advisor_summarized
2022-02-20,54.84588697030937,3,advisor_summarized
2022-02-21,57.47519343960918,3,advisor_summarized
2022-02-22,51.35124731550457,3,advisor_summarized
2022-02-23,44.69641092018717,3,advisor_summarized
2022-02-24,40.17131459959574,3,advisor_summarized
2022-02-25,38.53155575730782,3,advisor_summarized
2022-02-26,34.16108722592536,3,advisor_summarized
2022-02-27,25.761522798972837,3,advisor_summarized
2022-02-28,31.95423885595919,3,advisor_summarized
2022-03-01,44.782500139854925,3,advisor_summarized
2022-03-02,53.63691847453057,3,advisor_summarized
2022-03-03,49.52681842792766,3,advisor_summarized
2022-03-04,55.65778147486455,3,advisor_summarized
2022-03-05,76.28407062605591,3,advisor_summarized
2022-03-06,23.653973348962055,3,advisor_summarized
2022-03-07,13.951873169152739,3,advisor_summarized
2022-03-08,14.64871802215368,3,advisor_summarized
2022-03-09,24.38087002026929,3,advisor_summarized
2022-03-10,49.074276067038404,3,advisor_summarized
2022-03-11,101.20366096414307,3,advisor_summarized
2022-03-12,250.54064241513504,3,advisor_summarized
2022-03-13,302.96942478935205,3,advisor_summarized
2022-03-14,219.52874957241295,3,advisor_summarized
2022-03-15,185.84520316369276,3,advisor_summarized
2022-03-16,192.42470377750735,3,advisor_summarized
2022-03-17,177.03117194481626,3,advisor_summarized
2022-03-18,159.7254113345871,3,advisor_summarized
2022-03-19,142.27618880753047,3,advisor_summarized
2022-03-20,154.8484429844377,3,advisor_summarized
2022-03-21,141.51456360332995,3,advisor_summarized
2022-03-22,106.55084327605833,3,advisor_summarized
2022-03-23,84.58783993470905,3,advisor_summarized
2022-03-24,268.7729469785004,3,advisor_summarized
2022-03-25,433.61078822466,3,advisor_summarized
2022-03-26,280.38976288493694,3,advisor_summarized
2022-03-27,205.85300442716877,3,advisor_summarized
2022-03-28,192.3180552023763,3,advisor_summarized
2022-03-29,173.37888683413414,3,advisor_summarized
2022-03-30,146.3886013222768,3,advisor_summarized
2022-03-31,115.63791126314163,3,advisor_summarized
2022-04-01,151.51688897183075,3,advisor_summarized
2022-04-02,133.2205118986993,3,advisor_summarized
2022-04-03,122.18099654644203,3,advisor_summarized
2022-04-04,89.29398322744304,3,advisor_summarized
2022-04-05,67.73043312508707,3,advisor_summarized
2022-04-06,56.47253557286309,3,advisor_summarized
2022-04-07,51.15178047083749,3,advisor_summarized
2022-04-08,69.38848974834673,3,advisor_summarized
2022-04-09,79.85435391921156,3,advisor_summarized
2022-04-10,99.36083732135006,3,advisor_summarized
2022-04-11,103.39732151212394,3,advisor_summarized
2022-04-12,76.42819520749133,3,advisor_summarized
2022-04-13,44.73402060303482,3,advisor_summarized
2022-04-14,30.741700922312432,3,advisor_summarized
2022-04-15,31.197152487971376,3,advisor_summarized
2022-04-16,32.038038579491165,3,advisor_summarized
2022-04-17,32.981473529220395,3,advisor_summarized
2022-04-18,37.87897696987043,3,advisor_summarized
2022-04-19,49.10765627987583,3,advisor_summarized
2022-04-20,65.9543880649095,3,advisor_summarized
2022-04-21,68.73142294804184,3,advisor_summarized
2022-04-22,62.736620391029014,3,advisor_summarized
2022-04-23,53.79317413684043,3,advisor_summarized
2022-04-24,44.34004699665127,3,advisor_summarized
2022-04-25,38.64765064372111,3,advisor_summarized
2022-04-26,36.31091662806298,3,advisor_summarized
2022-04-27,31.26301624248849,3,advisor_summarized
2022-04-28,33.44464033049584,3,advisor_summarized
2022-04-29,37.28197679928288,3,advisor_summarized
2022-04-30,46.56831760985913,3,advisor_summarized
2022-05-01,43.78315273346195,3,advisor_summarized
2022-05-02,37.90737684530303,3,advisor_summarized
2022-05-03,26.988247661794023,3,advisor_summarized
2022-05-04,38.444956023930054,3,advisor_summarized
2022-05-05,40.22262708997667,3,advisor_summarized
2022-05-06,33.82451029368311,3,advisor_summarized
2022-05-07,47.24960572697881,3,advisor_summarized
2022-05-08,48.104785016216944,3,advisor_summarized
2022-05-09,64.61024521027257,3,advisor_summarized
2022-05-10,63.07132467496576,3,advisor_summarized
2022-05-11,47.90530491620154,3,advisor_summarized
2022-05-12,39.61089851165596,3,advisor_summarized
2022-05-13,42.1407051162936,3,advisor_summarized
2022-05-14,34.24334774423262,3,advisor_summarized
2022-05-15,21.741442671194665,3,advisor_summarized
2022-05-16,23.25129752775445,3,advisor_summarized
2022-05-17,28.68836937805629,3,advisor_summarized
2022-05-18,28.021177928071996,3,advisor_summarized
2022-05-19,22.83345699733184,3,advisor_summarized
2022-05-20,30.745239256792093,3,advisor_summarized
2022-05-21,50.70227160191471,3,advisor_summarized
2022-05-22,54.878719078745455,3,advisor_summarized
2022-05-23,50.189062855463966,3,advisor_summarized
2022-05-24,37.18025618700689,3,advisor_summarized
2022-05-25,41.253253095818586,3,advisor_summarized
2022-05-26,45.22789370142785,3,advisor_summarized
2022-05-27,43.180412289348645,3,advisor_summarized
2022-05-28,49.95718640907648,3,advisor_summarized
2022-05-29,48.62711737378556,3,advisor_summarized
2022-05-30,38.759474037791584,3,advisor_summarized
2022-05-31,30.485254371422027,3,advisor_summarized
2022-06-01,22.161131921042823,3,advisor_summarized
2022-06-02,15.775934669217975,3,advisor_summarized
2022-06-03,11.729713064538112,3,advisor_summarized
2022-06-04,7.5857833132873544,3,advisor_summarized
2022-06-05,5.22095993541193,3,advisor_summarized
2022-06-06,5.455020876137241,3,advisor_summarized
2022-06-07,6.750444652545128,3,advisor_summarized
2022-06-08,6.683266533599425,3,advisor_summarized
2022-06-09,4.196681984030162,3,advisor_summarized
2022-06-10,2.897613845547244,3,advisor_summarized
2022-06-11,4.7891609418331464,3,advisor_summarized
2022-06-12,5.026947191559306,3,advisor_summarized
2022-06-13,2.5499110971727568,3,advisor_summarized
2022-06-14,1.2493888511587474,3,advisor_summarized
2022-06-15,2.557010363504419,3,advisor_summarized
2022-06-16,5.641975829795885,3,advisor_summarized
2022-06-17,3.4696076644480627,3,advisor_summarized
2022-06-18,0.17307428280674633,3,advisor_summarized
2022-06-19,0.006704546694537387,3,advisor_summarized
2022-06-20,0.02853576193870919,3,advisor_summarized
2022-06-21,1.7664823521491195e-4,3,advisor_summarized
2022-06-22,0,3,advisor_summarized
2022-06-23,0,3,advisor_summarized
2022-06-24,0,3,advisor_summarized
2022-06-25,0,3,advisor_summarized
2022-06-26,0,3,advisor_summarized
2022-06-27,0,3,advisor_summarized
2022-06-28,0,3,advisor_summarized
2022-06-29,3.3137405278178903e-4,3,advisor_summarized
2022-06-30,20.9962479581896,3,advisor_summarized
2022-07-01,81.1875714792932,3,advisor_summarized
2022-07-02,70.35726022314974,3,advisor_summarized
2022-07-03,69.39369927314401,3,advisor_summarized
2022-07-04,72.88077742434179,3,advisor_summarized
2022-07-05,54.685682796905645,3,advisor_summarized
2022-07-06,37.91253580213783,3,advisor_summarized
2022-07-07,30.352543644407405,3,advisor_summarized
2022-07-08,31.093050197958195,3,advisor_summarized
2022-07-09,39.46625509539644,3,advisor_summarized
2022-07-10,40.31426017076726,3,advisor_summarized
2022-07-11,32.58242765125656,3,advisor_summarized
2022-07-12,33.6453546225893,3,advisor_summarized
2022-07-13,36.92486955266035,3,advisor_summarized
2022-07-14,42.03151970191493,3,advisor_summarized
2022-07-15,48.86110903349002,3,advisor_summarized
2022-07-16,39.904055729393455,3,advisor_summarized
2022-07-17,34.94230635944404,3,advisor_summarized
2022-07-18,36.95111959400886,3,advisor_summarized
2022-07-19,40.58341246721182,3,advisor_summarized
2022-07-20,44.699166546644754,3,advisor_summarized
2022-07-21,42.085174455749375,3,advisor_summarized
2022-07-22,54.06571643708609,3,advisor_summarized
2022-07-23,98.4792939441346,3,advisor_summarized
2022-07-24,73.9254729765237,3,advisor_summarized
2022-07-25,68.17059098506373,3,advisor_summarized
2022-07-26,69.09452155462036,3,advisor_summarized
2022-07-27,98.71777978841713,3,advisor_summarized
2022-07-28,75.84022844477145,3,advisor_summarized
2022-07-29,65.0290187449181,3,advisor_summarized
2022-07-30,54.765365753716544,3,advisor_summarized
2022-07-31,50.387991665572684,3,advisor_summarized
2022-08-01,46.5906252758867,3,advisor_summarized
2022-08-02,37.91063950037925,3,advisor_summarized
2022-08-03,32.131057944276534,3,advisor_summarized
2022-08-04,44.43605052616555,3,advisor_summarized
2022-08-05,49.66241008178573,3,advisor_summarized
2022-08-06,61.26308868298421,3,advisor_summarized
2022-08-07,91.322968439764,3,advisor_summarized
2022-08-08,82.23676008098785,3,advisor_summarized
2022-08-09,77.74156194603881,3,advisor_summarized
2022-08-10,71.97347510219272,3,advisor_summarized
2022-08-11,57.84831396250863,3,advisor_summarized
2022-08-12,44.02255500751655,3,advisor_summarized
2022-08-13,43.58154340313683,3,advisor_summarized
2022-08-14,115.57858419212056,3,advisor_summarized
2022-08-15,92.77796960819501,3,advisor_summarized
2022-08-16,77.67314798512511,3,advisor_summarized
2022-08-17,63.239922816828766,3,advisor_summarized
2022-08-18,53.677441742159374,3,advisor_summarized
2022-08-19,61.199808379055334,3,advisor_summarized
2022-08-20,63.70654826384534,3,advisor_summarized
2022-08-21,58.65535320351813,3,advisor_summarized
2022-08-22,51.399681354203096,3,advisor_summarized
2022-08-23,55.01778404880434,3,advisor_summarized
2022-08-24,58.35019215783317,3,advisor_summarized
2022-08-25,204.18872951516474,3,advisor_summarized
2022-08-26,276.58593268241924,3,advisor_summarized
2022-08-27,307.77359232861335,3,advisor_summarized
2022-08-28,264.93588708577295,3,advisor_summarized
2022-08-29,310.7977827663896,3,advisor_summarized
2022-08-30,234.3307184472134,3,advisor_summarized
2022-08-31,210.51965281672992,3,advisor_summarized
2022-09-01,231.07401482677156,3,advisor_summarized
2022-09-02,250.241219236182,3,advisor_summarized
2022-09-03,207.86033327498228,3,advisor_summarized
2022-09-04,173.31212381151212,3,advisor_summarized
2022-09-05,262.58365024688334,3,advisor_summarized
2022-09-06,230.6899921932337,3,advisor_summarized
2022-09-07,171.26016929343953,3,advisor_summarized
2022-09-08,126.68322212934174,3,advisor_summarized
2022-09-09,164.69463127236477,3,advisor_summarized
2022-09-10,366.15547608943115,3,advisor_summarized
2022-09-11,529.1412250921877,3,advisor_summarized
2022-09-12,382.7184863919346,3,advisor_summarized
2022-09-13,299.5949814698829,3,advisor_summarized
2022-09-14,148.05771448358476,3,advisor_summarized
2022-09-15,136.3860606089064,3,advisor_summarized
2022-09-16,114.61987540902999,3,advisor_summarized
2022-09-17,105.47249485817619,3,advisor_summarized
2022-09-18,118.27472518111853,3,advisor_summarized
2022-09-19,121.89631891683797,3,advisor_summarized
2022-09-20,100.57466625919018,3,advisor_summarized
2022-09-21,85.68459792436772,3,advisor_summarized
2022-09-22,74.3600167463687,3,advisor_summarized
2022-09-23,65.88735998460879,3,advisor_summarized
2022-09-24,59.79196385424012,3,advisor_summarized
2022-09-25,55.82058195664435,3,advisor_summarized
2022-09-26,52.08385399625236,3,advisor_summarized
2022-09-27,48.706556508073504,3,advisor_summarized
2022-09-28,47.62682498541973,3,advisor_summarized
2022-09-29,51.21077227722308,3,advisor_summarized
2022-09-30,51.27618220220414,3,advisor_summarized
2022-10-01,48.670365267180614,3,advisor_summarized
2022-10-02,46.62573414803853,3,advisor_summarized
2022-10-03,45.47455031604686,3,advisor_summarized
2022-10-04,44.811495579110456,3,advisor_summarized
2022-10-05,43.519147789836275,3,advisor_summarized
2022-10-06,42.59414104189434,3,advisor_summarized
2022-10-07,41.85089119145888,3,advisor_summarized
2022-10-08,41.27959984351692,3,advisor_summarized
2022-10-09,40.8929572389213,3,advisor_summarized
2022-10-10,40.55494148529718,3,advisor_summarized
2022-10-11,40.34795163915017,3,advisor_summarized
2022-10-12,40.21867973140823,3,advisor_summarized
2022-10-13,40.46407466775323,3,advisor_summarized
2022-10-14,40.24394350205728,3,advisor_summarized
2022-10-15,39.790876444208806,3,advisor_summarized
2022-10-16,39.20273211501708,3,advisor_summarized
2022-10-17,39.194924324557626,3,advisor_summarized
2022-10-18,40.27598777414177,3,advisor_summarized
2022-10-19,40.60139835461782,3,advisor_summarized
2022-10-20,40.72169864327283,3,advisor_summarized
2022-10-21,40.24398645124049,3,advisor_summarized
2022-10-22,39.753064315543256,3,advisor_summarized
2022-10-23,39.38937663614775,3,advisor_summarized
2022-10-24,38.96030434945188,3,advisor_summarized
2022-10-25,38.406522498456674,3,advisor_summarized
2022-10-26,38.15280698481054,3,advisor_summarized
2022-10-27,37.961664142218666,3,advisor_summarized
2022-10-28,37.8195889894966,3,advisor_summarized
2022-10-29,37.80863479417617,3,advisor_summarized
2022-10-30,37.84185286934161,3,advisor_summarized
2022-10-31,37.80787220197804,3,advisor_summarized
2022-11-01,37.75397776589772,3,advisor_summarized
2022-11-02,37.74053106885777,3,advisor_summarized
2022-11-03,37.739026289605405,3,advisor_summarized
2022-11-04,37.739,3,advisor_summarized
2022-11-05,37.739,3,advisor_summarized
2022-11-06,37.739,3,advisor_summarized
2022-11-07,37.739,3,advisor_summarized
2022-11-08,37.739,3,advisor_summarized
2022-11-09,37.739,3,advisor_summarized
2022-11-10,38.66807028385012,3,advisor_summarized
2022-11-11,42.47009285945241,3,advisor_summarized
2022-11-12,45.39709615770879,3,advisor_summarized
2022-11-13,45.060984874587476,3,advisor_summarized
2022-11-14,43.6966637850024,3,advisor_summarized
2022-11-15,17.879987948033953,3,advisor_summarized
2022-11-16,43.394629914748656,3,advisor_summarized
2022-11-17,38.67853489204932,3,advisor_summarized
2022-11-18,33.59689553387467,3,advisor_summarized
2022-11-19,29.6207398935525,3,advisor_summarized
2022-11-20,27.737568305810296,3,advisor_summarized
2022-11-21,26.3130149643645,3,advisor_summarized
2022-11-22,26.7018021338934,3,advisor_summarized
2022-11-23,26.85443494500454,3,advisor_summarized
2022-11-24,26.48407645520528,3,advisor_summarized
2022-11-25,25.525309634786534,3,advisor_summarized
2022-11-26,26.850280336415064,3,advisor_summarized
2022-11-27,28.17534970723806,3,advisor_summarized
2022-11-28,27.339844207898313,3,advisor_summarized
2022-11-29,25.543504032839746,3,advisor_summarized
2022-11-30,25.201020074397746,3,advisor_summarized
2022-12-01,26.827386809116813,3,advisor_summarized
2022-12-02,29.193093136403892,3,advisor_summarized
2022-12-03,28.762732110970415,3,advisor_summarized
2022-12-04,27.54592876348553,3,advisor_summarized
2022-12-05,26.095830055612343,3,advisor_summarized
2022-12-06,24.480418034609343,3,advisor_summarized
2022-12-07,23.05435028865654,3,advisor_summarized
2022-12-08,21.687831598299713,3,advisor_summarized
2022-12-09,19.976410239509047,3,advisor_summarized
2022-12-10,18.439351108092627,3,advisor_summarized
2022-12-11,18.100110183598385,3,advisor_summarized
2022-12-12,17.134763660043024,3,advisor_summarized
2022-12-13,16.247753094828525,3,advisor_summarized
2022-12-14,15.447147577700376,3,advisor_summarized
2022-12-15,16.40886514113283,3,advisor_summarized
2022-12-16,17.76501549066712,3,advisor_summarized
2022-12-17,17.033527956388706,3,advisor_summarized
2022-12-18,15.69572702231765,3,advisor_summarized
2022-12-19,14.979186436730245,3,advisor_summarized
2022-12-20,14.453764684711581,3,advisor_summarized
2022-12-21,15.873603848434735,3,advisor_summarized
2022-12-22,15.928059913835433,3,advisor_summarized
2022-12-23,14.59935183807755,3,advisor_summarized
2022-12-24,13.916706888243704,3,advisor_summarized
2022-12-25,13.37524325201076,3,advisor_summarized
2022-12-26,12.890286724775436,3,advisor_summarized
2022-12-27,12.471392715285468,3,advisor_summarized
2022-12-28,11.798664365932268,3,advisor_summarized
2022-12-29,11.423407414857694,3,advisor_summarized
2022-12-30,10.869347929521757,3,advisor_summarized
2022-12-31,10.060235649051373,3,advisor_summarized
2023-01-01,9.4769740380142,3,advisor_summarized
2023-01-02,8.87173371165339,3,advisor_summarized
2023-01-03,8.408116065119696,3,advisor_summarized
2023-01-04,8.887825888409253,3,advisor_summarized
2023-01-05,12.722768277226608,3,advisor_summarized
2023-01-06,12.360735407612411,3,advisor_summarized
2023-01-07,11.349136475138147,3,advisor_summarized
2023-01-08,10.886030254657841,3,advisor_summarized
2023-01-09,9.942174456238892,3,advisor_summarized
2023-01-10,8.890244825438524,3,advisor_summarized
2023-01-11,7.885648179060586,3,advisor_summarized
2023-01-12,7.348400142933922,3,advisor_summarized
2023-01-13,8.479627879179759,3,advisor_summarized
2023-01-14,8.24007924979611,3,advisor_summarized
2023-01-15,7.709701012822894,3,advisor_summarized
2023-01-16,7.295051347978208,3,advisor_summarized
2023-01-17,6.5995760657669855,3,advisor_summarized
2023-01-18,5.997207943114815,3,advisor_summarized
2023-01-19,5.390470626922014,3,advisor_summarized
2023-01-20,4.709184617663346,3,advisor_summarized
2023-01-21,4.334657645368259,3,advisor_summarized
2023-01-22,4.393216022223531,3,advisor_summarized
2023-01-23,3.976987595761601,3,advisor_summarized
2023-01-24,3.600342432378682,3,advisor_summarized
2023-01-25,3.162194223532286,3,advisor_summarized
2023-01-26,3.6560593523017055,3,advisor_summarized
2023-01-27,3.2074813261479806,3,advisor_summarized
2023-01-28,2.6823708927138927,3,advisor_summarized
2023-01-29,2.3443183098162517,3,advisor_summarized
2023-01-30,1.8686118140332733,3,advisor_summarized
2023-01-31,1.4315708421122573,3,advisor_summarized
2023-02-01,1.089313441197283,3,advisor_summarized
2023-02-02,0.7733879791285473,3,advisor_summarized
2023-02-03,1.9693586488504156,3,advisor_summarized
2023-02-04,2.9985888349805037,3,advisor_summarized
2023-02-05,2.882594647294331,3,advisor_summarized
2023-02-06,2.2887906708168266,3,advisor_summarized
2023-02-07,1.73082023761301,3,advisor_summarized
2023-02-08,1.2822568831776746,3,advisor_summarized
2023-02-09,0.8099754237507626,3,advisor_summarized
2023-02-10,0.48903226486511137,3,advisor_summarized
2023-02-11,2.180951528455616,3,advisor_summarized
2023-02-12,3.775849973930636,3,advisor_summarized
2023-02-13,3.6101404269739104,3,advisor_summarized
2023-02-14,3.089514333916602,3,advisor_summarized
2023-02-15,2.721154196813448,3,advisor_summarized
2023-02-16,2.3466990279810958,3,advisor_summarized
2023-02-17,1.9111183667807312,3,advisor_summarized
2023-02-18,1.9132532186669584,3,advisor_summarized
2023-02-19,1.6009806793498071,3,advisor_summarized
2023-02-20,1.1553537909969525,3,advisor_summarized
2023-02-21,0.66390431177809,3,advisor_summarized
2023-02-22,0.3484710166003269,3,advisor_summarized
2023-02-23,0.09969263002469304,3,advisor_summarized
2023-02-24,0.009892444197935906,3,advisor_summarized
2023-02-25,0,3,advisor_summarized
2023-02-26,0,3,advisor_summarized
2023-02-27,0,3,advisor_summarized
2023-02-28,0,3,advisor_summarized
2023-03-01,0,3,advisor_summarized
2023-03-02,0,3,advisor_summarized
2023-03-03,0,3,advisor_summarized
2023-03-04,0.04551138247855044,3,advisor_summarized
2023-03-05,6.296222719361853e-4,3,advisor_summarized
2023-03-06,0,3,advisor_summarized
2023-03-07,0,3,advisor_summarized
2023-03-08,0,3,advisor_summarized
2023-03-09,0,3,advisor_summarized
2023-03-10,0.002171084656366087,3,advisor_summarized
2023-03-11,1.3646952610828856e-4,3,advisor_summarized
2023-03-12,0.15438953946238934,3,advisor_summarized
2023-03-13,60.887469126713114,3,advisor_summarized
2023-03-14,69.1401792001867,3,advisor_summarized
2023-03-15,49.14428013587497,3,advisor_summarized
2023-03-16,39.56388067049903,3,advisor_summarized
2023-03-17,35.3700384023445,3,advisor_summarized
2023-03-18,31.996611871669703,3,advisor_summarized
2023-03-19,30.115254120877164,3,advisor_summarized
2023-03-20,27.24757968814698,3,advisor_summarized
2023-03-21,24.751633704743735,3,advisor_summarized
2023-03-22,23.40834919821153,3,advisor_summarized
2023-03-23,22.211893541216398,3,advisor_summarized
2023-03-24,21.21147569776846,3,advisor_summarized
2023-03-25,19.581823499294714,3,advisor_summarized
2023-03-26,18.877008197094614,3,advisor_summarized
2023-03-27,17.997035476964353,3,advisor_summarized
2023-03-28,19.72871952841069,3,advisor_summarized
2023-03-29,21.412860737206827,3,advisor_summarized
2023-03-30,19.730543215643422,3,advisor_summarized
2023-03-31,18.958207197536197,3,advisor_summarized
2023-04-01,18.38315214522859,3,advisor_summarized
2023-04-02,17.30560380477243,3,advisor_summarized
2023-04-03,16.409877633545133,3,advisor_summarized
2023-04-04,15.601690738693184,3,advisor_summarized
2023-04-05,14.390436735532809,3,advisor_summarized
2023-04-06,13.1961699595783,3,advisor_summarized
2023-04-07,12.065810475695784,3,advisor_summarized
2023-04-08,10.665435928361477,3,advisor_summarized
2023-04-09,9.632973933454496,3,advisor_summarized
2023-04-10,8.760791758485952,3,advisor_summarized
2023-04-11,8.138345789456055,3,advisor_summarized
2023-04-12,7.472195068302528,3,advisor_summarized
2023-04-13,6.138681817199823,3,advisor_summarized
2023-04-14,5.1165554852320705,3,advisor_summarized
2023-04-15,3.8729227039671605,3,advisor_summarized
2023-04-16,2.964118314261045,3,advisor_summarized
2023-04-17,2.011595283091774,3,advisor_summarized
2023-04-18,0.9534100319501913,3,advisor_summarized
2023-04-19,0.2852846780861386,3,advisor_summarized
2023-04-20,0.010641124582676695,3,advisor_summarized
2023-04-21,0,3,advisor_summarized
2023-04-22,0,3,advisor_summarized
2023-04-23,0,3,advisor_summarized
2023-04-24,0,3,advisor_summarized
2023-04-25,0,3,advisor_summarized
2023-04-26,6.555640207658469e-6,3,advisor_summarized
2023-04-27,0.00994474569988131,3,advisor_summarized
2023-04-28,0.010004730714446327,3,advisor_summarized
2023-04-29,0.0907547702613332,3,advisor_summarized
2023-04-30,0.08130466630318357,3,advisor_summarized
2023-05-01,0,3,advisor_summarized
2023-05-02,0,3,advisor_summarized
2023-05-03,0,3,advisor_summarized
2023-05-04,0,3,advisor_summarized
2023-05-05,0,3,advisor_summarized
2023-05-06,0,3,advisor_summarized
2023-05-07,0,3,advisor_summarized
2023-05-08,0,3,advisor_summarized
2023-05-09,0,3,advisor_summarized
2023-05-10,0,3,advisor_summarized
2023-05-11,0,3,advisor_summarized
2023-05-12,1.6344815742434882,3,advisor_summarized
2023-05-13,12.450533001504596,3,advisor_summarized
2023-05-14,10.249991189433745,3,advisor_summarized
2023-05-15,8.702039430730943,3,advisor_summarized
2023-05-16,7.726761092216559,3,advisor_summarized
2023-05-17,7.620167717727891,3,advisor_summarized
2023-05-18,7.486183907517024,3,advisor_summarized
2023-05-19,6.570205200839518,3,advisor_summarized
2023-05-20,5.447987867413517,3,advisor_summarized
2023-05-21,11.186412735484389,3,advisor_summarized
2023-05-22,45.32828153423761,3,advisor_summarized
2023-05-23,69.14463132385139,3,advisor_summarized
2023-05-24,44.20836502016176,3,advisor_summarized
2023-05-25,31.818568539545012,3,advisor_summarized
2023-05-26,26.91989738969076,3,advisor_summarized
2023-05-27,24.325121302413596,3,advisor_summarized
2023-05-28,22.320184943975438,3,advisor_summarized
2023-05-29,20.635420333132775,3,advisor_summarized
2023-05-30,19.8639381834893,3,advisor_summarized
2023-05-31,19.263515715077457,3,advisor_summarized
2023-06-01,4.774425775506282,3,advisor_summarized
2023-06-02,4.529562160577155,3,advisor_summarized
2023-06-03,4.125358368198457,3,advisor_summarized
2023-06-04,4.047359318460276,3,advisor_summarized
2023-06-05,4.109228045209597,3,advisor_summarized
2023-06-06,3.558129781806828,3,advisor_summarized
2023-06-07,2.936147369223208,3,advisor_summarized
2023-06-08,2.202324967373359,3,advisor_summarized
2023-06-09,1.7523167679347404,3,advisor_summarized
2023-06-10,1.5285932794464598,3,advisor_summarized
2023-06-11,1.1455316476496549,3,advisor_summarized
2023-06-12,0.7313139004759849,3,advisor_summarized
2023-06-13,0.39643333052960333,3,advisor_summarized
2023-06-14,0.18382097662674501,3,advisor_summarized
2023-06-15,0.9603449516800632,3,advisor_summarized
2023-06-16,4.935100816844899,3,advisor_summarized
2023-06-17,5.056122010431616,3,advisor_summarized
2023-06-18,5.732954294641954,3,advisor_summarized
2023-06-19,6.286247901334353,3,advisor_summarized
2023-06-20,7.273632384295941,3,advisor_summarized
2023-06-21,8.717596295747933,3,advisor_summarized
2023-06-22,16.882937201466046,3,advisor_summarized
2023-06-23,35.61663394015583,3,advisor_summarized
2023-06-24,37.768776371079106,3,advisor_summarized
2023-06-25,25.57805867919303,3,advisor_summarized
2023-06-26,15.440794010681815,3,advisor_summarized
2023-06-27,10.71398096223014,3,advisor_summarized
2023-06-28,8.941754113434708,3,advisor_summarized
2023-06-29,7.560918255265638,3,advisor_summarized
2023-06-30,6.7144869058716,3,advisor_summarized
2023-07-01,6.080754904487319,3,advisor_summarized
2023-07-02,5.534985773354813,3,advisor_summarized
2023-07-03,5.1837054304424806,3,advisor_summarized
2023-07-04,7.015012727511483,3,advisor_summarized
2023-07-05,6.650190806533767,3,advisor_summarized
2023-07-06,6.274507287293079,3,advisor_summarized
2023-07-07,10.318098715992233,3,advisor_summarized
2023-07-08,9.598082861373827,3,advisor_summarized
2023-07-09,9.278652899682594,3,advisor_summarized
2023-07-10,16.98349724925753,3,advisor_summarized
2023-07-11,28.159160821227236,3,advisor_summarized
2023-07-12,38.31428614832458,3,advisor_summarized
2023-07-13,32.98207488595444,3,advisor_summarized
2023-07-14,28.861034726007517,3,advisor_summarized
2023-07-15,24.94195515735301,3,advisor_summarized
2023-07-16,23.432478312177384,3,advisor_summarized
2023-07-17,20.520788800600553,3,advisor_summarized
2023-07-18,21.141296369618015,3,advisor_summarized
2023-07-19,16.2171357441423,3,advisor_summarized
2023-07-20,10.364930389833043,3,advisor_summarized
2023-07-21,8.385383446372982,3,advisor_summarized
2023-07-22,7.614250286148461,3,advisor_summarized
2023-07-23,7.42692594546541,3,advisor_summarized
2023-07-24,11.636231896197835,3,advisor_summarized
2023-07-25,12.767952931595138,3,advisor_summarized
2023-07-26,11.62003980538516,3,advisor_summarized
2023-07-27,9.940645591846163,3,advisor_summarized
2023-07-28,11.128248115438168,3,advisor_summarized
2023-07-29,16.645734698169694,3,advisor_summarized
2023-07-30,22.25702667333472,3,advisor_summarized
2023-07-31,120.7351516775146,3,advisor_summarized
2023-08-01,202.8814555031025,3,advisor_summarized
2023-08-02,426.88456163256615,3,advisor_summarized
2023-08-03,249.0036215145373,3,advisor_summarized
2023-08-04,174.76175193007398,3,advisor_summarized
2023-08-05,142.93586565100648,3,advisor_summarized
2023-08-06,118.21706180566025,3,advisor_summarized
2023-08-07,99.03946017956879,3,advisor_summarized
2023-08-08,83.98984305487345,3,advisor_summarized
2023-08-09,72.57413019419756,3,advisor_summarized
2023-08-10,66.3535704502592,3,advisor_summarized
2023-08-11,60.275989853978665,3,advisor_summarized
2023-08-12,52.71119224962459,3,advisor_summarized
2023-08-13,46.697485649928126,3,advisor_summarized
2023-08-14,65.21122757448197,3,advisor_summarized
2023-08-15,115.2004149494464,3,advisor_summarized
2023-08-16,114.46316447780782,3,advisor_summarized
2023-08-17,114.57836899205482,3,advisor_summarized
2023-08-18,127.86029089131814,3,advisor_summarized
2023-08-19,110.94476469431402,3,advisor_summarized
2023-08-20,113.71270323949484,3,advisor_summarized
2023-08-21,122.38556348181787,3,advisor_summarized
2023-08-22,106.17940222355281,3,advisor_summarized
2023-08-23,94.94785815098409,3,advisor_summarized
2023-08-24,86.67259394606317,3,advisor_summarized
2023-08-25,79.96342406860263,3,advisor_summarized
2023-08-26,80.75086346164032,3,advisor_summarized
2023-08-27,69.9622298730621,3,advisor_summarized
2023-08-28,59.45518517051065,3,advisor_summarized
2023-08-29,55.15087363677071,3,advisor_summarized
2023-08-30,125.91591189105077,3,advisor_summarized
2023-08-31,134.1865446638606,3,advisor_summarized
2023-09-01,114.2930550786245,3,advisor_summarized
2023-09-02,108.57496507082959,3,advisor_summarized
2023-09-03,101.01185286451822,3,advisor_summarized
2023-09-04,90.6784140033069,3,advisor_summarized
2023-09-05,78.22013348748996,3,advisor_summarized
2023-09-06,65.7561435820419,3,advisor_summarized
2023-09-07,54.81002799975929,3,advisor_summarized
2023-09-08,46.984190001118805,3,advisor_summarized
2023-09-09,41.6566300881344,3,advisor_summarized
2023-09-10,37.161674915317725,3,advisor_summarized
2023-09-11,41.966213469705544,3,advisor_summarized
2023-09-12,68.2979573291079,3,advisor_summarized
2023-09-13,64.77750003499666,3,advisor_summarized
2023-09-14,57.181405272401484,3,advisor_summarized
2023-09-15,77.20076993230072,3,advisor_summarized
2023-09-16,71.7773356114086,3,advisor_summarized
2023-09-17,66.91764587602385,3,advisor_summarized
2023-09-18,66.59639490990445,3,advisor_summarized
2023-09-19,56.55295168875787,3,advisor_summarized
2023-09-20,48.97950848009484,3,advisor_summarized
2023-09-21,44.546146644494485,3,advisor_summarized
2023-09-22,44.25599984987474,3,advisor_summarized
2023-09-23,36.70416481451755,3,advisor_summarized
2023-09-24,33.00083584458593,3,advisor_summarized
2023-09-25,29.642848720425196,3,advisor_summarized
2023-09-26,52.51914940423194,3,advisor_summarized
2023-09-27,99.86363706755462,3,advisor_summarized
2023-09-28,85.15818457493265,3,advisor_summarized
2023-09-29,73.86449001919253,3,advisor_summarized
2023-09-30,65.56375079613352,3,advisor_summarized
2023-10-01,58.98973892045129,3,advisor_summarized
2023-10-02,51.912502665449836,3,advisor_summarized
2023-10-03,45.07628924390023,3,advisor_summarized
2023-10-04,41.71573724761234,3,advisor_summarized
2023-10-05,38.776104412437775,3,advisor_summarized
2023-10-06,36.42706301169181,3,advisor_summarized
2023-10-07,34.71535435637438,3,advisor_summarized
2023-10-08,31.25008770996566,3,advisor_summarized
2023-10-09,27.862893457869536,3,advisor_summarized
2023-10-10,24.759543573510246,3,advisor_summarized
2023-10-11,23.11547054877275,3,advisor_summarized
2023-10-12,116.53933600427337,3,advisor_summarized
2023-10-13,132.08371588659367,3,advisor_summarized
2023-10-14,109.114794157102,3,advisor_summarized
2023-10-15,91.62792634949193,3,advisor_summarized
2023-10-16,77.98175740268378,3,advisor_summarized
2023-10-17,68.05320539093661,3,advisor_summarized
2023-10-18,58.702768416098145,3,advisor_summarized
2023-10-19,51.55911444510003,3,advisor_summarized
2023-10-20,46.78949111355201,3,advisor_summarized
2023-10-21,42.9947330537664,3,advisor_summarized
2023-10-22,38.237900587958755,3,advisor_summarized
2023-10-23,35.848326753388505,3,advisor_summarized
2023-10-24,33.186151120967565,3,advisor_summarized
2023-10-25,31.288814914028872,3,advisor_summarized
2023-10-26,29.805604996095052,3,advisor_summarized
2023-10-27,28.03186160669708,3,advisor_summarized
2023-10-28,26.41580627611899,3,advisor_summarized
2023-10-29,25.71142784466336,3,advisor_summarized
2023-10-30,24.612774856121632,3,advisor_summarized
2023-10-31,23.84603457084424,3,advisor_summarized
2023-11-01,22.47772566781975,3,advisor_summarized
2023-11-02,19.376604392076,3,advisor_summarized
2023-11-03,18.017308941177607,3,advisor_summarized
2023-11-04,16.24973325041676,3,advisor_summarized
2023-11-05,13.65791751137082,3,advisor_summarized
2023-11-06,10.746371746508123,3,advisor_summarized
2023-11-07,8.862224386374212,3,advisor_summarized
2023-11-08,7.671404042297461,3,advisor_summarized
2023-11-09,6.389688769647164,3,advisor_summarized
2023-11-10,5.521000080971567,3,advisor_summarized
2023-11-11,5.054551398910841,3,advisor_summarized
2023-11-12,4.998478437140503,3,advisor_summarized
2023-11-13,4.835256440710198,3,advisor_summarized
2023-11-14,4.9016098733114255,3,advisor_summarized
2023-11-15,7.870883191415828,3,advisor_summarized
2023-11-16,12.599689874362113,3,advisor_summarized
2023-11-17,20.062443720324826,3,advisor_summarized
2023-11-18,24.251508665352432,3,advisor_summarized
2023-11-19,21.99551912637597,3,advisor_summarized
2023-11-20,19.252985304575017,3,advisor_summarized
2023-11-21,17.34061641964814,3,advisor_summarized
2023-11-22,17.323477647349833,3,advisor_summarized
2023-11-23,19.08232720440352,3,advisor_summarized
2023-11-24,18.18495136340692,3,advisor_summarized
2023-11-25,17.742166909038076,3,advisor_summarized
2023-11-26,23.829030299201307,3,advisor_summarized
2023-11-27,53.69470291494097,3,advisor_summarized
2023-11-28,45.55564980708035,3,advisor_summarized
2023-11-29,38.17649929154074,3,advisor_summarized
2023-11-30,33.82789119480486,3,advisor_summarized
2023-12-01,31.229001299414346,3,advisor_summarized
2023-12-02,30.003237119363707,3,advisor_summarized
2023-12-03,32.094493001144016,3,advisor_summarized
2023-12-04,35.936890142943184,3,advisor_summarized
2023-12-05,34.241500700649084,3,advisor_summarized
2023-12-06,29.87575185470391,3,advisor_summarized
2023-12-07,27.66186323621559,3,advisor_summarized
2023-12-08,26.415033950809416,3,advisor_summarized
2023-12-09,25.818631573427197,3,advisor_summarized
2023-12-10,27.884650353794814,3,advisor_summarized
2023-12-11,53.28733906530147,3,advisor_summarized
2023-12-12,48.82564537307339,3,advisor_summarized
2023-12-13,45.13617656077088,3,advisor_summarized
2023-12-14,42.77698446027252,3,advisor_summarized
2023-12-15,41.49886032961903,3,advisor_summarized
2023-12-16,41.77904412141856,3,advisor_summarized
2023-12-17,398.6160558693732,3,advisor_summarized
2023-12-18,401.3665259012924,3,advisor_summarized
2023-12-19,300.95167633681626,3,advisor_summarized
2023-12-20,232.51743563386765,3,advisor_summarized
2023-12-21,194.49703124402004,3,advisor_summarized
2023-12-22,169.8297112778666,3,advisor_summarized
2023-12-23,152.76981048873782,3,advisor_summarized
2023-12-24,137.00613982276982,3,advisor_summarized
2023-12-25,131.0765806069506,3,advisor_summarized
2023-12-26,128.45260623398164,3,advisor_summarized
2023-12-27,119.64732421141086,3,advisor_summarized
2023-12-28,111.462822200605,3,advisor_summarized
2023-12-29,105.05880650742917,3,advisor_summarized
2023-12-30,93.77498140454992,3,advisor_summarized
2023-12-31,58.364666391146976,3,advisor_summarized
2024-01-01,54.966409046543625,3,advisor_summarized
2024-01-02,51.33448769299782,3,advisor_summarized
2024-01-03,47.93902910682206,3,advisor_summarized
2024-01-04,48.84048594641499,3,advisor_summarized
2024-01-05,45.98128567435426,3,advisor_summarized
2024-01-06,56.22710003169212,3,advisor_summarized
2024-01-07,58.65384112566556,3,advisor_summarized
2024-01-08,54.33819528913796,3,advisor_summarized
2024-01-09,72.74942550971792,3,advisor_summarized
2024-01-10,120.14109403226871,3,advisor_summarized
2024-01-11,103.21487109346883,3,advisor_summarized
2024-01-12,92.58490865370936,3,advisor_summarized
2024-01-13,87.33043071460288,3,advisor_summarized
2024-01-14,76.34847264579436,3,advisor_summarized
2024-01-15,69.94710166675863,3,advisor_summarized
2024-01-16,71.18204982670419,3,advisor_summarized
2024-01-17,70.01487083003624,3,advisor_summarized
2024-01-18,63.52753889463961,3,advisor_summarized
2024-01-19,61.11147745804064,3,advisor_summarized
2024-01-20,57.84132023407857,3,advisor_summarized
2024-01-21,53.38992340013656,3,advisor_summarized
2024-01-22,50.7226998252161,3,advisor_summarized
2024-01-23,49.1106941204117,3,advisor_summarized
2024-01-24,47.33265534392587,3,advisor_summarized
2024-01-25,45.390768783492064,3,advisor_summarized
2024-01-26,87.5863422461898,3,advisor_summarized
2024-01-27,90.35958964699132,3,advisor_summarized
2024-01-28,80.53696187523431,3,advisor_summarized
2024-01-29,70.33600475356536,3,advisor_summarized
2024-01-30,62.28715931360936,3,advisor_summarized
2024-01-31,57.02748477437918,3,advisor_summarized
2024-02-01,52.14681715693487,3,advisor_summarized
2024-02-02,48.87219714094136,3,advisor_summarized
2024-02-03,45.41617615683247,3,advisor_summarized
2024-02-04,47.761560228812726,3,advisor_summarized
2024-02-05,50.993075749689886,3,advisor_summarized
2024-02-06,47.56443494046878,3,advisor_summarized
2024-02-07,43.143721143655846,3,advisor_summarized
2024-02-08,40.485752905547265,3,advisor_summarized
2024-02-09,39.235983570932824,3,advisor_summarized
2024-02-10,37.77538464366381,3,advisor_summarized
2024-02-11,36.10938414021255,3,advisor_summarized
2024-02-12,36.04930874207661,3,advisor_summarized
2024-02-13,38.24322346309108,3,advisor_summarized
2024-02-14,34.96930929379537,3,advisor_summarized
2024-02-15,32.99877417374807,3,advisor_summarized
2024-02-16,32.29734773416498,3,advisor_summarized
2024-02-17,33.786099663971434,3,advisor_summarized
2024-02-18,74.50769756380474,3,advisor_summarized
2024-02-19,85.53708131636472,3,advisor_summarized
2024-02-20,72.30796064526626,3,advisor_summarized
2024-02-21,62.62420988719421,3,advisor_summarized
2024-02-22,55.701725333696196,3,advisor_summarized
2024-02-23,51.64132395562765,3,advisor_summarized
2024-02-24,49.578781016825154,3,advisor_summarized
2024-02-25,45.58279336282042,3,advisor_summarized
2024-02-26,41.7395520844801,3,advisor_summarized
2024-02-27,39.80101007906689,3,advisor_summarized
2024-02-28,37.77039573853015,3,advisor_summarized
2024-02-29,35.90222714110468,3,advisor_summarized
2024-03-01,34.371634711209424,3,advisor_summarized
2024-03-02,34.84278791927256,3,advisor_summarized
2024-03-03,49.96308710014774,3,advisor_summarized
2024-03-04,91.9090362341927,3,advisor_summarized
2024-03-05,86.70459774938207,3,advisor_summarized
2024-03-06,103.66642758304926,3,advisor_summarized
2024-03-07,99.72091199738152,3,advisor_summarized
2024-03-08,89.17978691078507,3,advisor_summarized
2024-03-09,82.45298939619094,3,advisor_summarized
2024-03-10,101.56568181125105,3,advisor_summarized
2024-03-11,93.55220382991843,3,advisor_summarized
2024-03-12,82.6532608975463,3,advisor_summarized
2024-03-13,75.41339756077828,3,advisor_summarized
2024-03-14,68.90772183448503,3,advisor_summarized
2024-03-15,62.671515014750945,3,advisor_summarized
2024-03-16,57.78370050027552,3,advisor_summarized
2024-03-17,53.359439196845905,3,advisor_summarized
2024-03-18,51.353990860076756,3,advisor_summarized
2024-03-19,48.81267450390079,3,advisor_summarized
2024-03-20,44.18713211167829,3,advisor_summarized
2024-03-21,40.5417197425377,3,advisor_summarized
2024-03-22,46.82381695162908,3,advisor_summarized
2024-03-23,59.28757246266479,3,advisor_summarized
2024-03-24,64.98708260099785,3,advisor_summarized
2024-03-25,58.300625852849485,3,advisor_summarized
2024-03-26,52.219765312896975,3,advisor_summarized
2024-03-27,50.57393760158026,3,advisor_summarized
2024-03-28,60.36705204349195,3,advisor_summarized
2024-03-29,57.81834419113619,3,advisor_summarized
2024-03-30,50.65227759807548,3,advisor_summarized
2024-03-31,45.96544051308364,3,advisor_summarized
2024-04-01,41.949051047620685,3,advisor_summarized
2024-04-02,38.52151932930507,3,advisor_summarized
2024-04-03,69.95720807769561,3,advisor_summarized
2024-04-04,110.88442010134399,3,advisor_summarized
2024-04-05,93.54820500218402,3,advisor_summarized
2024-04-06,79.13571632072957,3,advisor_summarized
2024-04-07,67.2774975271201,3,advisor_summarized
2024-04-08,58.52005559912889,3,advisor_summarized
2024-04-09,51.584775778630956,3,advisor_summarized
2024-04-10,46.39554363032979,3,advisor_summarized
2024-04-11,51.070820401261194,3,advisor_summarized
2024-04-12,57.14822288812983,3,advisor_summarized
2024-04-13,49.56277395940564,3,advisor_summarized
2024-04-14,43.857500790523794,3,advisor_summarized
2024-04-15,39.93624725943129,3,advisor_summarized
2024-04-16,36.35147464078636,3,advisor_summarized
2024-04-17,33.43776002985041,3,advisor_summarized
2024-04-18,28.64413368604897,3,advisor_summarized
2024-04-19,22.76800109228071,3,advisor_summarized
2024-04-20,19.408690055200655,3,advisor_summarized
2024-04-21,13.615405899748536,3,advisor_summarized
2024-04-22,21.330967467957013,3,advisor_summarized
2024-04-23,25.211023361563235,3,advisor_summarized
2024-04-24,18.953331579394526,3,advisor_summarized
2024-04-25,14.655555469191299,3,advisor_summarized
2024-04-26,14.143291634314293,3,advisor_summarized
2024-04-27,16.103495134768217,3,advisor_summarized
2024-04-28,13.204337408949568,3,advisor_summarized
2024-04-29,7.001681429470646,3,advisor_summarized
2024-04-30,3.3566591088812907,3,advisor_summarized
2024-05-01,1.7072125692841207,3,advisor_summarized
2024-05-02,1.0814025554572206,3,advisor_summarized
2024-05-03,1.3192987138016696,3,advisor_summarized
2024-05-04,1.1800411362808345,3,advisor_summarized
2024-05-05,1.0425741246373847,3,advisor_summarized
2024-05-06,1.1518998620094882,3,advisor_summarized
2024-05-07,0.2888141050000846,3,advisor_summarized
2024-05-08,0.06298315663000441,3,advisor_summarized
2024-05-09,0.004589806233989723,3,advisor_summarized
2024-05-10,0.0037706571112053784,3,advisor_summarized
2024-05-11,0.01556611130957023,3,advisor_summarized
2024-05-12,0.12025097648952837,3,advisor_summarized
2024-05-13,0.14916460977691548,3,advisor_summarized
2024-05-14,2.9380502403337494,3,advisor_summarized
2024-05-15,2.450145185614412,3,advisor_summarized
2024-05-16,2.311812529456897,3,advisor_summarized
2024-05-17,1.9669211085931442,3,advisor_summarized
2024-05-18,13.736103675660992,3,advisor_summarized
2024-05-19,21.58018216446793,3,advisor_summarized
2024-05-20,24.674535266867576,3,advisor_summarized
2024-05-21,23.002881904323853,3,advisor_summarized
2024-05-22,17.248286536212735,3,advisor_summarized
2024-05-23,16.937036365283475,3,advisor_summarized
2024-05-24,17.284805641432982,3,advisor_summarized
2024-05-25,16.179569366327073,3,advisor_summarized
2024-05-26,12.776266221883356,3,advisor_summarized
2024-05-27,9.003401367363546,3,advisor_summarized
2024-05-28,6.208415538625826,3,advisor_summarized
2024-05-29,6.956714089651005,3,advisor_summarized
2024-05-30,4.221507310077111,3,advisor_summarized
2024-05-31,1.5601431272636894,3,advisor_summarized
2024-06-01,0.9251523738110334,3,advisor_summarized
2024-06-02,0.444234721516704,3,advisor_summarized
2024-06-03,0.1526312339888784,3,advisor_summarized
2024-06-04,0.020707666860983933,3,advisor_summarized
2024-06-05,3.730038469069343e-4,3,advisor_summarized
2024-06-06,2.260726503739979e-5,3,advisor_summarized
2024-06-07,0,3,advisor_summarized
2024-06-08,0,3,advisor_summarized
2024-06-09,0,3,advisor_summarized
2024-06-10,0,3,advisor_summarized
2024-06-11,0,3,advisor_summarized
2024-06-12,0,3,advisor_summarized
2024-06-13,0,3,advisor_summarized
2024-06-14,0,3,advisor_summarized
2024-06-15,0,3,advisor_summarized
2024-06-16,0,3,advisor_summarized
2024-06-17,0,3,advisor_summarized
2024-06-18,0,3,advisor_summarized
2024-06-19,0,3,advisor_summarized
2024-06-20,0,3,advisor_summarized
2024-06-21,0,3,advisor_summarized
2024-06-22,0,3,advisor_summarized
2024-06-23,1.4336080839245997e-4,3,advisor_summarized
2024-06-24,0.1415338178731598,3,advisor_summarized
2024-06-25,11.538002445521995,3,advisor_summarized
2024-06-26,29.28043529124247,3,advisor_summarized
2024-06-27,28.43703820279192,3,advisor_summarized
2024-06-28,28.459158005204838,3,advisor_summarized
2024-06-29,29.193748850168166,3,advisor_summarized
2024-06-30,28.888651204622974,3,advisor_summarized
2024-07-01,39.42505180280913,3,advisor_summarized
2024-07-02,41.14442978714947,3,advisor_summarized
2024-07-03,35.397081433500524,3,advisor_summarized
2024-07-04,31.08181595241516,3,advisor_summarized
2024-07-05,28.310096525821887,3,advisor_summarized
2024-07-06,26.618768529816418,3,advisor_summarized
2024-07-07,27.930296045197704,3,advisor_summarized
2024-07-08,37.52155070570772,3,advisor_summarized
2024-07-09,42.63915636945698,3,advisor_summarized
2024-07-10,41.315699597144196,3,advisor_summarized
2024-07-11,53.37853120510409,3,advisor_summarized
2024-07-12,42.097112507766916,3,advisor_summarized
2024-07-13,32.16175136858555,3,advisor_summarized
2024-07-14,27.242750854138283,3,advisor_summarized
2024-07-15,24.925628376940264,3,advisor_summarized
2024-07-16,23.44784119403379,3,advisor_summarized
2024-07-17,24.372212139333126,3,advisor_summarized
2024-07-18,22.46138047427713,3,advisor_summarized
2024-07-19,21.107875319316722,3,advisor_summarized
2024-07-20,20.033171825299586,3,advisor_summarized
2024-07-21,19.144598905169037,3,advisor_summarized
2024-07-22,18.230226808598985,3,advisor_summarized
2024-07-23,18.15506052824242,3,advisor_summarized
2024-07-24,37.418892285468424,3,advisor_summarized
2024-07-25,40.34825563665117,3,advisor_summarized
2024-07-26,46.48995212319497,3,advisor_summarized
2024-07-27,47.40637784889188,3,advisor_summarized
2024-07-28,51.76373563293132,3,advisor_summarized
2024-07-29,69.75035829467606,3,advisor_summarized
2024-07-30,61.98759764129139,3,advisor_summarized
2024-07-31,51.543642546137896,3,advisor_summarized
2024-08-01,41.26914435597846,3,advisor_summarized
2024-08-02,55.91321154134582,3,advisor_summarized
2024-08-03,71.86442181516944,3,advisor_summarized
2024-08-04,59.967728500567,3,advisor_summarized
2024-08-05,633.4649178036476,3,advisor_summarized
2024-08-06,622.9882093352643,3,advisor_summarized
2024-08-07,424.7464248917038,3,advisor_summarized
2024-08-08,378.4796515952099,3,advisor_summarized
2024-08-09,346.26994836142404,3,advisor_summarized
2024-08-10,294.63017409482177,3,advisor_summarized
2024-08-11,228.5812949847659,3,advisor_summarized
2024-08-12,178.07913541720677,3,advisor_summarized
2024-08-13,148.650947767793,3,advisor_summarized
2024-08-14,123.94112243506254,3,advisor_summarized
2024-08-15,108.97914937631465,3,advisor_summarized
2024-08-16,97.36226396887014,3,advisor_summarized
2024-08-17,86.46463792153823,3,advisor_summarized
2024-08-18,76.04742907640393,3,advisor_summarized
2024-08-19,68.3173097311582,3,advisor_summarized
2024-08-20,62.28970372646182,3,advisor_summarized
2024-08-21,56.24835982711489,3,advisor_summarized
2024-08-22,51.63446417526789,3,advisor_summarized
2024-08-23,51.124259150242466,3,advisor_summarized
2024-08-24,56.377453420893424,3,advisor_summarized
2024-08-25,47.13534303765888,3,advisor_summarized
2024-08-26,43.561559442235165,3,advisor_summarized
2024-08-27,56.06810795995932,3,advisor_summarized
2024-08-28,67.94535583391418,3,advisor_summarized
2024-08-29,56.11252687742174,3,advisor_summarized
2024-08-30,49.500379926442946,3,advisor_summarized
2024-08-31,43.99829785698156,3,advisor_summarized
2024-09-01,39.94040739778405,3,advisor_summarized
2024-09-02,37.51132183966444,3,advisor_summarized
2024-09-03,35.13476662673312,3,advisor_summarized
2024-09-04,33.80797824375044,3,advisor_summarized
2024-09-05,37.86066554055271,3,advisor_summarized
2024-09-06,34.837874242952935,3,advisor_summarized
2024-09-07,35.59117566190701,3,advisor_summarized
2024-09-08,56.52802918482083,3,advisor_summarized
2024-09-09,61.29761738053989,3,advisor_summarized
2024-09-10,60.47535309459312,3,advisor_summarized
2024-09-11,59.25266893679767,3,advisor_summarized
2024-09-12,100.47403895343804,3,advisor_summarized
2024-09-13,188.85701372793278,3,advisor_summarized
2024-09-14,138.51483066145275,3,advisor_summarized
2024-09-15,105.8151138324427,3,advisor_summarized
2024-09-16,91.36899958693796,3,advisor_summarized
2024-09-17,80.34492045583688,3,advisor_summarized
2024-09-18,71.70630775787909,3,advisor_summarized
2024-09-19,70.48176215362928,3,advisor_summarized
2024-09-20,64.49843051109555,3,advisor_summarized
2024-09-21,58.741429576669304,3,advisor_summarized
2024-09-22,53.59167701495098,3,advisor_summarized
2024-09-23,49.498581716028944,3,advisor_summarized
2024-09-24,46.200718587086136,3,advisor_summarized
2024-09-25,43.80900619634838,3,advisor_summarized
2024-09-26,44.891094018968204,3,advisor_summarized
2024-09-27,65.99040795177702,3,advisor_summarized
2024-09-28,59.34167690547477,3,advisor_summarized
2024-09-29,53.4620483209826,3,advisor_summarized
2024-09-30,47.97826181104659,3,advisor_summarized
2024-10-01,52.9568325703083,3,advisor_summarized
2024-10-02,46.06092494928396,3,advisor_summarized
2024-10-03,41.0670820209622,3,advisor_summarized
2024-10-04,38.14897842445696,3,advisor_summarized
2024-10-05,36.37468628943902,3,advisor_summarized
2024-10-06,54.74796241517003,3,advisor_summarized
2024-10-07,70.9171160164085,3,advisor_summarized
2024-10-08,63.99314085254878,3,advisor_summarized
2024-10-09,74.6189589888425,3,advisor_summarized
2024-10-10,156.3458726188674,3,advisor_summarized
2024-10-11,120.58930167773276,3,advisor_summarized
2024-10-12,92.50843342366102,3,advisor_summarized
2024-10-13,77.18622859284946,3,advisor_summarized
2024-10-14,66.34775701928493,3,advisor_summarized
2024-10-15,59.021356284907604,3,advisor_summarized
2024-10-16,52.86459782810228,3,advisor_summarized
2024-10-17,47.6786040026548,3,advisor_summarized
2024-10-18,44.46608565982015,3,advisor_summarized
2024-10-19,41.42474081572524,3,advisor_summarized
2024-10-20,39.457583078163516,3,advisor_summarized
2024-10-21,37.63865624090439,3,advisor_summarized
2024-10-22,36.00269447080108,3,advisor_summarized
2024-10-23,34.539292131226325,3,advisor_summarized
2024-10-24,32.78737706683916,3,advisor_summarized
2024-10-25,30.81379220588607,3,advisor_summarized
2024-10-26,29.0849245426956,3,advisor_summarized
2024-10-27,27.79291777674064,3,advisor_summarized
2024-10-28,26.84754702223398,3,advisor_summarized
2024-10-29,26.29200732712231,3,advisor_summarized
2024-10-30,26.34948521258141,3,advisor_summarized
2024-10-31,25.06910500888453,3,advisor_summarized
2024-11-01,23.83922753010511,3,advisor_summarized
2024-11-02,22.76129541024064,3,advisor_summarized
2024-11-03,22.05495604514593,3,advisor_summarized
2024-11-04,20.95125159700825,3,advisor_summarized
2024-11-05,20.787869274448553,3,advisor_summarized
2024-11-06,20.200304745596473,3,advisor_summarized
2024-11-07,21.59410280155045,3,advisor_summarized
2024-11-08,22.18148279924743,3,advisor_summarized
2024-11-09,21.239731997564714,3,advisor_summarized
2024-11-10,20.968370113797473,3,advisor_summarized
2024-11-11,22.553434911101075,3,advisor_summarized
2024-11-12,20.591446929889887,3,advisor_summarized
2024-11-13,18.55211792302534,3,advisor_summarized
2024-11-14,16.97393521157049,3,advisor_summarized
2024-11-15,16.381575150500606,3,advisor_summarized
2024-11-16,15.42989862911812,3,advisor_summarized
2024-11-17,14.48133001662328,3,advisor_summarized
2024-11-18,13.754817880736304,3,advisor_summarized
2024-11-19,12.831594924166064,3,advisor_summarized
2024-11-20,12.355620785805963,3,advisor_summarized
2024-11-21,11.806952879165257,3,advisor_summarized
2024-11-22,10.249401317965338,3,advisor_summarized
2024-11-23,8.955686432679558,3,advisor_summarized
2024-11-24,7.950835618712173,3,advisor_summarized
2024-11-25,7.2177444442657475,3,advisor_summarized
2024-11-26,6.549120023497395,3,advisor_summarized
2024-11-27,6.152430580649406,3,advisor_summarized
2024-11-28,5.573804148260781,3,advisor_summarized
2024-11-29,5.1926112934490964,3,advisor_summarized
2024-11-30,4.37037827974324,3,advisor_summarized
2024-12-01,3.913524852987863,3,advisor_summarized
2024-12-02,3.6247779032225687,3,advisor_summarized
2024-12-03,3.226801507016779,3,advisor_summarized
2024-12-04,2.7396666354881476,3,advisor_summarized
2024-12-05,2.3803629344956794,3,advisor_summarized
2024-12-06,2.171106653389459,3,advisor_summarized
2024-12-07,1.691452318515345,3,advisor_summarized
2024-12-08,1.4207787300704193,3,advisor_summarized
2024-12-09,1.1879084030569005,3,advisor_summarized
2024-12-10,0.9743755260677851,3,advisor_summarized
2024-12-11,1.679414186039989,3,advisor_summarized
2024-12-12,2.0515878538177272,3,advisor_summarized
2024-12-13,1.9094214789801116,3,advisor_summarized
2024-12-14,1.773865483730134,3,advisor_summarized
2024-12-15,1.5353480495477871,3,advisor_summarized
2024-12-16,1.2989078065875732,3,advisor_summarized
2024-12-17,1.1259045713454754,3,advisor_summarized
2024-12-18,0.9814597659803489,3,advisor_summarized
2024-12-19,0.8586194356635274,3,advisor_summarized
2024-12-20,0.6390791104463792,3,advisor_summarized
2024-12-21,0.40871610744083003,3,advisor_summarized
2024-12-22,0.2673728335526023,3,advisor_summarized
2024-12-23,0.16450398836381963,3,advisor_summarized
2024-12-24,0.11912100074617567,3,advisor_summarized
2024-12-25,0.072129498079365445,3,advisor_summarized
2024-12-26,0.03544851430932229,3,advisor_summarized
2024-12-27,0.022524203990110448,3,advisor_summarized
2024-12-28,0.007925281247425116,3,advisor_summarized
2024-12-29,0.07235278782409843,3,advisor_summarized
2024-12-30,0.16915129758095512,3,advisor_summarized
2024-12-31,0.11070399043326352,3,advisor_summarized
2025-01-01,0.055371805031559355,3,advisor_summarized
2025-01-02,0.008063303809041293,3,advisor_summarized
2025-01-03,9.259403947883734e-5,3,advisor_summarized
2025-01-04,0,3,advisor_summarized
2025-01-05,0,3,advisor_summarized
2025-01-06,0,3,advisor_summarized
2025-01-07,0,3,advisor_summarized
2025-01-08,0,3,advisor_summarized
2025-01-09,0,3,advisor_summarized
2025-01-10,0,3,advisor_summarized
2025-01-11,0,3,advisor_summarized
2025-01-12,0,3,advisor_summarized
2025-01-13,0,3,advisor_summarized
2025-01-14,0,3,advisor_summarized
2025-01-15,0,3,advisor_summarized
2025-01-16,0,3,advisor_summarized
2025-01-17,0,3,advisor_summarized
2025-01-18,0,3,advisor_summarized
2025-01-19,47.03897076500714,3,advisor_summarized
2025-01-20,71.63135953020726,3,advisor_summarized
2025-01-21,60.85833232326076,3,advisor_summarized
2025-01-22,111.31276465192731,3,advisor_summarized
2025-01-23,106.63648310601157,3,advisor_summarized
2025-01-24,94.64257644129948,3,advisor_summarized
2025-01-25,86.12703291682537,3,advisor_summarized
2025-01-26,80.38783927570046,3,advisor_summarized
2025-01-27,78.64578257551858,3,advisor_summarized
2025-01-28,74.23474914698117,3,advisor_summarized
2025-01-29,69.56174463534303,3,advisor_summarized
2025-01-30,66.4811341769393,3,advisor_summarized
2025-01-31,62.76967744794405,3,advisor_summarized
2025-02-01,60.176160413917074,3,advisor_summarized
2025-02-02,57.433839962671215,3,advisor_summarized
2025-02-03,55.71137582944858,3,advisor_summarized
2025-02-04,53.22317768791328,3,advisor_summarized
2025-02-05,50.261020059173596,3,advisor_summarized
2025-02-06,47.141231939934094,3,advisor_summarized
2025-02-07,44.23576309053028,3,advisor_summarized
2025-02-08,41.88991035614627,3,advisor_summarized
2025-02-09,39.47515355824198,3,advisor_summarized
2025-02-10,38.147360581697214,3,advisor_summarized
2025-02-11,37.52182099050912,3,advisor_summarized
2025-02-12,36.285413729420554,3,advisor_summarized
2025-02-13,37.04337045753207,3,advisor_summarized
2025-02-14,53.381897584037944,3,advisor_summarized
2025-02-15,51.647062736619525,3,advisor_summarized
2025-02-16,51.892544949715216,3,advisor_summarized
2025-02-17,55.3937175962913,3,advisor_summarized
2025-02-18,51.80381034930125,3,advisor_summarized
2025-02-19,59.280598583063174,3,advisor_summarized
2025-02-20,67.2835007356534,3,advisor_summarized
2025-02-21,63.202655593172274,3,advisor_summarized
2025-02-22,59.31300505326693,3,advisor_summarized
2025-02-23,56.947504630321326,3,advisor_summarized
2025-02-24,59.64494974156531,3,advisor_summarized
2025-02-25,64.86475527032299,3,advisor_summarized
2025-02-26,62.19279214561208,3,advisor_summarized
2025-02-27,58.44138287982256,3,advisor_summarized
2025-02-28,54.72870564477504,3,advisor_summarized
2025-03-01,50.79881751193194,3,advisor_summarized
2025-03-02,47.57720652106664,3,advisor_summarized
2025-03-03,43.519231206272906,3,advisor_summarized
2025-03-04,40.59256800472128,3,advisor_summarized
2025-03-05,39.714188308531455,3,advisor_summarized
2025-03-06,40.05877413659507,3,advisor_summarized
2025-03-07,35.47045849154066,3,advisor_summarized
2025-03-08,33.49023144686671,3,advisor_summarized
2025-03-09,48.35967943556386,3,advisor_summarized
2025-03-10,95.3360731536924,3,advisor_summarized
2025-03-11,92.22807160674897,3,advisor_summarized
2025-03-12,82.38068198885732,3,advisor_summarized
2025-03-13,74.91286609576497,3,advisor_summarized
2025-03-14,69.08104664105169,3,advisor_summarized
2025-03-15,63.91574956549886,3,advisor_summarized
2025-03-16,62.083028589282414,3,advisor_summarized
2025-03-17,65.24617981780513,3,advisor_summarized
2025-03-18,59.19811916202189,3,advisor_summarized
2025-03-19,54.61906338712623,3,advisor_summarized
2025-03-20,50.785157249735754,3,advisor_summarized
2025-03-21,46.05980111452764,3,advisor_summarized
2025-03-22,42.37839809731988,3,advisor_summarized
2025-03-23,39.11266779680997,3,advisor_summarized
2025-03-24,35.5660948770525,3,advisor_summarized
2025-03-25,33.813405503672506,3,advisor_summarized
2025-03-26,30.651160149353288,3,advisor_summarized
2025-03-27,27.686005826818658,3,advisor_summarized
2025-03-28,25.012668745583273,3,advisor_summarized
2025-03-29,23.02965975710904,3,advisor_summarized
2025-03-30,34.39604682119741,3,advisor_summarized
2025-03-31,61.97670400016932,3,advisor_summarized
2025-04-01,55.461421491731294,3,advisor_summarized
2025-04-02,50.25538055781332,3,advisor_summarized
2025-04-03,45.06132263099119,3,advisor_summarized
2025-04-04,39.61233321402913,3,advisor_summarized
2025-04-05,34.65146017623998,3,advisor_summarized
2025-04-06,30.164667222762432,3,advisor_summarized
2025-04-07,26.787581777134033,3,advisor_summarized
2025-04-08,26.94553088223969,3,advisor_summarized
2025-04-09,23.962069043055298,3,advisor_summarized
2025-04-10,19.73235469667048,3,advisor_summarized
2025-04-11,18.64317248552444,3,advisor_summarized
2025-04-12,31.677160318420913,3,advisor_summarized
2025-04-13,28.945822280537996,3,advisor_summarized
2025-04-14,23.387843679052622,3,advisor_summarized
2025-04-15,19.23839520876659,3,advisor_summarized
2025-04-16,16.46841188643819,3,advisor_summarized
2025-04-17,14.077559613581116,3,computed_RC
2025-04-18,11.20310668187046,3,computed_RC
2025-04-19,8.792132456697832,3,computed_RC
2025-04-20,6.774844212840244,3,computed_RC
2025-04-21,5.601975159304574,3,computed_RC
2025-04-22,4.8325347083538635,3,computed_RC
2025-04-23,4.028666962465547,3,computed_RC
2025-04-24,3.1352318995059103,3,computed_RC
2025-04-25,2.339897015956003,3,computed_RC
2025-04-26,1.6608159115942223,3,computed_RC
2025-04-27,1.0667741068073024,3,computed_RC
2025-04-28,0.6328353435582806,3,computed_RC
2025-04-29,0.3109842955762388,3,computed_RC
2025-04-30,0.07889117371583874,3,computed_RC
2025-05-04,0.09826870308302962,3,computed_RC
2025-05-05,0.11679648545832516,3,computed_RC
2025-05-06,0.02386363875271107,3,computed_RC
2025-05-12,0.1196070752161978,3,computed_RC
2025-05-13,0.1490567373894465,3,computed_RC
2025-05-14,0.04818062590811189,3,computed_RC
2025-06-13,0.01846580326340721,3,computed_RC
2025-07-24,6.355456990411269,3,computed_RC
2025-07-25,4.311989304530078,3,computed_RC
2025-07-26,3.4130310050866486,3,computed_RC
2025-07-27,3.233516114649947,3,computed_RC
2025-07-28,3.2498943623744996,3,computed_RC
2025-07-29,3.4315010848075844,3,computed_RC
2025-07-30,5.768940135446386,3,computed_RC
2025-07-31,6.683846766239958,3,computed_RC
2025-08-01,5.96992691629009,3,computed_RC
2025-08-02,5.804004203614785,3,computed_RC
2025-08-03,5.869649282628758,3,computed_RC
2025-08-04,6.245718580131949,3,computed_RC
2025-08-05,9.028413438355576,3,computed_RC
2025-08-06,14.663562428290522,3,computed_RC
2025-08-07,22.06149394373472,3,computed_RC
2025-08-08,23.174809878577253,3,computed_RC
2025-08-09,24.124884435875565,3,computed_RC
2025-08-10,22.97959961123506,3,computed_RC
2025-08-11,20.277216959209706,3,computed_RC
2025-08-12,16.75763101915188,3,computed_RC
2025-08-13,13.788104976947237,3,computed_RC
2025-08-14,11.732397486911532,3,computed_RC
2025-08-15,10.19408644389863,3,computed_RC
2025-08-16,9.521498203825109,3,computed_RC
2025-08-17,8.238373301727814,3,computed_RC
2025-08-18,6.884774233158172,3,computed_RC
2025-08-19,5.917307006800828,3,computed_RC
2025-08-20,4.657218064934853,3,computed_RC
2025-08-21,4.147125117106686,3,computed_RC
2025-08-22,5.914598377560917,3,computed_RC
2025-08-23,15.493258596987312,3,computed_RC
2025-08-24,43.85579796819138,3,computed_RC
2025-08-25,41.4001730955907,3,computed_RC
2025-08-26,35.82554262098435,3,computed_RC
2025-08-27,30.60558249228772,3,computed_RC
2025-08-28,28.62765421930591,3,computed_RC
2025-08-29,26.69093278324395,3,computed_RC
2021-03-30,764.9120358012103,5,computed_RC
2021-03-31,568.1671983422975,5,computed_RC
2021-04-01,417.5415377743762,5,advisor_summarized
2021-04-02,315.2329250051599,5,advisor_summarized
2021-04-03,243.95283852597046,5,advisor_summarized
2021-04-04,192.4022875567355,5,advisor_summarized
2021-04-05,152.81576518637524,5,advisor_summarized
2021-04-06,121.3519549916531,5,advisor_summarized
2021-04-07,97.48991958721969,5,advisor_summarized
2021-04-08,79.60206422931337,5,advisor_summarized
2021-04-09,65.07580809166481,5,advisor_summarized
2021-04-10,56.791532714957235,5,advisor_summarized
2021-04-11,127.02228244750164,5,advisor_summarized
2021-04-12,237.84382291399314,5,advisor_summarized
2021-04-13,145.4813731990673,5,advisor_summarized
2021-04-14,101.75382642135729,5,advisor_summarized
2021-04-15,81.44067879427753,5,advisor_summarized
2021-04-16,85.01919233964459,5,advisor_summarized
2021-04-17,254.83954416291093,5,advisor_summarized
2021-04-18,530.6654316434334,5,advisor_summarized
2021-04-19,624.6358581581825,5,advisor_summarized
2021-04-20,425.2098776915887,5,advisor_summarized
2021-04-21,298.08659089509587,5,advisor_summarized
2021-04-22,209.02302145984547,5,advisor_summarized
2021-04-23,158.38374647486492,5,advisor_summarized
2021-04-24,124.3439067787789,5,advisor_summarized
2021-04-25,133.7773074014807,5,advisor_summarized
2021-04-26,130.01543498763812,5,advisor_summarized
2021-04-27,99.58889775895999,5,advisor_summarized
2021-04-28,79.48529975807195,5,advisor_summarized
2021-04-29,65.09244903631853,5,advisor_summarized
2021-04-30,53.21106771348506,5,advisor_summarized
2021-05-01,45.93564538389656,5,advisor_summarized
2021-05-02,39.663716020662065,5,advisor_summarized
2021-05-03,35.7022730792022,5,advisor_summarized
2021-05-04,30.513319995476483,5,advisor_summarized
2021-05-05,24.443416872909783,5,advisor_summarized
2021-05-06,31.848120265905205,5,advisor_summarized
2021-05-07,42.24905932190393,5,advisor_summarized
2021-05-08,35.335695356482184,5,advisor_summarized
2021-05-09,24.36774019256161,5,advisor_summarized
2021-05-10,17.93698308305382,5,advisor_summarized
2021-05-11,29.11110330499453,5,advisor_summarized
2021-05-12,68.78552427582119,5,advisor_summarized
2021-05-13,55.38414999640596,5,advisor_summarized
2021-05-14,47.86805334207452,5,advisor_summarized
2021-05-15,38.804771321850744,5,advisor_summarized
2021-05-16,29.526285490136924,5,advisor_summarized
2021-05-17,21.355213895938984,5,advisor_summarized
2021-05-18,13.55580274255729,5,advisor_summarized
2021-05-19,8.285408629364591,5,advisor_summarized
2021-05-20,4.991761777179616,5,advisor_summarized
2021-05-21,2.822970198873278,5,advisor_summarized
2021-05-22,2.4511899485535227,5,advisor_summarized
2021-05-23,1.7581566047378805,5,advisor_summarized
2021-05-24,1.2420693479008882,5,advisor_summarized
2021-05-25,1.093545286749827,5,advisor_summarized
2021-05-26,0.49548354762429486,5,advisor_summarized
2021-05-27,0.7514105248500448,5,advisor_summarized
2021-05-28,0.2944832815594846,5,advisor_summarized
2021-05-29,0.006657822040998414,5,advisor_summarized
2021-05-30,0,5,advisor_summarized
2021-05-31,0,5,advisor_summarized
2021-06-01,0,5,advisor_summarized
2021-06-02,0,5,advisor_summarized
2021-06-03,0,5,advisor_summarized
2021-06-04,0.2666983456363368,5,advisor_summarized
2021-06-05,2.2630993874221557,5,advisor_summarized
2021-06-06,1.8512348115520474,5,advisor_summarized
2021-06-07,6.975590462951497,5,advisor_summarized
2021-06-08,0.7012536901072758,5,advisor_summarized
2021-06-09,0.02254404729021541,5,advisor_summarized
2021-06-10,2.1624980405702483,5,advisor_summarized
2021-06-11,2.3985663319963324,5,advisor_summarized
2021-06-12,1.250694894610729,5,advisor_summarized
2021-06-13,1.3727028428126617,5,advisor_summarized
2021-06-14,2.3570708726359766,5,advisor_summarized
2021-06-15,12.212611941632629,5,advisor_summarized
2021-06-16,154.2722877494098,5,advisor_summarized
2021-06-17,93.78557247385828,5,advisor_summarized
2021-06-18,65.4247578281447,5,advisor_summarized
2021-06-19,62.47091089595033,5,advisor_summarized
2021-06-20,119.32133111608418,5,advisor_summarized
2021-06-21,242.63365690367618,5,advisor_summarized
2021-06-22,525.3052383894229,5,advisor_summarized
2021-06-23,753.5463427735962,5,advisor_summarized
2021-06-24,962.4834419400228,5,advisor_summarized
2021-06-25,1054.9400877947471,5,advisor_summarized
2021-06-26,865.5130085026916,5,advisor_summarized
2021-06-27,708.3691030075157,5,advisor_summarized
2021-06-28,618.2970744579612,5,advisor_summarized
2021-06-29,580.9221555698573,5,advisor_summarized
2021-06-30,540.8382653487366,5,advisor_summarized
2021-07-01,499.26205731930827,5,advisor_summarized
2021-07-02,472.3146549038648,5,advisor_summarized
2021-07-03,437.4074909711563,5,advisor_summarized
2021-07-04,365.3466065342129,5,advisor_summarized
2021-07-05,392.0159942337418,5,advisor_summarized
2021-07-06,306.10528739959005,5,advisor_summarized
2021-07-07,1277.2987263830544,5,advisor_summarized
2021-07-08,1530.7397924180132,5,advisor_summarized
2021-07-09,1058.5337934431466,5,advisor_summarized
2021-07-10,823.8143771496437,5,advisor_summarized
2021-07-11,706.2528048803694,5,advisor_summarized
2021-07-12,656.1730301584026,5,advisor_summarized
2021-07-13,517.8511761483607,5,advisor_summarized
2021-07-14,407.1977682812748,5,advisor_summarized
2021-07-15,313.99273795985835,5,advisor_summarized
2021-07-16,238.15944215213838,5,advisor_summarized
2021-07-17,178.4673811652746,5,advisor_summarized
2021-07-18,137.83586621308532,5,advisor_summarized
2021-07-19,118.04246845555208,5,advisor_summarized
2021-07-20,108.22748105127148,5,advisor_summarized
2021-07-21,94.83897750066599,5,advisor_summarized
2021-07-22,103.76827451806149,5,advisor_summarized
2021-07-23,77.45977602971452,5,advisor_summarized
2021-07-24,67.96359396886645,5,advisor_summarized
2021-07-25,48.719976102533714,5,advisor_summarized
2021-07-26,35.45422839381724,5,advisor_summarized
2021-07-27,176.5877481409625,5,advisor_summarized
2021-07-28,511.02314001349447,5,advisor_summarized
2021-07-29,548.4473502314867,5,advisor_summarized
2021-07-30,339.53936176087234,5,advisor_summarized
2021-07-31,241.76699090559882,5,advisor_summarized
2021-08-01,186.02177168453272,5,advisor_summarized
2021-08-02,181.05792664662226,5,advisor_summarized
2021-08-03,468.2565774128941,5,advisor_summarized
2021-08-04,399.23250548709916,5,advisor_summarized
2021-08-05,390.53382369315244,5,advisor_summarized
2021-08-06,445.6648864502959,5,advisor_summarized
2021-08-07,417.98705448760694,5,advisor_summarized
2021-08-08,354.00779037001956,5,advisor_summarized
2021-08-09,278.3729961278207,5,advisor_summarized
2021-08-10,219.55769656745312,5,advisor_summarized
2021-08-11,189.92424723862962,5,advisor_summarized
2021-08-12,158.5119985457044,5,advisor_summarized
2021-08-13,125.81638907784306,5,advisor_summarized
2021-08-14,105.20752392425136,5,advisor_summarized
2021-08-15,97.09677735238404,5,advisor_summarized
2021-08-16,77.42667328144856,5,advisor_summarized
2021-08-17,81.8645735109841,5,advisor_summarized
2021-08-18,84.49326411993628,5,advisor_summarized
2021-08-19,57.69323348919363,5,advisor_summarized
2021-08-20,61.13886335177221,5,advisor_summarized
2021-08-21,55.68939916376703,5,advisor_summarized
2021-08-22,51.282430913245605,5,advisor_summarized
2021-08-23,86.51741231912887,5,advisor_summarized
2021-08-24,91.36967390568236,5,advisor_summarized
2021-08-25,130.4482232182688,5,advisor_summarized
2021-08-26,137.6188929348516,5,advisor_summarized
2021-08-27,121.53880559830776,5,advisor_summarized
2021-08-28,101.0618098308567,5,advisor_summarized
2021-08-29,86.67004629048638,5,advisor_summarized
2021-08-30,60.76092923056319,5,advisor_summarized
2021-08-31,44.05980998187524,5,advisor_summarized
2021-09-01,66.24677560402372,5,advisor_summarized
2021-09-02,101.63028650632985,5,advisor_summarized
2021-09-03,81.15905022412068,5,advisor_summarized
2021-09-04,58.01798938522155,5,advisor_summarized
2021-09-05,42.605203337041694,5,advisor_summarized
2021-09-06,32.499407266301205,5,advisor_summarized
2021-09-07,30.14476475185907,5,advisor_summarized
2021-09-08,40.451266480513716,5,advisor_summarized
2021-09-09,79.42305872158848,5,advisor_summarized
2021-09-10,61.87159710629328,5,advisor_summarized
2021-09-11,42.7335558482415,5,advisor_summarized
2021-09-12,31.654765960332963,5,advisor_summarized
2021-09-13,16.81092104531162,5,advisor_summarized
2021-09-14,0.5265722010404641,5,advisor_summarized
2021-09-15,2.1329024153439993,5,advisor_summarized
2021-09-16,27.58088615265235,5,advisor_summarized
2021-09-17,75.61299221208219,5,advisor_summarized
2021-09-18,98.73605974929937,5,advisor_summarized
2021-09-19,496.5837070476814,5,advisor_summarized
2021-09-20,622.8754745439111,5,advisor_summarized
2021-09-21,781.0071078729694,5,advisor_summarized
2021-09-22,894.1278232389477,5,advisor_summarized
2021-09-23,611.7912033591108,5,advisor_summarized
2021-09-24,492.7717668413764,5,advisor_summarized
2021-09-25,379.7260205167779,5,advisor_summarized
2021-09-26,289.0550204602561,5,advisor_summarized
2021-09-27,211.10585930424205,5,advisor_summarized
2021-09-28,153.10364918788187,5,advisor_summarized
2021-09-29,111.01299056092563,5,advisor_summarized
2021-09-30,80.58479055781656,5,advisor_summarized
2021-10-01,59.00595732693372,5,advisor_summarized
2021-10-02,43.23707896594064,5,advisor_summarized
2021-10-03,32.38865212819747,5,advisor_summarized
2021-10-04,23.72202800365466,5,advisor_summarized
2021-10-05,16.43683839724741,5,advisor_summarized
2021-10-06,39.20167241698234,5,advisor_summarized
2021-10-07,67.23834704556288,5,advisor_summarized
2021-10-08,57.06304554107206,5,advisor_summarized
2021-10-09,46.93608929189069,5,advisor_summarized
2021-10-10,31.910650755667252,5,advisor_summarized
2021-10-11,21.89598467343468,5,advisor_summarized
2021-10-12,14.52973408320915,5,advisor_summarized
2021-10-13,8.566264639337426,5,advisor_summarized
2021-10-14,3.6387358964547682,5,advisor_summarized
2021-10-15,1.023135498493733,5,advisor_summarized
2021-10-16,0.03156244513099597,5,advisor_summarized
2021-10-17,0.5761328308905472,5,advisor_summarized
2021-10-18,0,5,advisor_summarized
2021-10-19,0,5,advisor_summarized
2021-10-20,0,5,advisor_summarized
2021-10-21,0,5,advisor_summarized
2021-10-22,0,5,advisor_summarized
2021-10-23,0,5,advisor_summarized
2021-10-24,0,5,advisor_summarized
2021-10-25,0,5,advisor_summarized
2021-10-26,0,5,advisor_summarized
2021-10-27,0,5,advisor_summarized
2021-10-28,28.22884463869754,5,advisor_summarized
2021-10-29,46.86990704552921,5,advisor_summarized
2021-10-30,25.715111081989146,5,advisor_summarized
2021-10-31,14.27246475347215,5,advisor_summarized
2021-11-01,9.304549479668532,5,advisor_summarized
2021-11-02,4.496990319913741,5,advisor_summarized
2021-11-03,1.7848899850864244,5,advisor_summarized
2021-11-04,0.6109503884620838,5,advisor_summarized
2021-11-05,4.061400498908468,5,advisor_summarized
2021-11-06,735.3694646502028,5,advisor_summarized
2021-11-07,630.9504868266673,5,advisor_summarized
2021-11-08,462.75266675512626,5,advisor_summarized
2021-11-09,339.26236599372675,5,advisor_summarized
2021-11-10,249.89945418415763,5,advisor_summarized
2021-11-11,187.41584208347214,5,advisor_summarized
2021-11-12,148.86998595019017,5,advisor_summarized
2021-11-13,123.19923244984095,5,advisor_summarized
2021-11-14,103.3440357921916,5,advisor_summarized
2021-11-15,80.3861591736332,5,advisor_summarized
2021-11-16,62.08141797411818,5,advisor_summarized
2021-11-17,48.56791821822805,5,advisor_summarized
2021-11-18,41.07636977967045,5,advisor_summarized
2021-11-19,38.060230704445594,5,advisor_summarized
2021-11-20,32.91127091024983,5,advisor_summarized
2021-11-21,30.560470716381932,5,advisor_summarized
2021-11-22,32.75789680802103,5,advisor_summarized
2021-11-23,30.276709814068766,5,advisor_summarized
2021-11-24,24.36553000092439,5,advisor_summarized
2021-11-25,21.081556981549728,5,advisor_summarized
2021-11-26,20.95971780387825,5,advisor_summarized
2021-11-27,21.554287409523507,5,advisor_summarized
2021-11-28,18.667565357923447,5,advisor_summarized
2021-11-29,14.63317157059771,5,advisor_summarized
2021-11-30,11.675221809954202,5,advisor_summarized
2021-12-01,9.340261293115296,5,advisor_summarized
2021-12-02,7.478566739861782,5,advisor_summarized
2021-12-03,6.129861616456274,5,advisor_summarized
2021-12-04,5.1592414958130375,5,advisor_summarized
2021-12-05,4.870395074124918,5,advisor_summarized
2021-12-06,4.714525988111158,5,advisor_summarized
2021-12-07,4.778918117806412,5,advisor_summarized
2021-12-08,14.580058073062224,5,advisor_summarized
2021-12-09,68.6753819399536,5,advisor_summarized
2021-12-10,60.60012253055134,5,advisor_summarized
2021-12-11,48.25025584562734,5,advisor_summarized
2021-12-12,57.27978315320784,5,advisor_summarized
2021-12-13,54.3968175380825,5,advisor_summarized
2021-12-14,46.948519724824955,5,advisor_summarized
2021-12-15,41.30074472305484,5,advisor_summarized
2021-12-16,41.11165874716197,5,advisor_summarized
2021-12-17,40.03123006813589,5,advisor_summarized
2021-12-18,37.770942435847736,5,advisor_summarized
2021-12-19,55.272875909765666,5,advisor_summarized
2021-12-20,55.73905643876477,5,advisor_summarized
2021-12-21,338.2836646305368,5,advisor_summarized
2021-12-22,432.88966390221225,5,advisor_summarized
2021-12-23,314.7285680297694,5,advisor_summarized
2021-12-24,239.56385172174384,5,advisor_summarized
2021-12-25,188.04000446899917,5,advisor_summarized
2021-12-26,151.85675381317392,5,advisor_summarized
2021-12-27,126.82367089438726,5,advisor_summarized
2021-12-28,108.82756065162926,5,advisor_summarized
2021-12-29,91.44444071477467,5,advisor_summarized
2021-12-30,75.2541799893234,5,advisor_summarized
2021-12-31,62.910502612289726,5,advisor_summarized
2022-01-01,53.743584353773734,5,advisor_summarized
2022-01-02,45.46791001916126,5,advisor_summarized
2022-01-03,45.59052638570819,5,advisor_summarized
2022-01-04,38.80696045163243,5,advisor_summarized
2022-01-05,34.613550934378374,5,advisor_summarized
2022-01-06,33.20986713990107,5,advisor_summarized
2022-01-07,28.233586025630956,5,advisor_summarized
2022-01-08,23.049344507803294,5,advisor_summarized
2022-01-09,19.165032818637737,5,advisor_summarized
2022-01-10,15.935134000873491,5,advisor_summarized
2022-01-11,15.202224303818674,5,advisor_summarized
2022-01-12,13.506469774961529,5,advisor_summarized
2022-01-13,12.024100291735104,5,advisor_summarized
2022-01-14,11.119744701514099,5,advisor_summarized
2022-01-15,8.907146589652227,5,advisor_summarized
2022-01-16,90.50114268226287,5,advisor_summarized
2022-01-17,120.74538723761238,5,advisor_summarized
2022-01-18,79.10321012103367,5,advisor_summarized
2022-01-19,62.24675671703548,5,advisor_summarized
2022-01-20,51.7952549872563,5,advisor_summarized
2022-01-21,44.09645703246054,5,advisor_summarized
2022-01-22,47.29586168285609,5,advisor_summarized
2022-01-23,44.944147018991146,5,advisor_summarized
2022-01-24,40.345329113011616,5,advisor_summarized
2022-01-25,35.68218373715542,5,advisor_summarized
2022-01-26,36.24693317872222,5,advisor_summarized
2022-01-27,34.58454336295405,5,advisor_summarized
2022-01-28,33.24062229970486,5,advisor_summarized
2022-01-29,30.156606428736115,5,advisor_summarized
2022-01-30,29.00124624312575,5,advisor_summarized
2022-01-31,103.24973914949656,5,advisor_summarized
2022-02-01,171.6239121493003,5,advisor_summarized
2022-02-02,74.2047757714102,5,advisor_summarized
2022-02-03,22.76881450149146,5,advisor_summarized
2022-02-04,19.946868796707054,5,advisor_summarized
2022-02-05,26.35056288232603,5,advisor_summarized
2022-02-06,32.0646958504944,5,advisor_summarized
2022-02-07,35.7556560612547,5,advisor_summarized
2022-02-08,87.17902210674355,5,advisor_summarized
2022-02-09,118.336295724048,5,advisor_summarized
2022-02-10,84.33931726262465,5,advisor_summarized
2022-02-11,66.28638982543522,5,advisor_summarized
2022-02-12,56.43634227319736,5,advisor_summarized
2022-02-13,62.66312065960628,5,advisor_summarized
2022-02-14,58.18177691379128,5,advisor_summarized
2022-02-15,47.55891906765162,5,advisor_summarized
2022-02-16,43.1462238717009,5,advisor_summarized
2022-02-17,42.03583639475283,5,advisor_summarized
2022-02-18,40.187205192155716,5,advisor_summarized
2022-02-19,35.73698446852241,5,advisor_summarized
2022-02-20,30.80380881708203,5,advisor_summarized
2022-02-21,26.46316444184292,5,advisor_summarized
2022-02-22,22.76179595472301,5,advisor_summarized
2022-02-23,18.661315739567954,5,advisor_summarized
2022-02-24,14.119938909009091,5,advisor_summarized
2022-02-25,9.500992266184985,5,advisor_summarized
2022-02-26,7.981625031394736,5,advisor_summarized
2022-02-27,6.012291285876373,5,advisor_summarized
2022-02-28,3.4762975510145107,5,advisor_summarized
2022-03-01,8.33955359794503,5,advisor_summarized
2022-03-02,7.133792627296611,5,advisor_summarized
2022-03-03,4.475630837914318,5,advisor_summarized
2022-03-04,2.6641411137277795,5,advisor_summarized
2022-03-05,1.483628893965222,5,advisor_summarized
2022-03-06,0.6265082436827462,5,advisor_summarized
2022-03-07,0.2603836787533201,5,advisor_summarized
2022-03-08,0.1337837768187043,5,advisor_summarized
2022-03-09,0.5857380092096903,5,advisor_summarized
2022-03-10,250.45510085805589,5,advisor_summarized
2022-03-11,778.1412254781791,5,advisor_summarized
2022-03-12,1269.7084625858745,5,advisor_summarized
2022-03-13,888.9889648588882,5,advisor_summarized
2022-03-14,690.1284323186875,5,advisor_summarized
2022-03-15,620.7763651404126,5,advisor_summarized
2022-03-16,573.3558291205219,5,advisor_summarized
2022-03-17,518.7151902231302,5,advisor_summarized
2022-03-18,434.46963178699235,5,advisor_summarized
2022-03-19,349.3614883176443,5,advisor_summarized
2022-03-20,313.2903395023266,5,advisor_summarized
2022-03-21,252.16780019732263,5,advisor_summarized
2022-03-22,190.30913796682296,5,advisor_summarized
2022-03-23,151.28264272643636,5,advisor_summarized
2022-03-24,658.8895349615727,5,advisor_summarized
2022-03-25,888.9638670448566,5,advisor_summarized
2022-03-26,651.3023553594294,5,advisor_summarized
2022-03-27,509.03327931863413,5,advisor_summarized
2022-03-28,400.80809035583655,5,advisor_summarized
2022-03-29,318.76410343115685,5,advisor_summarized
2022-03-30,246.69427519766623,5,advisor_summarized
2022-03-31,207.6921643765556,5,advisor_summarized
2022-04-01,286.9847069743444,5,advisor_summarized
2022-04-02,306.3619954359065,5,advisor_summarized
2022-04-03,484.27460092452384,5,advisor_summarized
2022-04-04,344.47398591494544,5,advisor_summarized
2022-04-05,247.0729602742267,5,advisor_summarized
2022-04-06,206.1687543908806,5,advisor_summarized
2022-04-07,319.07225864289455,5,advisor_summarized
2022-04-08,314.44483163141985,5,advisor_summarized
2022-04-09,211.6895514767456,5,advisor_summarized
2022-04-10,147.1797147876021,5,advisor_summarized
2022-04-11,110.26031443095117,5,advisor_summarized
2022-04-12,81.66816314926523,5,advisor_summarized
2022-04-13,61.782145644660524,5,advisor_summarized
2022-04-14,47.25858880535404,5,advisor_summarized
2022-04-15,38.87204118704694,5,advisor_summarized
2022-04-16,31.270784842046435,5,advisor_summarized
2022-04-17,66.0113636539921,5,advisor_summarized
2022-04-18,102.93410170293699,5,advisor_summarized
2022-04-19,50.37349426303626,5,advisor_summarized
2022-04-20,29.238231047337383,5,advisor_summarized
2022-04-21,18.99997592444217,5,advisor_summarized
2022-04-22,12.170033612081395,5,advisor_summarized
2022-04-23,8.373434037605522,5,advisor_summarized
2022-04-24,4.69726749814655,5,advisor_summarized
2022-04-25,1.899290662324531,5,advisor_summarized
2022-04-26,0.49247248448785846,5,advisor_summarized
2022-04-27,0.09773311846350376,5,advisor_summarized
2022-04-28,2.777697686344443e-4,5,advisor_summarized
2022-04-29,0,5,advisor_summarized
2022-04-30,0,5,advisor_summarized
2022-05-01,173.90276240195192,5,advisor_summarized
2022-05-02,382.4886399264365,5,advisor_summarized
2022-05-03,459.46747564706465,5,advisor_summarized
2022-05-04,652.1431453142179,5,advisor_summarized
2022-05-05,418.942231935237,5,advisor_summarized
2022-05-06,279.4996332237547,5,advisor_summarized
2022-05-07,255.4986965483646,5,advisor_summarized
2022-05-08,213.61406112991833,5,advisor_summarized
2022-05-09,138.16654968013694,5,advisor_summarized
2022-05-10,90.27210175305895,5,advisor_summarized
2022-05-11,57.705629883834774,5,advisor_summarized
2022-05-12,36.90204561692645,5,advisor_summarized
2022-05-13,28.336926178574487,5,advisor_summarized
2022-05-14,31.00286283972272,5,advisor_summarized
2022-05-15,22.409312864125777,5,advisor_summarized
2022-05-16,20.400043761809,5,advisor_summarized
2022-05-17,13.152785717729559,5,advisor_summarized
2022-05-18,6.799968177664251,5,advisor_summarized
2022-05-19,2.3506302267916084,5,advisor_summarized
2022-05-20,1.5847757456262688,5,advisor_summarized
2022-05-21,15.780112721945303,5,advisor_summarized
2022-05-22,41.19058808254323,5,advisor_summarized
2022-05-23,39.56526487781572,5,advisor_summarized
2022-05-24,22.240334377247233,5,advisor_summarized
2022-05-25,9.336292364874769,5,advisor_summarized
2022-05-26,3.403668293724614,5,advisor_summarized
2022-05-27,1.3841130902772678,5,advisor_summarized
2022-05-28,1.4631928286982776,5,advisor_summarized
2022-05-29,0.0995255320722531,5,advisor_summarized
2022-05-30,0,5,advisor_summarized
2022-05-31,0,5,advisor_summarized
2022-06-01,0,5,advisor_summarized
2022-06-02,0,5,advisor_summarized
2022-06-03,0,5,advisor_summarized
2022-06-04,0,5,advisor_summarized
2022-06-05,0,5,advisor_summarized
2022-06-06,40.41253623313284,5,advisor_summarized
2022-06-07,32.667536477360294,5,advisor_summarized
2022-06-08,10.271448380687191,5,advisor_summarized
2022-06-09,3.82159763487088,5,advisor_summarized
2022-06-10,0.8446075320225256,5,advisor_summarized
2022-06-11,6.810953291317264,5,advisor_summarized
2022-06-12,7.814046188453498,5,advisor_summarized
2022-06-13,7.230610642541151,5,advisor_summarized
2022-06-14,1.697296285340107,5,advisor_summarized
2022-06-15,0.3276263902607263,5,advisor_summarized
2022-06-16,0.028070612407810457,5,advisor_summarized
2022-06-17,0.0016405249079667107,5,advisor_summarized
2022-06-18,0,5,advisor_summarized
2022-06-19,19.65442859201926,5,advisor_summarized
2022-06-20,13.461986924623256,5,advisor_summarized
2022-06-21,22.795308236596217,5,advisor_summarized
2022-06-22,0,5,advisor_summarized
2022-06-23,0,5,advisor_summarized
2022-06-24,3.6094067813435884,5,advisor_summarized
2022-06-25,4.418511343868999,5,advisor_summarized
2022-06-26,8.111526756360575e-4,5,advisor_summarized
2022-06-27,0,5,advisor_summarized
2022-06-28,0,5,advisor_summarized
2022-06-29,0.01543627449407789,5,advisor_summarized
2022-06-30,4.760674232363104,5,advisor_summarized
2022-07-01,39.62912733409796,5,advisor_summarized
2022-07-02,55.13756498074636,5,advisor_summarized
2022-07-03,56.508805371691345,5,advisor_summarized
2022-07-04,42.901302657879235,5,advisor_summarized
2022-07-05,8.423484045283068,5,advisor_summarized
2022-07-06,26.276230205105914,5,advisor_summarized
2022-07-07,6.229143651901976,5,advisor_summarized
2022-07-08,13.936870597190849,5,advisor_summarized
2022-07-09,34.6525382255312,5,advisor_summarized
2022-07-10,61.88466649222456,5,advisor_summarized
2022-07-11,45.248350454238356,5,advisor_summarized
2022-07-12,102.76711108982816,5,advisor_summarized
2022-07-13,25.871719080973918,5,advisor_summarized
2022-07-14,5.441203488127493,5,advisor_summarized
2022-07-15,1.2550966963395227,5,advisor_summarized
2022-07-16,0.3686820823062973,5,advisor_summarized
2022-07-17,0.9677135067247103,5,advisor_summarized
2022-07-18,0,5,advisor_summarized
2022-07-19,1.3496921618835531,5,advisor_summarized
2022-07-20,17.73975846368963,5,advisor_summarized
2022-07-21,16.95807812347684,5,advisor_summarized
2022-07-22,25.541476519407542,5,advisor_summarized
2022-07-23,120.36428702176592,5,advisor_summarized
2022-07-24,260.9995947699983,5,advisor_summarized
2022-07-25,436.49502029386963,5,advisor_summarized
2022-07-26,178.88786086150446,5,advisor_summarized
2022-07-27,92.20474633168082,5,advisor_summarized
2022-07-28,51.01172705292038,5,advisor_summarized
2022-07-29,26.776095675443116,5,advisor_summarized
2022-07-30,14.507357381688337,5,advisor_summarized
2022-07-31,8.555970667566143,5,advisor_summarized
2022-08-01,5.024968240570577,5,advisor_summarized
2022-08-02,3.0082254359300618,5,advisor_summarized
2022-08-03,5.5908960426436165,5,advisor_summarized
2022-08-04,23.404841686722506,5,advisor_summarized
2022-08-05,11.4806186853614,5,advisor_summarized
2022-08-06,7.601315857584178,5,advisor_summarized
2022-08-07,5.857021975522646,5,advisor_summarized
2022-08-08,4.046524107761459,5,advisor_summarized
2022-08-09,3.1849236956818534,5,advisor_summarized
2022-08-10,2.5856718575019113,5,advisor_summarized
2022-08-11,2.919131946747754,5,advisor_summarized
2022-08-12,2.8530212497383673,5,advisor_summarized
2022-08-13,3.82014984256603,5,advisor_summarized
2022-08-14,3.6786192460076528,5,advisor_summarized
2022-08-15,3.175063656662086,5,advisor_summarized
2022-08-16,3.365109692831106,5,advisor_summarized
2022-08-17,4.561242610433349,5,advisor_summarized
2022-08-18,6.206618052765399,5,advisor_summarized
2022-08-19,4.472663830605156,5,advisor_summarized
2022-08-20,4.513067719352956,5,advisor_summarized
2022-08-21,23.39000349863822,5,advisor_summarized
2022-08-22,53.34109761741999,5,advisor_summarized
2022-08-23,64.32790565221411,5,advisor_summarized
2022-08-24,146.09319807448534,5,advisor_summarized
2022-08-25,375.7952381659164,5,advisor_summarized
2022-08-26,203.64190610945397,5,advisor_summarized
2022-08-27,335.3956818348898,5,advisor_summarized
2022-08-28,277.1368536552315,5,advisor_summarized
2022-08-29,520.7426432197086,5,advisor_summarized
2022-08-30,388.56211569145694,5,advisor_summarized
2022-08-31,276.4302652958599,5,advisor_summarized
2022-09-01,423.8691470269591,5,advisor_summarized
2022-09-02,239.95741375568926,5,advisor_summarized
2022-09-03,197.29787481575067,5,advisor_summarized
2022-09-04,294.87151723558725,5,advisor_summarized
2022-09-05,176.7944825993635,5,advisor_summarized
2022-09-06,108.6405186119053,5,advisor_summarized
2022-09-07,67.5917507542001,5,advisor_summarized
2022-09-08,75.525120028067107,5,advisor_summarized
2022-09-09,475.7396798761246,5,advisor_summarized
2022-09-10,957.2068742636052,5,advisor_summarized
2022-09-11,793.8429809109716,5,advisor_summarized
2022-09-12,538.544085534778,5,advisor_summarized
2022-09-13,405.76187194490575,5,advisor_summarized
2022-09-14,311.2622566411687,5,advisor_summarized
2022-09-15,221.21217162076445,5,advisor_summarized
2022-09-16,165.13559695092425,5,advisor_summarized
2022-09-17,145.9391013343069,5,advisor_summarized
2022-09-18,130.21293763502783,5,advisor_summarized
2022-09-19,135.06756873007663,5,advisor_summarized
2022-09-20,151.97827440969232,5,advisor_summarized
2022-09-21,109.25448700188504,5,advisor_summarized
2022-09-22,76.56433601769037,5,advisor_summarized
2022-09-23,56.88228167643317,5,advisor_summarized
2022-09-24,44.217344092732354,5,advisor_summarized
2022-09-25,34.759454406840455,5,advisor_summarized
2022-09-26,25.641481253751937,5,advisor_summarized
2022-09-27,19.23877102848341,5,advisor_summarized
2022-09-28,18.486625011127753,5,advisor_summarized
2022-09-29,34.205094195404435,5,advisor_summarized
2022-09-30,39.17858728173323,5,advisor_summarized
2022-10-01,29.385311911721715,5,advisor_summarized
2022-10-02,19.5692164475721,5,advisor_summarized
2022-10-03,13.502659208533101,5,advisor_summarized
2022-10-04,11.128456245065058,5,advisor_summarized
2022-10-05,8.360509224301735,5,advisor_summarized
2022-10-06,6.466389078451608,5,advisor_summarized
2022-10-07,4.881331491059924,5,advisor_summarized
2022-10-08,3.67166120277562,5,advisor_summarized
2022-10-09,2.547001439910577,5,advisor_summarized
2022-10-10,2.29190481175913,5,advisor_summarized
2022-10-11,2.0674735261000534,5,advisor_summarized
2022-10-12,2.8406196571768496,5,advisor_summarized
2022-10-13,7.4047840426376155,5,advisor_summarized
2022-10-14,5.938721741686206,5,advisor_summarized
2022-10-15,3.8539365607031093,5,advisor_summarized
2022-10-16,2.6987083189533556,5,advisor_summarized
2022-10-17,5.9424770458015415,5,advisor_summarized
2022-10-18,8.530910764141824,5,advisor_summarized
2022-10-19,4.689364680869221,5,advisor_summarized
2022-10-20,3.658188482967628,5,advisor_summarized
2022-10-21,3.075335906389393,5,advisor_summarized
2022-10-22,2.492889878196241,5,advisor_summarized
2022-10-23,2.296310343048409,5,advisor_summarized
2022-10-24,2.2237090284661165,5,advisor_summarized
2022-10-25,1.7847210271135519,5,advisor_summarized
2022-10-26,1.7981591322578865,5,advisor_summarized
2022-10-27,1.9656638980552785,5,advisor_summarized
2022-10-28,2.283196986929382,5,advisor_summarized
2022-10-29,4.086120449345463,5,advisor_summarized
2022-10-30,4.817983898260144,5,advisor_summarized
2022-10-31,4.102203031181001,5,advisor_summarized
2022-11-01,2.9360367256329893,5,advisor_summarized
2022-11-02,2.5722612984809614,5,advisor_summarized
2022-11-03,3.564371373945892,5,advisor_summarized
2022-11-04,3.5810423886385525,5,advisor_summarized
2022-11-05,4.640982883667748,5,advisor_summarized
2022-11-06,7.134734351599032,5,advisor_summarized
2022-11-07,9.07202344914526,5,advisor_summarized
2022-11-08,7.285648141099924,5,advisor_summarized
2022-11-09,6.3335223407832375,5,advisor_summarized
2022-11-10,196.38327321360677,5,advisor_summarized
2022-11-11,155,5,advisor_summarized
2022-11-12,123,5,advisor_summarized
2022-11-13,98,5,advisor_summarized
2022-11-14,82,5,advisor_summarized
2022-11-15,74,5,advisor_summarized
2022-11-16,66,5,advisor_summarized
2022-11-17,54,5,advisor_summarized
2022-11-18,48,5,advisor_summarized
2022-11-19,41.6,5,advisor_summarized
2022-11-20,34.6,5,advisor_summarized
2022-11-21,29.9,5,advisor_summarized
2022-11-22,25.2,5,advisor_summarized
2022-11-23,20.6,5,advisor_summarized
2022-11-24,17.2,5,advisor_summarized
2022-11-25,16,5,advisor_summarized
2022-11-26,14.2,5,advisor_summarized
2022-11-27,12.5,5,advisor_summarized
2022-11-28,11,5,advisor_summarized
2022-11-29,9.9,5,advisor_summarized
2022-11-30,8.9,5,advisor_summarized
2022-12-01,8,5,advisor_summarized
2022-12-02,7.6,5,advisor_summarized
2022-12-03,6.3,5,advisor_summarized
2022-12-04,5.4,5,advisor_summarized
2022-12-05,5,5,advisor_summarized
2022-12-06,4.6,5,advisor_summarized
2022-12-07,4,5,advisor_summarized
2022-12-08,18.857990630288786,5,advisor_summarized
2022-12-09,33.20300517669623,5,advisor_summarized
2022-12-10,32.7919949080055,5,advisor_summarized
2022-12-11,34.527735865031126,5,advisor_summarized
2022-12-12,34.15007779558308,5,advisor_summarized
2022-12-13,32.43756638457523,5,advisor_summarized
2022-12-14,31.087799599746646,5,advisor_summarized
2022-12-15,70.83313133410853,5,advisor_summarized
2022-12-16,83.75010076017641,5,advisor_summarized
2022-12-17,62.36299875011428,5,advisor_summarized
2022-12-18,53.1962670664347,5,advisor_summarized
2022-12-19,44.756419830452764,5,advisor_summarized
2022-12-20,43.78647523155596,5,advisor_summarized
2022-12-21,62.92938301714619,5,advisor_summarized
2022-12-22,64.95192733754553,5,advisor_summarized
2022-12-23,60.09489726321082,5,advisor_summarized
2022-12-24,48.95197543051058,5,advisor_summarized
2022-12-25,45.69227312800506,5,advisor_summarized
2022-12-26,44.79549871244374,5,advisor_summarized
2022-12-27,45.619969639277,5,advisor_summarized
2022-12-28,45.79563037169503,5,advisor_summarized
2022-12-29,47.35065311766278,5,advisor_summarized
2022-12-30,47.2036317893162,5,advisor_summarized
2022-12-31,48.77495891579915,5,advisor_summarized
2023-01-01,53.605882120391904,5,advisor_summarized
2023-01-02,56.54835373913568,5,advisor_summarized
2023-01-03,56.290850342016824,5,advisor_summarized
2023-01-04,76.43154330261622,5,advisor_summarized
2023-01-05,123.11455134045464,5,advisor_summarized
2023-01-06,91.35351649804767,5,advisor_summarized
2023-01-07,74.66141203784856,5,advisor_summarized
2023-01-08,67.68548213521123,5,advisor_summarized
2023-01-09,66.64696355547356,5,advisor_summarized
2023-01-10,63.39425580459672,5,advisor_summarized
2023-01-11,59.15586957104094,5,advisor_summarized
2023-01-12,56.68696036225322,5,advisor_summarized
2023-01-13,100.48312395067603,5,advisor_summarized
2023-01-14,90.35860965029599,5,advisor_summarized
2023-01-15,75.51937317055192,5,advisor_summarized
2023-01-16,69.31111396336617,5,advisor_summarized
2023-01-17,66.8329809201588,5,advisor_summarized
2023-01-18,65.97850195905323,5,advisor_summarized
2023-01-19,64.1430201915828,5,advisor_summarized
2023-01-20,62.936463047197634,5,advisor_summarized
2023-01-21,61.59104924702307,5,advisor_summarized
2023-01-22,74.92972736815956,5,advisor_summarized
2023-01-23,79.17268046581765,5,advisor_summarized
2023-01-24,70.21216750483798,5,advisor_summarized
2023-01-25,68.88462314778765,5,advisor_summarized
2023-01-26,82.4279507151541,5,advisor_summarized
2023-01-27,72.51940653184154,5,advisor_summarized
2023-01-28,63.005457165021454,5,advisor_summarized
2023-01-29,62.28177773693455,5,advisor_summarized
2023-01-30,63.23746228057491,5,advisor_summarized
2023-01-31,61.12006394659903,5,advisor_summarized
2023-02-01,58.1317766934092,5,advisor_summarized
2023-02-02,52.357900694275735,5,advisor_summarized
2023-02-03,98.62220023013326,5,advisor_summarized
2023-02-04,102.26941792065536,5,advisor_summarized
2023-02-05,69.84515220191493,5,advisor_summarized
2023-02-06,76.53439889133561,5,advisor_summarized
2023-02-07,66.58335256715098,5,advisor_summarized
2023-02-08,56.73638424976966,5,advisor_summarized
2023-02-09,52.15574608531758,5,advisor_summarized
2023-02-10,51.411471779527794,5,advisor_summarized
2023-02-11,94.15076624333422,5,advisor_summarized
2023-02-12,145.76236731121,5,advisor_summarized
2023-02-13,104.26972536094621,5,advisor_summarized
2023-02-14,85.64695022956539,5,advisor_summarized
2023-02-15,74.57539962209349,5,advisor_summarized
2023-02-16,63.23262808416723,5,advisor_summarized
2023-02-17,68.61316117093392,5,advisor_summarized
2023-02-18,70.2907785563658,5,advisor_summarized
2023-02-19,49.44340688971737,5,advisor_summarized
2023-02-20,47.22590589139151,5,advisor_summarized
2023-02-21,51.46766884270525,5,advisor_summarized
2023-02-22,50.439726217568186,5,advisor_summarized
2023-02-23,51.402474464547275,5,advisor_summarized
2023-02-24,45.48724983340716,5,advisor_summarized
2023-02-25,38.51988061506591,5,advisor_summarized
2023-02-26,34.72074710277894,5,advisor_summarized
2023-02-27,34.85576546228176,5,advisor_summarized
2023-02-28,38.416554394967086,5,advisor_summarized
2023-03-01,33.753884105556175,5,advisor_summarized
2023-03-02,28.12462879494977,5,advisor_summarized
2023-03-03,26.70180264350519,5,advisor_summarized
2023-03-04,37.622902005156746,5,advisor_summarized
2023-03-05,38.222417053407995,5,advisor_summarized
2023-03-06,25.07254633779858,5,advisor_summarized
2023-03-07,22.672078418816543,5,advisor_summarized
2023-03-08,26.83717734514006,5,advisor_summarized
2023-03-09,19.455879334931005,5,advisor_summarized
2023-03-10,14.291557178862538,5,advisor_summarized
2023-03-11,26.082079791452113,5,advisor_summarized
2023-03-12,20.34084801569928,5,advisor_summarized
2023-03-13,427.79676757383135,5,advisor_summarized
2023-03-14,253.2886257224047,5,advisor_summarized
2023-03-15,120.4190672494938,5,advisor_summarized
2023-03-16,75.01237156155217,5,advisor_summarized
2023-03-17,54.138865847946136,5,advisor_summarized
2023-03-18,65.09649871755495,5,advisor_summarized
2023-03-19,60.17064200102693,5,advisor_summarized
2023-03-20,47.659189417789236,5,advisor_summarized
2023-03-21,37.66437283276105,5,advisor_summarized
2023-03-22,32.8150924460108,5,advisor_summarized
2023-03-23,26.888674049663326,5,advisor_summarized
2023-03-24,21.83633575426269,5,advisor_summarized
2023-03-25,26.398936459096316,5,advisor_summarized
2023-03-26,24.356172033394273,5,advisor_summarized
2023-03-27,24.40551333437067,5,advisor_summarized
2023-03-28,21.971389519574938,5,advisor_summarized
2023-03-29,29.928731148030796,5,advisor_summarized
2023-03-30,26.22850880329629,5,advisor_summarized
2023-03-31,18.313089415149012,5,advisor_summarized
2023-04-01,14.418715432713517,5,advisor_summarized
2023-04-02,15.422311571161531,5,advisor_summarized
2023-04-03,13.644299361750896,5,advisor_summarized
2023-04-04,11.690800150425185,5,advisor_summarized
2023-04-05,10.812046786626441,5,advisor_summarized
2023-04-06,10.259888109564116,5,advisor_summarized
2023-04-07,27.297902736880825,5,advisor_summarized
2023-04-08,139.2479686414118,5,advisor_summarized
2023-04-09,71.62897200457498,5,advisor_summarized
2023-04-10,50.24256205056388,5,advisor_summarized
2023-04-11,39.90470628315413,5,advisor_summarized
2023-04-12,33.20389451134185,5,advisor_summarized
2023-04-13,26.676493524850894,5,advisor_summarized
2023-04-14,22.950792793707745,5,advisor_summarized
2023-04-15,19.59635101566394,5,advisor_summarized
2023-04-16,16.8450166162123,5,advisor_summarized
2023-04-17,14.927355749727907,5,advisor_summarized
2023-04-18,12.747243254765364,5,advisor_summarized
2023-04-19,11.563855373408076,5,advisor_summarized
2023-04-20,11.03892497549503,5,advisor_summarized
2023-04-21,10.100222290312422,5,advisor_summarized
2023-04-22,9.782793940870265,5,advisor_summarized
2023-04-23,9.54255907304213,5,advisor_summarized
2023-04-24,10.782669059738689,5,advisor_summarized
2023-04-25,11.599450462874131,5,advisor_summarized
2023-04-26,10.911183860832425,5,advisor_summarized
2023-04-27,14.74683032109057,5,advisor_summarized
2023-04-28,18.113085108937735,5,advisor_summarized
2023-04-29,19.26615876615722,5,advisor_summarized
2023-04-30,24.919181165914164,5,advisor_summarized
2023-05-01,20.958744830481788,5,advisor_summarized
2023-05-02,14.681831637024155,5,advisor_summarized
2023-05-03,11.339088286815311,5,advisor_summarized
2023-05-04,9.293850203576659,5,advisor_summarized
2023-05-05,6.80449480726315,5,advisor_summarized
2023-05-06,7.165169072641791,5,advisor_summarized
2023-05-07,7.051887514500758,5,advisor_summarized
2023-05-08,5.358656570701604,5,advisor_summarized
2023-05-09,4.6589200385011225,5,advisor_summarized
2023-05-10,3.417643594646212,5,advisor_summarized
2023-05-11,3.4054466056367816,5,advisor_summarized
2023-05-12,5.855062545675859,5,advisor_summarized
2023-05-13,17.163987079869127,5,advisor_summarized
2023-05-14,13.29778982951934,5,advisor_summarized
2023-05-15,9.824760152187173,5,advisor_summarized
2023-05-16,8.192710173164746,5,advisor_summarized
2023-05-17,13.491763264202163,5,advisor_summarized
2023-05-18,22.027551250373463,5,advisor_summarized
2023-05-19,19.46335913180432,5,advisor_summarized
2023-05-20,14.497903874350543,5,advisor_summarized
2023-05-21,15.932060825508955,5,advisor_summarized
2023-05-22,70.39674118731273,5,advisor_summarized
2023-05-23,192.49456663279045,5,advisor_summarized
2023-05-24,102.43540708435309,5,advisor_summarized
2023-05-25,57.83868421100677,5,advisor_summarized
2023-05-26,40.69843760449645,5,advisor_summarized
2023-05-27,32.4907261990566,5,advisor_summarized
2023-05-28,22.47681228668966,5,advisor_summarized
2023-05-29,6.622368157615134,5,advisor_summarized
2023-05-30,4.581285460531333,5,advisor_summarized
2023-05-31,3.0164021823251943,5,advisor_summarized
2023-06-01,1.7757138513908357,5,advisor_summarized
2023-06-02,0.8246906415962858,5,advisor_summarized
2023-06-03,0.30957224287778556,5,advisor_summarized
2023-06-04,0.6425152258261072,5,advisor_summarized
2023-06-05,2.7164127490295087,5,advisor_summarized
2023-06-06,0.9246871925963158,5,advisor_summarized
2023-06-07,1.1052108160422975,5,advisor_summarized
2023-06-08,0,5,advisor_summarized
2023-06-09,0,5,advisor_summarized
2023-06-10,0,5,advisor_summarized
2023-06-11,0,5,advisor_summarized
2023-06-12,0,5,advisor_summarized
2023-06-13,0,5,advisor_summarized
2023-06-14,0,5,advisor_summarized
2023-06-15,8.69249840064681,5,advisor_summarized
2023-06-16,18.75156071057957,5,advisor_summarized
2023-06-17,20.478387905044197,5,advisor_summarized
2023-06-18,55.626512616333805,5,advisor_summarized
2023-06-19,28.18909222975015,5,advisor_summarized
2023-06-20,55.300740448733166,5,advisor_summarized
2023-06-21,77.0679319179262,5,advisor_summarized
2023-06-22,415.9193955679598,5,advisor_summarized
2023-06-23,645.4617602120916,5,advisor_summarized
2023-06-24,413.2904193587335,5,advisor_summarized
2023-06-25,241.06077334407541,5,advisor_summarized
2023-06-26,152.339148213621,5,advisor_summarized
2023-06-27,103.9092180959313,5,advisor_summarized
2023-06-28,73.43713268969587,5,advisor_summarized
2023-06-29,51.202216882022356,5,advisor_summarized
2023-06-30,35.70980725808834,5,advisor_summarized
2023-07-01,25.56239966502618,5,advisor_summarized
2023-07-02,19.674378648746355,5,advisor_summarized
2023-07-03,15.159313626225318,5,advisor_summarized
2023-07-04,47.346107194225304,5,advisor_summarized
2023-07-05,50.6321464215544,5,advisor_summarized
2023-07-06,30.964018340800745,5,advisor_summarized
2023-07-07,20.06693553220019,5,advisor_summarized
2023-07-08,14.84485072147554,5,advisor_summarized
2023-07-09,13.724395299323703,5,advisor_summarized
2023-07-10,36.72883434696572,5,advisor_summarized
2023-07-11,64.83809810608922,5,advisor_summarized
2023-07-12,53.3418733163816,5,advisor_summarized
2023-07-13,58.55414179024742,5,advisor_summarized
2023-07-14,66.0417469612936,5,advisor_summarized
2023-07-15,57.7620613588152,5,advisor_summarized
2023-07-16,51.91314660235276,5,advisor_summarized
2023-07-17,46.96829837869573,5,advisor_summarized
2023-07-18,39.88499788147808,5,advisor_summarized
2023-07-19,31.288385835913544,5,advisor_summarized
2023-07-20,20.118186905121306,5,advisor_summarized
2023-07-21,9.883751621824427,5,advisor_summarized
2023-07-22,5.391513232047039,5,advisor_summarized
2023-07-23,22.834180567095476,5,advisor_summarized
2023-07-24,43.80648129498372,5,advisor_summarized
2023-07-25,37.39605638307698,5,advisor_summarized
2023-07-26,28.349691835469155,5,advisor_summarized
2023-07-27,17.877860520778214,5,advisor_summarized
2023-07-28,18.129741517750432,5,advisor_summarized
2023-07-29,25.19824986756368,5,advisor_summarized
2023-07-30,20.238091331705245,5,advisor_summarized
2023-07-31,23.14357504539265,5,advisor_summarized
2023-08-01,45.0152955427809,5,advisor_summarized
2023-08-02,72.05971019632494,5,advisor_summarized
2023-08-03,62.276745720865044,5,advisor_summarized
2023-08-04,121.52208536866709,5,advisor_summarized
2023-08-05,331.6875755908032,5,advisor_summarized
2023-08-06,223.7619410430669,5,advisor_summarized
2023-08-07,134.23903276892602,5,advisor_summarized
2023-08-08,77.5885625953756,5,advisor_summarized
2023-08-09,53.31056738919798,5,advisor_summarized
2023-08-10,101.3150457316233,5,advisor_summarized
2023-08-11,79.5090202474934,5,advisor_summarized
2023-08-12,64.68335534195043,5,advisor_summarized
2023-08-13,49.98315331041647,5,advisor_summarized
2023-08-14,75.02684170831334,5,advisor_summarized
2023-08-15,134.03720348534173,5,advisor_summarized
2023-08-16,192.21454406662374,5,advisor_summarized
2023-08-17,353.36282992737966,5,advisor_summarized
2023-08-18,327.5217910633815,5,advisor_summarized
2023-08-19,202.51512496001632,5,advisor_summarized
2023-08-20,145.0260749173731,5,advisor_summarized
2023-08-21,122.37280678167708,5,advisor_summarized
2023-08-22,99.51895528943929,5,advisor_summarized
2023-08-23,81.57483282045618,5,advisor_summarized
2023-08-24,66.63441889000218,5,advisor_summarized
2023-08-25,59.09827647084358,5,advisor_summarized
2023-08-26,85.60357569330405,5,advisor_summarized
2023-08-27,76.28042363886567,5,advisor_summarized
2023-08-28,62.44269989940501,5,advisor_summarized
2023-08-29,62.29517203294321,5,advisor_summarized
2023-08-30,296.02835587778895,5,advisor_summarized
2023-08-31,389.77592343220743,5,advisor_summarized
2023-09-01,291.8623514991328,5,advisor_summarized
2023-09-02,260.2736367745512,5,advisor_summarized
2023-09-03,219.0786335163027,5,advisor_summarized
2023-09-04,175.69552592592103,5,advisor_summarized
2023-09-05,59.35555263752608,5,advisor_summarized
2023-09-06,3.4655270446769593,5,advisor_summarized
2023-09-07,0.020971344628689634,5,advisor_summarized
2023-09-08,0,5,advisor_summarized
2023-09-09,0,5,advisor_summarized
2023-09-10,0,5,advisor_summarized
2023-09-11,0.054582170378142926,5,advisor_summarized
2023-09-12,87.66987754350082,5,advisor_summarized
2023-09-13,63.430020286465634,5,advisor_summarized
2023-09-14,27.47467889983423,5,advisor_summarized
2023-09-15,9.874267329004873,5,advisor_summarized
2023-09-16,2.206333316256386,5,advisor_summarized
2023-09-17,0.004842432220783322,5,advisor_summarized
2023-09-18,0,5,advisor_summarized
2023-09-19,0,5,advisor_summarized
2023-09-20,0,5,advisor_summarized
2023-09-21,0,5,advisor_summarized
2023-09-22,0.07604433818069938,5,advisor_summarized
2023-09-23,0,5,advisor_summarized
2023-09-24,0,5,advisor_summarized
2023-09-25,0,5,advisor_summarized
2023-09-26,30.062824823108897,5,advisor_summarized
2023-09-27,194.47685234947758,5,advisor_summarized
2023-09-28,247.56747409114982,5,advisor_summarized
2023-09-29,261.5488611879816,5,advisor_summarized
2023-09-30,211.17630635850773,5,advisor_summarized
2023-10-01,173.65315859602265,5,advisor_summarized
2023-10-02,142.31758864319,5,advisor_summarized
2023-10-03,123.06459330237298,5,advisor_summarized
2023-10-04,107.0984232136122,5,advisor_summarized
2023-10-05,94.5611724484616,5,advisor_summarized
2023-10-06,87.4519702745546,5,advisor_summarized
2023-10-07,80.05546262510347,5,advisor_summarized
2023-10-08,72.47226859809383,5,advisor_summarized
2023-10-09,64.98899656367135,5,advisor_summarized
2023-10-10,59.566534523821794,5,advisor_summarized
2023-10-11,54.39374078952947,5,advisor_summarized
2023-10-12,445.19089666576247,5,advisor_summarized
2023-10-13,436.2962481873854,5,advisor_summarized
2023-10-14,324.7981403174612,5,advisor_summarized
2023-10-15,254.67008959547377,5,advisor_summarized
2023-10-16,205.79009239357765,5,advisor_summarized
2023-10-17,170.49892492991594,5,advisor_summarized
2023-10-18,145.69732583944185,5,advisor_summarized
2023-10-19,126.45737764351105,5,advisor_summarized
2023-10-20,112.758483872068,5,advisor_summarized
2023-10-21,100.64879001778836,5,advisor_summarized
2023-10-22,89.99798969275567,5,advisor_summarized
2023-10-23,80.87615670876488,5,advisor_summarized
2023-10-24,73.71180895068075,5,advisor_summarized
2023-10-25,67.2075360287697,5,advisor_summarized
2023-10-26,61.83319796704101,5,advisor_summarized
2023-10-27,57.24622503621874,5,advisor_summarized
2023-10-28,55.15928382584482,5,advisor_summarized
2023-10-29,54.86217764478497,5,advisor_summarized
2023-10-30,52.98188749141028,5,advisor_summarized
2023-10-31,51.73292111987664,5,advisor_summarized
2023-11-01,26.467125546662775,5,advisor_summarized
2023-11-02,22.78574519462164,5,advisor_summarized
2023-11-03,23.106576221519045,5,advisor_summarized
2023-11-04,21.877021763561817,5,advisor_summarized
2023-11-05,18.982810867728496,5,advisor_summarized
2023-11-06,17.09671114340218,5,advisor_summarized
2023-11-07,15.69777234746134,5,advisor_summarized
2023-11-08,14.212286450190843,5,advisor_summarized
2023-11-09,12.878698692249229,5,advisor_summarized
2023-11-10,14.417719847966032,5,advisor_summarized
2023-11-11,15.34134622292157,5,advisor_summarized
2023-11-12,19.18507656024316,5,advisor_summarized
2023-11-13,24.639931176294485,5,advisor_summarized
2023-11-14,37.48357517928693,5,advisor_summarized
2023-11-15,66.12672358650605,5,advisor_summarized
2023-11-16,66.26473997278741,5,advisor_summarized
2023-11-17,81.66569844731488,5,advisor_summarized
2023-11-18,77.38656913986976,5,advisor_summarized
2023-11-19,67.08723540332105,5,advisor_summarized
2023-11-20,59.80224754190993,5,advisor_summarized
2023-11-21,55.212140130585176,5,advisor_summarized
2023-11-22,55.93811750196417,5,advisor_summarized
2023-11-23,57.75224894271764,5,advisor_summarized
2023-11-24,54.80314724195123,5,advisor_summarized
2023-11-25,53.728234392119596,5,advisor_summarized
2023-11-26,85.02903380809487,5,advisor_summarized
2023-11-27,147.74883156647772,5,advisor_summarized
2023-11-28,117.50238500067111,5,advisor_summarized
2023-11-29,94.32905760516162,5,advisor_summarized
2023-11-30,83.2796368256573,5,advisor_summarized
2023-12-01,76.54928100704473,5,advisor_summarized
2023-12-02,75.775408654398,5,advisor_summarized
2023-12-03,103.2628012194477,5,advisor_summarized
2023-12-04,105.8380378697475,5,advisor_summarized
2023-12-05,96.46557627762807,5,advisor_summarized
2023-12-06,86.25846945000852,5,advisor_summarized
2023-12-07,75.25866082984739,5,advisor_summarized
2023-12-08,69.81347204314785,5,advisor_summarized
2023-12-09,67.70829038105917,5,advisor_summarized
2023-12-10,80.54261476126432,5,advisor_summarized
2023-12-11,142.13931080176465,5,advisor_summarized
2023-12-12,127.4205468659387,5,advisor_summarized
2023-12-13,110.70181677092832,5,advisor_summarized
2023-12-14,100.51806888303513,5,advisor_summarized
2023-12-15,98.38975713923986,5,advisor_summarized
2023-12-16,107.43234602824583,5,advisor_summarized
2023-12-17,1466.9593668948262,5,advisor_summarized
2023-12-18,997.3798001986343,5,advisor_summarized
2023-12-19,808.4874808673493,5,advisor_summarized
2023-12-20,662.2433903931118,5,advisor_summarized
2023-12-21,552.4777107647013,5,advisor_summarized
2023-12-22,470.64782660412374,5,advisor_summarized
2023-12-23,408.84893439161374,5,advisor_summarized
2023-12-24,349.98281821655974,5,advisor_summarized
2023-12-25,328.62016492100577,5,advisor_summarized
2023-12-26,344.65858926396487,5,advisor_summarized
2023-12-27,301.3031231001249,5,advisor_summarized
2023-12-28,266.78579962268867,5,advisor_summarized
2023-12-29,241.5954664820523,5,advisor_summarized
2023-12-30,213.95869749142526,5,advisor_summarized
2023-12-31,192.44116111636504,5,advisor_summarized
2024-01-01,175.50081574039044,5,advisor_summarized
2024-01-02,164.22865690608387,5,advisor_summarized
2024-01-03,155.16079326183595,5,advisor_summarized
2024-01-04,171.5375722434982,5,advisor_summarized
2024-01-05,166.18095015040572,5,advisor_summarized
2024-01-06,213.05199474266053,5,advisor_summarized
2024-01-07,243.85302968062072,5,advisor_summarized
2024-01-08,206.25734042764273,5,advisor_summarized
2024-01-09,333.1830351380098,5,advisor_summarized
2024-01-10,654.4155063410487,5,advisor_summarized
2024-01-11,475.6308515032568,5,advisor_summarized
2024-01-12,393.3747193855913,5,advisor_summarized
2024-01-13,354.44358397753166,5,advisor_summarized
2024-01-14,295.48942911090705,5,advisor_summarized
2024-01-15,260.4981067832932,5,advisor_summarized
2024-01-16,304.15003462254003,5,advisor_summarized
2024-01-17,345.16937964615687,5,advisor_summarized
2024-01-18,280.0309047781113,5,advisor_summarized
2024-01-19,253.6557650280498,5,advisor_summarized
2024-01-20,228.96001391959453,5,advisor_summarized
2024-01-21,203.73531940249123,5,advisor_summarized
2024-01-22,188.1004746151451,5,advisor_summarized
2024-01-23,179.38957148568974,5,advisor_summarized
2024-01-24,174.43237247439924,5,advisor_summarized
2024-01-25,166.47563473237926,5,advisor_summarized
2024-01-26,860.1381025045781,5,advisor_summarized
2024-01-27,705.4078979104671,5,advisor_summarized
2024-01-28,552.3246036771405,5,advisor_summarized
2024-01-29,438.24190506660534,5,advisor_summarized
2024-01-30,356.34659323008054,5,advisor_summarized
2024-01-31,300.22850899655634,5,advisor_summarized
2024-02-01,257.47807487250094,5,advisor_summarized
2024-02-02,229.87305192114877,5,advisor_summarized
2024-02-03,208.153586168168,5,advisor_summarized
2024-02-04,202.6442053923221,5,advisor_summarized
2024-02-05,215.91017334392782,5,advisor_summarized
2024-02-06,196.03679685010903,5,advisor_summarized
2024-02-07,175.98605395784043,5,advisor_summarized
2024-02-08,159.950596423942,5,advisor_summarized
2024-02-09,151.34726712527228,5,advisor_summarized
2024-02-10,143.75877461342955,5,advisor_summarized
2024-02-11,135.42687537591155,5,advisor_summarized
2024-02-12,134.82743789328165,5,advisor_summarized
2024-02-13,155.7600540536234,5,advisor_summarized
2024-02-14,140.4683389944335,5,advisor_summarized
2024-02-15,127.24591774760773,5,advisor_summarized
2024-02-16,121.54390068513284,5,advisor_summarized
2024-02-17,128.3488493411409,5,advisor_summarized
2024-02-18,392.56820327431865,5,advisor_summarized
2024-02-19,432.031570685983,5,advisor_summarized
2024-02-20,317.4389859774696,5,advisor_summarized
2024-02-21,255.36910213697033,5,advisor_summarized
2024-02-22,217.2513656604303,5,advisor_summarized
2024-02-23,196.3860706668253,5,advisor_summarized
2024-02-24,185.74157894486316,5,advisor_summarized
2024-02-25,164.88411686072047,5,advisor_summarized
2024-02-26,144.7109166631379,5,advisor_summarized
2024-02-27,131.07623661282545,5,advisor_summarized
2024-02-28,120.71426556235905,5,advisor_summarized
2024-02-29,113.10396769808843,5,advisor_summarized
2024-03-01,105.25675984764074,5,advisor_summarized
2024-03-02,102.8203544787324,5,advisor_summarized
2024-03-03,103.79293559150342,5,advisor_summarized
2024-03-04,102.68959400635522,5,advisor_summarized
2024-03-05,100.6956478715504,5,advisor_summarized
2024-03-06,138.105208153164,5,advisor_summarized
2024-03-07,136.28511781308097,5,advisor_summarized
2024-03-08,121.05289182195872,5,advisor_summarized
2024-03-09,116.4953972792942,5,advisor_summarized
2024-03-10,161.47314010245861,5,advisor_summarized
2024-03-11,144.30492954859287,5,advisor_summarized
2024-03-12,121.11343152930742,5,advisor_summarized
2024-03-13,108.62698216613158,5,advisor_summarized
2024-03-14,97.4525349447955,5,advisor_summarized
2024-03-15,87.14753727873914,5,advisor_summarized
2024-03-16,80.95274809615375,5,advisor_summarized
2024-03-17,76.79627920341522,5,advisor_summarized
2024-03-18,74.73614951286892,5,advisor_summarized
2024-03-19,70.84004852086527,5,advisor_summarized
2024-03-20,63.90257678394277,5,advisor_summarized
2024-03-21,57.118823868824165,5,advisor_summarized
2024-03-22,91.80831068297077,5,advisor_summarized
2024-03-23,119.24173567978691,5,advisor_summarized
2024-03-24,112.22158136573016,5,advisor_summarized
2024-03-25,84.35317556092544,5,advisor_summarized
2024-03-26,62.84419363175822,5,advisor_summarized
2024-03-27,60.6355588292819,5,advisor_summarized
2024-03-28,87.55301902683323,5,advisor_summarized
2024-03-29,83.2501759066638,5,advisor_summarized
2024-03-30,65.03569562251307,5,advisor_summarized
2024-03-31,56.081693956667856,5,advisor_summarized
2024-04-01,55.17785463976668,5,advisor_summarized
2024-04-02,48.439774380283914,5,advisor_summarized
2024-04-03,311.3251013223776,5,advisor_summarized
2024-04-04,432.5396298165149,5,advisor_summarized
2024-04-05,272.02508486386233,5,advisor_summarized
2024-04-06,201.1243533881936,5,advisor_summarized
2024-04-07,158.74665993490981,5,advisor_summarized
2024-04-08,130.30311139698574,5,advisor_summarized
2024-04-09,108.84345192507057,5,advisor_summarized
2024-04-10,90.8958943242435,5,advisor_summarized
2024-04-11,124.88102492903842,5,advisor_summarized
2024-04-12,161.98656705552085,5,advisor_summarized
2024-04-13,120.57047233361304,5,advisor_summarized
2024-04-14,94.9717196854877,5,advisor_summarized
2024-04-15,74.33930714844787,5,advisor_summarized
2024-04-16,59.101356465665866,5,advisor_summarized
2024-04-17,47.141594892353424,5,advisor_summarized
2024-04-18,44.75653196548199,5,advisor_summarized
2024-04-19,42.53059657845167,5,advisor_summarized
2024-04-20,35.62959744770687,5,advisor_summarized
2024-04-21,36.670341940501324,5,advisor_summarized
2024-04-22,33.278242721231436,5,advisor_summarized
2024-04-23,28.923560699280955,5,advisor_summarized
2024-04-24,26.117811510383152,5,advisor_summarized
2024-04-25,23.197257165068915,5,advisor_summarized
2024-04-26,20.193735416150727,5,advisor_summarized
2024-04-27,21.069099745249904,5,advisor_summarized
2024-04-28,18.41739137072362,5,advisor_summarized
2024-04-29,15.876936859095986,5,advisor_summarized
2024-04-30,13.89127179896541,5,advisor_summarized
2024-05-01,13.086429882232563,5,advisor_summarized
2024-05-02,11.799773099571423,5,advisor_summarized
2024-05-03,10.585461144278606,5,advisor_summarized
2024-05-04,11.420808707303548,5,advisor_summarized
2024-05-05,13.579509040406087,5,advisor_summarized
2024-05-06,13.162425038582805,5,advisor_summarized
2024-05-07,12.410830307885803,5,advisor_summarized
2024-05-08,10.239174184186705,5,advisor_summarized
2024-05-09,9.221737138365999,5,advisor_summarized
2024-05-10,16.77676244061859,5,advisor_summarized
2024-05-11,13.241252101813279,5,advisor_summarized
2024-05-12,11.963519738321077,5,advisor_summarized
2024-05-13,14.77202061588793,5,advisor_summarized
2024-05-14,49.07478146142838,5,advisor_summarized
2024-05-15,88.48094588195858,5,advisor_summarized
2024-05-16,88.88804162362139,5,advisor_summarized
2024-05-17,56.67936506199513,5,advisor_summarized
2024-05-18,45.838118489736,5,advisor_summarized
2024-05-19,36.77335059543531,5,advisor_summarized
2024-05-20,28.92223379237777,5,advisor_summarized
2024-05-21,24.67464157373426,5,advisor_summarized
2024-05-22,19.051283471389162,5,advisor_summarized
2024-05-23,13.27316254317626,5,advisor_summarized
2024-05-24,8.335440068996908,5,advisor_summarized
2024-05-25,5.009820773800286,5,advisor_summarized
2024-05-26,3.3488428003913495,5,advisor_summarized
2024-05-27,1.7459420132421657,5,advisor_summarized
2024-05-28,1.019029140922922,5,advisor_summarized
2024-05-29,0.18969913156029983,5,advisor_summarized
2024-05-30,0,5,advisor_summarized
2024-05-31,0,5,advisor_summarized
2024-06-01,0,5,advisor_summarized
2024-06-02,0,5,advisor_summarized
2024-06-03,0,5,advisor_summarized
2024-06-04,0,5,advisor_summarized
2024-06-05,0,5,advisor_summarized
2024-06-06,0.043120547464675245,5,advisor_summarized
2024-06-07,0,5,advisor_summarized
2024-06-08,0,5,advisor_summarized
2024-06-09,0,5,advisor_summarized
2024-06-10,0,5,advisor_summarized
2024-06-11,0,5,advisor_summarized
2024-06-12,0,5,advisor_summarized
2024-06-13,0,5,advisor_summarized
2024-06-14,0,5,advisor_summarized
2024-06-15,0,5,advisor_summarized
2024-06-16,0,5,advisor_summarized
2024-06-17,0,5,advisor_summarized
2024-06-18,0,5,advisor_summarized
2024-06-19,0,5,advisor_summarized
2024-06-20,0,5,advisor_summarized
2024-06-21,0,5,advisor_summarized
2024-06-22,0,5,advisor_summarized
2024-06-23,0,5,advisor_summarized
2024-06-24,0,5,advisor_summarized
2024-06-25,0,5,advisor_summarized
2024-06-26,0,5,advisor_summarized
2024-06-27,0,5,advisor_summarized
2024-06-28,0,5,advisor_summarized
2024-06-29,0,5,advisor_summarized
2024-06-30,0,5,advisor_summarized
2024-07-01,0,5,advisor_summarized
2024-07-02,8.214502218324958,5,advisor_summarized
2024-07-03,86.34469083693045,5,advisor_summarized
2024-07-04,194.9653466504342,5,advisor_summarized
2024-07-05,100.34485448022656,5,advisor_summarized
2024-07-06,119.55525783952498,5,advisor_summarized
2024-07-07,98.25520682874826,5,advisor_summarized
2024-07-08,238.217187878097,5,advisor_summarized
2024-07-09,581.6249493895621,5,advisor_summarized
2024-07-10,316.2941996641013,5,advisor_summarized
2024-07-11,199.69629026886187,5,advisor_summarized
2024-07-12,138.63168258841117,5,advisor_summarized
2024-07-13,101.17857375824632,5,advisor_summarized
2024-07-14,76.28559839803154,5,advisor_summarized
2024-07-15,63.54333889965333,5,advisor_summarized
2024-07-16,58.01221795150217,5,advisor_summarized
2024-07-17,44.569469762694915,5,advisor_summarized
2024-07-18,35.097496549215016,5,advisor_summarized
2024-07-19,36.25976486583117,5,advisor_summarized
2024-07-20,72.55346654546284,5,advisor_summarized
2024-07-21,70.43678412371388,5,advisor_summarized
2024-07-22,106.77739227533802,5,advisor_summarized
2024-07-23,103.81584629226353,5,advisor_summarized
2024-07-24,148.54959930547415,5,advisor_summarized
2024-07-25,224.101372397314,5,advisor_summarized
2024-07-26,505.09701820998066,5,advisor_summarized
2024-07-27,581.2286998239005,5,advisor_summarized
2024-07-28,487.20129432365184,5,advisor_summarized
2024-07-29,393.79174880992605,5,advisor_summarized
2024-07-30,291.06841212741136,5,advisor_summarized
2024-07-31,223.29282248039829,5,advisor_summarized
2024-08-01,173.87319341462515,5,advisor_summarized
2024-08-02,256.9245667937912,5,advisor_summarized
2024-08-03,580.727572606858,5,advisor_summarized
2024-08-04,496.7085304719565,5,advisor_summarized
2024-08-05,2341.275776765454,5,advisor_summarized
2024-08-06,1677.038117334581,5,advisor_summarized
2024-08-07,1170.685513613136,5,advisor_summarized
2024-08-08,860.0059276235348,5,advisor_summarized
2024-08-09,644.0403359292753,5,advisor_summarized
2024-08-10,507.53253858782995,5,advisor_summarized
2024-08-11,398.1424131813379,5,advisor_summarized
2024-08-12,346.6055852645298,5,advisor_summarized
2024-08-13,312.0296565896544,5,advisor_summarized
2024-08-14,210.49183937232624,5,advisor_summarized
2024-08-15,153.15998285927455,5,advisor_summarized
2024-08-16,115.21255862823602,5,advisor_summarized
2024-08-17,79.8444901645612,5,advisor_summarized
2024-08-18,53.05492803838334,5,advisor_summarized
2024-08-19,35.92573925678001,5,advisor_summarized
2024-08-20,23.106560694672424,5,advisor_summarized
2024-08-21,10.016873369693867,5,advisor_summarized
2024-08-22,4.86176242541473,5,advisor_summarized
2024-08-23,1.9989944949300658,5,advisor_summarized
2024-08-24,0,5,advisor_summarized
2024-08-25,0,5,advisor_summarized
2024-08-26,0.3782075203852213,5,advisor_summarized
2024-08-27,47.16252503619349,5,advisor_summarized
2024-08-28,59.598121125796105,5,advisor_summarized
2024-08-29,20.175958169784334,5,advisor_summarized
2024-08-30,3.1350166081499586,5,advisor_summarized
2024-08-31,0,5,advisor_summarized
2024-09-01,0,5,advisor_summarized
2024-09-02,0,5,advisor_summarized
2024-09-03,0,5,advisor_summarized
2024-09-04,2.4976791367110986,5,advisor_summarized
2024-09-05,18.895904482446596,5,advisor_summarized
2024-09-06,16.623059155084118,5,advisor_summarized
2024-09-07,43.617692207510544,5,advisor_summarized
2024-09-08,132.6094357715664,5,advisor_summarized
2024-09-09,515.1290858541088,5,advisor_summarized
2024-09-10,237.14993922766985,5,advisor_summarized
2024-09-11,148.9877794327481,5,advisor_summarized
2024-09-12,149.12122749367472,5,advisor_summarized
2024-09-13,171.13373614263858,5,advisor_summarized
2024-09-14,159.66461862859185,5,advisor_summarized
2024-09-15,118.83038185821404,5,advisor_summarized
2024-09-16,141.71268656575833,5,advisor_summarized
2024-09-17,107.90552657989804,5,advisor_summarized
2024-09-18,83.91968995351942,5,advisor_summarized
2024-09-19,98.0008762413102,5,advisor_summarized
2024-09-20,76.89572282448198,5,advisor_summarized
2024-09-21,48.1305638782278,5,advisor_summarized
2024-09-22,26.672467151846817,5,advisor_summarized
2024-09-23,10.411263023446592,5,advisor_summarized
2024-09-24,2.0594946133105254,5,advisor_summarized
2024-09-25,0,5,advisor_summarized
2024-09-26,7.007921720540954,5,advisor_summarized
2024-09-27,192.36563243756333,5,advisor_summarized
2024-09-28,181.20842111835472,5,advisor_summarized
2024-09-29,142.29654276806627,5,advisor_summarized
2024-09-30,98.2046112992769,5,advisor_summarized
2024-10-01,95.34647696141076,5,advisor_summarized
2024-10-02,79.80450652135121,5,advisor_summarized
2024-10-03,52.08806309873433,5,advisor_summarized
2024-10-04,32.31714872921426,5,advisor_summarized
2024-10-05,20.165080278787432,5,advisor_summarized
2024-10-06,19.370474878514994,5,advisor_summarized
2024-10-07,56.790501980010475,5,advisor_summarized
2024-10-08,75.68060304557177,5,advisor_summarized
2024-10-09,125.81664012897777,5,advisor_summarized
2024-10-10,577.6901350212659,5,advisor_summarized
2024-10-11,411.77775570064296,5,advisor_summarized
2024-10-12,299.4639272746119,5,advisor_summarized
2024-10-13,225.81769776288743,5,advisor_summarized
2024-10-14,166.52109956946174,5,advisor_summarized
2024-10-15,123.10628384367773,5,advisor_summarized
2024-10-16,90.38644320249108,5,advisor_summarized
2024-10-17,64.41193925034288,5,advisor_summarized
2024-10-18,42.201925425112684,5,advisor_summarized
2024-10-19,30.322992626011075,5,advisor_summarized
2024-10-20,20.61113580071897,5,advisor_summarized
2024-10-21,14.444465820693884,5,advisor_summarized
2024-10-22,9.083934568326063,5,advisor_summarized
2024-10-23,5.213056709017471,5,advisor_summarized
2024-10-24,1.689858664873414,5,advisor_summarized
2024-10-25,0.07565592259725011,5,advisor_summarized
2024-10-26,0,5,advisor_summarized
2024-10-27,0,5,advisor_summarized
2024-10-28,0,5,advisor_summarized
2024-10-29,0,5,advisor_summarized
2024-10-30,0,5,advisor_summarized
2024-10-31,0,5,advisor_summarized
2024-11-01,0,5,advisor_summarized
2024-11-02,0,5,advisor_summarized
2024-11-03,0,5,advisor_summarized
2024-11-04,0,5,advisor_summarized
2024-11-05,0,5,advisor_summarized
2024-11-06,0,5,advisor_summarized
2024-11-07,0,5,advisor_summarized
2024-11-08,0,5,advisor_summarized
2024-11-09,0,5,advisor_summarized
2024-11-10,0,5,advisor_summarized
2024-11-11,0,5,advisor_summarized
2024-11-12,0,5,advisor_summarized
2024-11-13,0,5,advisor_summarized
2024-11-14,0,5,advisor_summarized
2024-11-15,0,5,advisor_summarized
2024-11-16,0,5,advisor_summarized
2024-11-17,0,5,advisor_summarized
2024-11-18,0,5,advisor_summarized
2024-11-19,0,5,advisor_summarized
2024-11-20,0,5,advisor_summarized
2024-11-21,0,5,advisor_summarized
2024-11-22,0,5,advisor_summarized
2024-11-23,0,5,advisor_summarized
2024-11-24,0,5,advisor_summarized
2024-11-25,0,5,advisor_summarized
2024-11-26,0,5,advisor_summarized
2024-11-27,0,5,advisor_summarized
2024-11-28,0,5,advisor_summarized
2024-11-29,0,5,advisor_summarized
2024-11-30,0,5,advisor_summarized
2024-12-01,0,5,advisor_summarized
2024-12-02,0,5,advisor_summarized
2024-12-03,0,5,advisor_summarized
2024-12-04,0,5,advisor_summarized
2024-12-05,0,5,advisor_summarized
2024-12-06,0,5,advisor_summarized
2024-12-07,0,5,advisor_summarized
2024-12-08,0,5,advisor_summarized
2024-12-09,0,5,advisor_summarized
2024-12-10,0,5,advisor_summarized
2024-12-11,3.8276230287033908,5,advisor_summarized
2024-12-12,2.079844676226421,5,advisor_summarized
2024-12-13,0.008458844792593482,5,advisor_summarized
2024-12-14,0,5,advisor_summarized
2024-12-15,0,5,advisor_summarized
2024-12-16,0.0027097464621901796,5,advisor_summarized
2024-12-17,0.4789622807307059,5,advisor_summarized
2024-12-18,1.3229158073988436,5,advisor_summarized
2024-12-19,2.0900647647966615,5,advisor_summarized
2024-12-20,1.6959913555658888,5,advisor_summarized
2024-12-21,0.7876328250319803,5,advisor_summarized
2024-12-22,0.06657084109456525,5,advisor_summarized
2024-12-23,0.058290046072394575,5,advisor_summarized
2024-12-24,0.13997831550467857,5,advisor_summarized
2024-12-25,0.2098699416425145,5,advisor_summarized
2024-12-26,0.08632023538219573,5,advisor_summarized
2024-12-27,0.12242997543249141,5,advisor_summarized
2024-12-28,0.3542412067025383,5,advisor_summarized
2024-12-29,11.219370917129071,5,advisor_summarized
2024-12-30,18.714294403579082,5,advisor_summarized
2024-12-31,10.049198622389289,5,advisor_summarized
2025-01-01,5.9977403832661205,5,advisor_summarized
2025-01-02,2.0002792520705133,5,advisor_summarized
2025-01-03,0.37104334324528404,5,advisor_summarized
2025-01-04,0,5,advisor_summarized
2025-01-05,0,5,advisor_summarized
2025-01-06,0,5,advisor_summarized
2025-01-07,0,5,advisor_summarized
2025-01-08,0,5,advisor_summarized
2025-01-09,0,5,advisor_summarized
2025-01-10,0,5,advisor_summarized
2025-01-11,0,5,advisor_summarized
2025-01-12,0,5,advisor_summarized
2025-01-13,8.542669490725219e-4,5,advisor_summarized
2025-01-14,0.32376209907875325,5,advisor_summarized
2025-01-15,1.0105435734792307e-4,5,advisor_summarized
2025-01-16,0,5,advisor_summarized
2025-01-17,0,5,advisor_summarized
2025-01-18,0.12089816220936471,5,advisor_summarized
2025-01-19,246.68330410840466,5,advisor_summarized
2025-01-20,213.93705956778504,5,advisor_summarized
2025-01-21,103.61467781560668,5,advisor_summarized
2025-01-22,375.46465948022933,5,advisor_summarized
2025-01-23,265.1706106267798,5,advisor_summarized
2025-01-24,176.6668445435491,5,advisor_summarized
2025-01-25,137.583489376576,5,advisor_summarized
2025-01-26,116.7320571533786,5,advisor_summarized
2025-01-27,100.61302786809277,5,advisor_summarized
2025-01-28,88.74720468720011,5,advisor_summarized
2025-01-29,76.52236650651875,5,advisor_summarized
2025-01-30,66.01871995887545,5,advisor_summarized
2025-01-31,55.96865702701094,5,advisor_summarized
2025-02-01,48.92796808921145,5,advisor_summarized
2025-02-02,36.99116718860814,5,advisor_summarized
2025-02-03,28.5190061491996,5,advisor_summarized
2025-02-04,24.344993712758935,5,advisor_summarized
2025-02-05,20.106135453043393,5,advisor_summarized
2025-02-06,16.629184731014977,5,advisor_summarized
2025-02-07,13.293726097805385,5,advisor_summarized
2025-02-08,11.152460593756485,5,advisor_summarized
2025-02-09,8.804562194029174,5,advisor_summarized
2025-02-10,6.967084742872767,5,advisor_summarized
2025-02-11,6.156838792100102,5,advisor_summarized
2025-02-12,5.789133577247822,5,advisor_summarized
2025-02-13,14.667865312770628,5,advisor_summarized
2025-02-14,46.62636497044016,5,advisor_summarized
2025-02-15,35.66542221084162,5,advisor_summarized
2025-02-16,38.83500477310013,5,advisor_summarized
2025-02-17,50.62398786837531,5,advisor_summarized
2025-02-18,36.279745183179,5,advisor_summarized
2025-02-19,90.1393276672407,5,advisor_summarized
2025-02-20,136.76551330282538,5,advisor_summarized
2025-02-21,91.81768972599828,5,advisor_summarized
2025-02-22,61.439720106084515,5,advisor_summarized
2025-02-23,50.059979778298576,5,advisor_summarized
2025-02-24,71.35261361560353,5,advisor_summarized
2025-02-25,108.97474323658042,5,advisor_summarized
2025-02-26,91.13278775858727,5,advisor_summarized
2025-02-27,68.3239401334598,5,advisor_summarized
2025-02-28,55.47622975011308,5,advisor_summarized
2025-03-01,39.31634307535881,5,advisor_summarized
2025-03-02,33.38441404074134,5,advisor_summarized
2025-03-03,25.752317551882243,5,advisor_summarized
2025-03-04,21.899826678222198,5,advisor_summarized
2025-03-05,27.447948629087843,5,advisor_summarized
2025-03-06,44.37276103531411,5,advisor_summarized
2025-03-07,36.18108623471128,5,advisor_summarized
2025-03-08,36.37478033674716,5,advisor_summarized
2025-03-09,58.9724933265274,5,advisor_summarized
2025-03-10,489.3699498357276,5,advisor_summarized
2025-03-11,322.3971190908054,5,advisor_summarized
2025-03-12,213.81022126904494,5,advisor_summarized
2025-03-13,165.41854903729174,5,advisor_summarized
2025-03-14,135.31092354687897,5,advisor_summarized
2025-03-15,110.55643629438889,5,advisor_summarized
2025-03-16,108.52108586204179,5,advisor_summarized
2025-03-17,138.23869751470858,5,advisor_summarized
2025-03-18,103.75757167926189,5,advisor_summarized
2025-03-19,81.60001382324515,5,advisor_summarized
2025-03-20,65.24463671528092,5,advisor_summarized
2025-03-21,54.06739249023287,5,advisor_summarized
2025-03-22,43.28674958010447,5,advisor_summarized
2025-03-23,34.81427387379127,5,advisor_summarized
2025-03-24,29.160164937703758,5,advisor_summarized
2025-03-25,24.415503125635123,5,advisor_summarized
2025-03-26,33.68311525362555,5,advisor_summarized
2025-03-27,8.716701033332003,5,advisor_summarized
2025-03-28,3.1673864972342556,5,advisor_summarized
2025-03-29,35.79984789702486,5,advisor_summarized
2025-03-30,50.495044615654706,5,advisor_summarized
2025-03-31,70.22491700151642,5,advisor_summarized
2025-04-01,74.1277857484564,5,advisor_summarized
2025-04-02,150.75656444303107,5,advisor_summarized
2025-04-03,153.35736397319405,5,advisor_summarized
2025-04-04,108.69110469586069,5,advisor_summarized
2025-04-05,76.66535900005645,5,advisor_summarized
2025-04-06,55.16856371876464,5,advisor_summarized
2025-04-07,39.66285025656249,5,advisor_summarized
2025-04-08,34.1342622753378,5,advisor_summarized
2025-04-09,24.39482105223996,5,advisor_summarized
2025-04-10,14.52458386953555,5,advisor_summarized
2025-04-11,9.619777384645865,5,advisor_summarized
2025-04-12,10.497254350400437,5,advisor_summarized
2025-04-13,5.103476932338157,5,advisor_summarized
2025-04-14,1.377147519950164,5,advisor_summarized
2025-04-15,0.15597755043630626,5,advisor_summarized
2025-04-16,0.11316958315573876,5,advisor_summarized
2025-04-17,0,5,computed_RC
2025-04-18,0,5,computed_RC
2025-04-19,0,5,computed_RC
2025-04-20,0,5,computed_RC
2025-04-21,0,5,computed_RC
2025-04-22,0,5,computed_RC
2025-04-23,0,5,computed_RC
2025-04-24,0,5,computed_RC
2025-04-25,0,5,computed_RC
2025-04-26,0,5,computed_RC
2025-04-27,0,5,computed_RC
2025-04-28,0,5,computed_RC
2025-04-29,0,5,computed_RC
2025-04-30,0,5,computed_RC
2025-05-01,0,5,computed_RC
2025-05-02,0,5,computed_RC
2025-05-03,0,5,computed_RC
2025-05-04,0,5,computed_RC
2025-05-05,0,5,computed_RC
2025-05-06,0,5,computed_RC
2025-05-07,0,5,computed_RC
2025-05-08,0,5,computed_RC
2025-05-09,0,5,computed_RC
2025-05-10,0,5,computed_RC
2025-05-11,0,5,computed_RC
2025-05-12,0.8034207272746905,5,computed_RC
2025-05-13,0.1698614564528218,5,computed_RC
2025-05-14,0,5,computed_RC
2025-05-15,0,5,computed_RC
2025-05-16,0,5,computed_RC
2025-05-17,0,5,computed_RC
2025-05-18,0,5,computed_RC
2025-05-19,0,5,computed_RC
2025-05-20,0,5,computed_RC
2025-06-16,0,5,computed_RC
2025-07-10,0.04132564703557085,5,computed_RC
2025-07-11,0,5,computed_RC
2025-07-12,0,5,computed_RC
2025-07-13,0,5,computed_RC
2025-07-14,4.804606028867712,5,computed_RC
2025-07-15,9.48927313687026,5,computed_RC
2025-07-16,14.860431032770734,5,computed_RC
2025-07-17,45.83338999198439,5,computed_RC
2025-07-18,1.271133653849266,5,computed_RC
2025-07-19,0,5,computed_RC
2025-07-20,0,5,computed_RC
2025-07-21,0,5,computed_RC
2025-07-22,2.6329770720392522,5,computed_RC
2025-07-23,74.08965204461335,5,computed_RC
2025-07-24,305.37648360599394,5,computed_RC
2025-07-25,97.95260257848392,5,computed_RC
2025-07-26,32.06070926387991,5,computed_RC
2025-07-27,14.376300813732275,5,computed_RC
2025-07-28,2.344498786859238,5,computed_RC
2025-07-29,0,5,computed_RC
2025-07-30,0,5,computed_RC
2025-07-31,0,5,computed_RC
2025-08-01,0,5,computed_RC
2025-08-02,0,5,computed_RC
2025-08-03,0,5,computed_RC
2025-08-04,0,5,computed_RC
2025-08-05,0,5,computed_RC
2025-08-06,0,5,computed_RC
2025-08-07,0,5,computed_RC
2025-08-08,0,5,computed_RC
2025-08-09,0,5,computed_RC
2025-08-10,0,5,computed_RC
2025-08-11,0.03195487601629075,5,computed_RC
2025-08-12,0.48139653582439024,5,computed_RC
2025-08-13,0,5,computed_RC
2025-08-14,0,5,computed_RC
2025-08-15,0,5,computed_RC
2025-08-16,0,5,computed_RC
2025-08-17,0,5,computed_RC
2025-08-18,0,5,computed_RC
2025-08-19,0,5,computed_RC
2025-08-20,0,5,computed_RC
2025-08-21,0,5,computed_RC
2025-08-22,0,5,computed_RC
2025-08-23,36.76681349164227,5,computed_RC
2025-08-24,132.4144033890945,5,computed_RC
2025-08-25,55.47923829673874,5,computed_RC
2025-08-26,20.279159780998075,5,computed_RC
2025-08-27,4.360113796382877,5,computed_RC
2025-08-28,0.23013592428772486,5,computed_RC
2025-08-29,0,5,computed_RC
2025-09-27,24.328033527002344,5,computed_RC
2025-09-28,18.167459305010368,5,computed_RC
2025-09-29,19.61007057691834,5,computed_RC
2025-09-30,22.90190766491209,5,computed_RC
2025-10-01,10.373766254818367,5,computed_RC
2025-10-02,2.224859467372184,5,computed_RC
2025-10-03,0.3011310792356192,5,computed_RC
2025-10-04,0.025755521766749553,5,computed_RC
2025-10-05,0.7398259882119702,5,computed_RC
2025-10-06,9.36684257804987,5,computed_RC
2025-10-07,19.298683005262447,5,computed_RC
2025-10-08,7.869612389467664,5,computed_RC
2025-10-09,1.6156447325889236,5,computed_RC
2025-10-10,0.29830924267956593,5,computed_RC
2025-10-11,0.05540147642725242,5,computed_RC
2025-10-12,0,5,computed_RC
2025-10-13,0,5,computed_RC
2025-10-14,0,5,computed_RC
2025-10-15,0,5,computed_RC
2025-10-16,0,5,computed_RC
2025-10-17,0,5,computed_RC
2025-10-18,0,5,computed_RC
2025-10-19,0,5,computed_RC
2025-10-20,0,5,computed_RC
2025-10-21,0,5,computed_RC
2025-10-22,0,5,computed_RC
2025-10-23,0,5,computed_RC
2025-10-24,0,5,computed_RC
2025-10-25,0,5,computed_RC
2025-10-26,0,5,computed_RC
2025-10-27,0,5,computed_RC
2025-10-28,0,5,computed_RC
2025-10-29,0,5,computed_RC
2025-10-30,0,5,computed_RC
2025-10-31,0,5,computed_RC
2025-11-01,0,5,computed_RC
2025-11-02,0,5,computed_RC
2025-11-03,0,5,computed_RC
2025-11-04,0,5,computed_RC
2025-11-05,0,5,computed_RC
2025-11-06,0,5,computed_RC
2025-11-07,0,5,computed_RC
2025-11-08,0,5,computed_RC
2025-11-09,0,5,computed_RC
2025-11-10,0,5,computed_RC
2025-11-11,0,5,computed_RC
2025-11-12,0,5,computed_RC
2025-11-13,0,5,computed_RC
2025-11-14,0,5,computed_RC
2025-11-15,0,5,computed_RC
2025-11-16,0,5,computed_RC
2025-11-17,0,5,computed_RC
2025-11-18,0,5,computed_RC
2025-11-19,0,5,computed_RC
2025-11-24,0,5,computed_RC
2025-11-25,0,5,computed_RC
2025-11-26,0,5,computed_RC
2025-11-27,0,5,computed_RC
2025-11-28,0,5,computed_RC
2025-11-29,0,5,computed_RC
2025-11-30,0,5,computed_RC
2025-12-01,0,5,computed_RC
2025-12-02,0,5,computed_RC
2025-12-03,0,5,computed_RC
2025-12-04,0,5,computed_RC
2025-12-05,0,5,computed_RC
2021-04-13,24.762371062938595,5a,computed_RC
2021-04-14,22.850467599316588,5a,computed_RC
2021-04-15,20.74877367086697,5a,computed_RC
2021-04-16,21.4032939250358,5a,computed_RC
2021-04-17,31.103940759016655,5a,computed_RC
2021-04-18,44.96601566935935,5a,computed_RC
2021-04-19,45.85865623459078,5a,computed_RC
2021-04-20,35.47962429819477,5a,computed_RC
2021-04-21,30.067138131696687,5a,computed_RC
2021-04-22,26.585118760687536,5a,computed_RC
2021-04-23,23.929561346549782,5a,computed_RC
2021-04-24,21.979722963012744,5a,computed_RC
2021-04-25,25.809735303237744,5a,computed_RC
2021-04-26,23.709245319417374,5a,computed_RC
2021-04-27,21.591646226746438,5a,computed_RC
2021-04-28,19.92252319370581,5a,computed_RC
2021-04-29,18.774916129549407,5a,computed_RC
2021-04-30,17.100009558946088,5a,computed_RC
2021-05-01,15.564381872018515,5a,computed_RC
2021-05-02,15.449886283015154,5a,computed_RC
2021-05-03,15.23374389611936,5a,computed_RC
2021-05-04,14.485567277263527,5a,computed_RC
2021-05-05,13.859358213702501,5a,computed_RC
2021-05-06,14.621212949182155,5a,computed_RC
2021-05-07,14.85343725885117,5a,computed_RC
2021-05-08,13.600276306233674,5a,computed_RC
2021-05-09,12.836769992748504,5a,computed_RC
2021-05-10,12.730622572828281,5a,computed_RC
2021-05-11,13.127512714331242,5a,computed_RC
2021-05-12,13.08098393782192,5a,computed_RC
2021-05-13,12.838325522103808,5a,computed_RC
2021-05-14,12.781134490611183,5a,computed_RC
2021-05-15,11.649016318754756,5a,computed_RC
2021-05-16,9.552735606027005,5a,computed_RC
2021-05-17,8.367581971919282,5a,computed_RC
2021-05-18,6.891259075614692,5a,computed_RC
2021-05-19,5.135993850684051,5a,computed_RC
2021-05-20,3.420405078614725,5a,computed_RC
2021-05-21,1.4892574657871473,5a,computed_RC
2021-05-22,0.18471599326613852,5a,computed_RC
2021-05-23,0,5a,computed_RC
2021-05-24,0,5a,computed_RC
2021-05-25,0,5a,computed_RC
2021-05-26,0,5a,computed_RC
2021-05-27,0,5a,computed_RC
2021-05-28,0,5a,computed_RC
2021-05-29,0,5a,computed_RC
2021-05-30,0,5a,computed_RC
2021-05-31,0,5a,computed_RC
2021-06-01,0,5a,computed_RC
2021-06-02,0,5a,computed_RC
2021-06-03,0,5a,computed_RC
2021-06-04,0,5a,computed_RC
2021-06-05,0,5a,computed_RC
2021-06-06,0,5a,computed_RC
2021-06-07,0,5a,computed_RC
2021-06-08,0,5a,computed_RC
2021-06-09,0,5a,computed_RC
2021-06-10,0,5a,computed_RC
2021-06-11,0,5a,computed_RC
2021-06-12,0,5a,computed_RC
2021-06-13,0,5a,computed_RC
2021-06-14,0,5a,computed_RC
2021-06-15,0,5a,computed_RC
2021-06-16,0.09943821701533566,5a,computed_RC
2021-06-17,0,5a,computed_RC
2021-06-18,0,5a,computed_RC
2021-06-19,0,5a,computed_RC
2021-06-20,1.5412468878417216,5a,computed_RC
2021-06-21,18.60681752655491,5a,computed_RC
2021-06-22,48.296360148576795,5a,computed_RC
2021-06-23,56.661584397946875,5a,computed_RC
2021-06-24,54.07272844125501,5a,computed_RC
2021-06-25,62.058837845098616,5a,computed_RC
2021-06-26,50.45011237226951,5a,computed_RC
2021-06-27,41.29880769108582,5a,computed_RC
2021-06-28,37.42215500123749,5a,computed_RC
2021-06-29,36.91429798295542,5a,computed_RC
2021-06-30,33.3149751493431,5a,computed_RC
2021-07-01,31.454995624102754,5a,computed_RC
2021-07-02,30.764769280585494,5a,computed_RC
2021-07-03,35.302805594428264,5a,computed_RC
2021-07-04,33.064616156528416,5a,computed_RC
2021-07-05,31.40996429143338,5a,computed_RC
2021-07-06,28.64230415645373,5a,computed_RC
2021-07-07,74.3135921661982,5a,computed_RC
2021-07-08,143.2826947654733,5a,computed_RC
2021-07-11,213.28528960049522,5a,computed_RC
2021-07-12,143.80250046398976,5a,computed_RC
2021-07-13,53.87711384808354,5a,computed_RC
2021-07-14,33.431191519485246,5a,computed_RC
2021-07-15,31.189619103045256,5a,computed_RC
2021-07-16,29.582219311910514,5a,computed_RC
2021-07-17,27.75612362836647,5a,computed_RC
2021-07-18,26.61356752447061,5a,computed_RC
2021-07-19,26.09059104733635,5a,computed_RC
2021-07-20,25.54069192961653,5a,computed_RC
2021-07-21,24.968672618357136,5a,computed_RC
2021-07-22,25.475926382950547,5a,computed_RC
2021-07-23,24.754797795245622,5a,computed_RC
2021-07-24,24.047200911528893,5a,computed_RC
2021-07-25,23.509482494004466,5a,computed_RC
2021-07-26,22.81841192028813,5a,computed_RC
2021-07-27,30.201361043131335,5a,computed_RC
2021-07-28,45.083566723323266,5a,computed_RC
2021-07-29,49.992721768983536,5a,computed_RC
2021-07-30,42.57424755948993,5a,computed_RC
2021-07-31,38.53723060459662,5a,computed_RC
2021-08-01,35.14571610803954,5a,computed_RC
2021-08-02,33.441611982489746,5a,computed_RC
2021-08-03,44.24447713513971,5a,computed_RC
2021-08-04,41.15256803801548,5a,computed_RC
2021-08-05,40.91938847679077,5a,computed_RC
2021-08-06,43.14052706000936,5a,computed_RC
2021-08-07,41.61508450999912,5a,computed_RC
2021-08-08,39.949994724220716,5a,computed_RC
2021-08-09,36.41497615855216,5a,computed_RC
2021-08-10,34.649295066989446,5a,computed_RC
2021-08-11,34.771053911542005,5a,computed_RC
2021-08-12,32.39189539131471,5a,computed_RC
2021-08-13,30.832770148885068,5a,computed_RC
2021-08-14,29.717585090221863,5a,computed_RC
2021-08-15,28.854739703816417,5a,computed_RC
2021-08-16,27.724419404206277,5a,computed_RC
2021-08-17,28.241615434371546,5a,computed_RC
2021-08-18,27.789579585842564,5a,computed_RC
2021-08-19,29.110840692548077,5a,computed_RC
2021-08-20,34.773577373487804,5a,computed_RC
2021-08-21,31.329035062385596,5a,computed_RC
2021-08-22,31.284522691572743,5a,computed_RC
2021-08-23,34.49566311254087,5a,computed_RC
2021-08-24,33.7457617121606,5a,computed_RC
2021-08-25,38.07322113567372,5a,computed_RC
2021-08-26,42.60246041707774,5a,computed_RC
2021-08-27,38.143552375742004,5a,computed_RC
2021-08-28,34.9502873048434,5a,computed_RC
2021-08-29,32.905395607096445,5a,computed_RC
2021-08-30,31.15732138641252,5a,computed_RC
2021-08-31,29.765563270734198,5a,computed_RC
2021-09-01,34.76133638822619,5a,computed_RC
2021-09-02,36.28594278696593,5a,computed_RC
2021-09-03,33.33083770505662,5a,computed_RC
2021-09-04,31.044459459377592,5a,computed_RC
2021-09-05,29.478335161600818,5a,computed_RC
2021-09-06,28.60121319033086,5a,computed_RC
2021-09-07,27.79246468711314,5a,computed_RC
2021-09-08,28.00225185798703,5a,computed_RC
2021-09-09,30.92013202663984,5a,computed_RC
2021-09-10,29.07660873615164,5a,computed_RC
2021-09-11,27.057256515826005,5a,computed_RC
2021-09-12,25.996070597742236,5a,computed_RC
2021-09-13,25.319247536998127,5a,computed_RC
2021-11-10,35.96427928546937,5a,computed_RC
2021-11-11,34.793847595688746,5a,computed_RC
2021-11-12,33.58045576835904,5a,computed_RC
2021-11-13,32.35681029056615,5a,computed_RC
2021-11-14,30.96499676497611,5a,computed_RC
2021-11-15,29.4480752490017,5a,computed_RC
2021-11-16,27.949528164988646,5a,computed_RC
2021-11-17,26.547437807814177,5a,computed_RC
2021-11-18,26.380965089290253,5a,computed_RC
2021-11-19,27.101753872597005,5a,computed_RC
2021-11-20,25.6266341330009,5a,computed_RC
2021-11-21,24.84432902879313,5a,computed_RC
2021-11-22,25.00833033576533,5a,computed_RC
2021-11-23,24.591899159354323,5a,computed_RC
2021-11-24,23.318010636827474,5a,computed_RC
2021-11-25,22.119002277604505,5a,computed_RC
2021-11-26,22.040486774393464,5a,computed_RC
2021-11-27,21.594204303765856,5a,computed_RC
2021-11-28,21.293273308756316,5a,computed_RC
2021-11-29,21.345867968101185,5a,computed_RC
2021-11-30,13.576413847442804,5a,computed_RC
2021-12-01,12.641979056858958,5a,computed_RC
2021-12-02,12.299855680313188,5a,computed_RC
2021-12-03,12.124194868675819,5a,computed_RC
2021-12-04,12.316081550083117,5a,computed_RC
2021-12-05,12.301795067407129,5a,computed_RC
2021-12-06,12.079220339827554,5a,computed_RC
2021-12-07,12.403213978003668,5a,computed_RC
2021-12-08,13.055100332865344,5a,computed_RC
2021-12-09,15.226835154393083,5a,computed_RC
2021-12-10,19.34456677716864,5a,computed_RC
2021-12-11,19.601294310255483,5a,computed_RC
2021-12-12,20.265640505077794,5a,computed_RC
2021-12-13,21.221943148948725,5a,computed_RC
2021-12-14,21.518840415997815,5a,computed_RC
2021-12-15,20.89908164545645,5a,computed_RC
2021-12-16,21.308696218701247,5a,computed_RC
2021-12-17,20.243144854209856,5a,computed_RC
2021-12-18,17.74373331230921,5a,computed_RC
2021-12-19,22.890813789928576,5a,computed_RC
2021-12-20,24.352889980703836,5a,computed_RC
2021-12-21,34.55209959199813,5a,computed_RC
2021-12-22,38.222777986774965,5a,computed_RC
2021-12-23,32.547275411669474,5a,computed_RC
2021-12-24,29.524383420050007,5a,computed_RC
2021-12-25,27.615164490866317,5a,computed_RC
2021-12-26,26.30614113071542,5a,computed_RC
2021-12-27,25.355029021547907,5a,computed_RC
2021-12-28,24.21308310528303,5a,computed_RC
2021-12-29,23.1195932057138,5a,computed_RC
2021-12-30,22.334993964162592,5a,computed_RC
2021-12-31,21.633885182022073,5a,computed_RC
2022-01-01,20.616071113827207,5a,computed_RC
2022-01-02,19.839666853334,5a,computed_RC
2022-01-03,19.845109618069582,5a,computed_RC
2022-01-04,18.463844218217666,5a,computed_RC
2022-01-05,18.187731591831035,5a,computed_RC
2022-01-06,18.060156584157404,5a,computed_RC
2022-01-07,17.65871345380699,5a,computed_RC
2022-01-08,16.513215746292015,5a,computed_RC
2022-01-09,16.083476186407868,5a,computed_RC
2022-01-10,16.326074250406297,5a,computed_RC
2022-01-11,15.747913680896161,5a,computed_RC
2022-01-12,14.329267874106389,5a,computed_RC
2022-01-13,14.097395386127737,5a,computed_RC
2022-01-14,13.74754037275665,5a,computed_RC
2022-01-15,13.014461007163355,5a,computed_RC
2022-01-16,19.720664459454923,5a,computed_RC
2022-01-17,24.140494647291725,5a,computed_RC
2022-01-18,22.424261185807598,5a,computed_RC
2022-01-19,20.98695831727178,5a,computed_RC
2022-01-20,20.075094433131575,5a,computed_RC
2022-01-21,19.469177078871812,5a,computed_RC
2022-01-22,19.34663254357863,5a,computed_RC
2022-01-23,19.184617553601885,5a,computed_RC
2022-01-24,18.819479948885682,5a,computed_RC
2022-01-25,18.96896841670154,5a,computed_RC
2022-01-26,20.691428705783608,5a,computed_RC
2022-01-27,17.508194171992194,5a,computed_RC
2022-01-28,22.013117610723704,5a,computed_RC
2022-01-29,19.691235361094034,5a,computed_RC
2022-01-30,19.295078295718618,5a,computed_RC
2022-01-31,18.320510389767733,5a,computed_RC
2022-02-01,15.528982642229273,5a,computed_RC
2022-02-02,14.322544840864637,5a,computed_RC
2022-02-03,14.099673827971703,5a,computed_RC
2022-02-04,16.09348007635151,5a,computed_RC
2022-02-05,17.607943182024275,5a,computed_RC
2022-02-06,18.04547471449525,5a,computed_RC
2022-02-07,21.87817776441273,5a,computed_RC
2022-02-08,25.16270886493282,5a,computed_RC
2022-02-09,23.362058815261538,5a,computed_RC
2022-02-10,21.990581973803703,5a,computed_RC
2022-02-11,20.99143981411803,5a,computed_RC
2022-02-12,21.096125650568744,5a,computed_RC
2022-02-13,20.627872104003227,5a,computed_RC
2022-02-14,19.334986472805696,5a,computed_RC
2022-02-15,18.541809217237162,5a,computed_RC
2022-02-16,17.953212508879936,5a,computed_RC
2022-02-17,18.582071626157536,5a,computed_RC
2022-02-18,19.075192663467785,5a,computed_RC
2022-02-19,18.535628977709308,5a,computed_RC
2022-02-20,17.77630480952809,5a,computed_RC
2022-02-21,16.969773294217884,5a,computed_RC
2022-02-22,16.48589691763273,5a,computed_RC
2022-02-23,15.907203190745042,5a,computed_RC
2022-02-24,15.31089742457083,5a,computed_RC
2022-02-25,15.30685705450864,5a,computed_RC
2022-02-26,14.677282997453446,5a,computed_RC
2022-02-27,15.136401772463257,5a,computed_RC
2022-02-28,14.392581998669652,5a,computed_RC
2022-03-01,14.108792156475035,5a,computed_RC
2022-03-02,13.66109923772663,5a,computed_RC
2022-03-03,13.402354542978921,5a,computed_RC
2022-03-04,12.958283253146076,5a,computed_RC
2022-03-05,13.090153173823339,5a,computed_RC
2022-03-06,12.490416471568857,5a,computed_RC
2022-03-07,11.489879294985478,5a,computed_RC
2022-03-08,11.077699541176708,5a,computed_RC
2022-03-09,23.694948447867045,5a,computed_RC
2022-03-10,51.38954254337616,5a,computed_RC
2022-03-11,77.87312718731985,5a,computed_RC
2022-03-12,63.43734650024224,5a,computed_RC
2022-03-13,48.31751505720004,5a,computed_RC
2022-03-14,42.679460999011525,5a,computed_RC
2022-03-15,47.846068220824606,5a,computed_RC
2022-03-16,42.45605169504663,5a,computed_RC
2022-03-17,37.66481595632367,5a,computed_RC
2022-03-18,35.10229862587349,5a,computed_RC
2022-03-19,34.7557002383344,5a,computed_RC
2022-03-20,32.762714200510096,5a,computed_RC
2022-03-21,31.29145430140823,5a,computed_RC
2022-03-22,30.907431341112712,5a,computed_RC
2022-03-23,53.66958477492522,5a,computed_RC
2022-03-24,60.539045756057604,5a,computed_RC
2022-03-25,47.28102645502025,5a,computed_RC
2022-03-26,39.72373471879074,5a,computed_RC
2022-03-27,35.62944539060192,5a,computed_RC
2022-03-28,32.94990246143266,5a,computed_RC
2022-03-29,30.96279658593218,5a,computed_RC
2022-03-30,31.414768886993674,5a,computed_RC
2022-03-31,33.57705655931001,5a,computed_RC
2022-04-01,35.546526975587234,5a,computed_RC
2022-04-02,39.91640138743477,5a,computed_RC
2022-04-03,35.49944914732636,5a,computed_RC
2022-04-04,32.65970526443638,5a,computed_RC
2022-04-05,31.445960363961273,5a,computed_RC
2022-04-06,33.990813552717725,5a,computed_RC
2022-04-07,34.47592833968466,5a,computed_RC
2022-04-08,26.81141799353412,5a,computed_RC
2022-04-09,24.332445021823126,5a,computed_RC
2022-04-10,28.057818053308623,5a,computed_RC
2022-04-11,28.2757367788386,5a,computed_RC
2022-04-12,31.458306890193665,5a,computed_RC
2022-04-13,28.03663452002518,5a,computed_RC
2022-04-14,23.86141951108626,5a,computed_RC
2022-04-15,24.04445470051621,5a,computed_RC
2022-04-16,29.225586735317037,5a,computed_RC
2022-04-17,28.80447160917738,5a,computed_RC
2022-04-18,30.585666122874493,5a,computed_RC
2022-04-19,29.51684367887574,5a,computed_RC
2022-04-20,28.022402709356946,5a,computed_RC
2022-04-21,26.708835165639705,5a,computed_RC
2022-04-22,25.335304497817784,5a,computed_RC
2022-04-23,24.771052245780318,5a,computed_RC
2022-04-24,23.36978565232417,5a,computed_RC
2022-04-25,22.18421689267536,5a,computed_RC
2022-04-26,20.360450236720258,5a,computed_RC
2022-04-27,18.390752806511326,5a,computed_RC
2022-04-28,15.87196370846817,5a,computed_RC
2022-04-29,13.481821875933083,5a,computed_RC
2022-04-30,11.99508237076311,5a,computed_RC
2022-05-01,13.480750711932927,5a,computed_RC
2022-05-02,33.347219469445065,5a,computed_RC
2022-05-03,41.73049786439439,5a,computed_RC
2022-05-04,47.83109861876904,5a,computed_RC
2022-05-05,41.14522865437091,5a,computed_RC
2022-05-06,37.740180237357826,5a,computed_RC
2022-05-07,44.62026472876966,5a,computed_RC
2022-05-08,39.799727051480836,5a,computed_RC
2022-05-09,36.363312150389284,5a,computed_RC
2022-05-10,33.75868929471803,5a,computed_RC
2022-05-11,32.12505965117759,5a,computed_RC
2022-05-12,30.778314161783538,5a,computed_RC
2022-05-13,30.25384609344489,5a,computed_RC
2022-05-14,30.376327846913565,5a,computed_RC
2022-05-15,29.155378187656943,5a,computed_RC
2022-05-16,28.66872922497416,5a,computed_RC
2022-05-17,26.695222761757663,5a,computed_RC
2022-05-18,24.8257009793012,5a,computed_RC
2022-05-19,24.065272288463348,5a,computed_RC
2022-05-20,24.22460208220504,5a,computed_RC
2022-05-21,24.349392470480907,5a,computed_RC
2022-05-22,24.148176329962173,5a,computed_RC
2022-05-23,23.815112598674453,5a,computed_RC
2022-05-24,23.0881353257426,5a,computed_RC
2022-05-25,21.329722359845594,5a,computed_RC
2022-05-26,18.834989081176325,5a,computed_RC
2022-05-27,17.43657656801714,5a,computed_RC
2022-05-28,16.218118251630816,5a,computed_RC
2022-05-29,13.525485816150272,5a,computed_RC
2022-05-30,10.3413776509182,5a,computed_RC
2022-05-31,7.749632590407575,5a,computed_RC
2022-06-01,6.673830631605433,5a,computed_RC
2022-06-02,5.671597292432561,5a,computed_RC
2022-06-03,3.244291016494823,5a,computed_RC
2022-06-04,1.2328599442883281,5a,computed_RC
2022-06-05,0.05211683368349474,5a,computed_RC
2022-06-06,0,5a,computed_RC
2022-06-07,0,5a,computed_RC
2022-06-08,0,5a,computed_RC
2022-06-09,0,5a,computed_RC
2022-06-10,0,5a,computed_RC
2022-06-11,0,5a,computed_RC
2022-06-12,1.009559179070669,5a,computed_RC
2022-06-13,0.6411377197674689,5a,computed_RC
2022-06-14,0,5a,computed_RC
2022-06-15,0,5a,computed_RC
2022-06-16,0,5a,computed_RC
2022-06-17,0,5a,computed_RC
2022-06-18,0,5a,computed_RC
2022-06-19,0,5a,computed_RC
2022-06-20,0,5a,computed_RC
2022-06-21,0,5a,computed_RC
2022-06-22,0,5a,computed_RC
2022-06-23,0,5a,computed_RC
2022-06-24,0,5a,computed_RC
2022-06-25,0,5a,computed_RC
2022-06-26,0,5a,computed_RC
2022-06-27,0,5a,computed_RC
2022-06-28,0,5a,computed_RC
2022-06-29,0,5a,computed_RC
2022-06-30,0,5a,computed_RC
2022-07-01,0,5a,computed_RC
2022-07-02,0,5a,computed_RC
2022-07-03,0,5a,computed_RC
2022-07-04,0,5a,computed_RC
2022-07-05,0,5a,computed_RC
2022-07-06,0,5a,computed_RC
2022-07-07,0,5a,computed_RC
2022-07-08,0,5a,computed_RC
2022-07-09,0,5a,computed_RC
2022-07-10,0,5a,computed_RC
2022-07-11,0,5a,computed_RC
2022-07-12,0,5a,computed_RC
2022-07-13,0,5a,computed_RC
2022-07-14,0,5a,computed_RC
2022-07-15,0,5a,computed_RC
2022-07-16,0,5a,computed_RC
2022-07-17,0,5a,computed_RC
2022-07-18,0,5a,computed_RC
2022-07-19,0,5a,computed_RC
2022-07-20,0,5a,computed_RC
2022-07-21,0,5a,computed_RC
2022-07-22,0,5a,computed_RC
2022-07-23,0,5a,computed_RC
2022-07-24,2.1815793106086425,5a,computed_RC
2022-07-25,28.88171216651499,5a,computed_RC
2022-07-26,31.174132120706872,5a,computed_RC
2022-07-27,29.799506139974103,5a,computed_RC
2022-07-28,27.546585501225763,5a,computed_RC
2022-07-29,26.922871037379494,5a,computed_RC
2022-07-30,26.28798227060355,5a,computed_RC
2022-07-31,25.25010760014551,5a,computed_RC
2022-08-01,22.50142426089075,5a,computed_RC
2022-08-02,17.502207058660126,5a,computed_RC
2022-08-03,14.264383770690207,5a,computed_RC
2022-08-04,13.325884393232075,5a,computed_RC
2022-08-05,9.648749559904148,5a,computed_RC
2022-08-06,9.048142529634212,5a,computed_RC
2022-08-07,8.252956620038457,5a,computed_RC
2022-08-08,7.121189066674844,5a,computed_RC
2022-08-09,5.030799952716275,5a,computed_RC
2022-08-10,2.5616608903797133,5a,computed_RC
2022-08-11,0.9850900545675491,5a,computed_RC
2022-08-12,0.16490435880827817,5a,computed_RC
2022-08-13,0,5a,computed_RC
2022-08-14,0,5a,computed_RC
2022-08-15,0,5a,computed_RC
2022-08-16,0,5a,computed_RC
2022-08-17,0,5a,computed_RC
2022-08-18,0,5a,computed_RC
2022-08-19,0,5a,computed_RC
2022-08-20,0.5132387305537228,5a,computed_RC
2022-08-21,6.495888969820039,5a,computed_RC
2022-08-22,8.044781087295839,5a,computed_RC
2022-08-23,7.046666870789487,5a,computed_RC
2022-08-24,5.921756149537766,5a,computed_RC
2022-08-25,37.484846920542026,5a,computed_RC
2022-08-26,37.726352318593975,5a,computed_RC
2022-08-27,45.74589793977628,5a,computed_RC
2022-08-28,44.0696528499524,5a,computed_RC
2022-08-29,48.93406460469093,5a,computed_RC
2022-08-30,42.456828325379206,5a,computed_RC
2022-08-31,40.8955932155062,5a,computed_RC
2022-09-01,47.6810907881955,5a,computed_RC
2022-09-02,41.6440894150791,5a,computed_RC
2022-09-03,39.093737678626354,5a,computed_RC
2022-09-04,38.82796566664244,5a,computed_RC
2022-09-05,36.126750560875934,5a,computed_RC
2022-09-06,34.00561585899104,5a,computed_RC
2022-09-07,32.28799410289191,5a,computed_RC
2022-09-08,33.17143945543294,5a,computed_RC
2022-09-09,49.81704296956687,5a,computed_RC
2022-09-10,70.2153061780061,5a,computed_RC
2022-09-11,63.88001519149263,5a,computed_RC
2022-09-12,50.6596178983981,5a,computed_RC
2022-09-13,45.40870535758097,5a,computed_RC
2022-09-14,42.01639840747173,5a,computed_RC
2022-09-15,39.280955636015186,5a,computed_RC
2022-09-16,36.997474815794,5a,computed_RC
2022-09-17,35.62909681176305,5a,computed_RC
2022-09-18,35.32952726401836,5a,computed_RC
2022-09-19,35.878116028711716,5a,computed_RC
2022-09-20,35.717104043351604,5a,computed_RC
2022-09-21,33.93760928544757,5a,computed_RC
2022-09-22,32.35277263619763,5a,computed_RC
2022-09-23,31.608763113565477,5a,computed_RC
2022-09-24,31.508119383016435,5a,computed_RC
2022-09-25,30.83354078461498,5a,computed_RC
2022-09-26,29.96628380300613,5a,computed_RC
2022-09-27,29.320586323889206,5a,computed_RC
2022-09-28,27.605037028016774,5a,computed_RC
2022-09-29,28.310428839173696,5a,computed_RC
2022-09-30,28.720238770008393,5a,computed_RC
2022-10-01,27.458071406447704,5a,computed_RC
2022-10-02,26.574449026891713,5a,computed_RC
2022-10-03,26.559449926797964,5a,computed_RC
2022-10-04,26.56743271235297,5a,computed_RC
2022-10-05,26.142299580402955,5a,computed_RC
2022-10-06,26.08679320549658,5a,computed_RC
2022-10-07,25.000017849099365,5a,computed_RC
2022-10-08,24.05856581859994,5a,computed_RC
2022-10-09,22.976007007215898,5a,computed_RC
2022-10-10,21.773344866155963,5a,computed_RC
2022-10-11,19.98454622098686,5a,computed_RC
2022-10-12,18.11055333499893,5a,computed_RC
2022-10-13,17.58471721874722,5a,computed_RC
2022-10-14,15.976969425056572,5a,computed_RC
2022-10-15,13.427992089633932,5a,computed_RC
2022-10-16,10.532128006009856,5a,computed_RC
2022-10-17,8.649187528614082,5a,computed_RC
2022-10-18,8.208870714514019,5a,computed_RC
2022-10-19,7.231714075456578,5a,computed_RC
2022-10-20,5.601423216899521,5a,computed_RC
2022-10-21,4.675418563086481,5a,computed_RC
2022-10-22,3.470280572824219,5a,computed_RC
2022-10-23,1.2239699117816116,5a,computed_RC
2022-10-24,0,5a,computed_RC
2022-10-25,0,5a,computed_RC
2022-10-26,0,5a,computed_RC
2022-10-27,0.002497463745422117,5a,computed_RC
2022-10-28,0,5a,computed_RC
2022-10-29,0,5a,computed_RC
2022-10-30,0,5a,computed_RC
2022-10-31,0,5a,computed_RC
2022-11-01,0,5a,computed_RC
2022-11-02,0,5a,computed_RC
2022-11-03,0,5a,computed_RC
2022-11-04,0,5a,computed_RC
2022-11-05,0.06339394482338942,5a,computed_RC
2022-11-06,0.11906110026912207,5a,computed_RC
2022-11-07,0,5a,computed_RC
2022-11-08,0,5a,computed_RC
2022-11-09,0,5a,computed_RC
2022-11-10,7.924334077291746,5a,computed_RC
2022-11-11,13.295418207424875,5a,computed_RC
2022-11-12,10.978167905587032,5a,computed_RC
2022-11-13,10.395273733102247,5a,computed_RC
2022-11-14,0,5a,computed_RC
2022-11-15,0,5a,computed_RC
2022-11-16,0,5a,computed_RC
2022-11-17,0,5a,computed_RC
2022-11-18,0,5a,computed_RC
2022-11-19,0,5a,computed_RC
2022-11-20,0.0075504419917799765,5a,computed_RC
2022-11-21,0,5a,computed_RC
2022-11-22,0,5a,computed_RC
2022-11-23,0,5a,computed_RC
2022-11-24,0,5a,computed_RC
2022-11-25,0,5a,computed_RC
2022-11-26,0,5a,computed_RC
2022-11-27,0,5a,computed_RC
2022-11-28,0,5a,computed_RC
2022-11-29,0,5a,computed_RC
2022-11-30,0,5a,computed_RC
2022-12-01,0,5a,computed_RC
2022-12-02,0,5a,computed_RC
2022-12-03,0,5a,computed_RC
2022-12-04,0,5a,computed_RC
2022-12-05,0,5a,computed_RC
2022-12-06,0,5a,computed_RC
2022-12-07,0,5a,computed_RC
2022-12-08,0,5a,computed_RC
2022-12-09,0,5a,computed_RC
2022-12-10,0,5a,computed_RC
2022-12-11,0,5a,computed_RC
2022-12-12,0,5a,computed_RC
2022-12-13,0,5a,computed_RC
2022-12-14,0,5a,computed_RC
2022-12-15,0,5a,computed_RC
2022-12-16,0,5a,computed_RC
2022-12-17,0,5a,computed_RC
2022-12-18,0,5a,computed_RC
2022-12-19,0,5a,computed_RC
2022-12-20,0,5a,computed_RC
2022-12-21,0,5a,computed_RC
2022-12-22,0,5a,computed_RC
2022-12-23,0,5a,computed_RC
2022-12-24,0,5a,computed_RC
2022-12-25,0,5a,computed_RC
2022-12-26,0,5a,computed_RC
2022-12-27,0,5a,computed_RC
2022-12-28,0,5a,computed_RC
2022-12-29,0,5a,computed_RC
2022-12-30,0,5a,computed_RC
2022-12-31,0,5a,computed_RC
2023-01-01,0,5a,computed_RC
2023-01-02,0,5a,computed_RC
2023-01-03,0,5a,computed_RC
2023-01-04,0,5a,computed_RC
2023-01-05,0,5a,computed_RC
2023-01-06,0,5a,computed_RC
2023-01-07,0,5a,computed_RC
2023-01-08,0,5a,computed_RC
2023-01-09,0,5a,computed_RC
2023-01-10,0,5a,computed_RC
2023-01-11,0,5a,computed_RC
2023-01-12,0,5a,computed_RC
2023-01-13,0,5a,computed_RC
2023-01-14,0,5a,computed_RC
2023-01-15,0,5a,computed_RC
2023-01-16,0,5a,computed_RC
2023-01-17,0,5a,computed_RC
2023-01-18,0,5a,computed_RC
2023-01-19,0,5a,computed_RC
2023-01-20,0,5a,computed_RC
2023-02-02,0,5a,computed_RC
2023-02-03,0,5a,computed_RC
2023-02-04,0,5a,computed_RC
2023-02-05,0,5a,computed_RC
2023-02-06,0,5a,computed_RC
2023-02-07,0,5a,computed_RC
2023-02-08,0,5a,computed_RC
2023-02-09,0,5a,computed_RC
2023-02-10,0,5a,computed_RC
2023-02-11,0,5a,computed_RC
2023-02-12,0,5a,computed_RC
2023-02-13,0,5a,computed_RC
2023-02-14,0,5a,computed_RC
2023-02-15,0,5a,computed_RC
2023-02-16,0,5a,computed_RC
2023-02-17,0,5a,computed_RC
2023-02-18,0,5a,computed_RC
2023-02-19,0,5a,computed_RC
2023-02-20,0,5a,computed_RC
2023-02-21,0,5a,computed_RC
2023-02-22,0,5a,computed_RC
2023-02-23,0,5a,computed_RC
2023-02-24,0,5a,computed_RC
2023-02-25,0,5a,computed_RC
2023-02-26,0,5a,computed_RC
2023-02-27,0,5a,computed_RC
2023-02-28,0,5a,computed_RC
2023-03-01,0,5a,computed_RC
2023-03-02,0,5a,computed_RC
2023-03-03,0,5a,computed_RC
2023-03-04,0,5a,computed_RC
2023-03-05,0,5a,computed_RC
2023-03-06,0,5a,computed_RC
2023-03-07,0,5a,computed_RC
2023-03-08,0,5a,computed_RC
2023-03-09,0,5a,computed_RC
2023-03-10,0,5a,computed_RC
2023-03-11,0,5a,computed_RC
2023-03-12,0,5a,computed_RC
2023-03-13,7.348523692840646,5a,computed_RC
2023-03-14,16.13104450888637,5a,computed_RC
2023-03-15,14.659234038182282,5a,computed_RC
2023-03-16,13.244111477644937,5a,computed_RC
2023-03-17,12.20380830416278,5a,computed_RC
2023-03-18,12.752221799326458,5a,computed_RC
2023-03-19,12.353090896755981,5a,computed_RC
2023-03-20,11.555152387898458,5a,computed_RC
2023-03-21,10.84400273674287,5a,computed_RC
2023-03-22,10.475194254633934,5a,computed_RC
2023-03-23,10.14592858703676,5a,computed_RC
2023-03-24,9.313893605277057,5a,computed_RC
2023-03-25,7.938096801592044,5a,computed_RC
2023-03-26,5.677495380347569,5a,computed_RC
2023-03-27,2.9723675012861643,5a,computed_RC
2023-03-28,0.8402843071885814,5a,computed_RC
2023-03-29,0.1647146680814028,5a,computed_RC
2023-03-30,0,5a,computed_RC
2023-03-31,0,5a,computed_RC
2023-04-01,0,5a,computed_RC
2023-04-02,0,5a,computed_RC
2023-04-03,0,5a,computed_RC
2023-04-04,0,5a,computed_RC
2023-04-05,0,5a,computed_RC
2023-04-06,0,5a,computed_RC
2023-04-07,0,5a,computed_RC
2023-04-08,0,5a,computed_RC
2023-04-09,0,5a,computed_RC
2023-04-10,0,5a,computed_RC
2023-04-11,0,5a,computed_RC
2023-04-12,0,5a,computed_RC
2023-04-13,0,5a,computed_RC
2023-04-14,0,5a,computed_RC
2023-04-15,0,5a,computed_RC
2023-04-16,0,5a,computed_RC
2023-04-17,0,5a,computed_RC
2023-04-18,0,5a,computed_RC
2023-04-19,0,5a,computed_RC
2023-04-20,0,5a,computed_RC
2023-04-21,0,5a,computed_RC
2023-04-22,0,5a,computed_RC
2023-04-23,0,5a,computed_RC
2023-04-24,0,5a,computed_RC
2023-04-25,0,5a,computed_RC
2023-04-26,0,5a,computed_RC
2023-04-27,0,5a,computed_RC
2023-04-28,0,5a,computed_RC
2023-04-29,0,5a,computed_RC
2023-04-30,0,5a,computed_RC
2023-05-01,0,5a,computed_RC
2023-05-02,0,5a,computed_RC
2023-05-03,0,5a,computed_RC
2023-05-04,0,5a,computed_RC
2023-05-22,0,5a,computed_RC
2023-05-23,0,5a,computed_RC
2023-05-24,0,5a,computed_RC
2023-05-25,0,5a,computed_RC
2023-05-26,0,5a,computed_RC
2023-05-27,0,5a,computed_RC
2023-05-28,0,5a,computed_RC
2023-05-29,0,5a,computed_RC
2023-05-30,0,5a,computed_RC
2023-05-31,0,5a,computed_RC
2023-06-01,0,5a,computed_RC
2023-06-02,0,5a,computed_RC
2023-06-03,0,5a,computed_RC
2023-06-04,0,5a,computed_RC
2023-06-16,0,5a,computed_RC
2023-06-17,0,5a,computed_RC
2023-06-18,0,5a,computed_RC
2023-06-19,0,5a,computed_RC
2023-06-20,0,5a,computed_RC
2023-06-21,0,5a,computed_RC
2023-06-22,4.515097843784943,5a,computed_RC
2023-06-23,31.330921914073393,5a,computed_RC
2023-06-24,30.031763791012782,5a,computed_RC
2023-06-25,24.612404759615085,5a,computed_RC
2023-06-26,19.960482352536566,5a,computed_RC
2023-06-27,17.062459162711363,5a,computed_RC
2023-06-28,14.69862137640647,5a,computed_RC
2023-06-29,12.367560147586067,5a,computed_RC
2023-06-30,10.774785071383956,5a,computed_RC
2023-07-01,10.137833760019523,5a,computed_RC
2023-07-02,9.725640534339066,5a,computed_RC
2023-07-03,10.209618309106055,5a,computed_RC
2023-07-04,21.304341079522505,5a,computed_RC
2023-07-05,18.047503818062914,5a,computed_RC
2023-07-06,15.742015381229628,5a,computed_RC
2023-07-07,13.865139189662465,5a,computed_RC
2023-07-08,13.073810553319538,5a,computed_RC
2023-07-09,12.924120145133541,5a,computed_RC
2023-07-10,16.458380475409015,5a,computed_RC
2023-07-11,18.386035690439012,5a,computed_RC
2023-07-12,19.510592121486617,5a,computed_RC
2023-07-13,28.204641708407923,5a,computed_RC
2023-07-14,23.280455277623584,5a,computed_RC
2023-07-15,19.64121036955557,5a,computed_RC
2023-07-16,17.494382412069502,5a,computed_RC
2023-07-17,16.396824156519514,5a,computed_RC
2023-07-18,14.487920985255755,5a,computed_RC
2023-07-19,12.699053953338852,5a,computed_RC
2023-07-20,12.111456957472136,5a,computed_RC
2023-07-21,10.558125968297583,5a,computed_RC
2023-07-22,10.473420417726622,5a,computed_RC
2023-07-23,10.976264488083553,5a,computed_RC
2023-07-24,14.923981894927188,5a,computed_RC
2023-07-25,13.594355043272719,5a,computed_RC
2023-07-26,11.619535697784169,5a,computed_RC
2023-07-27,10.211810225288806,5a,computed_RC
2023-07-28,10.087704050466064,5a,computed_RC
2023-07-29,10.061238328109638,5a,computed_RC
2023-07-30,10.720131449801361,5a,computed_RC
2023-07-31,19.02411340932053,5a,computed_RC
2023-08-01,24.954378973469677,5a,computed_RC
2023-08-02,45.86813883638398,5a,computed_RC
2023-08-03,30.31727626543366,5a,computed_RC
2023-08-04,29.259058076760407,5a,computed_RC
2023-08-05,36.4324284047211,5a,computed_RC
2023-08-06,28.73357175580678,5a,computed_RC
2023-08-07,22.492756487551617,5a,computed_RC
2023-08-08,19.387410673122375,5a,computed_RC
2023-08-09,17.660930836780743,5a,computed_RC
2023-08-10,16.315523836280597,5a,computed_RC
2023-08-11,14.982143162228795,5a,computed_RC
2023-08-12,14.34964164363183,5a,computed_RC
2023-08-13,13.561982281893485,5a,computed_RC
2023-08-14,13.264004129865477,5a,computed_RC
2023-08-15,14.628344100438529,5a,computed_RC
2023-08-16,20.852849743530726,5a,computed_RC
2023-08-17,27.883576342533942,5a,computed_RC
2023-08-18,23.079464180710257,5a,computed_RC
2023-08-19,19.016574367170367,5a,computed_RC
2023-08-20,17.41263492619065,5a,computed_RC
2023-08-21,16.489580740109105,5a,computed_RC
2023-08-22,15.422079264730721,5a,computed_RC
2023-08-23,14.347439135158567,5a,computed_RC
2023-08-24,13.570332414808872,5a,computed_RC
2023-08-25,13.177631287536641,5a,computed_RC
2023-08-26,15.262502318635736,5a,computed_RC
2023-08-27,13.721539103187045,5a,computed_RC
2023-08-28,12.717958564177783,5a,computed_RC
2023-08-29,12.403985584605866,5a,computed_RC
2023-08-30,28.237027610095573,5a,computed_RC
2023-08-31,27.5139610644319,5a,computed_RC
2023-09-01,23.450375614288436,5a,computed_RC
2023-09-02,27.382137188182156,5a,computed_RC
2023-09-03,22.250033639753873,5a,computed_RC
2023-09-04,18.924959700692828,5a,computed_RC
2023-09-05,17.00200492056753,5a,computed_RC
2023-09-06,15.455149405823839,5a,computed_RC
2023-09-07,14.343030043687984,5a,computed_RC
2023-09-08,13.70873310349976,5a,computed_RC
2023-09-09,13.191889375147156,5a,computed_RC
2023-09-10,12.440142712765418,5a,computed_RC
2023-09-11,17.62547419772022,5a,computed_RC
2023-09-12,29.973365052653655,5a,computed_RC
2023-09-13,22.72418036219741,5a,computed_RC
2023-09-14,18.275207459775043,5a,computed_RC
2023-09-15,16.41621801753306,5a,computed_RC
2023-09-16,14.945201297464822,5a,computed_RC
2023-09-17,14.248719572359235,5a,computed_RC
2023-09-18,13.621028551531118,5a,computed_RC
2023-09-19,13.030748759144881,5a,computed_RC
2023-09-20,12.022749585368674,5a,computed_RC
2023-09-21,12.279681204782616,5a,computed_RC
2023-09-22,13.399903128011639,5a,computed_RC
2023-09-23,11.71448694587424,5a,computed_RC
2023-09-24,10.922135413573338,5a,computed_RC
2023-09-25,10.767630839628339,5a,computed_RC
2023-09-26,20.55934108240006,5a,computed_RC
2023-09-27,28.96650993582195,5a,computed_RC
2023-09-28,23.079433085837568,5a,computed_RC
2023-09-29,18.528485572611835,5a,computed_RC
2023-09-30,16.264782511990056,5a,computed_RC
2023-10-01,14.788541528878692,5a,computed_RC
2023-10-02,13.470575830581394,5a,computed_RC
2023-10-03,12.81330501359108,5a,computed_RC
2023-10-04,12.08768584152668,5a,computed_RC
2023-10-05,11.460211319126277,5a,computed_RC
2023-10-06,10.858026943507706,5a,computed_RC
2023-10-07,10.193003046878282,5a,computed_RC
2023-10-08,9.434971217451032,5a,computed_RC
2023-10-09,8.257944429353982,5a,computed_RC
2023-10-10,6.963360670947412,5a,computed_RC
2023-10-11,6.688594403008896,5a,computed_RC
2023-10-12,30.44318741472817,5a,computed_RC
2023-10-13,29.25273873508658,5a,computed_RC
2023-10-14,24.01089647573865,5a,computed_RC
2023-10-15,20.900707067928153,5a,computed_RC
2023-10-16,19.13110049919158,5a,computed_RC
2023-10-17,17.02780624425734,5a,computed_RC
2023-10-18,16.055186523286096,5a,computed_RC
2023-10-19,15.268655325376189,5a,computed_RC
2023-10-20,14.510168992935958,5a,computed_RC
2023-10-21,13.915172401123598,5a,computed_RC
2023-10-22,13.430236537861749,5a,computed_RC
2023-10-23,12.305628763918984,5a,computed_RC
2023-10-24,11.47772643667879,5a,computed_RC
2023-10-25,11.036000806513117,5a,computed_RC
2023-10-26,10.405731768679855,5a,computed_RC
2023-10-27,10.244988311917067,5a,computed_RC
2023-10-28,10.14105998958854,5a,computed_RC
2023-10-29,9.90543133460338,5a,computed_RC
2023-10-30,9.726602590332174,5a,computed_RC
2023-10-31,9.582515444877128,5a,computed_RC
2023-11-01,6.576685811751709,5a,computed_RC
2023-11-02,4.616829107098177,5a,computed_RC
2023-11-03,4.1578249483250795,5a,computed_RC
2023-11-04,3.437668310756731,5a,computed_RC
2023-11-05,2.2312552331663507,5a,computed_RC
2023-11-06,1.086060779870913,5a,computed_RC
2023-11-07,0.10732727944625176,5a,computed_RC
2023-11-08,0,5a,computed_RC
2023-11-09,0,5a,computed_RC
2023-11-10,0,5a,computed_RC
2023-11-11,0,5a,computed_RC
2023-11-12,0,5a,computed_RC
2023-11-13,0,5a,computed_RC
2023-11-14,0,5a,computed_RC
2023-11-15,0,5a,computed_RC
2023-11-16,0,5a,computed_RC
2023-11-17,0.20302047727310907,5a,computed_RC
2023-11-18,1.558698990938485,5a,computed_RC
2023-11-19,1.8822344968599094,5a,computed_RC
2023-11-20,1.4415901382883896,5a,computed_RC
2023-11-21,0.9941753515283579,5a,computed_RC
2023-11-22,0.9182571538967653,5a,computed_RC
2023-11-23,0.35957402577511344,5a,computed_RC
2023-11-24,0,5a,computed_RC
2023-11-25,0,5a,computed_RC
2023-11-26,1.3591681242322746,5a,computed_RC
2023-11-27,6.640927369275358,5a,computed_RC
2023-11-28,9.924908885828918,5a,computed_RC
2023-11-29,9.16459243457275,5a,computed_RC
2023-11-30,8.712951262678288,5a,computed_RC
2023-12-01,8.182887999673817,5a,computed_RC
2023-12-02,8.244469868761893,5a,computed_RC
2023-12-03,8.919579591787997,5a,computed_RC
2023-12-04,9.654540844518912,5a,computed_RC
2023-12-05,8.829385066198551,5a,computed_RC
2023-12-06,7.527440426302635,5a,computed_RC
2023-12-07,6.51801697736562,5a,computed_RC
2023-12-08,6.1335079300109365,5a,computed_RC
2023-12-09,5.964267625632186,5a,computed_RC
2023-12-10,5.566623408583269,5a,computed_RC
2023-12-11,12.04907135756594,5a,computed_RC
2023-12-12,11.40895027568498,5a,computed_RC
2023-12-13,10.438872088319943,5a,computed_RC
2023-12-14,9.867744974799814,5a,computed_RC
2023-12-15,9.71504264519396,5a,computed_RC
2023-12-16,10.212058575224976,5a,computed_RC
2023-12-17,68.18771656660451,5a,computed_RC
2023-12-18,57.67453405733987,5a,computed_RC
2023-12-19,41.72380095976672,5a,computed_RC
2023-12-20,31.841186058246315,5a,computed_RC
2023-12-21,27.59135466229538,5a,computed_RC
2023-12-22,24.993314680663083,5a,computed_RC
2023-12-23,23.29589038713203,5a,computed_RC
2023-12-24,21.94620763199284,5a,computed_RC
2023-12-25,21.952209425885044,5a,computed_RC
2023-12-26,22.65489176878914,5a,computed_RC
2023-12-27,21.43145227089355,5a,computed_RC
2023-12-28,20.610609756802283,5a,computed_RC
2023-12-29,19.812088417500227,5a,computed_RC
2023-12-30,18.669306289293974,5a,computed_RC
2023-12-31,17.81097809867409,5a,computed_RC
2024-01-01,17.295164259919193,5a,computed_RC
2024-01-02,16.89680993568112,5a,computed_RC
2024-01-03,16.495681735110978,5a,computed_RC
2024-01-04,17.785199178683726,5a,computed_RC
2024-01-05,17.166769917686352,5a,computed_RC
2024-01-06,19.865831393742685,5a,computed_RC
2024-01-07,20.53307851002706,5a,computed_RC
2024-01-08,19.65903715418809,5a,computed_RC
2024-01-09,27.111561462008883,5a,computed_RC
2024-01-10,35.73939561536418,5a,computed_RC
2024-01-11,29.239407259946194,5a,computed_RC
2024-01-12,25.82319833560904,5a,computed_RC
2024-01-13,24.139714139579187,5a,computed_RC
2024-01-14,21.871293829087794,5a,computed_RC
2024-01-15,20.55751282471762,5a,computed_RC
2024-01-16,23.078331720095253,5a,computed_RC
2024-01-17,23.37467452642493,5a,computed_RC
2024-01-18,21.47345938609648,5a,computed_RC
2024-01-19,20.636350648154338,5a,computed_RC
2024-01-20,19.55345371765402,5a,computed_RC
2024-01-21,18.491121635013393,5a,computed_RC
2024-01-22,18.092616265928175,5a,computed_RC
2024-01-23,17.825246729108716,5a,computed_RC
2024-01-24,17.402623303148903,5a,computed_RC
2024-01-25,16.902322636752334,5a,computed_RC
2024-01-26,47.2337979773903,5a,computed_RC
2024-01-27,38.37597993364251,5a,computed_RC
2024-01-28,30.60654250960403,5a,computed_RC
2024-01-29,26.397361689017682,5a,computed_RC
2024-01-30,23.531043838254188,5a,computed_RC
2024-01-31,21.628153394503524,5a,computed_RC
2024-02-01,20.13039898752894,5a,computed_RC
2024-02-02,19.15339347548948,5a,computed_RC
2024-02-03,18.36814879132364,5a,computed_RC
2024-02-04,19.10577299215177,5a,computed_RC
2024-02-05,19.34316005421928,5a,computed_RC
2024-02-06,18.168755313365786,5a,computed_RC
2024-02-07,17.672853767279566,5a,computed_RC
2024-02-08,17.42768828757547,5a,computed_RC
2024-02-09,17.191493157154788,5a,computed_RC
2024-02-10,16.896997464642986,5a,computed_RC
2024-02-11,16.494911445960724,5a,computed_RC
2024-02-12,16.370076995229773,5a,computed_RC
2024-02-13,17.155408097338647,5a,computed_RC
2024-02-14,16.274467714316447,5a,computed_RC
2024-02-15,15.726695105545081,5a,computed_RC
2024-02-16,15.949324833483615,5a,computed_RC
2024-02-17,16.979766512225968,5a,computed_RC
2024-02-18,25.488977754801134,5a,computed_RC
2024-02-19,26.03100582294043,5a,computed_RC
2024-02-20,22.83051697680708,5a,computed_RC
2024-02-21,20.824295684489908,5a,computed_RC
2024-02-22,19.4780120861773,5a,computed_RC
2024-02-23,18.577131257738866,5a,computed_RC
2024-02-24,17.83727506064669,5a,computed_RC
2024-02-25,16.862666346922285,5a,computed_RC
2024-02-26,16.02075987440768,5a,computed_RC
2024-02-27,15.357333469953366,5a,computed_RC
2024-02-28,14.994431333624172,5a,computed_RC
2024-02-29,14.900616920922985,5a,computed_RC
2024-03-01,14.938110380507753,5a,computed_RC
2024-03-02,14.914183212030471,5a,computed_RC
2024-03-03,14.950790438877908,5a,computed_RC
2024-03-04,15.61418366560286,5a,computed_RC
2024-03-05,15.662488761530808,5a,computed_RC
2024-03-06,16.037962102923004,5a,computed_RC
2024-03-07,15.991699149964607,5a,computed_RC
2024-03-08,15.66163330224203,5a,computed_RC
2024-03-09,15.67621868510043,5a,computed_RC
2024-03-10,18.5322275639207,5a,computed_RC
2024-03-11,16.540246375585415,5a,computed_RC
2024-03-12,14.666774502896649,5a,computed_RC
2024-03-13,13.972951333671574,5a,computed_RC
2024-03-14,13.36885489005526,5a,computed_RC
2024-03-15,12.840229724713662,5a,computed_RC
2024-03-16,12.560040903473002,5a,computed_RC
2024-03-17,11.739636519117942,5a,computed_RC
2024-03-18,11.673417498097061,5a,computed_RC
2024-03-19,11.56329303177297,5a,computed_RC
2024-03-20,11.831308006903663,5a,computed_RC
2024-03-21,10.830203937372152,5a,computed_RC
2024-03-22,12.491212356214808,5a,computed_RC
2024-03-23,14.632257660518016,5a,computed_RC
2024-03-24,14.344637308333885,5a,computed_RC
2024-03-25,13.153390696441928,5a,computed_RC
2024-03-26,12.044354136692924,5a,computed_RC
2024-03-27,12.124096013767648,5a,computed_RC
2024-03-28,14.822160004302049,5a,computed_RC
2024-03-29,13.76026494259197,5a,computed_RC
2024-03-30,12.18407284102645,5a,computed_RC
2024-03-31,11.7541803637547,5a,computed_RC
2024-04-01,11.80443738485401,5a,computed_RC
2024-04-02,11.706550302093316,5a,computed_RC
2024-04-03,22.66831340890958,5a,computed_RC
2024-04-04,26.57344338651516,5a,computed_RC
2024-04-05,22.09035781520401,5a,computed_RC
2024-04-06,19.313117837814133,5a,computed_RC
2024-04-07,17.445149666398642,5a,computed_RC
2024-04-08,15.767400481471444,5a,computed_RC
2024-04-09,14.222710862885288,5a,computed_RC
2024-04-10,12.704558821571714,5a,computed_RC
2024-04-11,14.887626185618204,5a,computed_RC
2024-04-12,16.054609988532224,5a,computed_RC
2024-04-13,14.424307185278323,5a,computed_RC
2024-04-14,13.261736294121187,5a,computed_RC
2024-04-15,12.287156777050718,5a,computed_RC
2024-04-16,11.204240445424034,5a,computed_RC
2024-04-17,10.623566080544922,5a,computed_RC
2024-04-18,8.748431060697934,5a,computed_RC
2024-04-19,7.72731825737679,5a,computed_RC
2024-04-20,7.559442253844601,5a,computed_RC
2024-04-21,7.6771104795385,5a,computed_RC
2024-04-22,6.992385256830581,5a,computed_RC
2024-04-23,5.725272661479007,5a,computed_RC
2024-04-24,4.835152799593746,5a,computed_RC
2024-04-25,3.9015333817742115,5a,computed_RC
2024-04-26,3.0135890007339294,5a,computed_RC
2024-04-27,1.7442535821953518,5a,computed_RC
2024-04-28,0.4349611099107145,5a,computed_RC
2024-04-29,0,5a,computed_RC
2024-04-30,0,5a,computed_RC
2024-05-01,0,5a,computed_RC
2024-05-02,0,5a,computed_RC
2024-05-03,0,5a,computed_RC
2024-05-04,0,5a,computed_RC
2024-05-05,0,5a,computed_RC
2024-05-06,0,5a,computed_RC
2024-05-07,0,5a,computed_RC
2024-05-08,0,5a,computed_RC
2024-05-09,0,5a,computed_RC
2024-05-10,0,5a,computed_RC
2024-05-11,0,5a,computed_RC
2024-05-12,0,5a,computed_RC
2024-05-13,0,5a,computed_RC
2024-05-14,0,5a,computed_RC
2024-05-15,0,5a,computed_RC
2024-05-16,0,5a,computed_RC
2024-05-17,0,5a,computed_RC
2024-05-18,0,5a,computed_RC
2024-05-19,0,5a,computed_RC
2024-05-20,0,5a,computed_RC
2024-05-21,0,5a,computed_RC
2024-05-22,0,5a,computed_RC
2024-05-23,0,5a,computed_RC
2024-05-24,0,5a,computed_RC
2024-05-25,0,5a,computed_RC
2024-05-26,0,5a,computed_RC
2024-05-27,0,5a,computed_RC
2024-05-28,0,5a,computed_RC
2024-05-29,0,5a,computed_RC
2024-05-30,0,5a,computed_RC
2024-05-31,0,5a,computed_RC
2024-07-26,10.180840761188021,5a,computed_RC
2024-07-27,14.625055516774495,5a,computed_RC
2024-07-28,17.081947485603244,5a,computed_RC
2024-07-29,14.56630653439159,5a,computed_RC
2024-07-30,12.830895863816993,5a,computed_RC
2024-07-31,11.183441356307112,5a,computed_RC
2024-08-01,9.046615965132922,5a,computed_RC
2024-08-02,21.432598931586472,5a,computed_RC
2024-08-03,27.139946181268854,5a,computed_RC
2024-08-04,25.42268844692409,5a,computed_RC
2024-08-05,109.63352031801415,5a,computed_RC
2024-08-10,172.5535028971608,5a,computed_RC
2024-08-11,67.96745232485057,5a,computed_RC
2024-08-12,17.789561618429428,5a,computed_RC
2024-08-13,16.18260962403316,5a,computed_RC
2024-08-14,14.931064823338499,5a,computed_RC
2024-08-15,13.891721903447532,5a,computed_RC
2024-08-16,12.829547019205334,5a,computed_RC
2024-08-17,11.555801030636244,5a,computed_RC
2024-08-18,10.305236122562482,5a,computed_RC
2024-08-19,10.040950642388468,5a,computed_RC
2024-08-20,9.028588363978416,5a,computed_RC
2024-08-21,7.297006468276625,5a,computed_RC
2024-08-22,5.451365089196656,5a,computed_RC
2024-08-23,4.803182778020555,5a,computed_RC
2024-08-24,4.552586713950102,5a,computed_RC
2024-08-25,4.378567112704968,5a,computed_RC
2024-08-26,4.484795290784305,5a,computed_RC
2024-08-27,4.702212331600683,5a,computed_RC
2024-08-28,4.7411609651591915,5a,computed_RC
2024-08-29,4.6374716603292745,5a,computed_RC
2024-08-30,4.25659328819267,5a,computed_RC
2024-08-31,3.243889987003785,5a,computed_RC
2024-09-01,1.3429545164581491,5a,computed_RC
2024-09-02,0.16983758833200377,5a,computed_RC
2024-09-03,0,5a,computed_RC
2024-09-04,0,5a,computed_RC
2024-09-05,0,5a,computed_RC
2024-09-06,0,5a,computed_RC
2024-09-07,0,5a,computed_RC
2024-09-08,1.7524294328076762,5a,computed_RC
2024-09-09,16.302917265634083,5a,computed_RC
2024-09-10,14.59701790325627,5a,computed_RC
2024-09-11,14.013341899966269,5a,computed_RC
2024-09-12,14.924857229347381,5a,computed_RC
2024-09-13,15.754508795134301,5a,computed_RC
2024-09-14,15.581453246269552,5a,computed_RC
2024-09-15,14.653625251284655,5a,computed_RC
2024-09-16,14.997989671672078,5a,computed_RC
2024-09-17,13.381424420085128,5a,computed_RC
2024-09-18,12.825079164595035,5a,computed_RC
2024-09-19,13.59350501469126,5a,computed_RC
2024-09-20,12.016218334645977,5a,computed_RC
2024-09-21,10.450045758447793,5a,computed_RC
2024-09-22,9.25676414678475,5a,computed_RC
2024-09-23,8.326723439316034,5a,computed_RC
2024-09-24,7.357703731244405,5a,computed_RC
2024-09-25,7.280550329922027,5a,computed_RC
2024-09-26,7.959564401849632,5a,computed_RC
2024-09-27,14.964662198483342,5a,computed_RC
2024-09-28,15.182667207866407,5a,computed_RC
2024-09-29,14.99528133905574,5a,computed_RC
2024-09-30,14.465382107382947,5a,computed_RC
2024-10-01,16.753270485721263,5a,computed_RC
2024-10-02,14.33458640341239,5a,computed_RC
2024-10-03,12.613545421433244,5a,computed_RC
2024-10-04,11.342619155242865,5a,computed_RC
2024-10-05,10.704980970689801,5a,computed_RC
2024-10-06,14.298565618890839,5a,computed_RC
2024-10-07,18.645041982322013,5a,computed_RC
2024-10-08,18.010432739488692,5a,computed_RC
2024-10-09,20.634752220953725,5a,computed_RC
2024-10-10,32.855535004504986,5a,computed_RC
2024-10-11,25.10499537043028,5a,computed_RC
2024-10-12,19.96932700042435,5a,computed_RC
2024-10-13,17.02588010669602,5a,computed_RC
2024-10-14,14.988757827455144,5a,computed_RC
2024-10-15,13.438994627082891,5a,computed_RC
2024-10-16,12.194962057745029,5a,computed_RC
2024-10-17,11.370576519090296,5a,computed_RC
2024-10-18,10.390803332986126,5a,computed_RC
2024-10-19,9.649467100360422,5a,computed_RC
2024-10-20,8.698285384896792,5a,computed_RC
2024-10-21,8.205423355321841,5a,computed_RC
2024-10-22,7.543471886068334,5a,computed_RC
2024-10-23,7.209178619600174,5a,computed_RC
2024-10-24,6.731429789954003,5a,computed_RC
2024-10-25,6.182778522241062,5a,computed_RC
2024-10-26,5.909692633362226,5a,computed_RC
2024-10-27,5.512431993739871,5a,computed_RC
2024-10-28,5.605893014293206,5a,computed_RC
2024-10-29,5.710670590124361,5a,computed_RC
2024-10-30,5.5927791658205415,5a,computed_RC
2024-10-31,4.9933362489241775,5a,computed_RC
2024-11-01,4.739934963425406,5a,computed_RC
2024-11-02,2.79910518240027,5a,computed_RC
2024-11-03,0.8145889762625016,5a,computed_RC
2024-11-04,0.012418832545576417,5a,computed_RC
2024-11-05,0,5a,computed_RC
2024-11-06,0,5a,computed_RC
2024-11-07,0,5a,computed_RC
2024-11-08,0,5a,computed_RC
2024-11-09,0,5a,computed_RC
2024-11-10,0,5a,computed_RC
2024-11-11,0,5a,computed_RC
2024-11-12,0,5a,computed_RC
2024-11-13,0,5a,computed_RC
2024-11-14,0,5a,computed_RC
2024-11-15,0,5a,computed_RC
2024-11-16,0,5a,computed_RC
2024-11-17,0,5a,computed_RC
2024-11-18,0,5a,computed_RC
2024-11-19,0,5a,computed_RC
2024-11-20,0,5a,computed_RC
2024-11-21,0,5a,computed_RC
2024-11-22,0,5a,computed_RC
2024-11-23,0,5a,computed_RC
2024-11-24,0,5a,computed_RC
2024-11-25,0,5a,computed_RC
2024-11-26,0,5a,computed_RC
2024-11-27,0,5a,computed_RC
2024-11-28,0,5a,computed_RC
2024-11-29,0,5a,computed_RC
2024-11-30,0,5a,computed_RC
2024-12-01,0,5a,computed_RC
2024-12-02,0,5a,computed_RC
2024-12-03,0,5a,computed_RC
2024-12-04,0,5a,computed_RC
2024-12-05,0,5a,computed_RC
2024-12-06,0,5a,computed_RC
2024-12-07,0,5a,computed_RC
2024-12-08,0,5a,computed_RC
2024-12-09,0,5a,computed_RC
2024-12-10,0,5a,computed_RC
2024-12-11,0,5a,computed_RC
2024-12-12,0,5a,computed_RC
2024-12-13,0,5a,computed_RC
2024-12-14,0,5a,computed_RC
2024-12-15,0,5a,computed_RC
2024-12-16,0,5a,computed_RC
2024-12-17,0,5a,computed_RC
2024-12-18,0,5a,computed_RC
2024-12-19,0,5a,computed_RC
2024-12-20,0,5a,computed_RC
2024-12-21,0,5a,computed_RC
2024-12-22,0,5a,computed_RC
2024-12-23,0,5a,computed_RC
2024-12-24,0,5a,computed_RC
2024-12-25,0,5a,computed_RC
2024-12-26,0,5a,computed_RC
2024-12-27,0,5a,computed_RC
2024-12-28,0,5a,computed_RC
2024-12-29,0,5a,computed_RC
2024-12-30,0,5a,computed_RC
2024-12-31,0,5a,computed_RC
2025-01-01,0,5a,computed_RC
2025-01-02,0,5a,computed_RC
2025-01-03,0,5a,computed_RC
2025-01-04,0,5a,computed_RC
2025-01-05,0,5a,computed_RC
2025-01-06,0,5a,computed_RC
2025-01-07,0,5a,computed_RC
2025-01-08,0,5a,computed_RC
2025-01-09,0,5a,computed_RC
2025-01-10,0,5a,computed_RC
2025-01-11,0,5a,computed_RC
2025-01-12,0,5a,computed_RC
2025-01-13,0,5a,computed_RC
2025-01-14,0,5a,computed_RC
2025-01-15,0,5a,computed_RC
2025-01-16,0,5a,computed_RC
2025-01-17,0,5a,computed_RC
2025-01-18,0,5a,computed_RC
2025-01-19,8.604709650481277,5a,computed_RC
2025-01-20,16.343345072308313,5a,computed_RC
2025-01-21,15.552225919965263,5a,computed_RC
2025-01-22,27.069122757311597,5a,computed_RC
2025-01-23,24.520876714068315,5a,computed_RC
2025-01-24,21.29886457784529,5a,computed_RC
2025-01-25,19.132378446649064,5a,computed_RC
2025-01-26,17.459824736658607,5a,computed_RC
2025-01-27,16.213099513468883,5a,computed_RC
2025-01-28,15.198169778748658,5a,computed_RC
2025-01-29,14.09500285296956,5a,computed_RC
2025-01-30,13.531821745782858,5a,computed_RC
2025-01-31,13.117270604005109,5a,computed_RC
2025-02-01,12.823797401943597,5a,computed_RC
2025-02-02,12.102378575733564,5a,computed_RC
2025-02-03,11.56494600871387,5a,computed_RC
2025-02-04,11.01554394482959,5a,computed_RC
2025-02-05,10.513005862233232,5a,computed_RC
2025-02-06,9.974237045010033,5a,computed_RC
2025-02-07,9.489707864937122,5a,computed_RC
2025-02-08,8.928112705156067,5a,computed_RC
2025-02-09,8.100578332108482,5a,computed_RC
2025-02-10,7.3850962105083,5a,computed_RC
2025-02-11,7.367924976339067,5a,computed_RC
2025-02-12,7.091114152931901,5a,computed_RC
2025-02-13,7.762663494712344,5a,computed_RC
2025-02-14,10.68654931522332,5a,computed_RC
2025-02-15,10.591451903608153,5a,computed_RC
2025-02-16,10.657120250860322,5a,computed_RC
2025-02-17,11.086875457915587,5a,computed_RC
2025-02-18,10.419364224055194,5a,computed_RC
2025-02-19,13.474125820867693,5a,computed_RC
2025-02-20,15.715463074264372,5a,computed_RC
2025-02-21,14.81490454307611,5a,computed_RC
2025-02-22,13.963241493927551,5a,computed_RC
2025-02-23,13.33902036362346,5a,computed_RC
2025-02-24,14.28124328431619,5a,computed_RC
2025-02-25,15.145818747190017,5a,computed_RC
2025-02-26,14.333628737366512,5a,computed_RC
2025-02-27,13.251435111427424,5a,computed_RC
2025-02-28,12.519404023693308,5a,computed_RC
2025-03-01,11.541601876127046,5a,computed_RC
2025-03-02,11.052257007679046,5a,computed_RC
2025-03-03,10.324758201153392,5a,computed_RC
2025-03-04,9.638864040262543,5a,computed_RC
2025-03-05,9.450517876709254,5a,computed_RC
2025-03-06,9.473018528188245,5a,computed_RC
2025-03-07,8.750320408853561,5a,computed_RC
2025-03-08,8.57917488917941,5a,computed_RC
2025-03-09,10.381776065066095,5a,computed_RC
2025-03-10,25.67799747532247,5a,computed_RC
2025-03-11,22.921027401631655,5a,computed_RC
2025-03-12,19.483707322433,5a,computed_RC
2025-03-13,17.182260821490924,5a,computed_RC
2025-03-14,15.612729935693787,5a,computed_RC
2025-03-15,14.33540054659153,5a,computed_RC
2025-03-16,14.398304923122952,5a,computed_RC
2025-03-17,14.678100564871292,5a,computed_RC
2025-03-18,13.51949356680364,5a,computed_RC
2025-03-19,12.591043658733138,5a,computed_RC
2025-03-20,11.96500724582039,5a,computed_RC
2025-03-21,11.537085180537426,5a,computed_RC
2025-03-22,10.751414329236328,5a,computed_RC
2025-03-23,10.239268325084181,5a,computed_RC
2025-03-24,10.088844296998355,5a,computed_RC
2025-03-25,9.766674103071594,5a,computed_RC
2025-03-26,8.782644376385445,5a,computed_RC
2025-03-27,7.366286027672705,5a,computed_RC
2025-03-28,6.652847908294167,5a,computed_RC
2025-03-29,6.314891563272972,5a,computed_RC
2025-03-30,11.700601787473548,5a,computed_RC
2025-03-31,17.968359412719774,5a,computed_RC
2025-04-01,17.827809083664825,5a,computed_RC
2025-04-02,19.51390141007798,5a,computed_RC
2025-04-03,17.093199695823465,5a,computed_RC
2025-04-04,14.885773186321691,5a,computed_RC
2025-04-05,13.059323421701674,5a,computed_RC
2025-04-06,11.780033231180713,5a,computed_RC
2025-04-07,10.822362048782537,5a,computed_RC
2025-04-08,11.105504924048942,5a,computed_RC
2025-04-09,8.649163541150362,5a,computed_RC
2025-04-10,7.885199696020396,5a,computed_RC
2025-04-11,8.11241100623223,5a,computed_RC
2025-04-12,7.2267915567264485,5a,computed_RC
2025-04-13,6.5367022346700745,5a,computed_RC
2025-04-14,6.066908065393653,5a,computed_RC
2025-04-15,5.908211411276912,5a,computed_RC
2025-04-16,5.892269384972732,5a,computed_RC
2025-04-17,5.603200401481448,5a,computed_RC
2025-04-18,5.284583273856458,5a,computed_RC
2025-04-19,5.3970041905609385,5a,computed_RC
2025-04-20,4.80286909743012,5a,computed_RC
2025-04-21,3.7154905279491013,5a,computed_RC
2025-04-22,1.8584200080892677,5a,computed_RC
2025-04-23,0.3405617915698599,5a,computed_RC
2025-04-24,0,5a,computed_RC
2025-04-25,0,5a,computed_RC
2025-04-26,0,5a,computed_RC
2025-04-27,0,5a,computed_RC
2025-04-28,0,5a,computed_RC
2025-04-29,0,5a,computed_RC
2025-04-30,0,5a,computed_RC
2025-05-01,0,5a,computed_RC
2025-05-02,0,5a,computed_RC
2025-05-03,0,5a,computed_RC
2025-05-04,0,5a,computed_RC
2025-05-05,0,5a,computed_RC
2025-05-06,0,5a,computed_RC
2025-05-07,0,5a,computed_RC
2025-05-08,0,5a,computed_RC
2025-05-09,0,5a,computed_RC
2025-05-10,0,5a,computed_RC
2025-05-11,0,5a,computed_RC
2025-05-12,0,5a,computed_RC
2025-05-13,0,5a,computed_RC
2025-05-14,0,5a,computed_RC
2025-05-15,0,5a,computed_RC
2025-05-16,0,5a,computed_RC
2025-05-17,0,5a,computed_RC
2025-05-18,0,5a,computed_RC
2025-05-19,0,5a,computed_RC
2025-07-24,15.036831905499268,5a,computed_RC
2025-07-25,9.99987065227586,5a,computed_RC
2025-07-26,7.862437765138749,5a,computed_RC
2025-07-27,6.984252279231497,5a,computed_RC
2025-07-28,6.0237082583111485,5a,computed_RC
2025-07-29,5.814373326106247,5a,computed_RC
2025-07-30,5.969930828082478,5a,computed_RC
2025-07-31,5.454088752422978,5a,computed_RC
2025-08-01,4.117527167178967,5a,computed_RC
2025-08-02,1.7155487169953214,5a,computed_RC
2025-08-03,0.08569401483747355,5a,computed_RC
2025-08-04,0,5a,computed_RC
2025-08-05,0,5a,computed_RC
2025-08-06,0,5a,computed_RC
2025-08-07,0,5a,computed_RC
2025-08-08,0,5a,computed_RC
2025-08-09,0,5a,computed_RC
2025-08-10,0,5a,computed_RC
2025-08-11,0,5a,computed_RC
2025-08-12,0,5a,computed_RC
2025-08-13,0,5a,computed_RC
2025-08-14,0,5a,computed_RC
2025-08-15,0,5a,computed_RC
2025-08-16,0,5a,computed_RC
2025-08-17,0,5a,computed_RC
2025-08-18,0,5a,computed_RC
2025-08-19,0,5a,computed_RC
2025-08-20,0,5a,computed_RC
2025-08-21,0,5a,computed_RC
2025-08-22,0,5a,computed_RC
2025-08-23,0,5a,computed_RC
2025-08-24,0,5a,computed_RC
2025-08-25,0,5a,computed_RC
2025-08-26,0,5a,computed_RC
2025-08-27,0.902184191361298,5a,computed_RC
2025-08-28,2.7920487352409302,5a,computed_RC
2025-08-29,1.7099404859737724,5a,computed_RC
2021-04-06,341.29392560176314,6,advisor_summarized
2021-04-07,413.60045974682583,6,advisor_summarized
2021-04-08,376.81840550270414,6,advisor_summarized
2021-04-09,347.4821639010491,6,advisor_summarized
2021-04-10,322.7146752366776,6,advisor_summarized
2021-04-11,348.9470029832568,6,advisor_summarized
2021-04-12,374.4273528428574,6,advisor_summarized
2021-04-13,355.5605917163363,6,advisor_summarized
2021-04-14,337.04866006031784,6,advisor_summarized
2021-04-15,319.16298652794575,6,advisor_summarized
2021-04-16,312.0627040985257,6,advisor_summarized
2021-04-17,337.06603168179925,6,advisor_summarized
2021-04-18,396.5602718545288,6,advisor_summarized
2021-04-19,473.9262378801804,6,advisor_summarized
2021-04-20,494.8086964295126,6,advisor_summarized
2021-04-21,476.50603588712835,6,advisor_summarized
2021-04-22,439.15194899629336,6,advisor_summarized
2021-04-23,401.96755119315065,6,advisor_summarized
2021-04-24,371.9516058985341,6,advisor_summarized
2021-04-25,374.8027179696389,6,advisor_summarized
2021-04-26,356.8467137780563,6,advisor_summarized
2021-04-27,332.1996951550101,6,advisor_summarized
2021-04-28,312.9490547257817,6,advisor_summarized
2021-04-29,294.6456010709756,6,advisor_summarized
2021-04-30,277.6978518164745,6,advisor_summarized
2021-05-01,263.0811856989207,6,advisor_summarized
2021-05-02,254.74608168578501,6,advisor_summarized
2021-05-03,247.87249549657284,6,advisor_summarized
2021-05-04,230.23660229251962,6,advisor_summarized
2021-05-05,216.56786871132158,6,advisor_summarized
2021-05-06,227.44740954498698,6,advisor_summarized
2021-05-07,236.61371584449293,6,advisor_summarized
2021-05-08,223.54614352336839,6,advisor_summarized
2021-05-09,212.46877193759863,6,advisor_summarized
2021-05-10,205.2219036533718,6,advisor_summarized
2021-05-11,201.73403394975125,6,advisor_summarized
2021-05-12,201.25162827215897,6,advisor_summarized
2021-05-13,197.3711987317929,6,advisor_summarized
2021-05-14,193.86873110026193,6,advisor_summarized
2021-05-15,185.34386450150194,6,advisor_summarized
2021-05-16,178.50649826984306,6,advisor_summarized
2021-05-17,171.92658804728214,6,advisor_summarized
2021-05-18,164.6723731936497,6,advisor_summarized
2021-05-19,158.7077382480795,6,advisor_summarized
2021-05-20,153.63315279301042,6,advisor_summarized
2021-05-21,149.0508909667294,6,advisor_summarized
2021-05-22,144.8991258435017,6,advisor_summarized
2021-05-23,139.77730842922776,6,advisor_summarized
2021-05-24,135.95985061696766,6,advisor_summarized
2021-05-25,132.27539879520734,6,advisor_summarized
2021-05-26,128.04742661580448,6,advisor_summarized
2021-05-27,124.45328570572337,6,advisor_summarized
2021-05-28,121.12441097285419,6,advisor_summarized
2021-05-29,118.44133402790037,6,advisor_summarized
2021-05-30,115.56670374576952,6,advisor_summarized
2021-05-31,112.12835644855251,6,advisor_summarized
2021-06-01,109.47961500697629,6,advisor_summarized
2021-06-02,109.67125612585767,6,advisor_summarized
2021-06-03,121.84090744021547,6,advisor_summarized
2021-06-04,133.70590102996982,6,advisor_summarized
2021-06-05,129.10819310995757,6,advisor_summarized
2021-06-06,125.169037430361,6,advisor_summarized
2021-06-07,144.2301747418679,6,advisor_summarized
2021-06-08,139.21974846587463,6,advisor_summarized
2021-06-09,130.97718792009826,6,advisor_summarized
2021-06-10,132.34861056300144,6,advisor_summarized
2021-06-11,135.8734722252942,6,advisor_summarized
2021-06-12,127.78012992395611,6,advisor_summarized
2021-06-13,132.3449562500066,6,advisor_summarized
2021-06-14,156.65879073676027,6,advisor_summarized
2021-06-15,210.28574535567978,6,advisor_summarized
2021-06-16,158.12412589461306,6,advisor_summarized
2021-06-17,141.75384872023668,6,advisor_summarized
2021-06-18,134.7373839969945,6,advisor_summarized
2021-06-19,130.7951949733129,6,advisor_summarized
2021-06-20,158.34566572383437,6,advisor_summarized
2021-06-21,182.92721738516124,6,advisor_summarized
2021-06-22,249.26923666660466,6,advisor_summarized
2021-06-23,320.63658179305787,6,advisor_summarized
2021-06-24,398.81552948467055,6,advisor_summarized
2021-06-25,493.3079008765867,6,advisor_summarized
2021-06-26,558.7828680902188,6,advisor_summarized
2021-06-27,656.3135731323238,6,advisor_summarized
2021-06-28,650.8306932466137,6,advisor_summarized
2021-06-29,598.4974250031718,6,advisor_summarized
2021-06-30,540.390659493076,6,advisor_summarized
2021-07-01,527.6733701647898,6,advisor_summarized
2021-07-02,533.1348226653952,6,advisor_summarized
2021-07-03,525.2280626227517,6,advisor_summarized
2021-07-04,509.13562395093504,6,advisor_summarized
2021-07-05,484.4295613318727,6,advisor_summarized
2021-07-06,464.0262478195811,6,advisor_summarized
2021-07-07,650.8447048299772,6,advisor_summarized
2021-07-08,971.2455816736191,6,advisor_summarized
2021-07-09,1131.0690137476097,6,advisor_summarized
2021-07-10,1019.5083873021355,6,advisor_summarized
2021-07-11,881.4696127922716,6,advisor_summarized
2021-07-12,804.9768784448194,6,advisor_summarized
2021-07-13,684.936145245998,6,advisor_summarized
2021-07-14,592.2945748518711,6,advisor_summarized
2021-07-15,528.5852451977815,6,advisor_summarized
2021-07-16,479.0598770688942,6,advisor_summarized
2021-07-17,434.02170705307157,6,advisor_summarized
2021-07-18,395.2274243133472,6,advisor_summarized
2021-07-19,365.3154484514959,6,advisor_summarized
2021-07-20,341.4654302092142,6,advisor_summarized
2021-07-21,320.2718524281683,6,advisor_summarized
2021-07-22,301.87181232295126,6,advisor_summarized
2021-07-23,303.06394703751477,6,advisor_summarized
2021-07-24,304.49463708802375,6,advisor_summarized
2021-07-25,285.54552737451996,6,advisor_summarized
2021-07-26,271.0154393069594,6,advisor_summarized
2021-07-27,274.9943363925908,6,advisor_summarized
2021-07-28,317.50334649405704,6,advisor_summarized
2021-07-29,377.2149379103257,6,advisor_summarized
2021-07-30,369.4934129588972,6,advisor_summarized
2021-07-31,349.2359106497022,6,advisor_summarized
2021-08-01,326.82463501662636,6,advisor_summarized
2021-08-02,309.8211856157723,6,advisor_summarized
2021-08-03,327.03188047278655,6,advisor_summarized
2021-08-04,313.7175004636595,6,advisor_summarized
2021-08-05,317.19098826684564,6,advisor_summarized
2021-08-06,321.91898849507004,6,advisor_summarized
2021-08-07,317.60456168633624,6,advisor_summarized
2021-08-08,316.81722759348787,6,advisor_summarized
2021-08-09,311.6032930542655,6,advisor_summarized
2021-08-10,313.0345151203607,6,advisor_summarized
2021-08-11,308.24165861557293,6,advisor_summarized
2021-08-12,294.25116234206735,6,advisor_summarized
2021-08-13,283.65129351637137,6,advisor_summarized
2021-08-14,278.5932386772061,6,advisor_summarized
2021-08-15,272.90428153758324,6,advisor_summarized
2021-08-16,261.15454269159574,6,advisor_summarized
2021-08-17,252.93666413380421,6,advisor_summarized
2021-08-18,242.75719740400635,6,advisor_summarized
2021-08-19,230.1846587651706,6,advisor_summarized
2021-08-20,220.61153691672885,6,advisor_summarized
2021-08-21,209.33198362464927,6,advisor_summarized
2021-08-22,207.95881336597745,6,advisor_summarized
2021-08-23,217.76831647062772,6,advisor_summarized
2021-08-24,233.67709200010384,6,advisor_summarized
2021-08-25,267.1714993523079,6,advisor_summarized
2021-08-26,255.45985238222343,6,advisor_summarized
2021-08-27,250.8157572294074,6,advisor_summarized
2021-08-28,241.96653231498792,6,advisor_summarized
2021-08-29,230.73455658146415,6,advisor_summarized
2021-08-30,218.67956129141695,6,advisor_summarized
2021-08-31,207.566890045814,6,advisor_summarized
2021-09-01,237.94885970753225,6,advisor_summarized
2021-09-02,252.01323895406736,6,advisor_summarized
2021-09-03,282.5639796483725,6,advisor_summarized
2021-09-04,267.27110771424583,6,advisor_summarized
2021-09-05,255.470216507586,6,advisor_summarized
2021-09-06,244.45993106480955,6,advisor_summarized
2021-09-07,236.02266043878453,6,advisor_summarized
2021-09-08,238.5228568139113,6,advisor_summarized
2021-09-09,214.60018063438406,6,advisor_summarized
2021-09-10,204.9890685159945,6,advisor_summarized
2021-09-11,201.3536305296716,6,advisor_summarized
2021-09-12,189.88415991160912,6,advisor_summarized
2021-09-13,182.9188520840864,6,advisor_summarized
2021-09-14,194.83363800609743,6,advisor_summarized
2021-09-15,278.1008881269575,6,advisor_summarized
2021-09-16,309.43323617617125,6,advisor_summarized
2021-09-17,381.00201459992127,6,advisor_summarized
2021-09-18,390.65986959121614,6,advisor_summarized
2021-09-19,404.84607007404117,6,advisor_summarized
2021-09-20,442.09625540218343,6,advisor_summarized
2021-09-21,645.6389804506698,6,advisor_summarized
2021-09-22,841.4720158427027,6,advisor_summarized
2021-09-23,815.7121094970865,6,advisor_summarized
2021-09-24,710.859179951278,6,advisor_summarized
2021-09-25,596.9144834875796,6,advisor_summarized
2021-09-26,513.3365251331253,6,advisor_summarized
2021-09-27,465.0565656547299,6,advisor_summarized
2021-09-28,422.4817936890195,6,advisor_summarized
2021-09-29,382.8979714954837,6,advisor_summarized
2021-09-30,351.8546907024975,6,advisor_summarized
2021-10-01,327.0146596537141,6,advisor_summarized
2021-10-02,305.2195008566966,6,advisor_summarized
2021-10-03,286.13930984959825,6,advisor_summarized
2021-10-04,270.88957388108474,6,advisor_summarized
2021-10-05,257.3090931495504,6,advisor_summarized
2021-10-06,246.9822677974445,6,advisor_summarized
2021-10-07,243.08308594407728,6,advisor_summarized
2021-10-08,236.94584836217885,6,advisor_summarized
2021-10-09,233.312005857121,6,advisor_summarized
2021-10-10,228.67008569880736,6,advisor_summarized
2021-10-11,222.91427892849075,6,advisor_summarized
2021-10-12,216.74130090083065,6,advisor_summarized
2021-10-13,210.8910999891218,6,advisor_summarized
2021-10-14,205.0809513167247,6,advisor_summarized
2021-10-15,198.70568318644203,6,advisor_summarized
2021-10-16,192.28853372414332,6,advisor_summarized
2021-10-17,185.7130054219614,6,advisor_summarized
2021-10-18,179.5408733161472,6,advisor_summarized
2021-10-19,173.79260130655032,6,advisor_summarized
2021-10-20,168.13186765570993,6,advisor_summarized
2021-10-21,162.6368204416199,6,advisor_summarized
2021-10-22,157.62747776245348,6,advisor_summarized
2021-10-23,154.96924543880715,6,advisor_summarized
2021-10-24,151.13366991489266,6,advisor_summarized
2021-10-25,149.28823583747496,6,advisor_summarized
2021-10-26,147.1660948706863,6,advisor_summarized
2021-10-27,143.66914536763238,6,advisor_summarized
2021-10-28,189.01208584603265,6,advisor_summarized
2021-10-29,201.33923202118729,6,advisor_summarized
2021-10-30,188.667167897347,6,advisor_summarized
2021-10-31,180.86901685151358,6,advisor_summarized
2021-11-01,173.8752358502294,6,advisor_summarized
2021-11-02,168.89602682189093,6,advisor_summarized
2021-11-03,163.8241008753468,6,advisor_summarized
2021-11-04,160.20333008651707,6,advisor_summarized
2021-11-05,162.93091106396625,6,advisor_summarized
2021-11-06,337.8549336004731,6,advisor_summarized
2021-11-07,416.51117448270475,6,advisor_summarized
2021-11-08,468.5140027613975,6,advisor_summarized
2021-11-09,460.63212301941235,6,advisor_summarized
2021-11-10,433.9610539664606,6,advisor_summarized
2021-11-11,406.85549535444073,6,advisor_summarized
2021-11-12,382.03670532715773,6,advisor_summarized
2021-11-13,360.80286319551027,6,advisor_summarized
2021-11-14,339.99306095330815,6,advisor_summarized
2021-11-15,320.0837302833008,6,advisor_summarized
2021-11-16,302.139920142431,6,advisor_summarized
2021-11-17,287.9967068702369,6,advisor_summarized
2021-11-18,278.7055328124987,6,advisor_summarized
2021-11-19,277.8833050218456,6,advisor_summarized
2021-11-20,272.2224775064206,6,advisor_summarized
2021-11-21,262.2564998986013,6,advisor_summarized
2021-11-22,252.34644242250099,6,advisor_summarized
2021-11-23,242.16432173326265,6,advisor_summarized
2021-11-24,233.31782339870014,6,advisor_summarized
2021-11-25,227.11583072579262,6,advisor_summarized
2021-11-26,222.11016075047974,6,advisor_summarized
2021-11-27,215.85031790650123,6,advisor_summarized
2021-11-28,209.57087970076802,6,advisor_summarized
2021-11-29,202.74038912639534,6,advisor_summarized
2021-11-30,196.5992508005955,6,advisor_summarized
2021-12-01,191.54342451853339,6,advisor_summarized
2021-12-02,186.28829447973146,6,advisor_summarized
2021-12-03,181.9576079321116,6,advisor_summarized
2021-12-04,178.38817477933765,6,advisor_summarized
2021-12-05,175.6997682962752,6,advisor_summarized
2021-12-06,173.68045937128022,6,advisor_summarized
2021-12-07,172.21490499818512,6,advisor_summarized
2021-12-08,189.01783294351912,6,advisor_summarized
2021-12-09,239.2626641425861,6,advisor_summarized
2021-12-10,225.39498802295074,6,advisor_summarized
2021-12-11,215.15101038395673,6,advisor_summarized
2021-12-12,218.74486860236564,6,advisor_summarized
2021-12-13,218.09388898202016,6,advisor_summarized
2021-12-14,213.20165613612312,6,advisor_summarized
2021-12-15,208.94601822040605,6,advisor_summarized
2021-12-16,208.44902193778145,6,advisor_summarized
2021-12-17,203.65504383199865,6,advisor_summarized
2021-12-18,199.74597766484624,6,advisor_summarized
2021-12-19,200.0356625631143,6,advisor_summarized
2021-12-20,207.7474264058297,6,advisor_summarized
2021-12-21,295.1649641849212,6,advisor_summarized
2021-12-22,347.4894862508213,6,advisor_summarized
2021-12-23,348.16319477464793,6,advisor_summarized
2021-12-24,346.12737431358283,6,advisor_summarized
2021-12-25,337.3045589851603,6,advisor_summarized
2021-12-26,326.5740587942909,6,advisor_summarized
2021-12-27,316.66688874332533,6,advisor_summarized
2021-12-28,304.98255802732166,6,advisor_summarized
2021-12-29,292.1071726388299,6,advisor_summarized
2021-12-30,282.0367726601274,6,advisor_summarized
2021-12-31,271.9165732087658,6,advisor_summarized
2022-01-01,262.09489495358434,6,advisor_summarized
2022-01-02,253.06525174259218,6,advisor_summarized
2022-01-03,246.01893628921914,6,advisor_summarized
2022-01-04,239.61944119412033,6,advisor_summarized
2022-01-05,233.78190622386253,6,advisor_summarized
2022-01-06,227.20949220949274,6,advisor_summarized
2022-01-07,219.73905426507451,6,advisor_summarized
2022-01-08,214.24602373387475,6,advisor_summarized
2022-01-09,212.60270114810533,6,advisor_summarized
2022-01-10,208.1197555842289,6,advisor_summarized
2022-01-11,202.69144750058607,6,advisor_summarized
2022-01-12,198.34802725893363,6,advisor_summarized
2022-01-13,191.94008734995373,6,advisor_summarized
2022-01-14,183.6510528723835,6,advisor_summarized
2022-01-15,179.8600732197318,6,advisor_summarized
2022-01-16,215.1507012111238,6,advisor_summarized
2022-01-17,221.28697900848695,6,advisor_summarized
2022-01-18,213.2066773331757,6,advisor_summarized
2022-01-19,206.69387291785338,6,advisor_summarized
2022-01-20,201.82467024457966,6,advisor_summarized
2022-01-21,196.48605761844388,6,advisor_summarized
2022-01-22,195.80466364534888,6,advisor_summarized
2022-01-23,194.07813813744698,6,advisor_summarized
2022-01-24,187.06644871441634,6,advisor_summarized
2022-01-25,182.74362478703424,6,advisor_summarized
2022-01-26,181.06821168593694,6,advisor_summarized
2022-01-27,167.65086920398446,6,advisor_summarized
2022-01-28,109.23693241357239,6,advisor_summarized
2022-01-29,117.41349407742543,6,advisor_summarized
2022-01-30,127.11897793308998,6,advisor_summarized
2022-01-31,140.07437232746224,6,advisor_summarized
2022-02-01,137.87487428361283,6,advisor_summarized
2022-02-02,134.97024773527065,6,advisor_summarized
2022-02-03,132.32166750101993,6,advisor_summarized
2022-02-04,131.465284764847,6,advisor_summarized
2022-02-05,140.6449661451642,6,advisor_summarized
2022-02-06,139.0703161853273,6,advisor_summarized
2022-02-07,138.25825928667604,6,advisor_summarized
2022-02-08,168.32609959163938,6,advisor_summarized
2022-02-09,177.45108562373605,6,advisor_summarized
2022-02-10,172.4796370186201,6,advisor_summarized
2022-02-11,167.0306950702347,6,advisor_summarized
2022-02-12,162.35335272653262,6,advisor_summarized
2022-02-13,163.19921989672613,6,advisor_summarized
2022-02-14,158.38844456225758,6,advisor_summarized
2022-02-15,155.533005278546,6,advisor_summarized
2022-02-16,154.82301080103343,6,advisor_summarized
2022-02-17,154.07957574378602,6,advisor_summarized
2022-02-18,151.87711680189918,6,advisor_summarized
2022-02-19,146.69078471856955,6,advisor_summarized
2022-02-20,142.78915916240388,6,advisor_summarized
2022-02-21,139.69525345127042,6,advisor_summarized
2022-02-22,137.20256854133626,6,advisor_summarized
2022-02-23,134.17393609030725,6,advisor_summarized
2022-02-24,131.2853972803468,6,advisor_summarized
2022-02-25,127.76293957353653,6,advisor_summarized
2022-02-26,124.57321065274255,6,advisor_summarized
2022-02-27,122.37146986569684,6,advisor_summarized
2022-02-28,121.47444009112566,6,advisor_summarized
2022-03-01,123.12223846878923,6,advisor_summarized
2022-03-02,120.93192546389065,6,advisor_summarized
2022-03-03,118.10479669988064,6,advisor_summarized
2022-03-04,116.62259089803376,6,advisor_summarized
2022-03-05,115.59377700635038,6,advisor_summarized
2022-03-06,113.7332200009118,6,advisor_summarized
2022-03-07,111.35112948527718,6,advisor_summarized
2022-03-08,110.26005089200243,6,advisor_summarized
2022-03-09,109.86843724767341,6,advisor_summarized
2022-03-10,169.46849431009437,6,advisor_summarized
2022-03-11,257.5963812639333,6,advisor_summarized
2022-03-12,447.09380171877086,6,advisor_summarized
2022-03-13,533.7348382666361,6,advisor_summarized
2022-03-14,528.4905324315193,6,advisor_summarized
2022-03-15,501.1088739338912,6,advisor_summarized
2022-03-16,507.6738824779556,6,advisor_summarized
2022-03-17,487.0133252117794,6,advisor_summarized
2022-03-18,454.11739657919344,6,advisor_summarized
2022-03-19,416.1502954020293,6,advisor_summarized
2022-03-20,393.621030192364,6,advisor_summarized
2022-03-21,368.4285730388283,6,advisor_summarized
2022-03-22,345.5283568710535,6,advisor_summarized
2022-03-23,325.0141371972723,6,advisor_summarized
2022-03-24,422.9915211081852,6,advisor_summarized
2022-03-25,621.649826493472,6,advisor_summarized
2022-03-26,647.7998400930045,6,advisor_summarized
2022-03-27,600.7983469873781,6,advisor_summarized
2022-03-28,537.7183894136028,6,advisor_summarized
2022-03-29,489.75116126343545,6,advisor_summarized
2022-03-30,400.27111406441526,6,advisor_summarized
2022-03-31,349.9596652331417,6,advisor_summarized
2022-04-01,405.2057939790081,6,advisor_summarized
2022-04-02,371.1998837422154,6,advisor_summarized
2022-04-03,353.3006668879439,6,advisor_summarized
2022-04-04,346.5926712109345,6,advisor_summarized
2022-04-05,303.6974148288421,6,advisor_summarized
2022-04-06,294.2646641797217,6,advisor_summarized
2022-04-07,272.76091654791844,6,advisor_summarized
2022-04-08,311.7945699446713,6,advisor_summarized
2022-04-09,284.72897594160077,6,advisor_summarized
2022-04-10,274.93228128708586,6,advisor_summarized
2022-04-11,238.32345114504437,6,advisor_summarized
2022-04-12,218.33835182112043,6,advisor_summarized
2022-04-13,161.016258330652,6,advisor_summarized
2022-04-14,138.16071898974556,6,advisor_summarized
2022-04-15,118.78199914199315,6,advisor_summarized
2022-04-16,112.29175493605668,6,advisor_summarized
2022-04-17,108.38205335739222,6,advisor_summarized
2022-04-18,119.08293385112893,6,advisor_summarized
2022-04-19,107.71167874091373,6,advisor_summarized
2022-04-20,99.84944433080481,6,advisor_summarized
2022-04-21,93.76473850611525,6,advisor_summarized
2022-04-22,88.54739304593544,6,advisor_summarized
2022-04-23,83.66666069964691,6,advisor_summarized
2022-04-24,78.25904921775644,6,advisor_summarized
2022-04-25,72.89986206477751,6,advisor_summarized
2022-04-26,68.04988053133773,6,advisor_summarized
2022-04-27,64.22164883220178,6,advisor_summarized
2022-04-28,61.00550306563338,6,advisor_summarized
2022-04-29,56.769669004932126,6,advisor_summarized
2022-04-30,52.52773861802425,6,advisor_summarized
2022-05-01,50.83979100728323,6,advisor_summarized
2022-05-02,54.49606088966333,6,advisor_summarized
2022-05-03,50.05517239877499,6,advisor_summarized
2022-05-04,54.702798351484866,6,advisor_summarized
2022-05-05,49.07065086817568,6,advisor_summarized
2022-05-06,52.242540012273814,6,advisor_summarized
2022-05-07,105.16168924250137,6,advisor_summarized
2022-05-08,84.90659811069388,6,advisor_summarized
2022-05-09,73.5855022806364,6,advisor_summarized
2022-05-10,65.61317050281967,6,advisor_summarized
2022-05-11,60.411826488626026,6,advisor_summarized
2022-05-12,55.79344061302635,6,advisor_summarized
2022-05-13,61.620418577577006,6,advisor_summarized
2022-05-14,88.10417585862893,6,advisor_summarized
2022-05-15,85.33517744860927,6,advisor_summarized
2022-05-16,89.9284344582901,6,advisor_summarized
2022-05-17,79.62087951100342,6,advisor_summarized
2022-05-18,71.90743415176966,6,advisor_summarized
2022-05-19,64.82464288610771,6,advisor_summarized
2022-05-20,59.092151673367596,6,advisor_summarized
2022-05-21,59.88212888578758,6,advisor_summarized
2022-05-22,67.19221875254927,6,advisor_summarized
2022-05-23,65.8439447535749,6,advisor_summarized
2022-05-24,58.89240593931711,6,advisor_summarized
2022-05-25,52.92772279639826,6,advisor_summarized
2022-05-26,49.22835728068643,6,advisor_summarized
2022-05-27,47.081930910902535,6,advisor_summarized
2022-05-28,45.69451616909004,6,advisor_summarized
2022-05-29,43.79991435595419,6,advisor_summarized
2022-05-30,44.22734546317755,6,advisor_summarized
2022-05-31,40.64939342981652,6,advisor_summarized
2022-06-01,38.51403324050255,6,advisor_summarized
2022-06-02,35.42759547460653,6,advisor_summarized
2022-06-03,32.18316551983984,6,advisor_summarized
2022-06-04,30.82866272145687,6,advisor_summarized
2022-06-05,28.730972811234285,6,advisor_summarized
2022-06-06,29.71918904227131,6,advisor_summarized
2022-06-07,32.7600292170094,6,advisor_summarized
2022-06-08,29.053812136507844,6,advisor_summarized
2022-06-09,26.769860643219218,6,advisor_summarized
2022-06-10,30.83383318011383,6,advisor_summarized
2022-06-11,33.50487508764221,6,advisor_summarized
2022-06-12,33.000985084868425,6,advisor_summarized
2022-06-13,31.96255850435738,6,advisor_summarized
2022-06-14,27.58480713004458,6,advisor_summarized
2022-06-15,25.30132175452535,6,advisor_summarized
2022-06-16,23.878326389918556,6,advisor_summarized
2022-06-17,21.476427874300857,6,advisor_summarized
2022-06-18,19.624278676534974,6,advisor_summarized
2022-06-19,20.16521109276074,6,advisor_summarized
2022-06-20,19.472020484012813,6,advisor_summarized
2022-06-21,23.381415734840687,6,advisor_summarized
2022-06-22,54.025933168742974,6,advisor_summarized
2022-06-23,40.845481156766596,6,advisor_summarized
2022-06-24,23.215460869564623,6,advisor_summarized
2022-06-25,11.080607112833533,6,advisor_summarized
2022-06-26,9.371648842417754,6,advisor_summarized
2022-06-27,9.501087247154915,6,advisor_summarized
2022-06-28,8.72839855381435,6,advisor_summarized
2022-06-29,8.097790552244625,6,advisor_summarized
2022-06-30,14.533667118440585,6,advisor_summarized
2022-07-01,18.63947967674849,6,advisor_summarized
2022-07-02,15.795225902974662,6,advisor_summarized
2022-07-03,14.803803539686541,6,advisor_summarized
2022-07-04,13.421814004241647,6,advisor_summarized
2022-07-05,17.464004650260616,6,advisor_summarized
2022-07-06,18.94379240425698,6,advisor_summarized
2022-07-07,15.264565209714815,6,advisor_summarized
2022-07-08,21.814206534349868,6,advisor_summarized
2022-07-09,24.80602718449875,6,advisor_summarized
2022-07-10,20.97818723521772,6,advisor_summarized
2022-07-11,19.176822733986018,6,advisor_summarized
2022-07-12,17.552202170095057,6,advisor_summarized
2022-07-13,15.428543083768467,6,advisor_summarized
2022-07-14,13.97649726428751,6,advisor_summarized
2022-07-15,15.35287097112518,6,advisor_summarized
2022-07-16,13.474969732819227,6,advisor_summarized
2022-07-17,14.643617527478844,6,advisor_summarized
2022-07-18,17.805335729418236,6,advisor_summarized
2022-07-19,20.492361253735933,6,advisor_summarized
2022-07-20,20.79895452277216,6,advisor_summarized
2022-07-21,24.522194591133083,6,advisor_summarized
2022-07-22,42.7167241688075,6,advisor_summarized
2022-07-23,66.56135725740292,6,advisor_summarized
2022-07-24,55.98896518469724,6,advisor_summarized
2022-07-25,49.667467020363375,6,advisor_summarized
2022-07-26,43.890254978750846,6,advisor_summarized
2022-07-27,41.640649364255275,6,advisor_summarized
2022-07-28,39.846646006645976,6,advisor_summarized
2022-07-29,35.83871941630682,6,advisor_summarized
2022-07-30,33.1171034261484,6,advisor_summarized
2022-07-31,31.382053856918063,6,advisor_summarized
2022-08-01,29.523865175651054,6,advisor_summarized
2022-08-02,27.901334526025867,6,advisor_summarized
2022-08-03,32.154297478204384,6,advisor_summarized
2022-08-04,42.99150677044662,6,advisor_summarized
2022-08-05,36.129314408040266,6,advisor_summarized
2022-08-06,34.68023125491879,6,advisor_summarized
2022-08-07,34.040808867880145,6,advisor_summarized
2022-08-08,32.12910884380486,6,advisor_summarized
2022-08-09,29.998290119244903,6,advisor_summarized
2022-08-10,28.728497168656062,6,advisor_summarized
2022-08-11,28.10323085206143,6,advisor_summarized
2022-08-12,26.199685417796427,6,advisor_summarized
2022-08-13,29.983722611270014,6,advisor_summarized
2022-08-14,33.68776373182987,6,advisor_summarized
2022-08-15,29.51295441785039,6,advisor_summarized
2022-08-16,27.482371877471792,6,advisor_summarized
2022-08-17,26.94704729838035,6,advisor_summarized
2022-08-18,29.099243359148105,6,advisor_summarized
2022-08-19,28.003093048747704,6,advisor_summarized
2022-08-20,25.822812961282377,6,advisor_summarized
2022-08-21,26.418960059909605,6,advisor_summarized
2022-08-22,25.249122358994367,6,advisor_summarized
2022-08-23,23.96853157135354,6,advisor_summarized
2022-08-24,25.115717510125076,6,advisor_summarized
2022-08-25,34.48530293084398,6,advisor_summarized
2022-08-26,36.82049186045358,6,advisor_summarized
2022-08-27,53.02503795061935,6,advisor_summarized
2022-08-28,55.601759438001714,6,advisor_summarized
2022-08-29,97.46283088007328,6,advisor_summarized
2022-08-30,108.4573792976172,6,advisor_summarized
2022-08-31,108.26036359960445,6,advisor_summarized
2022-09-01,130.25446471329028,6,advisor_summarized
2022-09-02,151.36071234856087,6,advisor_summarized
2022-09-03,160.39771007077982,6,advisor_summarized
2022-09-04,175.64336676255667,6,advisor_summarized
2022-09-05,219.33181993059677,6,advisor_summarized
2022-09-06,216.8371860145182,6,advisor_summarized
2022-09-07,209.84209188650493,6,advisor_summarized
2022-09-08,211.6434466029831,6,advisor_summarized
2022-09-09,258.79031713166955,6,advisor_summarized
2022-09-10,356.6809908114904,6,advisor_summarized
2022-09-11,461.75969469738857,6,advisor_summarized
2022-09-12,469.2187834848026,6,advisor_summarized
2022-09-13,615.1986749888756,6,advisor_summarized
2022-09-14,349.5516599028096,6,advisor_summarized
2022-09-15,293.56737959017363,6,advisor_summarized
2022-09-16,250.12027488188153,6,advisor_summarized
2022-09-17,217.8290018162851,6,advisor_summarized
2022-09-18,199.2078079320875,6,advisor_summarized
2022-09-19,192.79056751671976,6,advisor_summarized
2022-09-20,181.64411462188727,6,advisor_summarized
2022-09-21,160.84660180204233,6,advisor_summarized
2022-09-22,142.02434355933292,6,advisor_summarized
2022-09-23,125.54399365094041,6,advisor_summarized
2022-09-24,113.75959307338553,6,advisor_summarized
2022-09-25,102.67741101811619,6,advisor_summarized
2022-09-26,92.86849850734006,6,advisor_summarized
2022-09-27,82.33274693682118,6,advisor_summarized
2022-09-28,77.8217053923788,6,advisor_summarized
2022-09-29,84.13630016573028,6,advisor_summarized
2022-09-30,77.75109351840196,6,advisor_summarized
2022-10-01,68.7710923707153,6,advisor_summarized
2022-10-02,60.22592105505357,6,advisor_summarized
2022-10-03,54.57157147610389,6,advisor_summarized
2022-10-04,49.720683357200095,6,advisor_summarized
2022-10-05,44.508146819586464,6,advisor_summarized
2022-10-06,39.87399785801304,6,advisor_summarized
2022-10-07,35.5436830379679,6,advisor_summarized
2022-10-08,31.079406829180215,6,advisor_summarized
2022-10-09,27.22022144580619,6,advisor_summarized
2022-10-10,24.357289367454303,6,advisor_summarized
2022-10-11,21.873508711182982,6,advisor_summarized
2022-10-12,20.398718724138742,6,advisor_summarized
2022-10-13,21.354409677876763,6,advisor_summarized
2022-10-14,19.138196753010515,6,advisor_summarized
2022-10-15,16.046595506250856,6,advisor_summarized
2022-10-16,13.869005638447293,6,advisor_summarized
2022-10-17,16.06175942672167,6,advisor_summarized
2022-10-18,20.05709333534709,6,advisor_summarized
2022-10-19,15.563111556308177,6,advisor_summarized
2022-10-20,12.193530988574523,6,advisor_summarized
2022-10-21,10.061483153087288,6,advisor_summarized
2022-10-22,7.948028840155835,6,advisor_summarized
2022-10-23,6.610728702475484,6,advisor_summarized
2022-10-24,5.304795190879294,6,advisor_summarized
2022-10-25,4.373628324426346,6,advisor_summarized
2022-10-26,3.394415186165229,6,advisor_summarized
2022-10-27,2.707239721787147,6,advisor_summarized
2022-10-28,2.5215002848558985,6,advisor_summarized
2022-10-29,2.534070534514879,6,advisor_summarized
2022-10-30,2.5826980242896984,6,advisor_summarized
2022-10-31,2.194933815598245,6,advisor_summarized
2022-11-01,1.4486341783489995,6,advisor_summarized
2022-11-02,1.2279067241136812,6,advisor_summarized
2022-11-03,0.7461384038011176,6,advisor_summarized
2022-11-04,0.40710162767030905,6,advisor_summarized
2022-11-05,0.387934355877207,6,advisor_summarized
2022-11-06,0.351039551613247,6,advisor_summarized
2022-11-07,0.2288715610912703,6,advisor_summarized
2022-11-08,0.01935960098321068,6,advisor_summarized
2022-11-09,0.010076911317597831,6,advisor_summarized
2022-11-10,28.175439814383765,6,advisor_summarized
2022-11-11,38.496041316435395,6,advisor_summarized
2022-11-12,31.223096920798156,6,advisor_summarized
2022-11-13,24.624606943669495,6,advisor_summarized
2022-11-14,20.485846448597307,6,advisor_summarized
2022-11-15,18.93442053077054,6,advisor_summarized
2022-11-16,18.415650476494104,6,advisor_summarized
2022-11-17,15.436343757576465,6,advisor_summarized
2022-11-18,13.300809681058922,6,advisor_summarized
2022-11-19,11.291609121341983,6,advisor_summarized
2022-11-20,10.505230993877694,6,advisor_summarized
2022-11-21,9.449493710823939,6,advisor_summarized
2022-11-22,8.5247538003064,6,advisor_summarized
2022-11-23,7.89314581325122,6,advisor_summarized
2022-11-24,6.830514036635443,6,advisor_summarized
2022-11-25,6.330520204865587,6,advisor_summarized
2022-11-26,6.450547482914779,6,advisor_summarized
2022-11-27,6.268485877484745,6,advisor_summarized
2022-11-28,6.273562237932275,6,advisor_summarized
2022-11-29,5.392705831543289,6,advisor_summarized
2022-11-30,8.908358844121471,6,advisor_summarized
2022-12-01,11.161016786277658,6,advisor_summarized
2022-12-02,8.709489506479594,6,advisor_summarized
2022-12-03,7.006540124756444,6,advisor_summarized
2022-12-04,5.628126733978064,6,advisor_summarized
2022-12-05,5.104167062314424,6,advisor_summarized
2022-12-06,4.452277106464586,6,advisor_summarized
2022-12-07,3.704889496746348,6,advisor_summarized
2022-12-08,3.06635215669953,6,advisor_summarized
2022-12-09,2.494685715389863,6,advisor_summarized
2022-12-10,2.4732631570894634,6,advisor_summarized
2022-12-11,2.5147631731367617,6,advisor_summarized
2022-12-12,2.1718474361400903,6,advisor_summarized
2022-12-13,1.9272624220384624,6,advisor_summarized
2022-12-14,1.593431140404367,6,advisor_summarized
2022-12-15,6.4619560977618375,6,advisor_summarized
2022-12-16,6.404162731527927,6,advisor_summarized
2022-12-17,4.922669265529863,6,advisor_summarized
2022-12-18,4.047779271406294,6,advisor_summarized
2022-12-19,3.120583815522958,6,advisor_summarized
2022-12-20,2.9021746362231866,6,advisor_summarized
2022-12-21,4.694700915424019,6,advisor_summarized
2022-12-22,3.776820700506834,6,advisor_summarized
2022-12-23,3.2753963516029123,6,advisor_summarized
2022-12-24,2.107107343030309,6,advisor_summarized
2022-12-25,1.7857375867172112,6,advisor_summarized
2022-12-26,1.3620037470149156,6,advisor_summarized
2022-12-27,1.1528812006262952,6,advisor_summarized
2022-12-28,0.9451595520307801,6,advisor_summarized
2022-12-29,0.9658063894144119,6,advisor_summarized
2022-12-30,0.9726793505491623,6,advisor_summarized
2022-12-31,1.068520611278381,6,advisor_summarized
2023-01-01,1.1935575718200784,6,advisor_summarized
2023-01-02,0.7823041258086346,6,advisor_summarized
2023-01-03,0.6649713281972615,6,advisor_summarized
2023-01-04,3.5844361295667064,6,advisor_summarized
2023-01-05,5.179288329602436,6,advisor_summarized
2023-01-06,3.141979863213782,6,advisor_summarized
2023-01-07,1.9321332568114482,6,advisor_summarized
2023-01-08,1.3295216583340315,6,advisor_summarized
2023-01-09,1.142537494678865,6,advisor_summarized
2023-01-10,0.7443023124376541,6,advisor_summarized
2023-01-11,0.38764239771792175,6,advisor_summarized
2023-01-12,0.27568888817022685,6,advisor_summarized
2023-01-13,5.2859313339578,6,advisor_summarized
2023-01-14,4.137088015758248,6,advisor_summarized
2023-01-15,3.712228757491555,6,advisor_summarized
2023-01-16,3.1016151437908985,6,advisor_summarized
2023-01-17,2.830322570143824,6,advisor_summarized
2023-01-18,0.9342479796003803,6,advisor_summarized
2023-01-19,0.6547217816904788,6,advisor_summarized
2023-01-20,0.575730225432874,6,advisor_summarized
2023-01-21,0.6533725614575973,6,advisor_summarized
2023-01-22,2.080803772765544,6,advisor_summarized
2023-01-23,2.9232680921027985,6,advisor_summarized
2023-01-24,1.8664333030849452,6,advisor_summarized
2023-01-25,2.0829139608552816,6,advisor_summarized
2023-01-26,3.028316451011872,6,advisor_summarized
2023-01-27,8.28519674742865,6,advisor_summarized
2023-01-28,1.3703962950430129,6,advisor_summarized
2023-01-29,1.2670942440136217,6,advisor_summarized
2023-01-30,1.2467010376313483,6,advisor_summarized
2023-01-31,1.0843620840050623,6,advisor_summarized
2023-02-01,1.0683224752782374,6,advisor_summarized
2023-02-02,0.8289022058280233,6,advisor_summarized
2023-02-03,5.546632208968443,6,advisor_summarized
2023-02-04,4.43222868023106,6,advisor_summarized
2023-02-05,3.6439480429492725,6,advisor_summarized
2023-02-06,3.1870509185661917,6,advisor_summarized
2023-02-07,2.4083955163988784,6,advisor_summarized
2023-02-08,2.058364390042141,6,advisor_summarized
2023-02-09,1.6937060543478177,6,advisor_summarized
2023-02-10,1.677809293783745,6,advisor_summarized
2023-02-11,6.939249487969941,6,advisor_summarized
2023-02-12,8.926280052313443,6,advisor_summarized
2023-02-13,6.579364396384904,6,advisor_summarized
2023-02-14,5.461323119964303,6,advisor_summarized
2023-02-15,4.942624368879156,6,advisor_summarized
2023-02-16,4.6240867161248556,6,advisor_summarized
2023-02-17,4.640478259307983,6,advisor_summarized
2023-02-18,4.182653094747149,6,advisor_summarized
2023-02-19,3.469713451312947,6,advisor_summarized
2023-02-20,2.605127034037214,6,advisor_summarized
2023-02-21,2.027141624504633,6,advisor_summarized
2023-02-22,1.9847650040066496,6,advisor_summarized
2023-02-23,1.5008509294450858,6,advisor_summarized
2023-02-24,0.9190843219210212,6,advisor_summarized
2023-02-25,1.023683157298955,6,advisor_summarized
2023-02-26,0.7748507563325293,6,advisor_summarized
2023-02-27,0.35843735029789764,6,advisor_summarized
2023-02-28,0.11954021654372599,6,advisor_summarized
2023-03-01,0.06318103714866231,6,advisor_summarized
2023-03-02,0.03569791859663673,6,advisor_summarized
2023-03-03,2.9421320255013133e-4,6,advisor_summarized
2023-03-04,0,6,advisor_summarized
2023-03-05,0,6,advisor_summarized
2023-03-06,0.0013724943876160143,6,advisor_summarized
2023-03-07,0,6,advisor_summarized
2023-03-08,0,6,advisor_summarized
2023-03-09,0,6,advisor_summarized
2023-03-10,3.223165649414152e-4,6,advisor_summarized
2023-03-11,15.22674611660551,6,advisor_summarized
2023-03-12,15.470862897750271,6,advisor_summarized
2023-03-13,59.658538699622774,6,advisor_summarized
2023-03-14,137.53783011174062,6,advisor_summarized
2023-03-15,8.924977937969206,6,advisor_summarized
2023-03-16,7.493183908233299,6,advisor_summarized
2023-03-17,4.663946173990529,6,advisor_summarized
2023-03-18,3.1678679778958068,6,advisor_summarized
2023-03-19,1.2745637622701727,6,advisor_summarized
2023-03-20,1.6068339302651202,6,advisor_summarized
2023-03-21,0.8693627360298158,6,advisor_summarized
2023-03-22,0.2746506947322207,6,advisor_summarized
2023-03-23,6.497998856790066,6,advisor_summarized
2023-03-24,10.13944562417422,6,advisor_summarized
2023-03-25,1.9438404999535923,6,advisor_summarized
2023-03-26,0,6,advisor_summarized
2023-03-27,0,6,advisor_summarized
2023-03-28,0.047199338013445134,6,advisor_summarized
2023-03-29,0,6,advisor_summarized
2023-03-30,0,6,advisor_summarized
2023-03-31,0,6,advisor_summarized
2023-04-01,0,6,advisor_summarized
2023-04-02,0,6,advisor_summarized
2023-04-03,0,6,advisor_summarized
2023-04-04,0,6,advisor_summarized
2023-04-05,0,6,advisor_summarized
2023-04-06,0,6,advisor_summarized
2023-04-07,0,6,advisor_summarized
2023-04-08,0,6,advisor_summarized
2023-04-09,0,6,advisor_summarized
2023-04-10,0,6,advisor_summarized
2023-04-11,0,6,advisor_summarized
2023-04-12,0,6,advisor_summarized
2023-04-13,0,6,advisor_summarized
2023-04-14,0,6,advisor_summarized
2023-04-15,0,6,advisor_summarized
2023-04-16,0,6,advisor_summarized
2023-04-17,0,6,advisor_summarized
2023-04-18,0,6,advisor_summarized
2023-04-19,0,6,advisor_summarized
2023-04-20,0,6,advisor_summarized
2023-04-21,0,6,advisor_summarized
2023-04-22,0,6,advisor_summarized
2023-04-23,0,6,advisor_summarized
2023-04-24,0,6,advisor_summarized
2023-04-25,0,6,advisor_summarized
2023-04-26,0,6,advisor_summarized
2023-04-27,0,6,advisor_summarized
2023-04-28,0,6,advisor_summarized
2023-04-29,0,6,advisor_summarized
2023-04-30,0,6,advisor_summarized
2023-05-01,0,6,advisor_summarized
2023-05-02,0,6,advisor_summarized
2023-05-03,0,6,advisor_summarized
2023-05-04,0,6,advisor_summarized
2023-05-05,0,6,advisor_summarized
2023-05-06,0,6,advisor_summarized
2023-05-07,0,6,advisor_summarized
2023-05-08,0,6,advisor_summarized
2023-05-09,0,6,advisor_summarized
2023-05-10,0,6,advisor_summarized
2023-05-11,0,6,advisor_summarized
2023-05-12,4.983893414247818,6,advisor_summarized
2023-05-13,36.49149881076942,6,advisor_summarized
2023-05-14,31.13681963306766,6,advisor_summarized
2023-05-15,30.78020949316229,6,advisor_summarized
2023-05-16,31.510929766663576,6,advisor_summarized
2023-05-17,35.24607365689861,6,advisor_summarized
2023-05-18,35.30042975889338,6,advisor_summarized
2023-05-19,30.822682986280313,6,advisor_summarized
2023-05-20,27.32130010830222,6,advisor_summarized
2023-05-21,36.11312729663934,6,advisor_summarized
2023-05-22,74.73147794584744,6,advisor_summarized
2023-05-23,87.93486671453708,6,advisor_summarized
2023-05-24,86.9773357209133,6,advisor_summarized
2023-05-25,81.14893219990627,6,advisor_summarized
2023-05-26,73.16962268630652,6,advisor_summarized
2023-05-27,65.70253907826273,6,advisor_summarized
2023-05-28,60.58307551990557,6,advisor_summarized
2023-05-29,54.98289433727148,6,advisor_summarized
2023-05-30,51.36416968320328,6,advisor_summarized
2023-05-31,49.40064525346887,6,advisor_summarized
2023-06-01,47.879230685133166,6,advisor_summarized
2023-06-02,48.0133164325404,6,advisor_summarized
2023-06-03,47.993603892651016,6,advisor_summarized
2023-06-04,47.75669977222617,6,advisor_summarized
2023-06-05,46.50606750856475,6,advisor_summarized
2023-06-06,45.71151429190163,6,advisor_summarized
2023-06-07,43.98964234167499,6,advisor_summarized
2023-06-08,41.6789473631471,6,advisor_summarized
2023-06-09,43.25658609098458,6,advisor_summarized
2023-06-10,42.91361563438835,6,advisor_summarized
2023-06-11,40.65541084808823,6,advisor_summarized
2023-06-12,39.259673191039234,6,advisor_summarized
2023-06-13,37.14594390132241,6,advisor_summarized
2023-06-14,35.238083098500894,6,advisor_summarized
2023-06-15,46.53665537105752,6,advisor_summarized
2023-06-16,46.433526016310594,6,advisor_summarized
2023-06-17,43.441098905519645,6,advisor_summarized
2023-06-18,43.15109293737654,6,advisor_summarized
2023-06-19,40.402920524823884,6,advisor_summarized
2023-06-20,50.21449295745129,6,advisor_summarized
2023-06-21,49.342647673264075,6,advisor_summarized
2023-06-22,70.91612374933102,6,advisor_summarized
2023-06-23,86.71735977486709,6,advisor_summarized
2023-06-24,80.82611855915943,6,advisor_summarized
2023-06-25,74.29415090840807,6,advisor_summarized
2023-06-26,68.73407482407042,6,advisor_summarized
2023-06-27,64.71525300930502,6,advisor_summarized
2023-06-28,59.44414439050291,6,advisor_summarized
2023-06-29,55.310099532755636,6,advisor_summarized
2023-06-30,52.65178594848776,6,advisor_summarized
2023-07-01,48.980782992491235,6,advisor_summarized
2023-07-02,47.03950937094604,6,advisor_summarized
2023-07-03,46.89651809122147,6,advisor_summarized
2023-07-04,48.9675744353352,6,advisor_summarized
2023-07-05,44.45481958208481,6,advisor_summarized
2023-07-06,43.67099453318135,6,advisor_summarized
2023-07-07,53.87322167839577,6,advisor_summarized
2023-07-08,51.970347307121585,6,advisor_summarized
2023-07-09,51.79962896647074,6,advisor_summarized
2023-07-10,60.13363077767519,6,advisor_summarized
2023-07-11,60.07406965306339,6,advisor_summarized
2023-07-12,56.817409006167146,6,advisor_summarized
2023-07-13,53.232618544611405,6,advisor_summarized
2023-07-14,51.92810793936618,6,advisor_summarized
2023-07-15,51.56911679376693,6,advisor_summarized
2023-07-16,51.51613671995534,6,advisor_summarized
2023-07-17,52.152714622147975,6,advisor_summarized
2023-07-18,50.67039510696653,6,advisor_summarized
2023-07-19,47.1684855626537,6,advisor_summarized
2023-07-20,45.5753866875172,6,advisor_summarized
2023-07-21,44.46567223823893,6,advisor_summarized
2023-07-22,44.62048411598651,6,advisor_summarized
2023-07-23,51.810232735095845,6,advisor_summarized
2023-07-24,55.72193763360925,6,advisor_summarized
2023-07-25,52.985276276330275,6,advisor_summarized
2023-07-26,49.295795885049664,6,advisor_summarized
2023-07-27,48.55451018047097,6,advisor_summarized
2023-07-28,47.58319878800205,6,advisor_summarized
2023-07-29,45.27230922114131,6,advisor_summarized
2023-07-30,50.36565884119574,6,advisor_summarized
2023-07-31,88.08459534353496,6,advisor_summarized
2023-08-01,129.78995230750195,6,advisor_summarized
2023-08-02,300.997327741407,6,advisor_summarized
2023-08-03,114.00762415514511,6,advisor_summarized
2023-08-04,139.96641803145664,6,advisor_summarized
2023-08-05,66.77327334914483,6,advisor_summarized
2023-08-06,52.29698080302742,6,advisor_summarized
2023-08-07,71.67700701741286,6,advisor_summarized
2023-08-08,60.413936796110015,6,advisor_summarized
2023-08-09,53.06132399353938,6,advisor_summarized
2023-08-10,89.59854530085715,6,advisor_summarized
2023-08-11,75.17705717144406,6,advisor_summarized
2023-08-12,59.320662395921055,6,advisor_summarized
2023-08-13,45.97180884224747,6,advisor_summarized
2023-08-14,51.19439857604191,6,advisor_summarized
2023-08-15,78.7501499528843,6,advisor_summarized
2023-08-16,76.10197441804753,6,advisor_summarized
2023-08-17,78.23815322809014,6,advisor_summarized
2023-08-18,77.12386939425072,6,advisor_summarized
2023-08-19,65.61238556077144,6,advisor_summarized
2023-08-20,68.56600793065185,6,advisor_summarized
2023-08-21,76.58582460655398,6,advisor_summarized
2023-08-22,68.44571207645573,6,advisor_summarized
2023-08-23,59.91702666741484,6,advisor_summarized
2023-08-24,54.38520981367575,6,advisor_summarized
2023-08-25,44.24338931694846,6,advisor_summarized
2023-08-26,44.86829103548621,6,advisor_summarized
2023-08-27,37.0588596278416,6,advisor_summarized
2023-08-28,31.26766891934859,6,advisor_summarized
2023-08-29,33.38424475731376,6,advisor_summarized
2023-08-30,84.41751849205964,6,advisor_summarized
2023-08-31,77.14841791322658,6,advisor_summarized
2023-09-01,66.2725605356995,6,advisor_summarized
2023-09-02,64.04321677674855,6,advisor_summarized
2023-09-03,58.18383367652319,6,advisor_summarized
2023-09-04,50.55600658496198,6,advisor_summarized
2023-09-05,42.6575344552524,6,advisor_summarized
2023-09-06,34.802609224318154,6,advisor_summarized
2023-09-07,25.0292274266445,6,advisor_summarized
2023-09-08,19.414522206670892,6,advisor_summarized
2023-09-09,3.9405581661439757,6,advisor_summarized
2023-09-10,3.900092007146627,6,advisor_summarized
2023-09-11,10.989742154676245,6,advisor_summarized
2023-09-12,34.86543369004549,6,advisor_summarized
2023-09-13,30.068966136112348,6,advisor_summarized
2023-09-14,17.71653888711275,6,advisor_summarized
2023-09-15,28.014271912131097,6,advisor_summarized
2023-09-16,19.404150612647765,6,advisor_summarized
2023-09-17,11.858933173575442,6,advisor_summarized
2023-09-18,6.998177818918144,6,advisor_summarized
2023-09-19,3.0000576218469193,6,advisor_summarized
2023-09-20,0.5101812268646996,6,advisor_summarized
2023-09-21,0,6,advisor_summarized
2023-09-22,1.3783081599874984,6,advisor_summarized
2023-09-23,0,6,advisor_summarized
2023-09-24,0.7064447913330515,6,advisor_summarized
2023-09-25,1.20762212320655,6,advisor_summarized
2023-09-26,1.9298128928621006,6,advisor_summarized
2023-09-27,2.844259948370093,6,advisor_summarized
2023-09-28,155.92136369778135,6,advisor_summarized
2023-09-29,272.45462736781445,6,advisor_summarized
2023-09-30,266.02526443501273,6,advisor_summarized
2023-10-01,259.0508115743989,6,advisor_summarized
2023-10-02,253.23871081461058,6,advisor_summarized
2023-10-03,247.66204422239161,6,advisor_summarized
2023-10-04,242.96612714279783,6,advisor_summarized
2023-10-05,236.74390339742058,6,advisor_summarized
2023-10-06,232.3292397946707,6,advisor_summarized
2023-10-07,228.26284665156206,6,advisor_summarized
2023-10-08,224.82370073576922,6,advisor_summarized
2023-10-09,219.22282976052836,6,advisor_summarized
2023-10-10,212.8543867404005,6,advisor_summarized
2023-10-11,210.59573137657756,6,advisor_summarized
2023-10-12,353.74167890479794,6,advisor_summarized
2023-10-13,367.0144912751154,6,advisor_summarized
2023-10-14,356.73995247055365,6,advisor_summarized
2023-10-15,346.4068185425646,6,advisor_summarized
2023-10-16,335.0607664263809,6,advisor_summarized
2023-10-17,323.845301554959,6,advisor_summarized
2023-10-18,312.2321090916842,6,advisor_summarized
2023-10-19,300.90943753113686,6,advisor_summarized
2023-10-20,292.8175448862894,6,advisor_summarized
2023-10-21,283.7100311765104,6,advisor_summarized
2023-10-22,272.7704517045082,6,advisor_summarized
2023-10-23,263.7306258374176,6,advisor_summarized
2023-10-24,255.01639260393506,6,advisor_summarized
2023-10-25,249.08436732042048,6,advisor_summarized
2023-10-26,243.23267381777805,6,advisor_summarized
2023-10-27,236.19593438575066,6,advisor_summarized
2023-10-28,230.8035317378775,6,advisor_summarized
2023-10-29,225.98395419805885,6,advisor_summarized
2023-10-30,221.65421199626505,6,advisor_summarized
2023-10-31,216.7446867401245,6,advisor_summarized
2023-11-01,154.620979086618,6,advisor_summarized
2023-11-02,146.56414758555505,6,advisor_summarized
2023-11-03,143.8164806743436,6,advisor_summarized
2023-11-04,139.78260226504133,6,advisor_summarized
2023-11-05,135.62570125489205,6,advisor_summarized
2023-11-06,130.44167761132937,6,advisor_summarized
2023-11-07,126.92067891274748,6,advisor_summarized
2023-11-08,123.69681296547583,6,advisor_summarized
2023-11-09,121.1532065940213,6,advisor_summarized
2023-11-10,117.35231416617499,6,advisor_summarized
2023-11-11,115.30088823005133,6,advisor_summarized
2023-11-12,115.78755368253785,6,advisor_summarized
2023-11-13,115.25760563507475,6,advisor_summarized
2023-11-14,118.2406826824684,6,advisor_summarized
2023-11-15,130.18162182768484,6,advisor_summarized
2023-11-16,134.85135013994542,6,advisor_summarized
2023-11-17,152.2997201653188,6,advisor_summarized
2023-11-18,145.64745824744685,6,advisor_summarized
2023-11-19,137.47490027874676,6,advisor_summarized
2023-11-20,129.9051087665545,6,advisor_summarized
2023-11-21,127.39692452234544,6,advisor_summarized
2023-11-22,127.10342206766853,6,advisor_summarized
2023-11-23,126.13407887578677,6,advisor_summarized
2023-11-24,123.85176429982364,6,advisor_summarized
2023-11-25,122.8020016770401,6,advisor_summarized
2023-11-26,147.485846223121,6,advisor_summarized
2023-11-27,180.53974049726276,6,advisor_summarized
2023-11-28,168.2145418040834,6,advisor_summarized
2023-11-29,159.99512164523495,6,advisor_summarized
2023-11-30,153.03759376789478,6,advisor_summarized
2023-12-01,147.05454557197496,6,advisor_summarized
2023-12-02,144.80447514040137,6,advisor_summarized
2023-12-03,146.07975346705715,6,advisor_summarized
2023-12-04,148.44811093100176,6,advisor_summarized
2023-12-05,146.45711244935293,6,advisor_summarized
2023-12-06,143.66599891120518,6,advisor_summarized
2023-12-07,139.25376711243067,6,advisor_summarized
2023-12-08,137.40306525171218,6,advisor_summarized
2023-12-09,136.61487321434907,6,advisor_summarized
2023-12-10,145.54275771641073,6,advisor_summarized
2023-12-11,173.33829492231885,6,advisor_summarized
2023-12-12,164.24711420127713,6,advisor_summarized
2023-12-13,159.39534412082088,6,advisor_summarized
2023-12-14,155.10692482962384,6,advisor_summarized
2023-12-15,155.08912832903545,6,advisor_summarized
2023-12-16,158.72374530245267,6,advisor_summarized
2023-12-17,482.35170391965124,6,advisor_summarized
2023-12-18,679.2098141527498,6,advisor_summarized
2023-12-19,735.0447686838662,6,advisor_summarized
2023-12-20,701.1704292406656,6,advisor_summarized
2023-12-21,648.0334845149285,6,advisor_summarized
2023-12-22,593.3809424961381,6,advisor_summarized
2023-12-23,545.6077413585357,6,advisor_summarized
2023-12-24,501.23629978499457,6,advisor_summarized
2023-12-25,472.58768978425593,6,advisor_summarized
2023-12-26,452.76380855620954,6,advisor_summarized
2023-12-27,425.661079562374,6,advisor_summarized
2023-12-28,399.57416010089196,6,advisor_summarized
2023-12-29,376.03071265476086,6,advisor_summarized
2023-12-30,351.79269087760645,6,advisor_summarized
2023-12-31,332.79900629551867,6,advisor_summarized
2024-01-01,317.4438581136698,6,advisor_summarized
2024-01-02,303.9842135158189,6,advisor_summarized
2024-01-03,292.0760764602599,6,advisor_summarized
2024-01-04,287.41863977538304,6,advisor_summarized
2024-01-05,277.9310113938193,6,advisor_summarized
2024-01-06,291.090322430342,6,advisor_summarized
2024-01-07,289.11800998622704,6,advisor_summarized
2024-01-08,278.67129745114113,6,advisor_summarized
2024-01-09,304.22548581659703,6,advisor_summarized
2024-01-10,360.97542707909815,6,advisor_summarized
2024-01-11,361.56051031403325,6,advisor_summarized
2024-01-12,367.27923679696937,6,advisor_summarized
2024-01-13,367.4958992844197,6,advisor_summarized
2024-01-14,352.57001040292613,6,advisor_summarized
2024-01-15,323.5902235673976,6,advisor_summarized
2024-01-16,305.41449389453214,6,advisor_summarized
2024-01-17,305.9969831580456,6,advisor_summarized
2024-01-18,291.11676462573035,6,advisor_summarized
2024-01-19,281.23805876089926,6,advisor_summarized
2024-01-20,270.5316736591015,6,advisor_summarized
2024-01-21,258.8491827202517,6,advisor_summarized
2024-01-22,249.56651879516895,6,advisor_summarized
2024-01-23,240.83906979800304,6,advisor_summarized
2024-01-24,234.48887178078755,6,advisor_summarized
2024-01-25,227.9379034545152,6,advisor_summarized
2024-01-26,321.3726234576226,6,advisor_summarized
2024-01-27,349.6489887203076,6,advisor_summarized
2024-01-28,344.42253442733744,6,advisor_summarized
2024-01-29,324.94060873206917,6,advisor_summarized
2024-01-30,306.9859761133845,6,advisor_summarized
2024-01-31,292.56495239583074,6,advisor_summarized
2024-02-01,278.026604145598,6,advisor_summarized
2024-02-02,264.722048746678,6,advisor_summarized
2024-02-03,252.81641680493115,6,advisor_summarized
2024-02-04,251.218185495837,6,advisor_summarized
2024-02-05,250.20533735916027,6,advisor_summarized
2024-02-06,241.28624860844806,6,advisor_summarized
2024-02-07,231.6790795733156,6,advisor_summarized
2024-02-08,223.1992695202499,6,advisor_summarized
2024-02-09,211.3497100106471,6,advisor_summarized
2024-02-10,201.23378984912395,6,advisor_summarized
2024-02-11,195.0229010477243,6,advisor_summarized
2024-02-12,190.35565143805502,6,advisor_summarized
2024-02-13,190.01004306080304,6,advisor_summarized
2024-02-14,181.8192240875455,6,advisor_summarized
2024-02-15,175.75089538830892,6,advisor_summarized
2024-02-16,171.84269351067124,6,advisor_summarized
2024-02-17,175.08890166235255,6,advisor_summarized
2024-02-18,231.75974965882656,6,advisor_summarized
2024-02-19,248.3709786890885,6,advisor_summarized
2024-02-20,246.14353992744395,6,advisor_summarized
2024-02-21,240.62729856058357,6,advisor_summarized
2024-02-22,234.87969547863113,6,advisor_summarized
2024-02-23,227.62353102586326,6,advisor_summarized
2024-02-24,222.6990865296125,6,advisor_summarized
2024-02-25,213.63178244408627,6,advisor_summarized
2024-02-26,205.28033647981707,6,advisor_summarized
2024-02-27,198.34215453767413,6,advisor_summarized
2024-02-28,191.43605645908215,6,advisor_summarized
2024-02-29,184.57184029872465,6,advisor_summarized
2024-03-01,178.47338561051893,6,advisor_summarized
2024-03-02,176.33159871129524,6,advisor_summarized
2024-03-03,184.85622456467476,6,advisor_summarized
2024-03-04,149.5945949354372,6,advisor_summarized
2024-03-05,71.70144772164588,6,advisor_summarized
2024-03-06,90.80150769195325,6,advisor_summarized
2024-03-07,86.44254460375002,6,advisor_summarized
2024-03-08,74.53939496022106,6,advisor_summarized
2024-03-09,66.7480441698546,6,advisor_summarized
2024-03-10,88.5025694216162,6,advisor_summarized
2024-03-11,79.51380333822279,6,advisor_summarized
2024-03-12,66.9896366463772,6,advisor_summarized
2024-03-13,58.44566781380223,6,advisor_summarized
2024-03-14,50.61821526394903,6,advisor_summarized
2024-03-15,42.99045646062365,6,advisor_summarized
2024-03-16,36.937058354008364,6,advisor_summarized
2024-03-17,31.410386208427365,6,advisor_summarized
2024-03-18,28.895851210275698,6,advisor_summarized
2024-03-19,25.703809049620077,6,advisor_summarized
2024-03-20,19.905133713260586,6,advisor_summarized
2024-03-21,15.38198297933969,6,advisor_summarized
2024-03-22,23.23466078292168,6,advisor_summarized
2024-03-23,38.79416885138664,6,advisor_summarized
2024-03-24,45.839542886956224,6,advisor_summarized
2024-03-25,37.57954873542536,6,advisor_summarized
2024-03-26,29.980129162193375,6,advisor_summarized
2024-03-27,27.91536138178923,6,advisor_summarized
2024-03-28,40.13415675577749,6,advisor_summarized
2024-03-29,36.97672919086194,6,advisor_summarized
2024-03-30,28.01400914121079,6,advisor_summarized
2024-03-31,22.131143001419687,6,advisor_summarized
2024-04-01,17.12346540898201,6,advisor_summarized
2024-04-02,12.912058430927415,6,advisor_summarized
2024-04-03,50.534621760479666,6,advisor_summarized
2024-04-04,98.67726340362736,6,advisor_summarized
2024-04-05,79.48909770145603,6,advisor_summarized
2024-04-06,62.844399743880196,6,advisor_summarized
2024-04-07,48.62675947761836,6,advisor_summarized
2024-04-08,37.850245576664705,6,advisor_summarized
2024-04-09,29.183818250613157,6,advisor_summarized
2024-04-10,22.670959537489534,6,advisor_summarized
2024-04-11,28.527271669783755,6,advisor_summarized
2024-04-12,36.1435511946133,6,advisor_summarized
2024-04-13,26.645519516856144,6,advisor_summarized
2024-04-14,19.495300119067124,6,advisor_summarized
2024-04-15,14.639150637183192,6,advisor_summarized
2024-04-16,10.31215709808925,6,advisor_summarized
2024-04-17,6.941844849835966,6,advisor_summarized
2024-04-18,2.8459359387297294,6,advisor_summarized
2024-04-19,0.058517520335027634,6,advisor_summarized
2024-04-20,0,6,advisor_summarized
2024-04-21,0,6,advisor_summarized
2024-04-22,0.04670113934079331,6,advisor_summarized
2024-04-23,0.7644859949258248,6,advisor_summarized
2024-04-24,0,6,advisor_summarized
2024-04-25,0,6,advisor_summarized
2024-04-26,0,6,advisor_summarized
2024-04-27,0,6,advisor_summarized
2024-04-28,0,6,advisor_summarized
2024-04-29,0,6,advisor_summarized
2024-04-30,0,6,advisor_summarized
2024-05-01,0,6,advisor_summarized
2024-05-02,0,6,advisor_summarized
2024-05-03,0,6,advisor_summarized
2024-05-04,0,6,advisor_summarized
2024-05-05,0,6,advisor_summarized
2024-05-06,0,6,advisor_summarized
2024-05-07,0,6,advisor_summarized
2024-05-08,1.8927749545711645,6,advisor_summarized
2024-05-09,4.780020854259193,6,advisor_summarized
2024-05-10,2.970580324020809,6,advisor_summarized
2024-05-11,1.6988702978222772,6,advisor_summarized
2024-05-12,6.198826227243625,6,advisor_summarized
2024-05-13,8.220246076206639,6,advisor_summarized
2024-05-14,16.909145613084444,6,advisor_summarized
2024-05-15,20.811946462560076,6,advisor_summarized
2024-05-16,23.71799445939457,6,advisor_summarized
2024-05-17,19.882968971321258,6,advisor_summarized
2024-05-18,65.21342069101057,6,advisor_summarized
2024-05-19,103.3414633875169,6,advisor_summarized
2024-05-20,113.52106406718923,6,advisor_summarized
2024-05-21,108.99038077488372,6,advisor_summarized
2024-05-22,94.33181946945827,6,advisor_summarized
2024-05-23,94.6878780483013,6,advisor_summarized
2024-05-24,95.95748074751667,6,advisor_summarized
2024-05-25,90.51504409440649,6,advisor_summarized
2024-05-26,81.79136235755239,6,advisor_summarized
2024-05-27,73.31898611000004,6,advisor_summarized
2024-05-28,66.27388899620102,6,advisor_summarized
2024-05-29,76.78518685864745,6,advisor_summarized
2024-05-30,40.113330998684866,6,advisor_summarized
2024-05-31,0,6,advisor_summarized
2024-06-01,0,6,advisor_summarized
2024-06-02,0,6,advisor_summarized
2024-06-03,0,6,advisor_summarized
2024-06-04,0,6,advisor_summarized
2024-06-05,0,6,advisor_summarized
2024-06-06,0,6,advisor_summarized
2024-06-07,0,6,advisor_summarized
2024-06-08,0,6,advisor_summarized
2024-06-09,0,6,advisor_summarized
2024-06-10,0,6,advisor_summarized
2024-06-11,0,6,advisor_summarized
2024-06-12,0,6,advisor_summarized
2024-06-13,0,6,advisor_summarized
2024-06-14,0,6,advisor_summarized
2024-06-15,0,6,advisor_summarized
2024-06-16,0,6,advisor_summarized
2024-06-17,0,6,advisor_summarized
2024-06-18,0,6,advisor_summarized
2024-06-19,0,6,advisor_summarized
2024-06-20,0,6,advisor_summarized
2024-06-21,0,6,advisor_summarized
2024-06-22,0,6,advisor_summarized
2024-06-23,15.71736994256643,6,advisor_summarized
2024-06-24,50.40738481792357,6,advisor_summarized
2024-06-25,50.543029043786085,6,advisor_summarized
2024-06-26,69.18448611735123,6,advisor_summarized
2024-06-27,62.02183114313374,6,advisor_summarized
2024-06-28,69.97715698489294,6,advisor_summarized
2024-06-29,72.194488755219,6,advisor_summarized
2024-06-30,78.0794146127701,6,advisor_summarized
2024-07-01,93.90581024738854,6,advisor_summarized
2024-07-02,111.43404151761028,6,advisor_summarized
2024-07-03,110.99979225760558,6,advisor_summarized
2024-07-04,98.45518848275181,6,advisor_summarized
2024-07-05,88.23724981873839,6,advisor_summarized
2024-07-06,79.47652106460117,6,advisor_summarized
2024-07-07,74.98524261302536,6,advisor_summarized
2024-07-08,75.28626742244546,6,advisor_summarized
2024-07-09,85.05486735546708,6,advisor_summarized
2024-07-10,95.15547739698496,6,advisor_summarized
2024-07-11,95.44937312626071,6,advisor_summarized
2024-07-12,85.47293448807197,6,advisor_summarized
2024-07-13,77.33455871271583,6,advisor_summarized
2024-07-14,72.32490545807937,6,advisor_summarized
2024-07-15,71.27146195478757,6,advisor_summarized
2024-07-16,68.1723771466733,6,advisor_summarized
2024-07-17,66.75628321877035,6,advisor_summarized
2024-07-18,63.058727767558175,6,advisor_summarized
2024-07-19,60.211558972365715,6,advisor_summarized
2024-07-20,59.02053167679339,6,advisor_summarized
2024-07-21,57.03531923518339,6,advisor_summarized
2024-07-22,57.2788934986265,6,advisor_summarized
2024-07-23,73.49124829836349,6,advisor_summarized
2024-07-24,140.63566618232596,6,advisor_summarized
2024-07-25,139.85880224302772,6,advisor_summarized
2024-07-26,136.5685435274202,6,advisor_summarized
2024-07-27,130.77238875726974,6,advisor_summarized
2024-07-28,155.4574682151465,6,advisor_summarized
2024-07-29,184.3540587180067,6,advisor_summarized
2024-07-30,195.08776889642684,6,advisor_summarized
2024-07-31,176.64902188798794,6,advisor_summarized
2024-08-01,158.05213826611703,6,advisor_summarized
2024-08-02,229.36018131371748,6,advisor_summarized
2024-08-03,304.7342261161708,6,advisor_summarized
2024-08-04,296.1719507115113,6,advisor_summarized
2024-08-05,876.4268674035035,6,advisor_summarized
2024-08-06,1512.6718194921248,6,advisor_summarized
2024-08-07,1477.7279721565865,6,advisor_summarized
2024-08-08,1314.1058837659104,6,advisor_summarized
2024-08-09,1132.628780434659,6,advisor_summarized
2024-08-10,982.168460833804,6,advisor_summarized
2024-08-11,855.9684577051736,6,advisor_summarized
2024-08-12,750.4841966394457,6,advisor_summarized
2024-08-13,659.9056442436741,6,advisor_summarized
2024-08-14,573.3222994808999,6,advisor_summarized
2024-08-15,507.4377480181356,6,advisor_summarized
2024-08-16,454.5396271395978,6,advisor_summarized
2024-08-17,409.0444631807468,6,advisor_summarized
2024-08-18,368.8543297848323,6,advisor_summarized
2024-08-19,336.5263651559953,6,advisor_summarized
2024-08-20,310.7117505657892,6,advisor_summarized
2024-08-21,286.60105162632215,6,advisor_summarized
2024-08-22,271.3239464736342,6,advisor_summarized
2024-08-23,254.40185913177766,6,advisor_summarized
2024-08-24,239.0282376409458,6,advisor_summarized
2024-08-25,226.07245919266438,6,advisor_summarized
2024-08-26,234.5096422760655,6,advisor_summarized
2024-08-27,310.25467828823747,6,advisor_summarized
2024-08-28,326.301269564143,6,advisor_summarized
2024-08-29,315.13250621179054,6,advisor_summarized
2024-08-30,305.0173529522494,6,advisor_summarized
2024-08-31,290.8026951307832,6,advisor_summarized
2024-09-01,278.1388667954288,6,advisor_summarized
2024-09-02,266.25118427354045,6,advisor_summarized
2024-09-03,254.09459812516718,6,advisor_summarized
2024-09-04,247.75616479354105,6,advisor_summarized
2024-09-05,262.7637335813648,6,advisor_summarized
2024-09-06,250.11111527773244,6,advisor_summarized
2024-09-07,266.87586606295076,6,advisor_summarized
2024-09-08,275.22326235988027,6,advisor_summarized
2024-09-09,276.6686679497131,6,advisor_summarized
2024-09-10,279.60974303700795,6,advisor_summarized
2024-09-11,297.4188796087263,6,advisor_summarized
2024-09-12,302.7466449326386,6,advisor_summarized
2024-09-13,363.79709329582903,6,advisor_summarized
2024-09-14,448.56305925558894,6,advisor_summarized
2024-09-15,448.0193196248991,6,advisor_summarized
2024-09-16,428.2951523312765,6,advisor_summarized
2024-09-17,404.05614589002727,6,advisor_summarized
2024-09-18,377.8553085143631,6,advisor_summarized
2024-09-19,373.77666170144226,6,advisor_summarized
2024-09-20,354.94981222453816,6,advisor_summarized
2024-09-21,333.62474826914047,6,advisor_summarized
2024-09-22,313.2966211544361,6,advisor_summarized
2024-09-23,295.8167093305994,6,advisor_summarized
2024-09-24,282.81691034118023,6,advisor_summarized
2024-09-25,273.0217429484324,6,advisor_summarized
2024-09-26,279.6467828591473,6,advisor_summarized
2024-09-27,316.6583658125963,6,advisor_summarized
2024-09-28,311.0406798456974,6,advisor_summarized
2024-09-29,306.3131308634341,6,advisor_summarized
2024-09-30,304.1892624898483,6,advisor_summarized
2024-10-01,311.97554807674675,6,advisor_summarized
2024-10-02,296.77893881057963,6,advisor_summarized
2024-10-03,281.968760126109,6,advisor_summarized
2024-10-04,263.828428857039,6,advisor_summarized
2024-10-05,261.8293556509521,6,advisor_summarized
2024-10-06,312.69015767092003,6,advisor_summarized
2024-10-07,341.6873398215383,6,advisor_summarized
2024-10-08,334.38995941896866,6,advisor_summarized
2024-10-09,358.1337550827821,6,advisor_summarized
2024-10-10,461.13265616473836,6,advisor_summarized
2024-10-11,480.1404388445978,6,advisor_summarized
2024-10-12,466.63363824611474,6,advisor_summarized
2024-10-13,439.9553589364696,6,advisor_summarized
2024-10-14,411.3468862797719,6,advisor_summarized
2024-10-15,383.1824857791274,6,advisor_summarized
2024-10-16,357.1234453620552,6,advisor_summarized
2024-10-17,334.1786985567287,6,advisor_summarized
2024-10-18,312.936277134343,6,advisor_summarized
2024-10-19,294.9854366043887,6,advisor_summarized
2024-10-20,279.58984458920645,6,advisor_summarized
2024-10-21,266.7018287873041,6,advisor_summarized
2024-10-22,256.0426341305575,6,advisor_summarized
2024-10-23,246.92371201424967,6,advisor_summarized
2024-10-24,237.26226468603485,6,advisor_summarized
2024-10-25,157.671860108328,6,advisor_summarized
2024-10-26,8.691261917042064,6,advisor_summarized
2024-10-27,1.271642842626402,6,advisor_summarized
2024-10-28,0.5535563107127623,6,advisor_summarized
2024-10-29,0.24811997320666235,6,advisor_summarized
2024-10-30,0.3226502302984373,6,advisor_summarized
2024-10-31,0.0011541508477705918,6,advisor_summarized
2024-11-01,0,6,advisor_summarized
2024-11-02,0,6,advisor_summarized
2024-11-03,0,6,advisor_summarized
2024-11-04,0,6,advisor_summarized
2024-11-05,0,6,advisor_summarized
2024-11-06,0,6,advisor_summarized
2024-11-07,0,6,advisor_summarized
2024-11-08,0,6,advisor_summarized
2024-11-09,0,6,advisor_summarized
2024-11-10,0,6,advisor_summarized
2024-11-11,0,6,advisor_summarized
2024-11-12,0,6,advisor_summarized
2024-11-13,0,6,advisor_summarized
2024-11-14,0,6,advisor_summarized
2024-11-15,0,6,advisor_summarized
2024-11-16,0,6,advisor_summarized
2024-11-17,0,6,advisor_summarized
2024-11-18,0,6,advisor_summarized
2024-11-19,0,6,advisor_summarized
2024-11-20,0,6,advisor_summarized
2024-11-21,0,6,advisor_summarized
2024-11-22,53.942467247720316,6,advisor_summarized
2024-11-23,116.14212480038184,6,advisor_summarized
2024-11-24,114.48011562089044,6,advisor_summarized
2024-11-25,112.70617699506535,6,advisor_summarized
2024-11-26,110.21450682971216,6,advisor_summarized
2024-11-27,108.49646820308851,6,advisor_summarized
2024-11-28,106.36594441752732,6,advisor_summarized
2024-11-29,104.90529875807239,6,advisor_summarized
2024-11-30,99.03732269284116,6,advisor_summarized
2024-12-01,96.50847474390669,6,advisor_summarized
2024-12-02,95.71699120215798,6,advisor_summarized
2024-12-03,95.36881297667783,6,advisor_summarized
2024-12-04,96.12495486038455,6,advisor_summarized
2024-12-05,94.72413260285252,6,advisor_summarized
2024-12-06,94.08365237754158,6,advisor_summarized
2024-12-07,92.58954181364312,6,advisor_summarized
2024-12-08,93.28930427804345,6,advisor_summarized
2024-12-09,92.8822133051247,6,advisor_summarized
2024-12-10,94.5503138855991,6,advisor_summarized
2024-12-11,110.80190522333324,6,advisor_summarized
2024-12-12,109.21894009721366,6,advisor_summarized
2024-12-13,102.78859796607297,6,advisor_summarized
2024-12-14,97.5525458984908,6,advisor_summarized
2024-12-15,97.12901474020663,6,advisor_summarized
2024-12-16,96.22924290313733,6,advisor_summarized
2024-12-17,95.31085389407046,6,advisor_summarized
2024-12-18,94.62631453639081,6,advisor_summarized
2024-12-19,94.3757465554358,6,advisor_summarized
2024-12-20,92.5635807250169,6,advisor_summarized
2024-12-21,89.93075424196086,6,advisor_summarized
2024-12-22,88.36823453542591,6,advisor_summarized
2024-12-23,86.63410882764032,6,advisor_summarized
2024-12-24,87.63010687011497,6,advisor_summarized
2024-12-25,87.2383475134352,6,advisor_summarized
2024-12-26,86.45158708672784,6,advisor_summarized
2024-12-27,86.66007757867602,6,advisor_summarized
2024-12-28,86.999413980832,6,advisor_summarized
2024-12-29,97.15052063757632,6,advisor_summarized
2024-12-30,100.17507717262315,6,advisor_summarized
2024-12-31,96.90520679005355,6,advisor_summarized
2025-01-01,93.48471237334604,6,advisor_summarized
2025-01-02,89.87741664714535,6,advisor_summarized
2025-01-03,47.82147074925544,6,advisor_summarized
2025-01-04,0,6,advisor_summarized
2025-01-05,0,6,advisor_summarized
2025-01-06,0,6,advisor_summarized
2025-01-07,0,6,advisor_summarized
2025-01-08,0,6,advisor_summarized
2025-01-09,0,6,advisor_summarized
2025-01-10,0,6,advisor_summarized
2025-01-11,0,6,advisor_summarized
2025-01-12,0,6,advisor_summarized
2025-01-13,0,6,advisor_summarized
2025-01-14,0,6,advisor_summarized
2025-01-15,0,6,advisor_summarized
2025-01-16,0,6,advisor_summarized
2025-01-17,0,6,advisor_summarized
2025-01-18,0,6,advisor_summarized
2025-01-19,33.401831592152824,6,advisor_summarized
2025-01-20,53.884677247850966,6,advisor_summarized
2025-01-21,40.75039532430744,6,advisor_summarized
2025-01-22,98.81194364099828,6,advisor_summarized
2025-01-23,94.07010206228813,6,advisor_summarized
2025-01-24,80.75688022957817,6,advisor_summarized
2025-01-25,71.03138682266517,6,advisor_summarized
2025-01-26,64.34141781275596,6,advisor_summarized
2025-01-27,131.62082726210397,6,advisor_summarized
2025-01-28,244.28893209162004,6,advisor_summarized
2025-01-29,240.74746717225057,6,advisor_summarized
2025-01-30,236.18018687626906,6,advisor_summarized
2025-01-31,232.01150956352112,6,advisor_summarized
2025-02-01,226.64738674491255,6,advisor_summarized
2025-02-02,221.12756870249666,6,advisor_summarized
2025-02-03,217.5580621161494,6,advisor_summarized
2025-02-04,213.39674041811122,6,advisor_summarized
2025-02-05,208.5156374885715,6,advisor_summarized
2025-02-06,203.8865524464626,6,advisor_summarized
2025-02-07,201.08175359816337,6,advisor_summarized
2025-02-08,197.7350235560614,6,advisor_summarized
2025-02-09,192.5991578209704,6,advisor_summarized
2025-02-10,186.7282660074575,6,advisor_summarized
2025-02-11,185.19796885932604,6,advisor_summarized
2025-02-12,181.19962876493136,6,advisor_summarized
2025-02-13,189.96510476840487,6,advisor_summarized
2025-02-14,210.8840675246944,6,advisor_summarized
2025-02-15,204.49063941211853,6,advisor_summarized
2025-02-16,206.26647477971633,6,advisor_summarized
2025-02-17,208.000257456808,6,advisor_summarized
2025-02-18,200.45274900841147,6,advisor_summarized
2025-02-19,224.7817946097754,6,advisor_summarized
2025-02-20,228.69766397333447,6,advisor_summarized
2025-02-21,216.268501033048,6,advisor_summarized
2025-02-22,210.33848806612195,6,advisor_summarized
2025-02-23,205.44956955803607,6,advisor_summarized
2025-02-24,211.72923061567928,6,advisor_summarized
2025-02-25,214.09148697764422,6,advisor_summarized
2025-02-26,207.8593168542003,6,advisor_summarized
2025-02-27,198.174392485445,6,advisor_summarized
2025-02-28,188.3105351805191,6,advisor_summarized
2025-03-01,181.72723381921415,6,advisor_summarized
2025-03-02,176.33340960239346,6,advisor_summarized
2025-03-03,170.10509754282808,6,advisor_summarized
2025-03-04,166.60814898260887,6,advisor_summarized
2025-03-05,170.92697862352222,6,advisor_summarized
2025-03-06,171.21053705346245,6,advisor_summarized
2025-03-07,163.7877877667394,6,advisor_summarized
2025-03-08,162.2199919613866,6,advisor_summarized
2025-03-09,191.764632338972,6,advisor_summarized
2025-03-10,272.4629842738762,6,advisor_summarized
2025-03-11,270.76873210857235,6,advisor_summarized
2025-03-12,258.44148020824036,6,advisor_summarized
2025-03-13,245.79885401400998,6,advisor_summarized
2025-03-14,238.47748032978345,6,advisor_summarized
2025-03-15,231.96823329771132,6,advisor_summarized
2025-03-16,233.5749873893908,6,advisor_summarized
2025-03-17,236.22957902216044,6,advisor_summarized
2025-03-18,226.44403425700565,6,advisor_summarized
2025-03-19,218.19409851790905,6,advisor_summarized
2025-03-20,212.6285460792113,6,advisor_summarized
2025-03-21,206.0364567065142,6,advisor_summarized
2025-03-22,198.5764697911085,6,advisor_summarized
2025-03-23,190.57647879521286,6,advisor_summarized
2025-03-24,184.61486947845455,6,advisor_summarized
2025-03-25,179.58554090940132,6,advisor_summarized
2025-03-26,173.5881229428842,6,advisor_summarized
2025-03-27,162.99749419929302,6,computed_RC
2025-03-28,155.600791715284,6,computed_RC
2025-03-29,149.23967774006195,6,computed_RC
2025-03-30,182.37029256795245,6,computed_RC
2025-03-31,208.45726665213775,6,computed_RC
2025-04-01,198.45303184321045,6,computed_RC
2025-04-02,187.4780150696818,6,computed_RC
2025-04-03,175.86549647723587,6,computed_RC
2025-04-04,167.45510133363283,6,computed_RC
2025-04-05,157.97899616638867,6,computed_RC
2025-04-06,149.92367283347457,6,computed_RC
2025-04-07,143.9542367905142,6,computed_RC
2025-04-08,143.18368130886566,6,computed_RC
2025-04-09,138.32422776067307,6,computed_RC
2025-04-10,138.42564224645886,6,computed_RC
2025-04-11,142.0051458493923,6,computed_RC
2025-04-12,153.99504959062529,6,computed_RC
2025-04-13,147.79238457354413,6,computed_RC
2025-04-14,143.3841174004773,6,computed_RC
2025-04-15,140.7473846984295,6,computed_RC
2025-04-16,132.54002803508996,6,computed_RC
2025-04-17,121.81876997765833,6,computed_RC
2025-04-18,119.18730580487716,6,computed_RC
2025-04-19,115.26367289850154,6,computed_RC
2025-04-20,110.8105986534251,6,computed_RC
2025-04-21,107.56123148085845,6,computed_RC
2025-04-22,103.96896936605577,6,computed_RC
2025-04-23,99.81905033455406,6,computed_RC
2025-04-24,97.0308026632794,6,computed_RC
2025-04-25,93.80168448881405,6,computed_RC
2025-04-26,92.62520404651552,6,computed_RC
2025-04-27,89.00119844202575,6,computed_RC
2025-04-28,93.36803373856063,6,computed_RC
2025-04-29,93.79033996947219,6,computed_RC
2025-04-30,94.36631772610966,6,computed_RC
2025-05-01,98.22937733219456,6,computed_RC
2025-05-02,97.78962092628005,6,computed_RC
2025-05-03,100.11694040492533,6,computed_RC
2025-05-04,114.24385959418552,6,computed_RC
2025-05-05,113.88642500788538,6,computed_RC
2025-05-06,112.62009192765329,6,computed_RC
2025-05-07,113.32815279152794,6,computed_RC
2025-05-08,114.79387414857271,6,computed_RC
2025-05-09,101.92128253604184,6,computed_RC
2025-05-10,93.45275489849759,6,computed_RC
2025-05-11,98.61085258717915,6,computed_RC
2025-05-12,107.34093748319928,6,computed_RC
2025-05-13,99.72931604418659,6,computed_RC
2025-05-14,94.89392302267052,6,computed_RC
2025-05-15,91.46176075637858,6,computed_RC
2025-05-16,88.29565613721356,6,computed_RC
2025-05-17,83.96380679947337,6,computed_RC
2025-05-18,76.41799535302383,6,computed_RC
2025-05-19,66.65823144848459,6,computed_RC
2025-05-20,63.75425842268498,6,computed_RC
2025-05-21,62.283805690086815,6,computed_RC
2025-05-22,61.35808310179188,6,computed_RC
2025-05-23,57.24992988673452,6,computed_RC
2025-05-24,52.38816148924769,6,computed_RC
2025-05-25,47.78082366719157,6,computed_RC
2025-05-26,43.82601125381555,6,computed_RC
2025-06-13,61.99632743672318,6,computed_RC
2025-06-14,56.26206779032019,6,computed_RC
2025-06-15,50.76202495722928,6,computed_RC
2025-06-16,47.34591017354345,6,computed_RC
2025-06-17,43.40770215208116,6,computed_RC
2025-06-18,39.775278716309614,6,computed_RC
2025-06-20,56.676777846800164,6,computed_RC
2025-06-21,48.76213755640298,6,computed_RC
2025-06-22,44.69167593051034,6,computed_RC
2025-06-23,39.861913536801055,6,computed_RC
2025-07-04,47.29117783666472,6,computed_RC
2025-07-05,44.00067451904772,6,computed_RC
2025-07-06,41.57421064254196,6,computed_RC
2025-07-07,39.416064254488006,6,computed_RC
2025-07-10,53.78424177617271,6,computed_RC
2025-07-11,56.99415898962296,6,computed_RC
2025-07-12,57.918229122357985,6,computed_RC
2025-07-13,66.22538995894796,6,computed_RC
2025-07-14,103.67939881745889,6,computed_RC
2025-07-15,111.24231148203475,6,computed_RC
2025-07-16,117.80691351140854,6,computed_RC
2025-07-17,115.41186708905326,6,computed_RC
2025-07-18,112.82315197129823,6,computed_RC
2025-07-19,115.16250339872401,6,computed_RC
2025-07-20,110.44870148819716,6,computed_RC
2025-07-21,110.0160534082982,6,computed_RC
2025-07-22,102.68109897629228,6,computed_RC
2025-07-23,125.99812693987234,6,computed_RC
2025-07-24,150.75144928481174,6,computed_RC
2025-07-25,143.37494385700163,6,computed_RC
2025-07-26,139.28676067488126,6,computed_RC
2025-07-27,132.23509559402234,6,computed_RC
2025-07-28,121.36804188072067,6,computed_RC
2025-07-29,128.3246805662311,6,computed_RC
2025-07-30,145.8513490529198,6,computed_RC
2025-07-31,139.2953804104627,6,computed_RC
2025-08-01,134.08687574965225,6,computed_RC
2025-08-02,130.85928869655507,6,computed_RC
2025-08-03,136.54502816479894,6,computed_RC
2025-08-04,137.19446298916955,6,computed_RC
2025-08-05,137.47500908471704,6,computed_RC
2025-08-06,139.44586276600006,6,computed_RC
2025-08-07,137.4053006724578,6,computed_RC
2025-08-08,138.87134768221117,6,computed_RC
2025-08-09,143.94800157586752,6,computed_RC
2025-08-10,136.0875906772209,6,computed_RC
2025-08-11,133.7086463285891,6,computed_RC
2025-08-12,132.0408667554297,6,computed_RC
2025-08-13,110.55530170102263,6,computed_RC
2025-08-14,102.71704519623094,6,computed_RC
2025-08-15,100.80744579094755,6,computed_RC
2025-08-16,102.99888122982601,6,computed_RC
2025-08-17,104.05504367476243,6,computed_RC
2025-08-18,100.58409049349615,6,computed_RC
2025-08-19,97.64894200243643,6,computed_RC
2025-08-20,94.02722263595855,6,computed_RC
2025-08-21,89.90457712251587,6,computed_RC
2025-08-22,102.49961932421672,6,computed_RC
2025-08-23,127.99423163659057,6,computed_RC
2025-08-24,131.20611998461635,6,computed_RC
2025-08-25,129.2856709240898,6,computed_RC
2025-08-26,131.6093299587299,6,computed_RC
2025-08-27,132.85995048445608,6,computed_RC
2025-08-28,137.9827779812481,6,computed_RC
2025-08-29,147.2553355710658,6,computed_RC
2025-10-06,81.25917733746661,6,computed_RC
2025-10-07,82.24533344115119,6,computed_RC
2025-10-08,77.2254320690028,6,computed_RC
2025-10-09,73.31096907066754,6,computed_RC
2025-10-10,70.07930609917844,6,computed_RC
2025-10-11,68.87754904708135,6,computed_RC
2025-10-12,65.84799983008985,6,computed_RC
2025-10-13,61.76364606572698,6,computed_RC
2025-10-14,57.70951522657859,6,computed_RC
2025-10-15,55.09133582059506,6,computed_RC
2025-10-16,52.10886111955717,6,computed_RC
2025-10-17,48.01871826421793,6,computed_RC
2025-10-18,43.883769113456516,6,computed_RC
2025-10-19,44.6636926356679,6,computed_RC
2025-10-20,51.783131854695576,6,computed_RC
2025-10-21,51.511661356420234,6,computed_RC
2025-10-22,48.66294672816414,6,computed_RC
2025-10-23,43.3510953244807,6,computed_RC
2025-10-24,39.097085541739034,6,computed_RC
2021-04-06,52.448055748213086,6a,advisor_summarized
2021-04-07,54.22108420695984,6a,advisor_summarized
2021-04-08,41.67797276710526,6a,advisor_summarized
2021-04-09,32.53318125847616,6a,advisor_summarized
2021-04-10,26.903050806033203,6a,advisor_summarized
2021-04-11,43.425455062969434,6a,advisor_summarized
2021-04-12,61.805427706387725,6a,advisor_summarized
2021-04-13,56.94346905653948,6a,advisor_summarized
2021-04-14,47.12722562881089,6a,advisor_summarized
2021-04-15,38.624144636337576,6a,advisor_summarized
2021-04-16,35.03339842100562,6a,advisor_summarized
2021-04-17,45.74253881554523,6a,advisor_summarized
2021-04-18,91.16938498808118,6a,advisor_summarized
2021-04-19,158.66055302281163,6a,advisor_summarized
2021-04-20,161.53730271652694,6a,advisor_summarized
2021-04-21,132.35822816791742,6a,advisor_summarized
2021-04-22,98.3773678899408,6a,advisor_summarized
2021-04-23,71.2829182580263,6a,advisor_summarized
2021-04-24,55.018842874286804,6a,advisor_summarized
2021-04-25,59.965118104574124,6a,advisor_summarized
2021-04-26,50.09090557488734,6a,advisor_summarized
2021-04-27,39.69233834805431,6a,advisor_summarized
2021-04-28,32.46474509184089,6a,advisor_summarized
2021-04-29,26.656044040212876,6a,advisor_summarized
2021-04-30,21.966038808950966,6a,advisor_summarized
2021-05-01,18.257229579683017,6a,advisor_summarized
2021-05-02,15.423795553077078,6a,advisor_summarized
2021-05-03,13.590090583050902,6a,advisor_summarized
2021-05-04,11.46170771290557,6a,advisor_summarized
2021-05-05,9.191738281399044,6a,advisor_summarized
2021-05-06,14.550005227290299,6a,advisor_summarized
2021-05-07,19.167668376899304,6a,advisor_summarized
2021-05-08,14.516631581806427,6a,advisor_summarized
2021-05-09,11.45016356257601,6a,advisor_summarized
2021-05-10,9.956037483266527,6a,advisor_summarized
2021-05-11,10.079350658659395,6a,advisor_summarized
2021-05-12,11.668988400757295,6a,advisor_summarized
2021-05-13,10.472267360184498,6a,advisor_summarized
2021-05-14,8.961925179234312,6a,advisor_summarized
2021-05-15,7.164091482659227,6a,advisor_summarized
2021-05-16,5.910806783086742,6a,advisor_summarized
2021-05-17,3.987474736021794,6a,advisor_summarized
2021-05-18,2.2050737214439047,6a,advisor_summarized
2021-05-19,1.0835881656567732,6a,advisor_summarized
2021-05-20,0.41274583615284205,6a,advisor_summarized
2021-05-21,0.08014895145315956,6a,advisor_summarized
2021-05-22,0.005732888654946473,6a,advisor_summarized
2021-05-23,0,6a,advisor_summarized
2021-05-24,0,6a,advisor_summarized
2021-05-25,0,6a,advisor_summarized
2021-05-26,0,6a,advisor_summarized
2021-05-27,0,6a,advisor_summarized
2021-05-28,0,6a,advisor_summarized
2021-05-29,0,6a,advisor_summarized
2021-05-30,0,6a,advisor_summarized
2021-05-31,0,6a,advisor_summarized
2021-06-01,0,6a,advisor_summarized
2021-06-02,0,6a,advisor_summarized
2021-06-03,0,6a,advisor_summarized
2021-06-04,0,6a,advisor_summarized
2021-06-05,0,6a,advisor_summarized
2021-06-06,0,6a,advisor_summarized
2021-06-07,0.5714082638248167,6a,advisor_summarized
2021-06-08,2.6066084800241884,6a,advisor_summarized
2021-06-09,1.6304177073906123,6a,advisor_summarized
2021-06-10,0.9711124365162417,6a,advisor_summarized
2021-06-11,1.0657309525745988,6a,advisor_summarized
2021-06-12,0.42224421090058883,6a,advisor_summarized
2021-06-13,0.10566704180361351,6a,advisor_summarized
2021-06-14,0.034970772283107,6a,advisor_summarized
2021-06-15,0.3384623855114963,6a,advisor_summarized
2021-06-16,3.0694263322577418,6a,advisor_summarized
2021-06-17,2.9638201983964927,6a,advisor_summarized
2021-06-18,1.906107628206005,6a,advisor_summarized
2021-06-19,1.2488584646652925,6a,advisor_summarized
2021-06-20,3.9511553686531986,6a,advisor_summarized
2021-06-21,6.933605564991862,6a,advisor_summarized
2021-06-22,27.236771192172384,6a,advisor_summarized
2021-06-23,76.01173926636383,6a,advisor_summarized
2021-06-24,103.77977793519113,6a,advisor_summarized
2021-06-25,113.77136552648346,6a,advisor_summarized
2021-06-26,128.66178940029957,6a,advisor_summarized
2021-06-27,171.95195530435296,6a,advisor_summarized
2021-06-28,164.7154720576804,6a,advisor_summarized
2021-06-29,140.2254034263052,6a,advisor_summarized
2021-06-30,122.39785143353903,6a,advisor_summarized
2021-07-01,154.091263960905,6a,advisor_summarized
2021-07-02,166.7233909183108,6a,advisor_summarized
2021-07-03,168.05688977383497,6a,advisor_summarized
2021-07-04,150.5491103738673,6a,advisor_summarized
2021-07-05,130.17792719673304,6a,advisor_summarized
2021-07-06,121.73573954087493,6a,advisor_summarized
2021-07-07,406.40376605620554,6a,advisor_summarized
2021-07-08,1078.1009197324863,6a,advisor_summarized
2021-07-09,780.0059630413567,6a,advisor_summarized
2021-07-10,627.5956660569813,6a,advisor_summarized
2021-07-11,496.18937257014545,6a,advisor_summarized
2021-07-12,373.0466300069065,6a,advisor_summarized
2021-07-13,268.54495116143625,6a,advisor_summarized
2021-07-14,189.4406017603019,6a,advisor_summarized
2021-07-15,133.49169983515208,6a,advisor_summarized
2021-07-16,95.168425638972,6a,advisor_summarized
2021-07-17,67.83648952658442,6a,advisor_summarized
2021-07-18,51.052276927086886,6a,advisor_summarized
2021-07-19,45.02925335488195,6a,advisor_summarized
2021-07-20,46.24123249564081,6a,advisor_summarized
2021-07-21,39.600910567304815,6a,advisor_summarized
2021-07-22,37.127623514136296,6a,advisor_summarized
2021-07-23,37.72830799586527,6a,advisor_summarized
2021-07-24,40.779476017070905,6a,advisor_summarized
2021-07-25,33.14279176493434,6a,advisor_summarized
2021-07-26,26.479974922818553,6a,advisor_summarized
2021-07-27,31.622354419168676,6a,advisor_summarized
2021-07-28,71.10646402611277,6a,advisor_summarized
2021-07-29,132.32008208011075,6a,advisor_summarized
2021-07-30,129.010751685935,6a,advisor_summarized
2021-07-31,99.8938888243652,6a,advisor_summarized
2021-08-01,73.41568274155155,6a,advisor_summarized
2021-08-02,58.44665504371948,6a,advisor_summarized
2021-08-03,63.50027236938505,6a,advisor_summarized
2021-08-04,59.614643037149655,6a,advisor_summarized
2021-08-05,60.864791640861746,6a,advisor_summarized
2021-08-06,70.49724018170019,6a,advisor_summarized
2021-08-07,80.73400250894444,6a,advisor_summarized
2021-08-08,100.07232194083848,6a,advisor_summarized
2021-08-09,98.59502234269081,6a,advisor_summarized
2021-08-10,79.64016619412166,6a,advisor_summarized
2021-08-11,65.94383813153897,6a,advisor_summarized
2021-08-12,53.02098443638107,6a,advisor_summarized
2021-08-13,42.49323541259308,6a,advisor_summarized
2021-08-14,34.26949572005096,6a,advisor_summarized
2021-08-15,29.456707832390737,6a,advisor_summarized
2021-08-16,24.74630735121684,6a,advisor_summarized
2021-08-17,21.33529840155361,6a,advisor_summarized
2021-08-18,18.14256834747937,6a,advisor_summarized
2021-08-19,14.583036267296267,6a,advisor_summarized
2021-08-20,12.171367998251583,6a,advisor_summarized
2021-08-21,10.182776811326953,6a,advisor_summarized
2021-08-22,14.691494207724899,6a,advisor_summarized
2021-08-23,27.248038696595206,6a,advisor_summarized
2021-08-24,29.797190923651126,6a,advisor_summarized
2021-08-25,37.39911175170665,6a,advisor_summarized
2021-08-26,35.15188550290284,6a,advisor_summarized
2021-08-27,34.714461855619284,6a,advisor_summarized
2021-08-28,32.48341342675574,6a,advisor_summarized
2021-08-29,28.2139018632438,6a,advisor_summarized
2021-08-30,23.133099477206617,6a,advisor_summarized
2021-08-31,18.880800611394687,6a,advisor_summarized
2021-09-01,34.89703235693762,6a,advisor_summarized
2021-09-02,45.72428679992144,6a,advisor_summarized
2021-09-03,45.86635656814459,6a,advisor_summarized
2021-09-04,37.641669730442146,6a,advisor_summarized
2021-09-05,30.078289343703617,6a,advisor_summarized
2021-09-06,24.737385914222745,6a,advisor_summarized
2021-09-07,22.33737860241853,6a,advisor_summarized
2021-09-08,22.287356014147246,6a,advisor_summarized
2021-09-09,27.100619803477215,6a,advisor_summarized
2021-09-10,24.228784630999467,6a,advisor_summarized
2021-09-11,22.561076790783385,6a,advisor_summarized
2021-09-12,20.086970922830034,6a,advisor_summarized
2021-09-13,15.432662009927292,6a,advisor_summarized
2021-09-14,24.571892091210913,6a,advisor_summarized
2021-09-15,58.67442699974152,6a,advisor_summarized
2021-09-16,77.79953263666367,6a,advisor_summarized
2021-09-17,118.01472846984747,6a,advisor_summarized
2021-09-18,110.43486642331692,6a,advisor_summarized
2021-09-19,111.67336916712911,6a,advisor_summarized
2021-09-20,193.49365694088053,6a,advisor_summarized
2021-09-21,479.90183732380495,6a,advisor_summarized
2021-09-22,732.7561909603828,6a,advisor_summarized
2021-09-23,603.1160407386625,6a,advisor_summarized
2021-09-24,464.6877154820907,6a,advisor_summarized
2021-09-25,331.8740880161709,6a,advisor_summarized
2021-09-26,225.01980437472363,6a,advisor_summarized
2021-09-27,151.34883351246785,6a,advisor_summarized
2021-09-28,107.14120397952463,6a,advisor_summarized
2021-09-29,78.3273606077224,6a,advisor_summarized
2021-09-30,58.22965490805425,6a,advisor_summarized
2021-10-01,45.09365970681868,6a,advisor_summarized
2021-10-02,35.35916969744168,6a,advisor_summarized
2021-10-03,28.851629119120023,6a,advisor_summarized
2021-10-04,24.060184235229368,6a,advisor_summarized
2021-10-05,21.02548527306593,6a,advisor_summarized
2021-10-06,22.854682216678174,6a,advisor_summarized
2021-10-07,25.19862840753066,6a,advisor_summarized
2021-10-08,22.017284691111456,6a,advisor_summarized
2021-10-09,20.072950683509667,6a,advisor_summarized
2021-10-10,17.305664624357586,6a,advisor_summarized
2021-10-11,14.969362308768025,6a,advisor_summarized
2021-10-12,13.088252556226443,6a,advisor_summarized
2021-10-13,11.292455144455777,6a,advisor_summarized
2021-10-14,9.631606465065753,6a,advisor_summarized
2021-10-15,8.1911356203623,6a,advisor_summarized
2021-10-16,6.89931549641669,6a,advisor_summarized
2021-10-17,5.878893418912938,6a,advisor_summarized
2021-10-18,5.162367492054728,6a,advisor_summarized
2021-10-19,4.504575795407246,6a,advisor_summarized
2021-10-20,3.4128953988893875,6a,advisor_summarized
2021-10-21,2.176636877984435,6a,advisor_summarized
2021-10-22,1.2061665316871377,6a,advisor_summarized
2021-10-23,0.618045817785103,6a,advisor_summarized
2021-10-24,0.21357446617024112,6a,advisor_summarized
2021-10-25,0.06442186137663501,6a,advisor_summarized
2021-10-26,0.011824791958705083,6a,advisor_summarized
2021-10-27,2.5759070165743762e-6,6a,advisor_summarized
2021-10-28,5.229059676000436,6a,advisor_summarized
2021-10-29,13.072186115615663,6a,advisor_summarized
2021-10-30,11.599685823785833,6a,advisor_summarized
2021-10-31,10.0155213641123,6a,advisor_summarized
2021-11-01,8.841190181949312,6a,advisor_summarized
2021-11-02,7.8648784569645684,6a,advisor_summarized
2021-11-03,6.91033763544268,6a,advisor_summarized
2021-11-04,5.981630789026073,6a,advisor_summarized
2021-11-05,6.459080413062552,6a,advisor_summarized
2021-11-06,82.88632068609964,6a,advisor_summarized
2021-11-07,122.58957984848809,6a,advisor_summarized
2021-11-08,123.10295852107492,6a,advisor_summarized
2021-11-09,107.00541209396731,6a,advisor_summarized
2021-11-10,87.64077258765764,6a,advisor_summarized
2021-11-11,69.55090824266053,6a,advisor_summarized
2021-11-12,54.86081180454122,6a,advisor_summarized
2021-11-13,44.7352230431637,6a,advisor_summarized
2021-11-14,37.02535267775215,6a,advisor_summarized
2021-11-15,30.938029009401845,6a,advisor_summarized
2021-11-16,26.57711061808932,6a,advisor_summarized
2021-11-17,23.29377543188799,6a,advisor_summarized
2021-11-18,22.23368585967788,6a,advisor_summarized
2021-11-19,21.35103998401078,6a,advisor_summarized
2021-11-20,19.106299702530247,6a,advisor_summarized
2021-11-21,17.665507321574292,6a,advisor_summarized
2021-11-22,16.135268256667644,6a,advisor_summarized
2021-11-23,13.36941831705441,6a,advisor_summarized
2021-11-24,11.295857320005078,6a,advisor_summarized
2021-11-25,10.75874475808518,6a,advisor_summarized
2021-11-26,10.258758649218924,6a,advisor_summarized
2021-11-27,9.611332344662772,6a,advisor_summarized
2021-11-28,8.824834937564153,6a,advisor_summarized
2021-11-29,8.127876611102488,6a,advisor_summarized
2021-11-30,7.142128715232719,6a,advisor_summarized
2021-12-01,6.5673113628994,6a,advisor_summarized
2021-12-02,5.972568275412961,6a,advisor_summarized
2021-12-03,5.490287331396655,6a,advisor_summarized
2021-12-04,5.223439548928735,6a,advisor_summarized
2021-12-05,4.85666080704725,6a,advisor_summarized
2021-12-06,4.3873727739959785,6a,advisor_summarized
2021-12-07,4.2102501513805075,6a,advisor_summarized
2021-12-08,7.608805514451459,6a,advisor_summarized
2021-12-09,21.97105348677968,6a,advisor_summarized
2021-12-10,20.766270574539995,6a,advisor_summarized
2021-12-11,18.534454775258187,6a,advisor_summarized
2021-12-12,18.857760047680355,6a,advisor_summarized
2021-12-13,18.72812760866938,6a,advisor_summarized
2021-12-14,16.684409801314963,6a,advisor_summarized
2021-12-15,14.994740914238562,6a,advisor_summarized
2021-12-16,14.72951881113427,6a,advisor_summarized
2021-12-17,13.7826975247943,6a,advisor_summarized
2021-12-18,12.81640393044939,6a,advisor_summarized
2021-12-19,15.524548653461096,6a,advisor_summarized
2021-12-20,18.555254765513936,6a,advisor_summarized
2021-12-21,45.18886374313916,6a,advisor_summarized
2021-12-22,77.94542988217559,6a,advisor_summarized
2021-12-23,86.11111829458484,6a,advisor_summarized
2021-12-24,81.1253175627007,6a,advisor_summarized
2021-12-25,70.46151924865383,6a,advisor_summarized
2021-12-26,61.0194588885513,6a,advisor_summarized
2021-12-27,52.91646911230031,6a,advisor_summarized
2021-12-28,44.59361464326596,6a,advisor_summarized
2021-12-29,37.406654286951,6a,advisor_summarized
2021-12-30,31.95877814348779,6a,advisor_summarized
2021-12-31,27.526147337918996,6a,advisor_summarized
2022-01-01,24.123337422999512,6a,advisor_summarized
2022-01-02,21.131323973494567,6a,advisor_summarized
2022-01-03,18.48969788253613,6a,advisor_summarized
2022-01-04,15.794049913669982,6a,advisor_summarized
2022-01-05,14.128490679878118,6a,advisor_summarized
2022-01-06,12.954550923535363,6a,advisor_summarized
2022-01-07,10.605491089557669,6a,advisor_summarized
2022-01-08,9.541932777524933,6a,advisor_summarized
2022-01-09,9.267116765869995,6a,advisor_summarized
2022-01-10,8.862624379805611,6a,advisor_summarized
2022-01-11,8.21782870730159,6a,advisor_summarized
2022-01-12,7.709669233723033,6a,advisor_summarized
2022-01-13,7.406528279783565,6a,advisor_summarized
2022-01-14,6.854537321879538,6a,advisor_summarized
2022-01-15,6.432136430766472,6a,advisor_summarized
2022-01-16,13.657695815140576,6a,advisor_summarized
2022-01-17,17.627257207234535,6a,advisor_summarized
2022-01-18,14.871321992806266,6a,advisor_summarized
2022-01-19,13.067671651764643,6a,advisor_summarized
2022-01-20,11.880226182330539,6a,advisor_summarized
2022-01-21,10.693659343618242,6a,advisor_summarized
2022-01-22,10.566030805428163,6a,advisor_summarized
2022-01-23,10.166291226194506,6a,advisor_summarized
2022-01-24,9.07535042769164,6a,advisor_summarized
2022-01-25,8.71321207388148,6a,advisor_summarized
2022-01-26,8.874181420965636,6a,advisor_summarized
2022-01-27,8.463062759281295,6a,advisor_summarized
2022-01-28,6.284239803205572,6a,advisor_summarized
2022-01-29,1.0754144404451937,6a,advisor_summarized
2022-01-30,1.2209921383596944,6a,advisor_summarized
2022-01-31,1.2903980600592824,6a,advisor_summarized
2022-02-01,1.3403843347261999,6a,advisor_summarized
2022-02-02,1.3393329085708547,6a,advisor_summarized
2022-02-03,1.3320353353563146,6a,advisor_summarized
2022-02-04,1.2715065890357984,6a,advisor_summarized
2022-02-05,1.1871292735553285,6a,advisor_summarized
2022-02-06,1.13787605752807,6a,advisor_summarized
2022-02-07,1.0733617330808294,6a,advisor_summarized
2022-02-08,1.0865573699672042,6a,advisor_summarized
2022-02-09,1.0490770553889157,6a,advisor_summarized
2022-02-10,1.1016366448803725,6a,advisor_summarized
2022-02-11,1.1126220248344463,6a,advisor_summarized
2022-02-12,1.122367657671511,6a,advisor_summarized
2022-02-13,1.0388048101862604,6a,advisor_summarized
2022-02-14,1.074980991600702,6a,advisor_summarized
2022-02-15,1.2804473124899824,6a,advisor_summarized
2022-02-16,1.3567273186635742,6a,advisor_summarized
2022-02-17,1.3033599674712282,6a,advisor_summarized
2022-02-18,1.1186786727137374,6a,advisor_summarized
2022-02-19,1.10740348831011,6a,advisor_summarized
2022-02-20,1.2744714217581543,6a,advisor_summarized
2022-02-21,1.3259193214422402,6a,advisor_summarized
2022-02-22,1.352622740932749,6a,advisor_summarized
2022-02-23,1.3157809223624812,6a,advisor_summarized
2022-02-24,1.257007504945503,6a,advisor_summarized
2022-02-25,1.2241331130415294,6a,advisor_summarized
2022-02-26,1.2437518324039347,6a,advisor_summarized
2022-02-27,1.1762092708565814,6a,advisor_summarized
2022-02-28,1.022661088911884,6a,advisor_summarized
2022-03-01,1.0592151195441357,6a,advisor_summarized
2022-03-02,1.1183992907883795,6a,advisor_summarized
2022-03-03,1.1542677753742172,6a,advisor_summarized
2022-03-04,1.2538234121490206,6a,advisor_summarized
2022-03-05,1.376745521769017,6a,advisor_summarized
2022-03-06,1.3599891697722801,6a,advisor_summarized
2022-03-07,1.235088479867136,6a,advisor_summarized
2022-03-08,1.1893318941833144,6a,advisor_summarized
2022-03-09,1.0862683524634016,6a,advisor_summarized
2022-03-10,1.0779648168584728,6a,advisor_summarized
2022-03-11,1.1108072878536492,6a,advisor_summarized
2022-03-12,0.9964083684642945,6a,advisor_summarized
2022-03-13,1.3399138604943728,6a,advisor_summarized
2022-03-14,1.4049278146086903,6a,advisor_summarized
2022-03-15,1.3017486468167117,6a,advisor_summarized
2022-03-16,1.1318678342599575,6a,advisor_summarized
2022-03-17,1.1142498610135427,6a,advisor_summarized
2022-03-18,1.1906528192326253,6a,advisor_summarized
2022-03-19,1.1817213558305875,6a,advisor_summarized
2022-03-20,1.2208830664164985,6a,advisor_summarized
2022-03-21,1.2983188276197792,6a,advisor_summarized
2022-03-22,1.2852377951420368,6a,advisor_summarized
2022-03-23,1.1662948318433222,6a,advisor_summarized
2022-03-24,1.0695384530036955,6a,advisor_summarized
2022-03-25,1.1382792758890588,6a,advisor_summarized
2022-03-26,1.2025884625703671,6a,advisor_summarized
2022-03-27,1.2293732381284128,6a,advisor_summarized
2022-03-28,1.2997144644132088,6a,advisor_summarized
2022-03-29,2.0604154318449024,6a,advisor_summarized
2022-03-30,0.45383578658835777,6a,advisor_summarized
2022-03-31,0.18684501468788448,6a,advisor_summarized
2022-04-01,3.5567382645289363,6a,advisor_summarized
2022-04-02,2.164146046156365,6a,advisor_summarized
2022-04-03,0.7336651455034654,6a,advisor_summarized
2022-04-04,1.5370288020881444,6a,advisor_summarized
2022-04-05,0.6058258623326032,6a,advisor_summarized
2022-04-06,0.9904677294591976,6a,advisor_summarized
2022-04-07,0.5366426780949302,6a,advisor_summarized
2022-04-08,5.155802112060175,6a,advisor_summarized
2022-04-09,4.029401637569407,6a,advisor_summarized
2022-04-10,5.331442982758273,6a,advisor_summarized
2022-04-11,4.357705657949982,6a,advisor_summarized
2022-04-12,5.58575302032292,6a,advisor_summarized
2022-04-13,14.175383497960775,6a,advisor_summarized
2022-04-14,5.5664971615289085,6a,advisor_summarized
2022-04-15,9.338263217998392,6a,advisor_summarized
2022-04-16,8.449322361285164,6a,advisor_summarized
2022-04-17,7.988377454706433,6a,advisor_summarized
2022-04-18,11.701178270768827,6a,advisor_summarized
2022-04-19,8.857922647728872,6a,advisor_summarized
2022-04-20,6.729306888765773,6a,advisor_summarized
2022-04-21,5.589651180671399,6a,advisor_summarized
2022-04-22,4.582861868945555,6a,advisor_summarized
2022-04-23,3.7156980762320635,6a,advisor_summarized
2022-04-24,2.960595470373921,6a,advisor_summarized
2022-04-25,2.017274929162387,6a,advisor_summarized
2022-04-26,0.9202216977118178,6a,advisor_summarized
2022-04-27,0.3220382344306864,6a,advisor_summarized
2022-04-28,0.06487540687490317,6a,advisor_summarized
2022-04-29,5.698840619810832e-4,6a,advisor_summarized
2022-04-30,0,6a,advisor_summarized
2022-05-01,0.1526714565545545,6a,advisor_summarized
2022-05-02,2.42145562755675,6a,advisor_summarized
2022-05-03,2.498379903069361,6a,advisor_summarized
2022-05-04,4.331053017853242,6a,advisor_summarized
2022-05-05,3.7370427843372043,6a,advisor_summarized
2022-05-06,4.6640005956120865,6a,advisor_summarized
2022-05-07,27.689507996754614,6a,advisor_summarized
2022-05-08,23.45751440986299,6a,advisor_summarized
2022-05-09,18.415593874214675,6a,advisor_summarized
2022-05-10,14.59620691746669,6a,advisor_summarized
2022-05-11,11.231725085583287,6a,advisor_summarized
2022-05-12,8.22609968019062,6a,advisor_summarized
2022-05-13,9.928832304194207,6a,advisor_summarized
2022-05-14,18.69318798937918,6a,advisor_summarized
2022-05-15,15.36000741151023,6a,advisor_summarized
2022-05-16,14.721026253745555,6a,advisor_summarized
2022-05-17,11.840291288239824,6a,advisor_summarized
2022-05-18,9.339862454920747,6a,advisor_summarized
2022-05-19,7.067526235925999,6a,advisor_summarized
2022-05-20,5.456563009211693,6a,advisor_summarized
2022-05-21,6.231226192093323,6a,advisor_summarized
2022-05-22,7.88669076702454,6a,advisor_summarized
2022-05-23,7.349992784283003,6a,advisor_summarized
2022-05-24,5.904390623157074,6a,advisor_summarized
2022-05-25,4.4619081898421795,6a,advisor_summarized
2022-05-26,3.4128173512843802,6a,advisor_summarized
2022-05-27,3.460220269455218,6a,advisor_summarized
2022-05-28,4.601681917132528,6a,advisor_summarized
2022-05-29,3.5360076854442117,6a,advisor_summarized
2022-05-30,2.265965009835974,6a,advisor_summarized
2022-05-31,0.9060314029469952,6a,advisor_summarized
2022-06-01,0.29450184506516836,6a,advisor_summarized
2022-06-02,0.02311871960346995,6a,advisor_summarized
2022-06-03,0,6a,advisor_summarized
2022-06-04,0,6a,advisor_summarized
2022-06-05,0,6a,advisor_summarized
2022-06-06,0,6a,advisor_summarized
2022-06-07,0,6a,advisor_summarized
2022-06-08,0,6a,advisor_summarized
2022-06-09,0,6a,advisor_summarized
2022-06-10,0,6a,advisor_summarized
2022-06-11,0,6a,advisor_summarized
2022-06-12,0,6a,advisor_summarized
2022-06-13,0,6a,advisor_summarized
2022-06-14,0,6a,advisor_summarized
2022-06-15,0,6a,advisor_summarized
2022-06-16,0,6a,advisor_summarized
2022-06-17,0,6a,advisor_summarized
2022-06-18,0,6a,advisor_summarized
2022-06-19,0,6a,advisor_summarized
2022-06-20,0,6a,advisor_summarized
2022-06-21,0,6a,advisor_summarized
2022-06-22,0,6a,advisor_summarized
2022-06-23,0,6a,advisor_summarized
2022-06-24,0,6a,advisor_summarized
2022-06-25,0,6a,advisor_summarized
2022-06-26,0,6a,advisor_summarized
2022-06-27,0,6a,advisor_summarized
2022-06-28,0,6a,advisor_summarized
2022-06-29,0,6a,advisor_summarized
2022-06-30,0,6a,advisor_summarized
2022-07-01,0,6a,advisor_summarized
2022-07-02,0,6a,advisor_summarized
2022-07-03,0,6a,advisor_summarized
2022-07-04,0,6a,advisor_summarized
2022-07-05,0,6a,advisor_summarized
2022-07-06,0,6a,advisor_summarized
2022-07-07,0,6a,advisor_summarized
2022-07-08,8.258311029825773e-4,6a,advisor_summarized
2022-07-09,0.04312926853519263,6a,advisor_summarized
2022-07-10,0.16855963413166966,6a,advisor_summarized
2022-07-11,0.23305518732726982,6a,advisor_summarized
2022-07-12,0.3271303285890213,6a,advisor_summarized
2022-07-13,0.05918306023894771,6a,advisor_summarized
2022-07-14,6.128994951364035e-5,6a,advisor_summarized
2022-07-15,0.07297935879673954,6a,advisor_summarized
2022-07-16,0.03197085679953213,6a,advisor_summarized
2022-07-17,0.008454492567287272,6a,advisor_summarized
2022-07-18,0.09369478691654354,6a,advisor_summarized
2022-07-19,1.220302122382648,6a,advisor_summarized
2022-07-20,2.272983362955572,6a,advisor_summarized
2022-07-21,4.0514046989673185,6a,advisor_summarized
2022-07-22,8.66198573047407,6a,advisor_summarized
2022-07-23,20.620709677707566,6a,advisor_summarized
2022-07-24,17.273952051683164,6a,advisor_summarized
2022-07-25,17.780624362903485,6a,advisor_summarized
2022-07-26,14.126985833713485,6a,advisor_summarized
2022-07-27,10.460034498424834,6a,advisor_summarized
2022-07-28,8.156661909381496,6a,advisor_summarized
2022-07-29,6.394045884308024,6a,advisor_summarized
2022-07-30,5.021990958437521,6a,advisor_summarized
2022-07-31,3.234441382411737,6a,advisor_summarized
2022-08-01,1.2974779406477246,6a,advisor_summarized
2022-08-02,0.7298588169668448,6a,advisor_summarized
2022-08-03,1.5832193589816503,6a,advisor_summarized
2022-08-04,7.521507579674908,6a,advisor_summarized
2022-08-05,7.150548813273947,6a,advisor_summarized
2022-08-06,5.255641724763049,6a,advisor_summarized
2022-08-07,4.299383805995857,6a,advisor_summarized
2022-08-08,3.19419847653177,6a,advisor_summarized
2022-08-09,1.6589683594180882,6a,advisor_summarized
2022-08-10,0.6614194882009885,6a,advisor_summarized
2022-08-11,0.15346731687738707,6a,advisor_summarized
2022-08-12,0.011912711092140602,6a,advisor_summarized
2022-08-13,0.027291621081276737,6a,advisor_summarized
2022-08-14,0.994307768916275,6a,advisor_summarized
2022-08-15,0.727421985747252,6a,advisor_summarized
2022-08-16,0.1594785657879367,6a,advisor_summarized
2022-08-17,0.007339245616034131,6a,advisor_summarized
2022-08-18,0.0020146066851482593,6a,advisor_summarized
2022-08-19,1.7135580128176463e-6,6a,advisor_summarized
2022-08-20,0,6a,advisor_summarized
2022-08-21,0,6a,advisor_summarized
2022-08-22,0,6a,advisor_summarized
2022-08-23,0,6a,advisor_summarized
2022-08-24,0,6a,advisor_summarized
2022-08-25,0.004792363478604736,6a,advisor_summarized
2022-08-26,1.931898718662855,6a,advisor_summarized
2022-08-27,10.078256148245398,6a,advisor_summarized
2022-08-28,12.706713038181931,6a,advisor_summarized
2022-08-29,12.43710086854553,6a,advisor_summarized
2022-08-30,11.22323128785898,6a,advisor_summarized
2022-08-31,8.674226161919089,6a,advisor_summarized
2022-09-01,7.394276124429225,6a,advisor_summarized
2022-09-02,7.93280568177104,6a,advisor_summarized
2022-09-03,9.476927732063432,6a,advisor_summarized
2022-09-04,13.582381776595655,6a,advisor_summarized
2022-09-05,20.615387062171113,6a,advisor_summarized
2022-09-06,17.188830248031177,6a,advisor_summarized
2022-09-07,14.010341122724455,6a,advisor_summarized
2022-09-08,13.760250797351619,6a,advisor_summarized
2022-09-09,22.662072592149485,6a,advisor_summarized
2022-09-10,44.55535930670242,6a,advisor_summarized
2022-09-11,60.26029559690337,6a,advisor_summarized
2022-09-12,63.78897749879036,6a,advisor_summarized
2022-09-13,66.8991454979677,6a,advisor_summarized
2022-09-14,60.163868038442764,6a,advisor_summarized
2022-09-15,47.722404028886935,6a,advisor_summarized
2022-09-16,36.39189586714684,6a,advisor_summarized
2022-09-17,29.346418835136372,6a,advisor_summarized
2022-09-18,27.273541173543563,6a,advisor_summarized
2022-09-19,28.273657800629817,6a,advisor_summarized
2022-09-20,23.690466961652962,6a,advisor_summarized
2022-09-21,19.57143065829839,6a,advisor_summarized
2022-09-22,15.787680575910919,6a,advisor_summarized
2022-09-23,13.147239502379335,6a,advisor_summarized
2022-09-24,11.106902120648316,6a,advisor_summarized
2022-09-25,9.460205821197379,6a,advisor_summarized
2022-09-26,8.390245253024274,6a,advisor_summarized
2022-09-27,7.114810225164038,6a,advisor_summarized
2022-09-28,6.7769066997527645,6a,advisor_summarized
2022-09-29,8.957379648866526,6a,advisor_summarized
2022-09-30,8.26116319116335,6a,advisor_summarized
2022-10-01,6.594258464357356,6a,advisor_summarized
2022-10-02,5.016563564391336,6a,advisor_summarized
2022-10-03,3.538713936684926,6a,advisor_summarized
2022-10-04,2.003395961823326,6a,advisor_summarized
2022-10-05,0.9100238449346457,6a,advisor_summarized
2022-10-06,0.299645905472635,6a,advisor_summarized
2022-10-07,0.048379978180625345,6a,advisor_summarized
2022-10-08,9.630258888807561e-4,6a,advisor_summarized
2022-10-09,0,6a,advisor_summarized
2022-10-10,0,6a,advisor_summarized
2022-10-11,0,6a,advisor_summarized
2022-10-12,0,6a,advisor_summarized
2022-10-13,0,6a,advisor_summarized
2022-10-14,0,6a,advisor_summarized
2022-10-15,0,6a,advisor_summarized
2022-10-16,0,6a,advisor_summarized
2022-10-17,0,6a,advisor_summarized
2022-10-18,0,6a,advisor_summarized
2022-10-19,0,6a,advisor_summarized
2022-10-20,0,6a,advisor_summarized
2022-10-21,0,6a,advisor_summarized
2022-10-22,0,6a,advisor_summarized
2022-10-23,0,6a,advisor_summarized
2022-10-24,0,6a,advisor_summarized
2022-10-25,0,6a,advisor_summarized
2022-10-26,0,6a,advisor_summarized
2022-10-27,0,6a,advisor_summarized
2022-10-28,0,6a,advisor_summarized
2022-10-29,0,6a,advisor_summarized
2022-10-30,0,6a,advisor_summarized
2022-10-31,0,6a,advisor_summarized
2022-11-01,0,6a,advisor_summarized
2022-11-02,0,6a,advisor_summarized
2022-11-03,0,6a,advisor_summarized
2022-11-04,0,6a,advisor_summarized
2022-11-05,0,6a,advisor_summarized
2022-11-06,0,6a,advisor_summarized
2022-11-07,0,6a,advisor_summarized
2022-11-08,0,6a,advisor_summarized
2022-11-09,0,6a,advisor_summarized
2022-11-10,3.986005006932348,6a,advisor_summarized
2022-11-11,4.446757441819501,6a,advisor_summarized
2022-11-12,3.9005431327195326,6a,advisor_summarized
2022-11-13,2.823468555378561,6a,advisor_summarized
2022-11-14,1.7990717707520254,6a,advisor_summarized
2022-11-15,2.704798283851616,6a,advisor_summarized
2022-11-16,3.500163169272317,6a,advisor_summarized
2022-11-17,2.095488321003653,6a,advisor_summarized
2022-11-18,0.951469644236329,6a,advisor_summarized
2022-11-19,0.31817994826278384,6a,advisor_summarized
2022-11-20,0.08504685020255415,6a,advisor_summarized
2022-11-21,0.005389425440203422,6a,advisor_summarized
2022-11-22,0,6a,advisor_summarized
2022-11-23,0,6a,advisor_summarized
2022-11-24,0,6a,advisor_summarized
2022-11-25,0,6a,advisor_summarized
2022-11-26,0,6a,advisor_summarized
2022-11-27,0,6a,advisor_summarized
2022-11-28,0,6a,advisor_summarized
2022-11-29,0,6a,advisor_summarized
2022-11-30,0,6a,advisor_summarized
2022-12-01,0,6a,advisor_summarized
2022-12-02,0,6a,advisor_summarized
2022-12-03,0,6a,advisor_summarized
2022-12-04,0,6a,advisor_summarized
2022-12-05,0,6a,advisor_summarized
2022-12-06,0,6a,advisor_summarized
2022-12-07,0,6a,advisor_summarized
2022-12-08,0,6a,advisor_summarized
2022-12-09,0,6a,advisor_summarized
2022-12-10,0,6a,advisor_summarized
2022-12-11,0,6a,advisor_summarized
2022-12-12,0,6a,advisor_summarized
2022-12-13,0,6a,advisor_summarized
2022-12-14,0,6a,advisor_summarized
2022-12-15,0,6a,advisor_summarized
2022-12-16,0,6a,advisor_summarized
2022-12-17,0,6a,advisor_summarized
2022-12-18,0,6a,advisor_summarized
2022-12-19,0,6a,advisor_summarized
2022-12-20,0,6a,advisor_summarized
2022-12-21,0,6a,advisor_summarized
2022-12-22,0,6a,advisor_summarized
2022-12-23,0,6a,advisor_summarized
2022-12-24,0,6a,advisor_summarized
2022-12-25,0,6a,advisor_summarized
2022-12-26,0,6a,advisor_summarized
2022-12-27,0,6a,advisor_summarized
2022-12-28,0,6a,advisor_summarized
2022-12-29,0,6a,advisor_summarized
2022-12-30,0,6a,advisor_summarized
2022-12-31,0,6a,advisor_summarized
2023-01-01,0,6a,advisor_summarized
2023-01-02,0,6a,advisor_summarized
2023-01-03,0,6a,advisor_summarized
2023-01-04,0,6a,advisor_summarized
2023-01-05,0,6a,advisor_summarized
2023-01-06,0,6a,advisor_summarized
2023-01-07,0,6a,advisor_summarized
2023-01-08,0,6a,advisor_summarized
2023-01-09,0,6a,advisor_summarized
2023-01-10,0,6a,advisor_summarized
2023-01-11,0,6a,advisor_summarized
2023-01-12,0,6a,advisor_summarized
2023-01-13,0,6a,advisor_summarized
2023-01-14,0,6a,advisor_summarized
2023-01-15,0,6a,advisor_summarized
2023-01-16,0,6a,advisor_summarized
2023-01-17,0,6a,advisor_summarized
2023-01-18,0,6a,advisor_summarized
2023-01-19,0,6a,advisor_summarized
2023-01-20,0,6a,advisor_summarized
2023-01-21,0,6a,advisor_summarized
2023-01-22,0,6a,advisor_summarized
2023-01-23,0,6a,advisor_summarized
2023-01-24,0,6a,advisor_summarized
2023-01-25,0,6a,advisor_summarized
2023-01-26,0,6a,advisor_summarized
2023-01-27,0,6a,advisor_summarized
2023-01-28,0,6a,advisor_summarized
2023-01-29,0,6a,advisor_summarized
2023-01-30,0,6a,advisor_summarized
2023-01-31,0,6a,advisor_summarized
2023-02-01,0,6a,advisor_summarized
2023-02-02,0,6a,advisor_summarized
2023-02-03,0,6a,advisor_summarized
2023-02-04,0,6a,advisor_summarized
2023-02-05,0,6a,advisor_summarized
2023-02-06,0,6a,advisor_summarized
2023-02-07,0,6a,advisor_summarized
2023-02-08,0,6a,advisor_summarized
2023-02-09,0,6a,advisor_summarized
2023-02-10,0,6a,advisor_summarized
2023-02-11,0,6a,advisor_summarized
2023-02-12,0,6a,advisor_summarized
2023-02-13,0,6a,advisor_summarized
2023-02-14,0,6a,advisor_summarized
2023-02-15,0,6a,advisor_summarized
2023-02-16,0,6a,advisor_summarized
2023-02-17,0,6a,advisor_summarized
2023-02-18,0,6a,advisor_summarized
2023-02-19,0,6a,advisor_summarized
2023-02-20,0,6a,advisor_summarized
2023-02-21,0,6a,advisor_summarized
2023-02-22,0,6a,advisor_summarized
2023-02-23,0,6a,advisor_summarized
2023-02-24,0,6a,advisor_summarized
2023-02-25,0,6a,advisor_summarized
2023-02-26,0,6a,advisor_summarized
2023-02-27,0,6a,advisor_summarized
2023-02-28,0,6a,advisor_summarized
2023-03-01,0,6a,advisor_summarized
2023-03-02,0,6a,advisor_summarized
2023-03-03,0,6a,advisor_summarized
2023-03-04,0,6a,advisor_summarized
2023-03-05,0,6a,advisor_summarized
2023-03-06,0,6a,advisor_summarized
2023-03-07,0,6a,advisor_summarized
2023-03-08,0,6a,advisor_summarized
2023-03-09,0,6a,advisor_summarized
2023-03-10,0,6a,advisor_summarized
2023-03-11,0,6a,advisor_summarized
2023-03-12,0,6a,advisor_summarized
2023-03-13,17.08203506553264,6a,advisor_summarized
2023-03-14,11.251264388130496,6a,advisor_summarized
2023-03-15,7.996097750770134,6a,advisor_summarized
2023-03-16,5.015437649501198,6a,advisor_summarized
2023-03-17,2.9469397919871407,6a,advisor_summarized
2023-03-18,1.6203792318453545,6a,advisor_summarized
2023-03-19,0.7491094238750837,6a,advisor_summarized
2023-03-20,0.19870904667001832,6a,advisor_summarized
2023-03-21,0.008049103407252864,6a,advisor_summarized
2023-03-22,0,6a,advisor_summarized
2023-03-23,0,6a,advisor_summarized
2023-03-24,0,6a,advisor_summarized
2023-03-25,0,6a,advisor_summarized
2023-03-26,0,6a,advisor_summarized
2023-03-27,0,6a,advisor_summarized
2023-03-28,0,6a,advisor_summarized
2023-03-29,0,6a,advisor_summarized
2023-03-30,0,6a,advisor_summarized
2023-03-31,0,6a,advisor_summarized
2023-04-01,0,6a,advisor_summarized
2023-04-02,0,6a,advisor_summarized
2023-04-03,0,6a,advisor_summarized
2023-04-04,0,6a,advisor_summarized
2023-04-05,0,6a,advisor_summarized
2023-04-06,0,6a,advisor_summarized
2023-04-07,0,6a,advisor_summarized
2023-04-08,0,6a,advisor_summarized
2023-04-09,0,6a,advisor_summarized
2023-04-10,0,6a,advisor_summarized
2023-04-11,0,6a,advisor_summarized
2023-04-12,0,6a,advisor_summarized
2023-04-13,0,6a,advisor_summarized
2023-04-14,0,6a,advisor_summarized
2023-04-15,0,6a,advisor_summarized
2023-04-16,0,6a,advisor_summarized
2023-04-17,0,6a,advisor_summarized
2023-04-18,0,6a,advisor_summarized
2023-04-19,0,6a,advisor_summarized
2023-04-20,0,6a,advisor_summarized
2023-04-21,0,6a,advisor_summarized
2023-04-22,0,6a,advisor_summarized
2023-04-23,0,6a,advisor_summarized
2023-04-24,0,6a,advisor_summarized
2023-04-25,0,6a,advisor_summarized
2023-04-26,0,6a,advisor_summarized
2023-04-27,0,6a,advisor_summarized
2023-04-28,0,6a,advisor_summarized
2023-04-29,0,6a,advisor_summarized
2023-04-30,0,6a,advisor_summarized
2023-05-01,0,6a,advisor_summarized
2023-05-02,0,6a,advisor_summarized
2023-05-03,0,6a,advisor_summarized
2023-05-04,0,6a,advisor_summarized
2023-05-05,0,6a,advisor_summarized
2023-05-06,0,6a,advisor_summarized
2023-05-07,0,6a,advisor_summarized
2023-05-08,0,6a,advisor_summarized
2023-05-09,0,6a,advisor_summarized
2023-05-10,0,6a,advisor_summarized
2023-05-11,0,6a,advisor_summarized
2023-05-12,0,6a,advisor_summarized
2023-05-13,0,6a,advisor_summarized
2023-05-14,0,6a,advisor_summarized
2023-05-15,0,6a,advisor_summarized
2023-05-16,0,6a,advisor_summarized
2023-05-17,0,6a,advisor_summarized
2023-05-18,0,6a,advisor_summarized
2023-05-19,0,6a,advisor_summarized
2023-05-20,0,6a,advisor_summarized
2023-05-21,0,6a,advisor_summarized
2023-05-22,3.2521927392148746,6a,advisor_summarized
2023-05-23,15.568629848573517,6a,advisor_summarized
2023-05-24,19.080703029576014,6a,advisor_summarized
2023-05-25,40.39833392352894,6a,advisor_summarized
2023-05-26,40.28822756005645,6a,advisor_summarized
2023-05-27,34.37600696278646,6a,advisor_summarized
2023-05-28,27.85864630677675,6a,advisor_summarized
2023-05-29,20.482461593719243,6a,advisor_summarized
2023-05-30,13.041837343889895,6a,advisor_summarized
2023-05-31,7.895506572473162,6a,advisor_summarized
2023-06-01,4.161639891878832,6a,advisor_summarized
2023-06-02,1.8073212214224013,6a,advisor_summarized
2023-06-03,0.537618505313481,6a,advisor_summarized
2023-06-04,0.04415303950841646,6a,advisor_summarized
2023-06-05,0.002652141250147278,6a,advisor_summarized
2023-06-06,0,6a,advisor_summarized
2023-06-07,0,6a,advisor_summarized
2023-06-08,0,6a,advisor_summarized
2023-06-09,0,6a,advisor_summarized
2023-06-10,0,6a,advisor_summarized
2023-06-11,0,6a,advisor_summarized
2023-06-12,0,6a,advisor_summarized
2023-06-13,0,6a,advisor_summarized
2023-06-14,0,6a,advisor_summarized
2023-06-15,0,6a,advisor_summarized
2023-06-16,0,6a,advisor_summarized
2023-06-17,0,6a,advisor_summarized
2023-06-18,0,6a,advisor_summarized
2023-06-19,0,6a,advisor_summarized
2023-06-20,4.460774382023354e-5,6a,advisor_summarized
2023-06-21,5.969055666803593e-4,6a,advisor_summarized
2023-06-22,11.06747717186049,6a,advisor_summarized
2023-06-23,46.10400446198883,6a,advisor_summarized
2023-06-24,72.30347336973692,6a,advisor_summarized
2023-06-25,66.19124180005385,6a,advisor_summarized
2023-06-26,53.23288873007616,6a,advisor_summarized
2023-06-27,42.74766877534531,6a,advisor_summarized
2023-06-28,35.36131501920579,6a,advisor_summarized
2023-06-29,28.561516895078725,6a,advisor_summarized
2023-06-30,22.946857135015417,6a,advisor_summarized
2023-07-01,18.03241292440535,6a,advisor_summarized
2023-07-02,12.007183871960372,6a,advisor_summarized
2023-07-03,6.261696308336691,6a,advisor_summarized
2023-07-04,10.93625876771344,6a,advisor_summarized
2023-07-05,7.041871272948832,6a,advisor_summarized
2023-07-06,2.848076683531407,6a,advisor_summarized
2023-07-07,3.5791234223237525,6a,advisor_summarized
2023-07-08,12.964022376441825,6a,advisor_summarized
2023-07-09,11.834625880580504,6a,advisor_summarized
2023-07-10,18.7327510632574,6a,advisor_summarized
2023-07-11,25.722904979897034,6a,advisor_summarized
2023-07-12,27.574216943260748,6a,advisor_summarized
2023-07-13,23.66628281190643,6a,advisor_summarized
2023-07-14,19.106128268897127,6a,advisor_summarized
2023-07-15,16.28577630634455,6a,advisor_summarized
2023-07-16,16.5836909484149,6a,advisor_summarized
2023-07-17,16.341840238812573,6a,advisor_summarized
2023-07-18,15.437986505009206,6a,advisor_summarized
2023-07-19,9.721955664056868,6a,advisor_summarized
2023-07-20,4.907460208780379,6a,advisor_summarized
2023-07-21,1.89043993454227,6a,advisor_summarized
2023-07-22,0.4470944317268477,6a,advisor_summarized
2023-07-23,0.1966932127070684,6a,advisor_summarized
2023-07-24,0.9310469117062881,6a,advisor_summarized
2023-07-25,1.188653997089164,6a,advisor_summarized
2023-07-26,1.002106825248083,6a,advisor_summarized
2023-07-27,0.31544187360003856,6a,advisor_summarized
2023-07-28,0.011563363726173982,6a,advisor_summarized
2023-07-29,0,6a,advisor_summarized
2023-07-30,3.3746709967922617,6a,advisor_summarized
2023-07-31,21.653759494992173,6a,advisor_summarized
2023-08-01,33.05533762860817,6a,advisor_summarized
2023-08-02,81.21798118256308,6a,advisor_summarized
2023-08-03,78.46416621905534,6a,advisor_summarized
2023-08-04,70.34091333773517,6a,advisor_summarized
2023-08-05,65.23770165801703,6a,advisor_summarized
2023-08-06,55.446383711109114,6a,advisor_summarized
2023-08-07,45.39982571521432,6a,advisor_summarized
2023-08-08,37.29657151216717,6a,advisor_summarized
2023-08-09,31.017505663742515,6a,advisor_summarized
2023-08-10,26.84777277097606,6a,advisor_summarized
2023-08-11,23.02693637929549,6a,advisor_summarized
2023-08-12,16.746311908063774,6a,advisor_summarized
2023-08-13,10.919162563150302,6a,advisor_summarized
2023-08-14,11.762032000025561,6a,advisor_summarized
2023-08-15,21.12495308285712,6a,advisor_summarized
2023-08-16,25.541018957828424,6a,advisor_summarized
2023-08-17,27.67178051198013,6a,advisor_summarized
2023-08-18,29.902735450348477,6a,advisor_summarized
2023-08-19,26.287052633355614,6a,advisor_summarized
2023-08-20,25.44688638482019,6a,advisor_summarized
2023-08-21,27.406537604902198,6a,advisor_summarized
2023-08-22,22.049470949249642,6a,advisor_summarized
2023-08-23,15.55780020620489,6a,advisor_summarized
2023-08-24,10.21270258150901,6a,advisor_summarized
2023-08-25,6.140633592652826,6a,advisor_summarized
2023-08-26,6.026687488908852,6a,advisor_summarized
2023-08-27,3.656505353354943,6a,advisor_summarized
2023-08-28,1.5947666766517037,6a,advisor_summarized
2023-08-29,0.7815712943773145,6a,advisor_summarized
2023-08-30,16.517744361427447,6a,advisor_summarized
2023-08-31,29.15677564564845,6a,advisor_summarized
2023-09-01,29.67132706420396,6a,advisor_summarized
2023-09-02,33.244899158210664,6a,advisor_summarized
2023-09-03,30.102876124810365,6a,advisor_summarized
2023-09-04,25.08390816744637,6a,advisor_summarized
2023-09-05,18.64244038200686,6a,advisor_summarized
2023-09-06,13.024186205903334,6a,advisor_summarized
2023-09-07,7.8039154690388495,6a,advisor_summarized
2023-09-08,4.003007633084562,6a,advisor_summarized
2023-09-09,1.6877437082729434,6a,advisor_summarized
2023-09-10,0.5420503906559535,6a,advisor_summarized
2023-09-11,6.970641092696591,6a,advisor_summarized
2023-09-12,33.71445350005588,6a,advisor_summarized
2023-09-13,37.7647672950629,6a,advisor_summarized
2023-09-14,32.162671752258206,6a,advisor_summarized
2023-09-15,38.1872221342688,6a,advisor_summarized
2023-09-16,37.10954803068672,6a,advisor_summarized
2023-09-17,31.93330449387938,6a,advisor_summarized
2023-09-18,28.62474807907789,6a,advisor_summarized
2023-09-19,23.658858414624728,6a,advisor_summarized
2023-09-20,17.884205638300244,6a,advisor_summarized
2023-09-21,12.638699893327818,6a,advisor_summarized
2023-09-22,11.675483644666043,6a,advisor_summarized
2023-09-23,5.594254592925846,6a,advisor_summarized
2023-09-24,2.7159330774674544,6a,advisor_summarized
2023-09-25,1.0631527901044138,6a,advisor_summarized
2023-09-26,10.279582756901966,6a,advisor_summarized
2023-09-27,40.73431911874865,6a,advisor_summarized
2023-09-28,42.57941599511634,6a,advisor_summarized
2023-09-29,39.322244325757374,6a,advisor_summarized
2023-09-30,34.85081311371419,6a,advisor_summarized
2023-10-01,30.360173697452414,6a,advisor_summarized
2023-10-02,25.951667474293775,6a,advisor_summarized
2023-10-03,22.556611525565135,6a,advisor_summarized
2023-10-04,18.793180821601222,6a,advisor_summarized
2023-10-05,13.031649143170585,6a,advisor_summarized
2023-10-06,9.162396780437104,6a,advisor_summarized
2023-10-07,5.925098701864698,6a,advisor_summarized
2023-10-08,3.1633343630697017,6a,advisor_summarized
2023-10-09,1.396668417344505,6a,advisor_summarized
2023-10-10,0.4245687546874039,6a,advisor_summarized
2023-10-11,0.054057973650899455,6a,advisor_summarized
2023-10-12,44.07244257151643,6a,advisor_summarized
2023-10-13,65.17617165718994,6a,advisor_summarized
2023-10-14,61.08379421232065,6a,advisor_summarized
2023-10-15,54.17181271922976,6a,advisor_summarized
2023-10-16,46.25505355022122,6a,advisor_summarized
2023-10-17,39.955562459531876,6a,advisor_summarized
2023-10-18,35.050516564924045,6a,advisor_summarized
2023-10-19,31.56332471059937,6a,advisor_summarized
2023-10-20,28.503477585208,6a,advisor_summarized
2023-10-21,25.62094820146719,6a,advisor_summarized
2023-10-22,22.715727932445606,6a,advisor_summarized
2023-10-23,19.714687012795554,6a,advisor_summarized
2023-10-24,14.355488775027153,6a,advisor_summarized
2023-10-25,10.200033917116617,6a,advisor_summarized
2023-10-26,7.1397958441639195,6a,advisor_summarized
2023-10-27,4.610256736618618,6a,advisor_summarized
2023-10-28,2.600432432661833,6a,advisor_summarized
2023-10-29,1.3690982551275475,6a,advisor_summarized
2023-10-30,0.6170584652186247,6a,advisor_summarized
2023-10-31,0.22752137395648683,6a,advisor_summarized
2023-11-01,12.884522929168282,6a,advisor_summarized
2023-11-02,31.72503269855513,6a,advisor_summarized
2023-11-03,30.186082171054082,6a,advisor_summarized
2023-11-04,28.02634006719994,6a,advisor_summarized
2023-11-05,25.869761255382056,6a,advisor_summarized
2023-11-06,23.321584906313948,6a,advisor_summarized
2023-11-07,21.68142104714629,6a,advisor_summarized
2023-11-08,20.23041259462721,6a,advisor_summarized
2023-11-09,19.131963511375414,6a,advisor_summarized
2023-11-10,17.551296958430395,6a,advisor_summarized
2023-11-11,16.727330240534588,6a,advisor_summarized
2023-11-12,16.910864031284074,6a,advisor_summarized
2023-11-13,16.70207597501168,6a,advisor_summarized
2023-11-14,17.99394616839073,6a,advisor_summarized
2023-11-15,23.225348135535864,6a,advisor_summarized
2023-11-16,25.486410421417787,6a,advisor_summarized
2023-11-17,35.06617345980727,6a,advisor_summarized
2023-11-18,31.22543244738819,6a,advisor_summarized
2023-11-19,26.839171060086688,6a,advisor_summarized
2023-11-20,23.063573419688794,6a,advisor_summarized
2023-11-21,21.889788680666342,6a,advisor_summarized
2023-11-22,21.751779632052628,6a,advisor_summarized
2023-11-23,21.317213766843736,6a,advisor_summarized
2023-11-24,20.288340874804614,6a,advisor_summarized
2023-11-25,19.83271508827272,6a,advisor_summarized
2023-11-26,34.20700359599835,6a,advisor_summarized
2023-11-27,54.423125245568876,6a,advisor_summarized
2023-11-28,45.381992696077276,6a,advisor_summarized
2023-11-29,39.872227723117525,6a,advisor_summarized
2023-11-30,35.523136902886954,6a,advisor_summarized
2023-12-01,32.00632499546561,6a,advisor_summarized
2023-12-02,30.732234378814027,6a,advisor_summarized
2023-12-03,31.461082067786815,6a,advisor_summarized
2023-12-04,32.795881585421995,6a,advisor_summarized
2023-12-05,31.6576979456968,6a,advisor_summarized
2023-12-06,27.684570423486136,6a,advisor_summarized
2023-12-07,12.979450580502009,6a,advisor_summarized
2023-12-08,9.028385760023015,6a,advisor_summarized
2023-12-09,5.167677465812188,6a,advisor_summarized
2023-12-10,10.184676377891781,6a,advisor_summarized
2023-12-11,35.25165421628376,6a,advisor_summarized
2023-12-12,41.85150457348156,6a,advisor_summarized
2023-12-13,40.82067350918786,6a,advisor_summarized
2023-12-14,35.99525482418465,6a,advisor_summarized
2023-12-15,32.11658359362163,6a,advisor_summarized
2023-12-16,29.68654641732323,6a,advisor_summarized
2023-12-17,218.82001773089732,6a,advisor_summarized
2023-12-18,322.9810586733109,6a,advisor_summarized
2023-12-19,350.13768724118546,6a,advisor_summarized
2023-12-20,301.5853060907375,6a,advisor_summarized
2023-12-21,233.9645256570244,6a,advisor_summarized
2023-12-22,174.4451434964484,6a,advisor_summarized
2023-12-23,129.75777840411624,6a,advisor_summarized
2023-12-24,98.82034882765883,6a,advisor_summarized
2023-12-25,85.31023927623109,6a,advisor_summarized
2023-12-26,77.65969363698319,6a,advisor_summarized
2023-12-27,69.02830722506863,6a,advisor_summarized
2023-12-28,61.27524014263442,6a,advisor_summarized
2023-12-29,55.62458355009068,6a,advisor_summarized
2023-12-30,48.84494696226559,6a,advisor_summarized
2023-12-31,44.27238402434838,6a,advisor_summarized
2024-01-01,41.93442763569413,6a,advisor_summarized
2024-01-02,38.65679971977636,6a,advisor_summarized
2024-01-03,36.06684378941335,6a,advisor_summarized
2024-01-04,37.21451304889659,6a,advisor_summarized
2024-01-05,35.85672390521443,6a,advisor_summarized
2024-01-06,40.74022131603987,6a,advisor_summarized
2024-01-07,42.52302836491273,6a,advisor_summarized
2024-01-08,39.0853627017957,6a,advisor_summarized
2024-01-09,51.34458213192351,6a,advisor_summarized
2024-01-10,91.75953121056018,6a,advisor_summarized
2024-01-11,94.26830918813255,6a,advisor_summarized
2024-01-12,89.62866671504447,6a,advisor_summarized
2024-01-13,82.81553923427488,6a,advisor_summarized
2024-01-14,72.37586404853968,6a,advisor_summarized
2024-01-15,63.72650826987532,6a,advisor_summarized
2024-01-16,65.54160687641816,6a,advisor_summarized
2024-01-17,64.26059724086691,6a,advisor_summarized
2024-01-18,56.16302644862056,6a,advisor_summarized
2024-01-19,51.94807626127888,6a,advisor_summarized
2024-01-20,47.67428291182738,6a,advisor_summarized
2024-01-21,43.31961649781718,6a,advisor_summarized
2024-01-22,40.170178455787294,6a,advisor_summarized
2024-01-23,38.09410540343263,6a,advisor_summarized
2024-01-24,36.04143118987201,6a,advisor_summarized
2024-01-25,34.78433480457551,6a,advisor_summarized
2024-01-26,93.3578747454257,6a,advisor_summarized
2024-01-27,117.60557052539677,6a,advisor_summarized
2024-01-28,122.29597077562532,6a,advisor_summarized
2024-01-29,108.63157259850483,6a,advisor_summarized
2024-01-30,92.20072083876455,6a,advisor_summarized
2024-01-31,78.23437473868456,6a,advisor_summarized
2024-02-01,66.19121371111778,6a,advisor_summarized
2024-02-02,57.3185865958802,6a,advisor_summarized
2024-02-03,51.074431560117965,6a,advisor_summarized
2024-02-04,52.199262679917844,6a,advisor_summarized
2024-02-05,56.26776155958624,6a,advisor_summarized
2024-02-06,52.00362312233262,6a,advisor_summarized
2024-02-07,46.695080383635876,6a,advisor_summarized
2024-02-08,42.728596159555345,6a,advisor_summarized
2024-02-09,39.79290515503821,6a,advisor_summarized
2024-02-10,37.11440174213126,6a,advisor_summarized
2024-02-11,34.087824568893076,6a,advisor_summarized
2024-02-12,32.99864693164424,6a,advisor_summarized
2024-02-13,35.24789862538984,6a,advisor_summarized
2024-02-14,31.948088962537877,6a,advisor_summarized
2024-02-15,29.60918361754986,6a,advisor_summarized
2024-02-16,28.461087063013355,6a,advisor_summarized
2024-02-17,29.80620814174917,6a,advisor_summarized
2024-02-18,65.65717656589356,6a,advisor_summarized
2024-02-19,86.25124801343607,6a,advisor_summarized
2024-02-20,83.94012139967886,6a,advisor_summarized
2024-02-21,76.76140917240168,6a,advisor_summarized
2024-02-22,68.05216956220872,6a,advisor_summarized
2024-02-23,60.64949618757768,6a,advisor_summarized
2024-02-24,55.09585676593375,6a,advisor_summarized
2024-02-25,48.0783241261097,6a,advisor_summarized
2024-02-26,42.29360752688045,6a,advisor_summarized
2024-02-27,37.595748010183705,6a,advisor_summarized
2024-02-28,34.00706832180824,6a,advisor_summarized
2024-02-29,31.265217687224876,6a,advisor_summarized
2024-03-01,28.791964591344534,6a,advisor_summarized
2024-03-02,27.974971298310326,6a,advisor_summarized
2024-03-03,32.012079547069106,6a,advisor_summarized
2024-03-04,41.03917629202314,6a,advisor_summarized
2024-03-05,40.031724377927866,6a,advisor_summarized
2024-03-06,55.78736457083948,6a,advisor_summarized
2024-03-07,54.1171870632946,6a,advisor_summarized
2024-03-08,49.41038632873555,6a,advisor_summarized
2024-03-09,46.10245591695783,6a,advisor_summarized
2024-03-10,59.56441077474583,6a,advisor_summarized
2024-03-11,56.17554200111084,6a,advisor_summarized
2024-03-12,49.49886459469093,6a,advisor_summarized
2024-03-13,44.17546970377827,6a,advisor_summarized
2024-03-14,39.45047325581434,6a,advisor_summarized
2024-03-15,34.876558413882044,6a,advisor_summarized
2024-03-16,31.307693701779456,6a,advisor_summarized
2024-03-17,29.18654702519547,6a,advisor_summarized
2024-03-18,28.216495691627884,6a,advisor_summarized
2024-03-19,25.733093900923436,6a,advisor_summarized
2024-03-20,22.944250577166134,6a,advisor_summarized
2024-03-21,20.57703372884073,6a,advisor_summarized
2024-03-22,25.952836920019568,6a,advisor_summarized
2024-03-23,36.2988598735222,6a,advisor_summarized
2024-03-24,38.746351902916274,6a,advisor_summarized
2024-03-25,34.05357476214865,6a,advisor_summarized
2024-03-26,29.54420125897744,6a,advisor_summarized
2024-03-27,30.86048225974403,6a,advisor_summarized
2024-03-28,39.38862370448181,6a,advisor_summarized
2024-03-29,37.65107855802233,6a,advisor_summarized
2024-03-30,32.25128742911938,6a,advisor_summarized
2024-03-31,28.205806052904034,6a,advisor_summarized
2024-04-01,24.98475168703719,6a,advisor_summarized
2024-04-02,22.257020544228038,6a,advisor_summarized
2024-04-03,51.32314298786483,6a,advisor_summarized
2024-04-04,93.07986522301462,6a,advisor_summarized
2024-04-05,88.76569279450739,6a,advisor_summarized
2024-04-06,78.65930280597571,6a,advisor_summarized
2024-04-07,65.27315488590527,6a,advisor_summarized
2024-04-08,53.413370893483,6a,advisor_summarized
2024-04-09,44.72001030861103,6a,advisor_summarized
2024-04-10,38.30872143147885,6a,advisor_summarized
2024-04-11,44.55399663442257,6a,advisor_summarized
2024-04-12,50.945891240665354,6a,advisor_summarized
2024-04-13,42.80925629502721,6a,advisor_summarized
2024-04-14,35.43328889053939,6a,advisor_summarized
2024-04-15,30.00300983657314,6a,advisor_summarized
2024-04-16,25.78523259244857,6a,advisor_summarized
2024-04-17,22.131122521548097,6a,advisor_summarized
2024-04-18,17.035455537187858,6a,advisor_summarized
2024-04-19,10.57014290926775,6a,advisor_summarized
2024-04-20,6.387839171576558,6a,advisor_summarized
2024-04-21,1.8083066286695866,6a,advisor_summarized
2024-04-22,2.325962162594974,6a,advisor_summarized
2024-04-23,3.1315108512765053,6a,advisor_summarized
2024-04-24,0.9613064521720696,6a,advisor_summarized
2024-04-25,0.21012699526982617,6a,advisor_summarized
2024-04-26,0.029543046053570138,6a,advisor_summarized
2024-04-27,0.07118361323383575,6a,advisor_summarized
2024-04-28,0.006800078511022884,6a,advisor_summarized
2024-04-29,0,6a,advisor_summarized
2024-04-30,0,6a,advisor_summarized
2024-05-01,0,6a,advisor_summarized
2024-05-02,0,6a,advisor_summarized
2024-05-03,0,6a,advisor_summarized
2024-05-04,0,6a,advisor_summarized
2024-05-05,0,6a,advisor_summarized
2024-05-06,0,6a,advisor_summarized
2024-05-07,0,6a,advisor_summarized
2024-05-08,0,6a,advisor_summarized
2024-05-09,0,6a,advisor_summarized
2024-05-10,0,6a,advisor_summarized
2024-05-11,0,6a,advisor_summarized
2024-05-12,0,6a,advisor_summarized
2024-05-13,0,6a,advisor_summarized
2024-05-14,0,6a,advisor_summarized
2024-05-15,0,6a,advisor_summarized
2024-05-16,2.964219491958262e-5,6a,advisor_summarized
2024-05-17,7.398340445597981e-4,6a,advisor_summarized
2024-05-18,5.598989274683956,6a,advisor_summarized
2024-05-19,6.904780645173823,6a,advisor_summarized
2024-05-20,6.865495075656079,6a,advisor_summarized
2024-05-21,3.9703279852298934,6a,advisor_summarized
2024-05-22,0.8760984483604312,6a,advisor_summarized
2024-05-23,0.12275374554495634,6a,advisor_summarized
2024-05-24,0.002987057548382511,6a,advisor_summarized
2024-05-25,0,6a,advisor_summarized
2024-05-26,0,6a,advisor_summarized
2024-05-27,0,6a,advisor_summarized
2024-05-28,0,6a,advisor_summarized
2024-05-29,0,6a,advisor_summarized
2024-05-30,0,6a,advisor_summarized
2024-05-31,0,6a,advisor_summarized
2024-06-01,0,6a,advisor_summarized
2024-06-02,0,6a,advisor_summarized
2024-06-03,0,6a,advisor_summarized
2024-06-04,0,6a,advisor_summarized
2024-06-05,0,6a,advisor_summarized
2024-06-06,0,6a,advisor_summarized
2024-06-07,0,6a,advisor_summarized
2024-06-08,0,6a,advisor_summarized
2024-06-09,0,6a,advisor_summarized
2024-06-10,0,6a,advisor_summarized
2024-06-11,0,6a,advisor_summarized
2024-06-12,0,6a,advisor_summarized
2024-06-13,0,6a,advisor_summarized
2024-06-14,0,6a,advisor_summarized
2024-06-15,0,6a,advisor_summarized
2024-06-16,0,6a,advisor_summarized
2024-06-17,0,6a,advisor_summarized
2024-06-18,0,6a,advisor_summarized
2024-06-19,0,6a,advisor_summarized
2024-06-20,0,6a,advisor_summarized
2024-06-21,0,6a,advisor_summarized
2024-06-22,0,6a,advisor_summarized
2024-06-23,0,6a,advisor_summarized
2024-06-24,0,6a,advisor_summarized
2024-06-25,0,6a,advisor_summarized
2024-06-26,0,6a,advisor_summarized
2024-06-27,0,6a,advisor_summarized
2024-06-28,2.501038656597577e-10,6a,advisor_summarized
2024-06-29,0,6a,advisor_summarized
2024-06-30,0.007457168659689596,6a,advisor_summarized
2024-07-01,0.0033793581437220714,6a,advisor_summarized
2024-07-02,0.03012300934985684,6a,advisor_summarized
2024-07-03,0.0026833348850711235,6a,advisor_summarized
2024-07-04,0,6a,advisor_summarized
2024-07-05,0,6a,advisor_summarized
2024-07-06,0,6a,advisor_summarized
2024-07-07,0,6a,advisor_summarized
2024-07-08,0,6a,advisor_summarized
2024-07-09,0,6a,advisor_summarized
2024-07-10,0,6a,advisor_summarized
2024-07-11,0,6a,advisor_summarized
2024-07-12,0,6a,advisor_summarized
2024-07-13,0,6a,advisor_summarized
2024-07-14,0,6a,advisor_summarized
2024-07-15,0,6a,advisor_summarized
2024-07-16,0,6a,advisor_summarized
2024-07-17,0,6a,advisor_summarized
2024-07-18,0,6a,advisor_summarized
2024-07-19,0,6a,advisor_summarized
2024-07-20,0,6a,advisor_summarized
2024-07-21,0,6a,advisor_summarized
2024-07-22,0,6a,advisor_summarized
2024-07-23,2.073720878182185,6a,advisor_summarized
2024-07-24,9.51373083499732,6a,advisor_summarized
2024-07-25,18.624116247720703,6a,advisor_summarized
2024-07-26,27.039029469752297,6a,advisor_summarized
2024-07-27,22.86971656199029,6a,advisor_summarized
2024-07-28,21.13270012321027,6a,advisor_summarized
2024-07-29,21.740851186387143,6a,advisor_summarized
2024-07-30,21.554137712682095,6a,advisor_summarized
2024-07-31,18.15261629424852,6a,advisor_summarized
2024-08-01,14.59517924609606,6a,advisor_summarized
2024-08-02,40.97681348110754,6a,advisor_summarized
2024-08-03,86.7314377399387,6a,advisor_summarized
2024-08-04,80.88126665733061,6a,advisor_summarized
2024-08-05,859.1629065405779,6a,advisor_summarized
2024-08-06,1215.3325171380222,6a,advisor_summarized
2024-08-07,804.3977120355748,6a,advisor_summarized
2024-08-08,578.5858756952903,6a,advisor_summarized
2024-08-09,397.825238731125,6a,advisor_summarized
2024-08-10,287.5745965401657,6a,advisor_summarized
2024-08-11,207.5155174632981,6a,advisor_summarized
2024-08-12,146.6582717192691,6a,advisor_summarized
2024-08-13,106.45158108244156,6a,advisor_summarized
2024-08-14,81.78865941523003,6a,advisor_summarized
2024-08-15,63.83507480023652,6a,advisor_summarized
2024-08-16,47.89106892785383,6a,advisor_summarized
2024-08-17,33.06955136825381,6a,advisor_summarized
2024-08-18,22.32786720223875,6a,advisor_summarized
2024-08-19,16.481998537300417,6a,advisor_summarized
2024-08-20,13.250570478270694,6a,advisor_summarized
2024-08-21,10.105373984916072,6a,advisor_summarized
2024-08-22,8.082493043217854,6a,advisor_summarized
2024-08-23,9.981283468227483,6a,advisor_summarized
2024-08-24,18.30486615837822,6a,advisor_summarized
2024-08-25,13.959462124309155,6a,advisor_summarized
2024-08-26,22.097897038024854,6a,advisor_summarized
2024-08-27,69.1327507365296,6a,advisor_summarized
2024-08-28,98.44492408483414,6a,advisor_summarized
2024-08-29,90.06045436806738,6a,advisor_summarized
2024-08-30,72.29742931180594,6a,advisor_summarized
2024-08-31,56.40522451946557,6a,advisor_summarized
2024-09-01,42.30714647604682,6a,advisor_summarized
2024-09-02,30.842539292052916,6a,advisor_summarized
2024-09-03,22.39937822564259,6a,advisor_summarized
2024-09-04,17.22126147486175,6a,advisor_summarized
2024-09-05,14.903510761042194,6a,advisor_summarized
2024-09-06,14.64356921508581,6a,advisor_summarized
2024-09-07,21.762491539696782,6a,advisor_summarized
2024-09-08,28.415636032552076,6a,advisor_summarized
2024-09-09,33.58498559187193,6a,advisor_summarized
2024-09-10,29.941537588468165,6a,advisor_summarized
2024-09-11,30.367949842756957,6a,advisor_summarized
2024-09-12,50.83526995792298,6a,advisor_summarized
2024-09-13,90.6834047138879,6a,advisor_summarized
2024-09-14,107.0363018329889,6a,advisor_summarized
2024-09-15,104.67240257688992,6a,advisor_summarized
2024-09-16,90.95126659786803,6a,advisor_summarized
2024-09-17,73.64021660483304,6a,advisor_summarized
2024-09-18,57.787330962277615,6a,advisor_summarized
2024-09-19,55.66547709958641,6a,advisor_summarized
2024-09-20,47.258489533268516,6a,advisor_summarized
2024-09-21,37.43736318444775,6a,advisor_summarized
2024-09-22,28.651046128335423,6a,advisor_summarized
2024-09-23,22.593808531456116,6a,advisor_summarized
2024-09-24,18.831363422019948,6a,advisor_summarized
2024-09-25,16.18510625685624,6a,advisor_summarized
2024-09-26,16.45491789110878,6a,advisor_summarized
2024-09-27,34.40756440617384,6a,advisor_summarized
2024-09-28,33.56339684925485,6a,advisor_summarized
2024-09-29,29.13917790862951,6a,advisor_summarized
2024-09-30,25.82476868156331,6a,advisor_summarized
2024-10-01,30.855978041380283,6a,advisor_summarized
2024-10-02,27.35009317351646,6a,advisor_summarized
2024-10-03,23.55639282012336,6a,advisor_summarized
2024-10-04,19.76661508914333,6a,advisor_summarized
2024-10-05,18.08972819878682,6a,advisor_summarized
2024-10-06,39.29115014074563,6a,advisor_summarized
2024-10-07,63.85536123108495,6a,advisor_summarized
2024-10-08,69.34516162200778,6a,advisor_summarized
2024-10-09,80.89446698009507,6a,advisor_summarized
2024-10-10,169.9810200902934,6a,advisor_summarized
2024-10-11,210.76928268537992,6a,advisor_summarized
2024-10-12,191.43959803775294,6a,advisor_summarized
2024-10-13,151.5451880422826,6a,advisor_summarized
2024-10-14,112.93180032052379,6a,advisor_summarized
2024-10-15,81.74987989153306,6a,advisor_summarized
2024-10-16,59.11804890897174,6a,advisor_summarized
2024-10-17,43.37150308303537,6a,advisor_summarized
2024-10-18,32.21674528633661,6a,advisor_summarized
2024-10-19,25.08024160623619,6a,advisor_summarized
2024-10-20,19.828376771404454,6a,advisor_summarized
2024-10-21,16.405350132439086,6a,advisor_summarized
2024-10-22,14.004931034980816,6a,advisor_summarized
2024-10-23,12.154685485078247,6a,advisor_summarized
2024-10-24,10.600159527916743,6a,advisor_summarized
2024-10-25,9.367206223725345,6a,advisor_summarized
2024-10-26,8.247307715797008,6a,advisor_summarized
2024-10-27,7.141253588188206,6a,advisor_summarized
2024-10-28,6.659235631008404,6a,advisor_summarized
2024-10-29,6.379280886449973,6a,advisor_summarized
2024-10-30,6.546965710458005,6a,advisor_summarized
2024-10-31,5.966129502240778,6a,advisor_summarized
2024-11-01,5.101501738843816,6a,advisor_summarized
2024-11-02,4.561199735836216,6a,advisor_summarized
2024-11-03,4.011022764030232,6a,advisor_summarized
2024-11-04,3.5082593859922326,6a,advisor_summarized
2024-11-05,3.2961419235928346,6a,advisor_summarized
2024-11-06,3.1866368370024047,6a,advisor_summarized
2024-11-07,3.8401572265046813,6a,advisor_summarized
2024-11-08,3.725317081402824,6a,advisor_summarized
2024-11-09,3.1597657582230183,6a,advisor_summarized
2024-11-10,3.0413389521303,6a,advisor_summarized
2024-11-11,3.4423986054541094,6a,advisor_summarized
2024-11-12,3.0808448105301753,6a,advisor_summarized
2024-11-13,2.54097536115134,6a,advisor_summarized
2024-11-14,1.8994375598262112,6a,advisor_summarized
2024-11-15,1.1615507013573483,6a,advisor_summarized
2024-11-16,0.5143239809370119,6a,advisor_summarized
2024-11-17,0.14692946833437628,6a,advisor_summarized
2024-11-18,0.028780089173545062,6a,advisor_summarized
2024-11-19,9.793055373733697e-4,6a,advisor_summarized
2024-11-20,0,6a,advisor_summarized
2024-11-21,0,6a,advisor_summarized
2024-11-22,0,6a,advisor_summarized
2024-11-23,0,6a,advisor_summarized
2024-11-24,0,6a,advisor_summarized
2024-11-25,0,6a,advisor_summarized
2024-11-26,0,6a,advisor_summarized
2024-11-27,0,6a,advisor_summarized
2024-11-28,0,6a,advisor_summarized
2024-11-29,0,6a,advisor_summarized
2024-11-30,0,6a,advisor_summarized
2024-12-01,0,6a,advisor_summarized
2024-12-02,0,6a,advisor_summarized
2024-12-03,0,6a,advisor_summarized
2024-12-04,0,6a,advisor_summarized
2024-12-05,0,6a,advisor_summarized
2024-12-06,0,6a,advisor_summarized
2024-12-07,0,6a,advisor_summarized
2024-12-08,0,6a,advisor_summarized
2024-12-09,0,6a,advisor_summarized
2024-12-10,0,6a,advisor_summarized
2024-12-11,0,6a,advisor_summarized
2024-12-12,0,6a,advisor_summarized
2024-12-13,0,6a,advisor_summarized
2024-12-14,0,6a,advisor_summarized
2024-12-15,0,6a,advisor_summarized
2024-12-16,0,6a,advisor_summarized
2024-12-17,0,6a,advisor_summarized
2024-12-18,0,6a,advisor_summarized
2024-12-19,0,6a,advisor_summarized
2024-12-20,0,6a,advisor_summarized
2024-12-21,0,6a,advisor_summarized
2024-12-22,0,6a,advisor_summarized
2024-12-23,0,6a,advisor_summarized
2024-12-24,0,6a,advisor_summarized
2024-12-25,0,6a,advisor_summarized
2024-12-26,0,6a,advisor_summarized
2024-12-27,0,6a,advisor_summarized
2024-12-28,0,6a,advisor_summarized
2024-12-29,0,6a,advisor_summarized
2024-12-30,0,6a,advisor_summarized
2024-12-31,0,6a,advisor_summarized
2025-01-01,0,6a,advisor_summarized
2025-01-02,0,6a,advisor_summarized
2025-01-03,0,6a,advisor_summarized
2025-01-04,0,6a,advisor_summarized
2025-01-05,0,6a,advisor_summarized
2025-01-06,0,6a,advisor_summarized
2025-01-07,0,6a,advisor_summarized
2025-01-08,0,6a,advisor_summarized
2025-01-09,0,6a,advisor_summarized
2025-01-10,0,6a,advisor_summarized
2025-01-11,0,6a,advisor_summarized
2025-01-12,0,6a,advisor_summarized
2025-01-13,0,6a,advisor_summarized
2025-01-14,0,6a,advisor_summarized
2025-01-15,0,6a,advisor_summarized
2025-01-16,0,6a,advisor_summarized
2025-01-17,0,6a,advisor_summarized
2025-01-18,0,6a,advisor_summarized
2025-01-19,4.2425588270194154,6a,advisor_summarized
2025-01-20,11.150704002199385,6a,advisor_summarized
2025-01-21,12.225621190834993,6a,advisor_summarized
2025-01-22,30.999560867240206,6a,advisor_summarized
2025-01-23,33.03048328991885,6a,advisor_summarized
2025-01-24,31.699947874479637,6a,advisor_summarized
2025-01-25,30.133912856067198,6a,advisor_summarized
2025-01-26,27.544044188426767,6a,advisor_summarized
2025-01-27,24.823795881117555,6a,advisor_summarized
2025-01-28,16.872053862080147,6a,computed_RC
2025-01-29,14.304463614776445,6a,computed_RC
2025-01-30,11.619418405657871,6a,computed_RC
2025-01-31,10.0725017626975,6a,computed_RC
2025-02-01,9.188270544678577,6a,computed_RC
2025-02-02,7.730233915340715,6a,computed_RC
2025-02-03,6.529037760487137,6a,computed_RC
2025-02-04,5.71317840034708,6a,computed_RC
2025-02-05,5.045323871100676,6a,computed_RC
2025-02-06,4.237301862947942,6a,computed_RC
2025-02-07,3.7816812775932465,6a,computed_RC
2025-02-08,3.3071877272043197,6a,computed_RC
2025-02-09,2.7708090371512646,6a,computed_RC
2025-02-10,2.22191851081651,6a,computed_RC
2025-02-11,2.0502513712456056,6a,computed_RC
2025-02-12,1.7310564137946434,6a,computed_RC
2025-02-13,2.6703918618698808,6a,computed_RC
2025-02-14,6.446009357660965,6a,computed_RC
2025-02-15,5.416319321488085,6a,computed_RC
2025-02-16,5.3550147739863805,6a,computed_RC
2025-02-17,5.891626454916152,6a,computed_RC
2025-02-18,4.727632386542636,6a,computed_RC
2025-02-19,7.012329032484945,6a,computed_RC
2025-02-20,8.862729040686427,6a,computed_RC
2025-02-21,7.4296039719662765,6a,computed_RC
2025-02-22,6.083261255608038,6a,computed_RC
2025-02-23,5.207691249074943,6a,computed_RC
2025-02-24,6.35052223741539,6a,computed_RC
2025-02-25,7.331007213169983,6a,computed_RC
2025-02-26,6.483099364436869,6a,computed_RC
2025-02-27,5.167959108355775,6a,computed_RC
2025-02-28,4.334034174738152,6a,computed_RC
2025-03-01,3.4889298808635965,6a,computed_RC
2025-03-02,3.1481000143855065,6a,computed_RC
2025-03-03,2.5993276340113627,6a,computed_RC
2025-03-04,2.162030314206691,6a,computed_RC
2025-03-05,2.3881981632519063,6a,computed_RC
2025-03-06,3.0059727688567506,6a,computed_RC
2025-03-07,2.4571271087014526,6a,computed_RC
2025-03-08,2.072273613348982,6a,computed_RC
2025-03-09,6.017240409908967,6a,computed_RC
2025-03-10,24.170142255980302,6a,computed_RC
2025-03-11,26.98558967074867,6a,computed_RC
2025-03-12,25.668292303935395,6a,computed_RC
2025-03-13,22.457376177524445,6a,computed_RC
2025-03-14,18.91287409918752,6a,computed_RC
2025-03-15,15.388331319875586,6a,computed_RC
2025-03-16,14.101120919541385,6a,computed_RC
2025-03-17,13.719478541806817,6a,computed_RC
2025-03-18,11.20715422472141,6a,computed_RC
2025-03-19,9.37002839611799,6a,computed_RC
2025-03-20,7.8909999250995515,6a,computed_RC
2025-03-21,6.7238084581001765,6a,computed_RC
2025-03-22,5.421288554493178,6a,computed_RC
2025-03-23,4.507039793354569,6a,computed_RC
2025-03-24,3.777101275157973,6a,computed_RC
2025-03-25,3.249193827720157,6a,computed_RC
2025-03-26,2.722597902807742,6a,computed_RC
2025-03-27,2.1469651189741326,6a,computed_RC
2025-03-28,1.4712006857250095,6a,computed_RC
2025-03-29,0.9756891261969054,6a,computed_RC
2025-03-30,4.681494957117057,6a,computed_RC
2025-03-31,11.532942727855527,6a,computed_RC
2025-04-01,10.171050116009084,6a,computed_RC
2025-04-02,8.59427177408816,6a,computed_RC
2025-04-03,6.809736644347434,6a,computed_RC
2025-04-04,5.416489701699326,6a,computed_RC
2025-04-05,4.163744838432523,6a,computed_RC
2025-04-06,3.2105968712649124,6a,computed_RC
2025-04-07,2.4981755524968134,6a,computed_RC
2025-04-08,2.35677583629092,6a,computed_RC
2025-04-09,1.4865479535217958,6a,computed_RC
2025-04-10,0.7146013949983847,6a,computed_RC
2025-04-11,0.3158883490825617,6a,computed_RC
2025-04-12,1.7199875171829926,6a,computed_RC
2025-04-13,1.3540890019360423,6a,computed_RC
2025-04-14,0.5039158514862933,6a,computed_RC
2025-04-15,0.06777424330128012,6a,computed_RC
2025-04-16,9.146113268678666e-4,6a,computed_RC
2025-04-17,0,6a,computed_RC
2021-04-06,118.48670981623337,7,advisor_summarized
2021-04-07,99.1913144010735,7,advisor_summarized
2021-04-08,82.79370608753136,7,advisor_summarized
2021-04-09,68.84046656009828,7,advisor_summarized
2021-04-10,58.861786277825196,7,advisor_summarized
2021-04-11,104.70761659271363,7,advisor_summarized
2021-04-12,146.15305845958096,7,advisor_summarized
2021-04-13,111.7509775265382,7,advisor_summarized
2021-04-14,87.27677711618641,7,advisor_summarized
2021-04-15,72.00012567224019,7,advisor_summarized
2021-04-16,65.14662701570062,7,advisor_summarized
2021-04-17,102.8602975816014,7,advisor_summarized
2021-04-18,261.68114379475384,7,advisor_summarized
2021-04-19,345.7253012393915,7,advisor_summarized
2021-04-20,224.7282873070255,7,advisor_summarized
2021-04-21,150.08973028008617,7,advisor_summarized
2021-04-22,109.30643890728517,7,advisor_summarized
2021-04-23,84.87694213131343,7,advisor_summarized
2021-04-24,69.89811156527303,7,advisor_summarized
2021-04-25,95.37216924779874,7,advisor_summarized
2021-04-26,77.07421027448338,7,advisor_summarized
2021-04-27,61.84763377137961,7,advisor_summarized
2021-04-28,52.047216012213106,7,advisor_summarized
2021-04-29,41.8672693267908,7,advisor_summarized
2021-04-30,35.51892778506806,7,advisor_summarized
2021-05-01,30.872261919428325,7,advisor_summarized
2021-05-02,26.331937446872534,7,advisor_summarized
2021-05-03,22.444069961654478,7,advisor_summarized
2021-05-04,18.216562316502927,7,advisor_summarized
2021-05-05,14.659552962082769,7,advisor_summarized
2021-05-06,24.061512402143922,7,advisor_summarized
2021-05-07,39.02862202053994,7,advisor_summarized
2021-05-08,27.486355536669418,7,advisor_summarized
2021-05-09,20.40031195784152,7,advisor_summarized
2021-05-10,16.071901132739082,7,advisor_summarized
2021-05-11,14.64470092845275,7,advisor_summarized
2021-05-12,15.440092942919442,7,advisor_summarized
2021-05-13,14.014863533766983,7,advisor_summarized
2021-05-14,12.143288243905095,7,advisor_summarized
2021-05-15,9.452678487269432,7,advisor_summarized
2021-05-16,7.567014643732988,7,advisor_summarized
2021-05-17,6.364484919511856,7,advisor_summarized
2021-05-18,5.713589213637246,7,advisor_summarized
2021-05-19,4.961470632496066,7,advisor_summarized
2021-05-20,4.532551697324833,7,advisor_summarized
2021-05-21,3.8372431453978355,7,advisor_summarized
2021-05-22,3.369778538024695,7,advisor_summarized
2021-05-23,2.601375355141228,7,advisor_summarized
2021-05-24,1.8135844443003704,7,advisor_summarized
2021-05-25,1.0387290926718094,7,advisor_summarized
2021-05-26,0.5410064338595398,7,advisor_summarized
2021-05-27,0.2331649114058726,7,advisor_summarized
2021-05-28,0.037396515247890415,7,advisor_summarized
2021-05-29,3.522405260001915e-4,7,advisor_summarized
2021-05-30,0,7,advisor_summarized
2021-05-31,0,7,advisor_summarized
2021-06-01,0,7,advisor_summarized
2021-06-02,0,7,advisor_summarized
2021-06-03,0,7,advisor_summarized
2021-06-04,0,7,advisor_summarized
2021-06-05,0,7,advisor_summarized
2021-06-06,0,7,advisor_summarized
2021-06-07,0,7,advisor_summarized
2021-06-08,0,7,advisor_summarized
2021-06-09,0,7,advisor_summarized
2021-06-10,0,7,advisor_summarized
2021-06-11,0,7,advisor_summarized
2021-06-12,0,7,advisor_summarized
2021-06-13,0,7,advisor_summarized
2021-06-14,0,7,advisor_summarized
2021-06-15,0.010935938226187316,7,advisor_summarized
2021-06-16,1.3862186950153955e-4,7,advisor_summarized
2021-06-17,2.6066366899728925e-6,7,advisor_summarized
2021-06-18,0,7,advisor_summarized
2021-06-19,0,7,advisor_summarized
2021-06-20,0.05188446560283643,7,advisor_summarized
2021-06-21,4.274906340154091,7,advisor_summarized
2021-06-22,90.52518893441146,7,advisor_summarized
2021-06-23,165.75067770987147,7,advisor_summarized
2021-06-24,137.04337158932006,7,advisor_summarized
2021-06-25,138.07352747189654,7,advisor_summarized
2021-06-26,167.8320656168457,7,advisor_summarized
2021-06-27,205.9154831538775,7,advisor_summarized
2021-06-28,158.27074644201045,7,advisor_summarized
2021-06-29,137.42692326388843,7,advisor_summarized
2021-06-30,142.1163154096412,7,advisor_summarized
2021-07-01,248.76555789675095,7,advisor_summarized
2021-07-02,182.19767265100324,7,advisor_summarized
2021-07-03,182.3277901949939,7,advisor_summarized
2021-07-04,147.65725502130024,7,advisor_summarized
2021-07-05,124.66853149681616,7,advisor_summarized
2021-07-06,122.34206574809672,7,advisor_summarized
2021-07-07,519.2385333459753,7,advisor_summarized
2021-07-08,670.4490907831769,7,advisor_summarized
2021-07-09,508.758000581473,7,advisor_summarized
2021-07-10,440.5228972465018,7,advisor_summarized
2021-07-11,412.8086823098808,7,advisor_summarized
2021-07-12,393.4830150453029,7,advisor_summarized
2021-07-13,287.0921844597155,7,advisor_summarized
2021-07-14,203.48382653050044,7,advisor_summarized
2021-07-15,142.0330356060255,7,advisor_summarized
2021-07-16,105.30415302855049,7,advisor_summarized
2021-07-17,83.84124176556277,7,advisor_summarized
2021-07-18,70.82560993843602,7,advisor_summarized
2021-07-19,61.62138988852136,7,advisor_summarized
2021-07-20,58.02499035724457,7,advisor_summarized
2021-07-21,51.04273578299492,7,advisor_summarized
2021-07-22,44.64745767768891,7,advisor_summarized
2021-07-23,42.96969096335217,7,advisor_summarized
2021-07-24,41.49207045857051,7,advisor_summarized
2021-07-25,32.68058721331006,7,advisor_summarized
2021-07-26,27.543934062826157,7,advisor_summarized
2021-07-27,32.05309577103002,7,advisor_summarized
2021-07-28,64.23410206866005,7,advisor_summarized
2021-07-29,96.78473964435148,7,advisor_summarized
2021-07-30,74.11450190745539,7,advisor_summarized
2021-07-31,56.940698676000665,7,advisor_summarized
2021-08-01,43.157719587151,7,advisor_summarized
2021-08-02,34.61621480559706,7,advisor_summarized
2021-08-03,57.09957335083693,7,advisor_summarized
2021-08-04,54.242720250705474,7,advisor_summarized
2021-08-05,67.01511346284198,7,advisor_summarized
2021-08-06,83.91044646170504,7,advisor_summarized
2021-08-07,92.44365685095015,7,advisor_summarized
2021-08-08,147.70561663301132,7,advisor_summarized
2021-08-09,106.3176025860919,7,advisor_summarized
2021-08-10,143.70156086467296,7,advisor_summarized
2021-08-11,119.71130763289987,7,advisor_summarized
2021-08-12,86.39297131374629,7,advisor_summarized
2021-08-13,67.45670375770636,7,advisor_summarized
2021-08-14,56.30309419788092,7,advisor_summarized
2021-08-15,49.436150082945765,7,advisor_summarized
2021-08-16,42.50548209674023,7,advisor_summarized
2021-08-17,40.697664194632274,7,advisor_summarized
2021-08-18,39.595199604691516,7,advisor_summarized
2021-08-19,37.46782047501433,7,advisor_summarized
2021-08-20,49.845396726150796,7,advisor_summarized
2021-08-21,38.01332933594724,7,advisor_summarized
2021-08-22,32.25006681877566,7,advisor_summarized
2021-08-23,42.61963309567283,7,advisor_summarized
2021-08-24,37.88132981864487,7,advisor_summarized
2021-08-25,40.853783565014574,7,advisor_summarized
2021-08-26,35.88390248064992,7,advisor_summarized
2021-08-27,33.10952612144579,7,advisor_summarized
2021-08-28,30.217104618915513,7,advisor_summarized
2021-08-29,25.93461377448271,7,advisor_summarized
2021-08-30,21.91708557639961,7,advisor_summarized
2021-08-31,19.057338094730444,7,advisor_summarized
2021-09-01,45.36020164741478,7,advisor_summarized
2021-09-02,66.18412457181384,7,advisor_summarized
2021-09-03,63.28367730056976,7,advisor_summarized
2021-09-04,46.11715534772559,7,advisor_summarized
2021-09-05,35.61960280662849,7,advisor_summarized
2021-09-06,28.314042730029936,7,advisor_summarized
2021-09-07,24.055931174875102,7,advisor_summarized
2021-09-08,21.086158466374606,7,advisor_summarized
2021-09-09,23.55254411702069,7,advisor_summarized
2021-09-10,25.210101727920705,7,advisor_summarized
2021-09-11,34.33722421632857,7,advisor_summarized
2021-09-12,28.27325249019854,7,advisor_summarized
2021-09-13,21.85726563844901,7,advisor_summarized
2021-09-14,34.34807167931137,7,advisor_summarized
2021-09-15,67.42209928696307,7,advisor_summarized
2021-09-16,84.44799894426592,7,advisor_summarized
2021-09-17,88.76980008185649,7,advisor_summarized
2021-09-18,66.99690966837605,7,advisor_summarized
2021-09-19,136.3693863320881,7,advisor_summarized
2021-09-20,169.85568470418187,7,advisor_summarized
2021-09-21,223.9420937873972,7,advisor_summarized
2021-09-22,140.09383469701757,7,advisor_summarized
2021-09-23,95.42101688696233,7,advisor_summarized
2021-09-24,70.15752970483335,7,advisor_summarized
2021-09-25,57.23806443632495,7,advisor_summarized
2021-09-26,47.926861967241386,7,advisor_summarized
2021-09-27,41.245131751364305,7,advisor_summarized
2021-09-28,35.27891423247123,7,advisor_summarized
2021-09-29,30.48881685156134,7,advisor_summarized
2021-09-30,26.21968645719139,7,advisor_summarized
2021-10-01,22.511976537161456,7,advisor_summarized
2021-10-02,19.49881885275129,7,advisor_summarized
2021-10-03,17.249117551268146,7,advisor_summarized
2021-10-04,15.752415380522642,7,advisor_summarized
2021-10-05,14.387398339169922,7,advisor_summarized
2021-10-06,13.959974874091252,7,advisor_summarized
2021-10-07,13.718279568555928,7,advisor_summarized
2021-10-08,12.825655295111863,7,advisor_summarized
2021-10-09,12.209411981963777,7,advisor_summarized
2021-10-10,11.159013560376833,7,advisor_summarized
2021-10-11,11.404633597607017,7,advisor_summarized
2021-10-12,10.570692088736417,7,advisor_summarized
2021-10-13,9.953758366799324,7,advisor_summarized
2021-10-14,9.65853604186402,7,advisor_summarized
2021-10-15,9.298414423226296,7,advisor_summarized
2021-10-16,8.340165142331587,7,advisor_summarized
2021-10-17,7.0651598188941165,7,advisor_summarized
2021-10-18,5.922604181530185,7,advisor_summarized
2021-10-19,4.547746588635955,7,advisor_summarized
2021-10-20,3.70817959221603,7,advisor_summarized
2021-10-21,2.9583064972516127,7,advisor_summarized
2021-10-22,2.687894079038848,7,advisor_summarized
2021-10-23,2.309583546078642,7,advisor_summarized
2021-10-24,1.4119327776072288,7,advisor_summarized
2021-10-25,0.8214111567461807,7,advisor_summarized
2021-10-26,0.520671668453088,7,advisor_summarized
2021-10-27,0.2414893734193999,7,advisor_summarized
2021-10-28,3.564823530216224,7,advisor_summarized
2021-10-29,6.64367797837279,7,advisor_summarized
2021-10-30,7.728500123815494,7,advisor_summarized
2021-10-31,7.2282418255952186,7,advisor_summarized
2021-11-01,6.412828602318682,7,advisor_summarized
2021-11-02,5.753750614588242,7,advisor_summarized
2021-11-03,4.974267060422831,7,advisor_summarized
2021-11-04,4.760597087220782,7,advisor_summarized
2021-11-05,5.424587014277107,7,advisor_summarized
2021-11-06,142.28299121542284,7,advisor_summarized
2021-11-07,146.4544468097405,7,advisor_summarized
2021-11-08,103.41431600297153,7,advisor_summarized
2021-11-09,80.15178024835001,7,advisor_summarized
2021-11-10,66.48843391163483,7,advisor_summarized
2021-11-11,55.61689321774469,7,advisor_summarized
2021-11-12,46.632982739203676,7,advisor_summarized
2021-11-13,40.024190029786254,7,advisor_summarized
2021-11-14,35.18546798832802,7,advisor_summarized
2021-11-15,28.870785736769307,7,advisor_summarized
2021-11-16,22.497488846770874,7,advisor_summarized
2021-11-17,18.207301924451237,7,advisor_summarized
2021-11-18,16.338189420005822,7,advisor_summarized
2021-11-19,14.64009456605484,7,advisor_summarized
2021-11-20,12.820317806926036,7,advisor_summarized
2021-11-21,11.3213254986202,7,advisor_summarized
2021-11-22,10.35617695764992,7,advisor_summarized
2021-11-23,8.712266715936316,7,advisor_summarized
2021-11-24,7.378901146737554,7,advisor_summarized
2021-11-25,7.325878765885231,7,advisor_summarized
2021-11-26,7.046347526965756,7,advisor_summarized
2021-11-27,6.636734046879645,7,advisor_summarized
2021-11-28,6.3305479121950405,7,advisor_summarized
2021-11-29,5.975065635675975,7,advisor_summarized
2021-11-30,5.385696422551249,7,advisor_summarized
2021-12-01,5.231653039081352,7,advisor_summarized
2021-12-02,5.238681740858612,7,advisor_summarized
2021-12-03,5.293129193794501,7,advisor_summarized
2021-12-04,5.301917996106244,7,advisor_summarized
2021-12-05,5.184748815318389,7,advisor_summarized
2021-12-06,5.02712896646024,7,advisor_summarized
2021-12-07,5.136761050353707,7,advisor_summarized
2021-12-08,7.415562348186461,7,advisor_summarized
2021-12-09,20.816311456691096,7,advisor_summarized
2021-12-10,21.312149433700878,7,advisor_summarized
2021-12-11,18.47094826556876,7,advisor_summarized
2021-12-12,17.94555401232525,7,advisor_summarized
2021-12-13,18.594595236200952,7,advisor_summarized
2021-12-14,16.965557310016045,7,advisor_summarized
2021-12-15,15.080712610327874,7,advisor_summarized
2021-12-16,13.960479499577723,7,advisor_summarized
2021-12-17,13.028017613549766,7,advisor_summarized
2021-12-18,13.189238410670802,7,advisor_summarized
2021-12-19,24.51857222719846,7,advisor_summarized
2021-12-20,23.03544940461367,7,advisor_summarized
2021-12-21,111.58026958951565,7,advisor_summarized
2021-12-22,173.84275188347274,7,advisor_summarized
2021-12-23,120.28432156722215,7,advisor_summarized
2021-12-24,92.77668430323916,7,advisor_summarized
2021-12-25,74.06539022910657,7,advisor_summarized
2021-12-26,62.224703183533336,7,advisor_summarized
2021-12-27,54.18010003267684,7,advisor_summarized
2021-12-28,46.58136930274515,7,advisor_summarized
2021-12-29,38.48379335929628,7,advisor_summarized
2021-12-30,32.21183163483946,7,advisor_summarized
2021-12-31,27.5085800121433,7,advisor_summarized
2022-01-01,23.94238361562593,7,advisor_summarized
2022-01-02,20.85966014810574,7,advisor_summarized
2022-01-03,18.68620539559542,7,advisor_summarized
2022-01-04,17.216224282180114,7,advisor_summarized
2022-01-05,15.78976701335342,7,advisor_summarized
2022-01-06,14.899900221324723,7,advisor_summarized
2022-01-07,13.452759628611206,7,advisor_summarized
2022-01-08,11.867582976135006,7,advisor_summarized
2022-01-09,10.928780697067097,7,advisor_summarized
2022-01-10,10.304024776204201,7,advisor_summarized
2022-01-11,9.914310247273969,7,advisor_summarized
2022-01-12,9.11976952762223,7,advisor_summarized
2022-01-13,8.550364190218657,7,advisor_summarized
2022-01-14,7.919732172393732,7,advisor_summarized
2022-01-15,7.497759083462164,7,advisor_summarized
2022-01-16,10.94902956161769,7,advisor_summarized
2022-01-17,16.494104994767213,7,advisor_summarized
2022-01-18,14.53617445589535,7,advisor_summarized
2022-01-19,12.793266555348403,7,advisor_summarized
2022-01-20,11.317855941461628,7,advisor_summarized
2022-01-21,10.3227795957388,7,advisor_summarized
2022-01-22,10.125834850926564,7,advisor_summarized
2022-01-23,9.971448427437942,7,advisor_summarized
2022-01-24,9.247448130324717,7,advisor_summarized
2022-01-25,8.40865365657257,7,advisor_summarized
2022-01-26,8.116358947395005,7,advisor_summarized
2022-01-27,7.953753509815844,7,advisor_summarized
2022-01-28,6.84800603996331,7,advisor_summarized
2022-01-29,3.5490359545602956,7,advisor_summarized
2022-01-30,3.493122505535977,7,advisor_summarized
2022-01-31,3.3599135994473834,7,advisor_summarized
2022-02-01,3.1518282946673204,7,advisor_summarized
2022-02-02,3.0559457012284224,7,advisor_summarized
2022-02-03,2.8881436216778202,7,advisor_summarized
2022-02-04,2.6147904613797976,7,advisor_summarized
2022-02-05,3.25230390828184,7,advisor_summarized
2022-02-06,3.6122345976680994,7,advisor_summarized
2022-02-07,3.738633584029427,7,advisor_summarized
2022-02-08,6.923871203906791,7,advisor_summarized
2022-02-09,11.793780797873707,7,advisor_summarized
2022-02-10,9.999512785005212,7,advisor_summarized
2022-02-11,8.23836335770712,7,advisor_summarized
2022-02-12,7.1044840810736885,7,advisor_summarized
2022-02-13,6.382548117328994,7,advisor_summarized
2022-02-14,5.202953247882853,7,advisor_summarized
2022-02-15,4.765015672409568,7,advisor_summarized
2022-02-16,4.357825328551647,7,advisor_summarized
2022-02-17,4.099751147033152,7,advisor_summarized
2022-02-18,3.689977423997055,7,advisor_summarized
2022-02-19,3.549805384396317,7,advisor_summarized
2022-02-20,3.507906085853309,7,advisor_summarized
2022-02-21,3.119338239037224,7,advisor_summarized
2022-02-22,2.729405565273922,7,advisor_summarized
2022-02-23,2.4773158448110872,7,advisor_summarized
2022-02-24,2.2805847859894666,7,advisor_summarized
2022-02-25,2.1534126698233895,7,advisor_summarized
2022-02-26,1.9206449199764652,7,advisor_summarized
2022-02-27,1.7765234808968555,7,advisor_summarized
2022-02-28,1.637129476099128,7,advisor_summarized
2022-03-01,1.8004419545308215,7,advisor_summarized
2022-03-02,1.6011013735993995,7,advisor_summarized
2022-03-03,1.4865045518567184,7,advisor_summarized
2022-03-04,1.3630801336482197,7,advisor_summarized
2022-03-05,1.2492014986782214,7,advisor_summarized
2022-03-06,1.055254353790926,7,advisor_summarized
2022-03-07,0.911619995257852,7,advisor_summarized
2022-03-08,0.8354082263193398,7,advisor_summarized
2022-03-09,0.9609736197793772,7,advisor_summarized
2022-03-10,5.885484245768069,7,advisor_summarized
2022-03-11,87.08928986279109,7,advisor_summarized
2022-03-12,296.13115183123847,7,advisor_summarized
2022-03-13,250.5396174376831,7,advisor_summarized
2022-03-14,166.38891276142846,7,advisor_summarized
2022-03-15,131.31325799175843,7,advisor_summarized
2022-03-16,164.12689563887525,7,advisor_summarized
2022-03-17,124.85029833884296,7,advisor_summarized
2022-03-18,93.8194883059436,7,advisor_summarized
2022-03-19,72.47508891179172,7,advisor_summarized
2022-03-20,87.54439418115483,7,advisor_summarized
2022-03-21,70.03423603023042,7,advisor_summarized
2022-03-22,55.31670611663955,7,advisor_summarized
2022-03-23,45.83859814680351,7,advisor_summarized
2022-03-24,202.02570301119127,7,advisor_summarized
2022-03-25,350.1407668573858,7,advisor_summarized
2022-03-26,259.68130615491543,7,advisor_summarized
2022-03-27,188.44810183600143,7,advisor_summarized
2022-03-28,139.8132370073798,7,advisor_summarized
2022-03-29,116.30821739732004,7,advisor_summarized
2022-03-30,56.360400196899384,7,advisor_summarized
2022-03-31,35.08470833877299,7,advisor_summarized
2022-04-01,80.68215676221509,7,advisor_summarized
2022-04-02,58.93124734599701,7,advisor_summarized
2022-04-03,55.058620438512285,7,advisor_summarized
2022-04-04,51.985977789901945,7,advisor_summarized
2022-04-05,29.219900981919718,7,advisor_summarized
2022-04-06,27.14360983916322,7,advisor_summarized
2022-04-07,18.70767780152993,7,advisor_summarized
2022-04-08,38.93230250138616,7,advisor_summarized
2022-04-09,26.82686619747253,7,advisor_summarized
2022-04-10,24.75004046074859,7,advisor_summarized
2022-04-11,12.683575087590308,7,advisor_summarized
2022-04-12,8.912605984902523,7,advisor_summarized
2022-04-13,4.707797208687787,7,advisor_summarized
2022-04-14,4.727004547980187,7,advisor_summarized
2022-04-15,5.911348131515942,7,advisor_summarized
2022-04-16,5.19360125070152,7,advisor_summarized
2022-04-17,4.614380522075308,7,advisor_summarized
2022-04-18,4.269113980392574,7,advisor_summarized
2022-04-19,3.619659249378126,7,advisor_summarized
2022-04-20,3.0240500945682833,7,advisor_summarized
2022-04-21,2.615893459027347,7,advisor_summarized
2022-04-22,2.3845824748446414,7,advisor_summarized
2022-04-23,2.210959268654504,7,advisor_summarized
2022-04-24,1.925286632612048,7,advisor_summarized
2022-04-25,1.5966415545833652,7,advisor_summarized
2022-04-26,1.342203811941502,7,advisor_summarized
2022-04-27,1.1049359042145412,7,advisor_summarized
2022-04-28,0.8402547523234243,7,advisor_summarized
2022-04-29,0.45675910506753886,7,advisor_summarized
2022-04-30,0.17415732712655405,7,advisor_summarized
2022-05-01,0.7242138138106227,7,advisor_summarized
2022-05-02,5.9515816958337835,7,advisor_summarized
2022-05-03,5.554263381079353,7,advisor_summarized
2022-05-04,22.185464523566342,7,advisor_summarized
2022-05-05,12.931011006616833,7,advisor_summarized
2022-05-06,10.95030009946536,7,advisor_summarized
2022-05-07,78.27895242753914,7,advisor_summarized
2022-05-08,44.46284133118785,7,advisor_summarized
2022-05-09,29.748935536435493,7,advisor_summarized
2022-05-10,20.025073943635466,7,advisor_summarized
2022-05-11,13.531810805697063,7,advisor_summarized
2022-05-12,9.938706365117284,7,advisor_summarized
2022-05-13,8.949912595029375,7,advisor_summarized
2022-05-14,7.078898030289956,7,advisor_summarized
2022-05-15,5.6074480058633425,7,advisor_summarized
2022-05-16,4.648202964755726,7,advisor_summarized
2022-05-17,3.9853316029098536,7,advisor_summarized
2022-05-18,3.37068565150479,7,advisor_summarized
2022-05-19,2.9540315518582667,7,advisor_summarized
2022-05-20,2.753868957947591,7,advisor_summarized
2022-05-21,3.5287200818914513,7,advisor_summarized
2022-05-22,5.22012013115814,7,advisor_summarized
2022-05-23,4.6623510181248236,7,advisor_summarized
2022-05-24,3.7989627788207225,7,advisor_summarized
2022-05-25,2.9596759890351634,7,advisor_summarized
2022-05-26,2.69896242288646,7,advisor_summarized
2022-05-27,2.798280406044105,7,advisor_summarized
2022-05-28,2.8432694976878636,7,advisor_summarized
2022-05-29,2.758011954716254,7,advisor_summarized
2022-05-30,2.6118561872653165,7,advisor_summarized
2022-05-31,2.2706169787540076,7,advisor_summarized
2022-06-01,1.9527892810020424,7,advisor_summarized
2022-06-02,1.4743330039677645,7,advisor_summarized
2022-06-03,1.090968233615549,7,advisor_summarized
2022-06-04,0.6980132183521638,7,advisor_summarized
2022-06-05,0.33622494700524314,7,advisor_summarized
2022-06-06,0.03110417144390891,7,advisor_summarized
2022-06-07,0,7,advisor_summarized
2022-06-08,0,7,advisor_summarized
2022-06-09,0,7,advisor_summarized
2022-06-10,0,7,advisor_summarized
2022-06-11,0,7,advisor_summarized
2022-06-12,0,7,advisor_summarized
2022-06-13,0,7,advisor_summarized
2022-06-14,0,7,advisor_summarized
2022-06-15,0,7,advisor_summarized
2022-06-16,0,7,advisor_summarized
2022-06-17,0,7,advisor_summarized
2022-06-18,0,7,advisor_summarized
2022-06-19,0,7,advisor_summarized
2022-06-20,0,7,advisor_summarized
2022-06-21,0,7,advisor_summarized
2022-06-22,0,7,advisor_summarized
2022-06-23,0,7,advisor_summarized
2022-06-24,0,7,advisor_summarized
2022-06-25,0,7,advisor_summarized
2022-06-26,0,7,advisor_summarized
2022-06-27,0,7,advisor_summarized
2022-06-28,0,7,advisor_summarized
2022-06-29,0,7,advisor_summarized
2022-06-30,0,7,advisor_summarized
2022-07-01,0,7,advisor_summarized
2022-07-02,0,7,advisor_summarized
2022-07-03,0,7,advisor_summarized
2022-07-04,0,7,advisor_summarized
2022-07-05,0,7,advisor_summarized
2022-07-06,0,7,advisor_summarized
2022-07-07,0,7,advisor_summarized
2022-07-08,0,7,advisor_summarized
2022-07-09,0,7,advisor_summarized
2022-07-10,0,7,advisor_summarized
2022-07-11,0,7,advisor_summarized
2022-07-12,0,7,advisor_summarized
2022-07-13,0.38148943455872136,7,advisor_summarized
2022-07-14,0.3163333740862376,7,advisor_summarized
2022-07-15,0.230794433514561,7,advisor_summarized
2022-07-16,0.05214678978143065,7,advisor_summarized
2022-07-17,0.0040643892023031905,7,advisor_summarized
2022-07-18,0,7,advisor_summarized
2022-07-19,0,7,advisor_summarized
2022-07-20,0.349946096964771,7,advisor_summarized
2022-07-21,0.9111119358682663,7,advisor_summarized
2022-07-22,3.368609020192323,7,advisor_summarized
2022-07-23,12.514030829228219,7,advisor_summarized
2022-07-24,11.564458303920155,7,advisor_summarized
2022-07-25,16.92179041342792,7,advisor_summarized
2022-07-26,13.077552116640078,7,advisor_summarized
2022-07-27,14.084469825085888,7,advisor_summarized
2022-07-28,8.164038470945453,7,advisor_summarized
2022-07-29,5.858803082439596,7,advisor_summarized
2022-07-30,4.488778152511008,7,advisor_summarized
2022-07-31,3.7709521760847102,7,advisor_summarized
2022-08-01,3.473747585252399,7,advisor_summarized
2022-08-02,3.1749557483727986,7,advisor_summarized
2022-08-03,3.034308103504877,7,advisor_summarized
2022-08-04,2.50705060680234,7,advisor_summarized
2022-08-05,2.205819926871754,7,advisor_summarized
2022-08-06,2.7719249100611134,7,advisor_summarized
2022-08-07,2.994294670187362,7,advisor_summarized
2022-08-08,2.5159144153047683,7,advisor_summarized
2022-08-09,2.2821376823087993,7,advisor_summarized
2022-08-10,1.9539377594629121,7,advisor_summarized
2022-08-11,1.5707445047895952,7,advisor_summarized
2022-08-12,1.2286169328459147,7,advisor_summarized
2022-08-13,1.4492900602633627,7,advisor_summarized
2022-08-14,2.69378761346462,7,advisor_summarized
2022-08-15,1.8580157808055378,7,advisor_summarized
2022-08-16,1.3711821633547856,7,advisor_summarized
2022-08-17,1.1873321598708435,7,advisor_summarized
2022-08-18,1.632106292460833,7,advisor_summarized
2022-08-19,15.176956852125949,7,advisor_summarized
2022-08-20,26.53843508250821,7,advisor_summarized
2022-08-21,26.714431333965702,7,advisor_summarized
2022-08-22,13.704177438695991,7,advisor_summarized
2022-08-23,0.8857567552859273,7,advisor_summarized
2022-08-24,1.124857266572069,7,advisor_summarized
2022-08-25,17.68581497536257,7,advisor_summarized
2022-08-26,40.386619739680434,7,advisor_summarized
2022-08-27,216.62989135551484,7,advisor_summarized
2022-08-28,151.603237383739,7,advisor_summarized
2022-08-29,227.32624796292382,7,advisor_summarized
2022-08-30,139.11918025454153,7,advisor_summarized
2022-08-31,87.2318030225219,7,advisor_summarized
2022-09-01,64.21070955674999,7,advisor_summarized
2022-09-02,85.44891197431474,7,advisor_summarized
2022-09-03,102.05377354575495,7,advisor_summarized
2022-09-04,157.28393916326482,7,advisor_summarized
2022-09-05,258.2454755818256,7,advisor_summarized
2022-09-06,125.16569785561002,7,advisor_summarized
2022-09-07,81.64672791546231,7,advisor_summarized
2022-09-08,63.41088907703172,7,advisor_summarized
2022-09-09,87.63394158539701,7,advisor_summarized
2022-09-10,228.33047172510945,7,advisor_summarized
2022-09-11,312.6978871926281,7,advisor_summarized
2022-09-12,177.7477312933282,7,advisor_summarized
2022-09-13,132.64248144054832,7,advisor_summarized
2022-09-14,105.43679107946103,7,advisor_summarized
2022-09-15,84.02891521801884,7,advisor_summarized
2022-09-16,66.18691126730273,7,advisor_summarized
2022-09-17,58.62752511732807,7,advisor_summarized
2022-09-18,69.19687513956855,7,advisor_summarized
2022-09-19,72.17158608204501,7,advisor_summarized
2022-09-20,54.55679856825896,7,advisor_summarized
2022-09-21,42.11123471757802,7,advisor_summarized
2022-09-22,32.5346416488359,7,advisor_summarized
2022-09-23,25.288389263020804,7,advisor_summarized
2022-09-24,20.019749884780925,7,advisor_summarized
2022-09-25,16.554191279868643,7,advisor_summarized
2022-09-26,13.261971147351607,7,advisor_summarized
2022-09-27,10.256364151535077,7,advisor_summarized
2022-09-28,9.288296812008056,7,advisor_summarized
2022-09-29,12.487750148464933,7,advisor_summarized
2022-09-30,12.547555366753313,7,advisor_summarized
2022-10-01,10.224304744540449,7,advisor_summarized
2022-10-02,8.385559721265826,7,advisor_summarized
2022-10-03,7.342743576952185,7,advisor_summarized
2022-10-04,6.738702116085335,7,advisor_summarized
2022-10-05,5.55461234625296,7,advisor_summarized
2022-10-06,4.700396035075253,7,advisor_summarized
2022-10-07,4.009043283037132,7,advisor_summarized
2022-10-08,3.474114853361496,7,advisor_summarized
2022-10-09,3.1100509467912762,7,advisor_summarized
2022-10-10,2.7899602655232667,7,advisor_summarized
2022-10-11,2.5933793659568516,7,advisor_summarized
2022-10-12,2.4701734848304557,7,advisor_summarized
2022-10-13,2.7037439592565353,7,advisor_summarized
2022-10-14,2.4939926818477334,7,advisor_summarized
2022-10-15,2.0605395577151455,7,advisor_summarized
2022-10-16,1.4895207291486654,7,advisor_summarized
2022-10-17,1.4799923999992493,7,advisor_summarized
2022-10-18,2.5248505869297464,7,advisor_summarized
2022-10-19,2.8340583806809185,7,advisor_summarized
2022-10-20,2.948112534668821,7,advisor_summarized
2022-10-21,2.4940526595228967,7,advisor_summarized
2022-10-22,2.0241674853680505,7,advisor_summarized
2022-10-23,1.6725481260279027,7,advisor_summarized
2022-10-24,1.252934455046947,7,advisor_summarized
2022-10-25,0.702545468058371,7,advisor_summarized
2022-10-26,0.44453142186107814,7,advisor_summarized
2022-10-27,0.24467425531817058,7,advisor_summarized
2022-10-28,0.09261790527451035,7,advisor_summarized
2022-10-29,0.08070907574437416,7,advisor_summarized
2022-10-30,0.11715646934690116,7,advisor_summarized
2022-10-31,0.0793021484776578,7,advisor_summarized
2022-11-01,0.01823209092813878,7,advisor_summarized
2022-11-02,0.0020290551774848433,7,advisor_summarized
2022-11-03,4.0389036818362116e-5,7,advisor_summarized
2022-11-04,0,7,advisor_summarized
2022-11-05,0,7,advisor_summarized
2022-11-06,0,7,advisor_summarized
2022-11-07,0,7,advisor_summarized
2022-11-08,0,7,advisor_summarized
2022-11-09,0,7,advisor_summarized
2022-11-10,0.9426997097799079,7,advisor_summarized
2022-11-11,4.580181618488668,7,advisor_summarized
2022-11-12,7.2718355595600626,7,advisor_summarized
2022-11-13,6.966130271656488,7,advisor_summarized
2022-11-14,5.718250531115433,7,advisor_summarized
2022-11-15,4.574910106335248,7,advisor_summarized
2022-11-16,2.942854655785421,7,advisor_summarized
2022-11-17,2.2828901600265934,7,advisor_summarized
2022-11-18,1.6896546079093762,7,advisor_summarized
2022-11-19,1.3751737959846924,7,advisor_summarized
2022-11-20,1.3957936265415745,7,advisor_summarized
2022-11-21,1.3188409558508538,7,advisor_summarized
2022-11-22,1.5121625425537262,7,advisor_summarized
2022-11-23,1.4721534703349015,7,advisor_summarized
2022-11-24,1.4221874710327838,7,advisor_summarized
2022-11-25,1.433306819549035,7,advisor_summarized
2022-11-26,1.4706844592364876,7,advisor_summarized
2022-11-27,1.4306475700221382,7,advisor_summarized
2022-11-28,1.1700584989762963,7,advisor_summarized
2022-11-29,0.9938766863997764,7,advisor_summarized
2022-11-30,1.29525614141626,7,advisor_summarized
2022-12-01,1.4699638541896531,7,advisor_summarized
2022-12-02,1.3533864344105453,7,advisor_summarized
2022-12-03,1.2814948140447469,7,advisor_summarized
2022-12-04,1.2551568878215786,7,advisor_summarized
2022-12-05,1.2627395552173921,7,advisor_summarized
2022-12-06,1.132301953642082,7,advisor_summarized
2022-12-07,1.0830989659902064,7,advisor_summarized
2022-12-08,1.065198077964516,7,advisor_summarized
2022-12-09,0.9765023490571517,7,advisor_summarized
2022-12-10,0.8375166762386516,7,advisor_summarized
2022-12-11,0.906724202919213,7,advisor_summarized
2022-12-12,0.8543540950668937,7,advisor_summarized
2022-12-13,0.6389944921939544,7,advisor_summarized
2022-12-14,0.46868099789593315,7,advisor_summarized
2022-12-15,0.515712202206482,7,advisor_summarized
2022-12-16,0.6787463390403694,7,advisor_summarized
2022-12-17,0.5296582415017259,7,advisor_summarized
2022-12-18,0.3491578429579402,7,advisor_summarized
2022-12-19,0.18292915954239342,7,advisor_summarized
2022-12-20,0.1871823567579067,7,advisor_summarized
2022-12-21,0.4203570836653137,7,advisor_summarized
2022-12-22,0.7200241940294033,7,advisor_summarized
2022-12-23,0.6075314552656682,7,advisor_summarized
2022-12-24,0.40229475027600364,7,advisor_summarized
2022-12-25,0.3153342764526541,7,advisor_summarized
2022-12-26,0.23867547393947364,7,advisor_summarized
2022-12-27,0.1982927045633658,7,advisor_summarized
2022-12-28,0.15241523245985966,7,advisor_summarized
2022-12-29,0.16637983089208844,7,advisor_summarized
2022-12-30,0.18007776759192595,7,advisor_summarized
2022-12-31,0.17652169606039333,7,advisor_summarized
2023-01-01,0.18688519693830594,7,advisor_summarized
2023-01-02,0.17682854467586842,7,advisor_summarized
2023-01-03,0.17031291568197263,7,advisor_summarized
2023-01-04,0.3497486065171831,7,advisor_summarized
2023-01-05,1.276674182481074,7,advisor_summarized
2023-01-06,1.127629949084027,7,advisor_summarized
2023-01-07,0.8360805671222867,7,advisor_summarized
2023-01-08,0.8546207451883703,7,advisor_summarized
2023-01-09,0.8379280341327074,7,advisor_summarized
2023-01-10,0.7047606133397881,7,advisor_summarized
2023-01-11,0.5815253913456516,7,advisor_summarized
2023-01-12,0.5909118568509989,7,advisor_summarized
2023-01-13,1.1574249249521391,7,advisor_summarized
2023-01-14,1.0599647593986257,7,advisor_summarized
2023-01-15,0.8960115764646558,7,advisor_summarized
2023-01-16,0.8643335279463188,7,advisor_summarized
2023-01-17,0.8388363307047354,7,advisor_summarized
2023-01-18,1.01550797080284,7,advisor_summarized
2023-01-19,1.0703378979930767,7,advisor_summarized
2023-01-20,1.0438237686348713,7,advisor_summarized
2023-01-21,0.9429869562495988,7,advisor_summarized
2023-01-22,1.1308476812432067,7,advisor_summarized
2023-01-23,1.270551212329187,7,advisor_summarized
2023-01-24,1.2668842750383735,7,advisor_summarized
2023-01-25,1.284709995606216,7,advisor_summarized
2023-01-26,1.3522110501430082,7,advisor_summarized
2023-01-27,1.1118623222614719,7,advisor_summarized
2023-01-28,0.953764711505078,7,advisor_summarized
2023-01-29,1.129533214637771,7,advisor_summarized
2023-01-30,1.2128810929722882,7,advisor_summarized
2023-01-31,1.265720766771549,7,advisor_summarized
2023-02-01,1.3333775809074613,7,advisor_summarized
2023-02-02,1.3404052337211922,7,advisor_summarized
2023-02-03,2.185666563771292,7,advisor_summarized
2023-02-04,2.793643354509145,7,advisor_summarized
2023-02-05,3.165871179412379,7,advisor_summarized
2023-02-06,2.6086136682108894,7,advisor_summarized
2023-02-07,2.2228312501303056,7,advisor_summarized
2023-02-08,2.2142743639540114,7,advisor_summarized
2023-02-09,2.172262271225993,7,advisor_summarized
2023-02-10,2.256495839364976,7,advisor_summarized
2023-02-11,4.36167411819992,7,advisor_summarized
2023-02-12,6.356212699875976,7,advisor_summarized
2023-02-13,4.938750753032598,7,advisor_summarized
2023-02-14,3.8828829175302304,7,advisor_summarized
2023-02-15,3.65299583274346,7,advisor_summarized
2023-02-16,3.7904671565291,7,advisor_summarized
2023-02-17,3.569552781060205,7,advisor_summarized
2023-02-18,3.386307206251779,7,advisor_summarized
2023-02-19,3.131598347541514,7,advisor_summarized
2023-02-20,2.9041683636781954,7,advisor_summarized
2023-02-21,2.5527249213934384,7,advisor_summarized
2023-02-22,2.411249918884149,7,advisor_summarized
2023-02-23,2.2288163337179907,7,advisor_summarized
2023-02-24,2.138663628800768,7,advisor_summarized
2023-02-25,2.1058840552901006,7,advisor_summarized
2023-02-26,2.097206854065838,7,advisor_summarized
2023-02-27,1.902709355743289,7,advisor_summarized
2023-02-28,1.6161538427726938,7,advisor_summarized
2023-03-01,1.5100219349228297,7,advisor_summarized
2023-03-02,1.5912806179271388,7,advisor_summarized
2023-03-03,1.2442957611076033,7,advisor_summarized
2023-03-04,1.0876213604593954,7,advisor_summarized
2023-03-05,1.5469957103289398,7,advisor_summarized
2023-03-06,1.386461474195842,7,advisor_summarized
2023-03-07,0.9388213322500464,7,advisor_summarized
2023-03-08,0.5813861089059593,7,advisor_summarized
2023-03-09,0.3193281430831617,7,advisor_summarized
2023-03-10,0.2570212869492296,7,advisor_summarized
2023-03-11,0.2313298276887065,7,advisor_summarized
2023-03-12,0.13649343143986087,7,advisor_summarized
2023-03-13,73.71861891393364,7,advisor_summarized
2023-03-14,53.65085692337476,7,advisor_summarized
2023-03-15,30.651524825616793,7,advisor_summarized
2023-03-16,22.04069697625552,7,advisor_summarized
2023-03-17,17.690131191363694,7,advisor_summarized
2023-03-18,14.430587944904843,7,advisor_summarized
2023-03-19,11.388875002806722,7,advisor_summarized
2023-03-20,8.33486273713981,7,advisor_summarized
2023-03-21,6.458807927638283,7,advisor_summarized
2023-03-22,6.107825678793166,7,advisor_summarized
2023-03-23,5.318220075059743,7,advisor_summarized
2023-03-24,4.497645746753093,7,advisor_summarized
2023-03-25,3.5709821799607977,7,advisor_summarized
2023-03-26,3.152568219830986,7,advisor_summarized
2023-03-27,2.6741328783628915,7,advisor_summarized
2023-03-28,2.550513646247226,7,advisor_summarized
2023-03-29,2.757931098312112,7,advisor_summarized
2023-03-30,2.316921036541664,7,advisor_summarized
2023-03-31,1.9706175048602679,7,advisor_summarized
2023-04-01,1.6532403816777526,7,advisor_summarized
2023-04-02,1.3879414508656194,7,advisor_summarized
2023-04-03,1.1439839645386447,7,advisor_summarized
2023-04-04,0.9586035115196315,7,advisor_summarized
2023-04-05,0.8527704901540191,7,advisor_summarized
2023-04-06,0.6988080340020039,7,advisor_summarized
2023-04-07,0.6410098127418963,7,advisor_summarized
2023-04-08,0.3973957537190303,7,advisor_summarized
2023-04-09,0.21335103417413495,7,advisor_summarized
2023-04-10,0.14727781992866054,7,advisor_summarized
2023-04-11,0.09715028073543053,7,advisor_summarized
2023-04-12,0.04668689652758754,7,advisor_summarized
2023-04-13,0.004360283109561433,7,advisor_summarized
2023-04-14,6.404094555599711e-5,7,advisor_summarized
2023-04-15,0,7,advisor_summarized
2023-04-16,0,7,advisor_summarized
2023-04-17,0,7,advisor_summarized
2023-04-18,0,7,advisor_summarized
2023-04-19,0,7,advisor_summarized
2023-04-20,0,7,advisor_summarized
2023-04-21,0,7,advisor_summarized
2023-04-22,0,7,advisor_summarized
2023-04-23,0,7,advisor_summarized
2023-04-24,0,7,advisor_summarized
2023-04-25,0,7,advisor_summarized
2023-04-26,0,7,advisor_summarized
2023-04-27,0,7,advisor_summarized
2023-04-28,0,7,advisor_summarized
2023-04-29,0,7,advisor_summarized
2023-04-30,0,7,advisor_summarized
2023-05-01,0,7,advisor_summarized
2023-05-02,0,7,advisor_summarized
2023-05-03,0,7,advisor_summarized
2023-05-04,0,7,advisor_summarized
2023-05-05,0,7,advisor_summarized
2023-05-06,0,7,advisor_summarized
2023-05-07,0,7,advisor_summarized
2023-05-08,0,7,advisor_summarized
2023-05-09,0,7,advisor_summarized
2023-05-10,0,7,advisor_summarized
2023-05-11,0,7,advisor_summarized
2023-05-12,0.01182901438313993,7,advisor_summarized
2023-05-13,0.0013709293926584458,7,advisor_summarized
2023-05-14,0,7,advisor_summarized
2023-05-15,0,7,advisor_summarized
2023-05-16,0,7,advisor_summarized
2023-05-17,0,7,advisor_summarized
2023-05-18,0,7,advisor_summarized
2023-05-19,0,7,advisor_summarized
2023-05-20,0,7,advisor_summarized
2023-05-21,0.9390489646571956,7,advisor_summarized
2023-05-22,8.106591895864119,7,advisor_summarized
2023-05-23,61.01905816996802,7,advisor_summarized
2023-05-24,59.95787792786493,7,advisor_summarized
2023-05-25,42.18278892849536,7,advisor_summarized
2023-05-26,28.512851592613217,7,advisor_summarized
2023-05-27,19.57425984801416,7,advisor_summarized
2023-05-28,13.006922788104548,7,advisor_summarized
2023-05-29,8.995819895818643,7,advisor_summarized
2023-05-30,6.293090717772043,7,advisor_summarized
2023-05-31,4.787689500132157,7,advisor_summarized
2023-06-01,3.6277908447440836,7,advisor_summarized
2023-06-02,2.792011191160519,7,advisor_summarized
2023-06-03,2.171107119097671,7,advisor_summarized
2023-06-04,1.7348077213048014,7,advisor_summarized
2023-06-05,1.3447437251908523,7,advisor_summarized
2023-06-06,1.029287516684046,7,advisor_summarized
2023-06-07,0.774637886648916,7,advisor_summarized
2023-06-08,0.4556324228976692,7,advisor_summarized
2023-06-09,0.15134319442385066,7,advisor_summarized
2023-06-10,0.06675794308211991,7,advisor_summarized
2023-06-11,0.01184661613442725,7,advisor_summarized
2023-06-12,3.189160942972403e-5,7,advisor_summarized
2023-06-13,0,7,advisor_summarized
2023-06-14,0,7,advisor_summarized
2023-06-15,0.050814448100438975,7,advisor_summarized
2023-06-16,1.3695116587043772,7,advisor_summarized
2023-06-17,1.8487321381186168,7,advisor_summarized
2023-06-18,2.639641536934553,7,advisor_summarized
2023-06-19,2.1465733318858455,7,advisor_summarized
2023-06-20,2.97549095262186,7,advisor_summarized
2023-06-21,3.4545255051089643,7,advisor_summarized
2023-06-22,17.745126983842507,7,advisor_summarized
2023-06-23,97.57084370651245,7,advisor_summarized
2023-06-24,132.87510379840748,7,advisor_summarized
2023-06-25,79.50676075035999,7,advisor_summarized
2023-06-26,48.119201358421314,7,advisor_summarized
2023-06-27,29.956375230076777,7,advisor_summarized
2023-06-28,20.119364875350673,7,advisor_summarized
2023-06-29,12.954027069264917,7,advisor_summarized
2023-06-30,9.121458543718939,7,advisor_summarized
2023-07-01,6.91662627367455,7,advisor_summarized
2023-07-02,5.503634089662982,7,advisor_summarized
2023-07-03,4.513065445322142,7,advisor_summarized
2023-07-04,5.554898284802537,7,advisor_summarized
2023-07-05,5.854636754890294,7,advisor_summarized
2023-07-06,5.463230978513393,7,advisor_summarized
2023-07-07,4.729484256868451,7,advisor_summarized
2023-07-08,3.985231875849838,7,advisor_summarized
2023-07-09,4.2663874109497435,7,advisor_summarized
2023-07-10,6.790713784124847,7,advisor_summarized
2023-07-11,8.134148758195037,7,advisor_summarized
2023-07-12,8.14415139180552,7,advisor_summarized
2023-07-13,7.546385325506662,7,advisor_summarized
2023-07-14,7.072945078061308,7,advisor_summarized
2023-07-15,6.666258580628132,7,advisor_summarized
2023-07-16,6.409735213919664,7,advisor_summarized
2023-07-17,6.621403722065156,7,advisor_summarized
2023-07-18,6.289725877421564,7,advisor_summarized
2023-07-19,5.788528701911715,7,advisor_summarized
2023-07-20,5.013678774017061,7,advisor_summarized
2023-07-21,4.3251397150482385,7,advisor_summarized
2023-07-22,3.1577242315749916,7,advisor_summarized
2023-07-23,2.867409104379474,7,advisor_summarized
2023-07-24,4.0060898837254095,7,advisor_summarized
2023-07-25,3.605784241467383,7,advisor_summarized
2023-07-26,2.8768612939192297,7,advisor_summarized
2023-07-27,2.225384996799485,7,advisor_summarized
2023-07-28,1.7818095077597647,7,advisor_summarized
2023-07-29,1.4880987587427361,7,advisor_summarized
2023-07-30,1.5928758306809367,7,advisor_summarized
2023-07-31,5.607038479362103,7,advisor_summarized
2023-08-01,49.381024443647256,7,advisor_summarized
2023-08-02,260.7688431828456,7,advisor_summarized
2023-08-03,134.14438903310665,7,advisor_summarized
2023-08-04,92.86824067761393,7,advisor_summarized
2023-08-05,85.654326458905,7,advisor_summarized
2023-08-06,60.376594000925195,7,advisor_summarized
2023-08-07,41.29064342919727,7,advisor_summarized
2023-08-08,27.947866606166127,7,advisor_summarized
2023-08-09,19.202411246208406,7,advisor_summarized
2023-08-10,14.250669529905002,7,advisor_summarized
2023-08-11,11.241370690313692,7,advisor_summarized
2023-08-12,9.498390172110028,7,advisor_summarized
2023-08-13,8.241846635932935,7,advisor_summarized
2023-08-14,9.63993830265978,7,advisor_summarized
2023-08-15,19.623996992014707,7,advisor_summarized
2023-08-16,18.451465079820675,7,advisor_summarized
2023-08-17,20.23100995044889,7,advisor_summarized
2023-08-18,26.627427322354553,7,advisor_summarized
2023-08-19,17.820425496940327,7,advisor_summarized
2023-08-20,45.295971586294684,7,advisor_summarized
2023-08-21,61.25500208327054,7,advisor_summarized
2023-08-22,38.72826925009339,7,advisor_summarized
2023-08-23,25.496220264289487,7,advisor_summarized
2023-08-24,18.080776135689643,7,advisor_summarized
2023-08-25,13.603186732452144,7,advisor_summarized
2023-08-26,14.398514761991327,7,advisor_summarized
2023-08-27,11.349344662425404,7,advisor_summarized
2023-08-28,9.016970760192622,7,advisor_summarized
2023-08-29,7.9074211765713365,7,advisor_summarized
2023-08-30,36.93983881458203,7,advisor_summarized
2023-08-31,45.366660725651876,7,advisor_summarized
2023-09-01,37.908334073407055,7,advisor_summarized
2023-09-02,50.835775134719164,7,advisor_summarized
2023-09-03,38.57408439408077,7,advisor_summarized
2023-09-04,28.81176135709416,7,advisor_summarized
2023-09-05,22.651573643412046,7,advisor_summarized
2023-09-06,18.693752701928847,7,advisor_summarized
2023-09-07,15.446691484263006,7,advisor_summarized
2023-09-08,12.51982277582416,7,advisor_summarized
2023-09-09,10.615587722318168,7,advisor_summarized
2023-09-10,9.319470758434722,7,advisor_summarized
2023-09-11,17.76433116415106,7,advisor_summarized
2023-09-12,60.901796201517165,7,advisor_summarized
2023-09-13,51.35551402008833,7,advisor_summarized
2023-09-14,36.03144462406011,7,advisor_summarized
2023-09-15,37.45992164418676,7,advisor_summarized
2023-09-16,31.845159182227448,7,advisor_summarized
2023-09-17,23.54324348212452,7,advisor_summarized
2023-09-18,21.13532304123692,7,advisor_summarized
2023-09-19,15.6123196839346,7,advisor_summarized
2023-09-20,11.632608989496033,7,advisor_summarized
2023-09-21,9.615068634603091,7,advisor_summarized
2023-09-22,10.542308886348808,7,advisor_summarized
2023-09-23,7.028994610869588,7,advisor_summarized
2023-09-24,6.522360114685788,7,advisor_summarized
2023-09-25,6.268588641617385,7,advisor_summarized
2023-09-26,46.71307672995372,7,advisor_summarized
2023-09-27,129.86172586129268,7,advisor_summarized
2023-09-28,95.37060814533952,7,advisor_summarized
2023-09-29,68.29743091968395,7,advisor_summarized
2023-09-30,50.381409248600015,7,advisor_summarized
2023-10-01,37.971219570909035,7,advisor_summarized
2023-10-02,28.630600340996466,7,advisor_summarized
2023-10-03,21.797836546425156,7,advisor_summarized
2023-10-04,17.142361506167415,7,advisor_summarized
2023-10-05,13.436930574222389,7,advisor_summarized
2023-10-06,11.16083786076902,7,advisor_summarized
2023-10-07,9.806467149327343,7,advisor_summarized
2023-10-08,8.057737219062863,7,advisor_summarized
2023-10-09,6.597625647727896,7,advisor_summarized
2023-10-10,5.534249270133589,7,advisor_summarized
2023-10-11,5.3736719641268245,7,advisor_summarized
2023-10-12,99.27844759584774,7,advisor_summarized
2023-10-13,132.04371956949947,7,advisor_summarized
2023-10-14,95.7040311185695,7,advisor_summarized
2023-10-15,70.16252177218331,7,advisor_summarized
2023-10-16,50.366866211924936,7,advisor_summarized
2023-10-17,37.12500405460132,7,advisor_summarized
2023-10-18,28.25294982508179,7,advisor_summarized
2023-10-19,22.40150940144277,7,advisor_summarized
2023-10-20,18.2035044288841,7,advisor_summarized
2023-10-21,15.147124378703417,7,advisor_summarized
2023-10-22,11.15361185522985,7,advisor_summarized
2023-10-23,9.224111573502455,7,advisor_summarized
2023-10-24,7.9187233173232094,7,advisor_summarized
2023-10-25,6.973761014813398,7,advisor_summarized
2023-10-26,6.078942047597603,7,advisor_summarized
2023-10-27,5.499419757598904,7,advisor_summarized
2023-10-28,4.644979480350603,7,advisor_summarized
2023-10-29,4.1415533852502415,7,advisor_summarized
2023-10-30,3.8361712098528056,7,advisor_summarized
2023-10-31,3.690390681593365,7,advisor_summarized
2023-11-01,4.357699553613462,7,advisor_summarized
2023-11-02,3.3184305836352816,7,advisor_summarized
2023-11-03,2.962189873085222,7,advisor_summarized
2023-11-04,2.54046259278416,7,advisor_summarized
2023-11-05,1.9550722349986194,7,advisor_summarized
2023-11-06,1.4005830065465226,7,advisor_summarized
2023-11-07,1.0670348756572878,7,advisor_summarized
2023-11-08,0.8179348833548276,7,advisor_summarized
2023-11-09,0.7439382284387035,7,advisor_summarized
2023-11-10,0.5332832726516207,7,advisor_summarized
2023-11-11,0.3031756165340303,7,advisor_summarized
2023-11-12,0.1998008796782764,7,advisor_summarized
2023-11-13,0.14605889396546348,7,advisor_summarized
2023-11-14,0.1484535979779976,7,advisor_summarized
2023-11-15,0.7192411531192402,7,advisor_summarized
2023-11-16,2.5075122923434674,7,advisor_summarized
2023-11-17,4.290373722553342,7,advisor_summarized
2023-11-18,5.377821055191542,7,advisor_summarized
2023-11-19,4.78739369592989,7,advisor_summarized
2023-11-20,4.223883718850668,7,advisor_summarized
2023-11-21,4.021898132668631,7,advisor_summarized
2023-11-22,3.9131959890549015,7,advisor_summarized
2023-11-23,3.391196759143716,7,advisor_summarized
2023-11-24,3.0411853715753896,7,advisor_summarized
2023-11-25,2.8350567687248964,7,advisor_summarized
2023-11-26,5.104972583069628,7,advisor_summarized
2023-11-27,10.847670432461813,7,advisor_summarized
2023-11-28,9.259695143778808,7,advisor_summarized
2023-11-29,6.860837267350068,7,advisor_summarized
2023-11-30,5.649605520600204,7,advisor_summarized
2023-12-01,5.810462052215943,7,advisor_summarized
2023-12-02,6.286117322160493,7,advisor_summarized
2023-12-03,7.4708910236271064,7,advisor_summarized
2023-12-04,9.206367675443941,7,advisor_summarized
2023-12-05,8.494089586314855,7,advisor_summarized
2023-12-06,6.594958887362906,7,advisor_summarized
2023-12-07,4.908905325528156,7,advisor_summarized
2023-12-08,4.3220704861242725,7,advisor_summarized
2023-12-09,4.4971284150740916,7,advisor_summarized
2023-12-10,6.433723926061037,7,advisor_summarized
2023-12-11,19.949857176907216,7,advisor_summarized
2023-12-12,17.44241803481408,7,advisor_summarized
2023-12-13,15.551932810619718,7,advisor_summarized
2023-12-14,13.38019146502097,7,advisor_summarized
2023-12-15,12.657866947564182,7,advisor_summarized
2023-12-16,13.148443815272651,7,advisor_summarized
2023-12-17,944.6310241350376,7,advisor_summarized
2023-12-18,847.5101794286649,7,advisor_summarized
2023-12-19,682.9594298969314,7,advisor_summarized
2023-12-20,571.8549401731009,7,advisor_summarized
2023-12-21,469.1466681668822,7,advisor_summarized
2023-12-22,353.93630704536696,7,advisor_summarized
2023-12-23,250.5162685893089,7,advisor_summarized
2023-12-24,172.21279395765342,7,advisor_summarized
2023-12-25,136.50724342923965,7,advisor_summarized
2023-12-26,120.31972012136033,7,advisor_summarized
2023-12-27,96.69305689807855,7,advisor_summarized
2023-12-28,77.70158710295742,7,advisor_summarized
2023-12-29,64.38852323062962,7,advisor_summarized
2023-12-30,50.133178905702806,7,advisor_summarized
2023-12-31,41.21504448166975,7,advisor_summarized
2024-01-01,35.12425041265801,7,advisor_summarized
2024-01-02,30.60822076146756,7,advisor_summarized
2024-01-03,26.45697414908791,7,advisor_summarized
2024-01-04,23.56718819702775,7,advisor_summarized
2024-01-05,23.247349511806707,7,advisor_summarized
2024-01-06,35.57559874586917,7,advisor_summarized
2024-01-07,40.071115172666204,7,advisor_summarized
2024-01-08,31.143444069609007,7,advisor_summarized
2024-01-09,115.13851817334704,7,advisor_summarized
2024-01-10,304.82708928147434,7,advisor_summarized
2024-01-11,181.7398470654235,7,advisor_summarized
2024-01-12,143.5927281800201,7,advisor_summarized
2024-01-13,123.58219481879489,7,advisor_summarized
2024-01-14,89.28575710988956,7,advisor_summarized
2024-01-15,70.5665301280526,7,advisor_summarized
2024-01-16,71.23768710144158,7,advisor_summarized
2024-01-17,63.60929710016637,7,advisor_summarized
2024-01-18,49.41005797609745,7,advisor_summarized
2024-01-19,46.72483394472031,7,advisor_summarized
2024-01-20,40.6013913471094,7,advisor_summarized
2024-01-21,31.133217212154076,7,advisor_summarized
2024-01-22,26.839348647758783,7,advisor_summarized
2024-01-23,26.420372835908115,7,advisor_summarized
2024-01-24,26.179312768011968,7,advisor_summarized
2024-01-25,25.377316298133664,7,advisor_summarized
2024-01-26,119.324094188539,7,advisor_summarized
2024-01-27,128.51965663845644,7,advisor_summarized
2024-01-28,107.34890192889814,7,advisor_summarized
2024-01-29,78.5633489819119,7,advisor_summarized
2024-01-30,58.98156356664355,7,advisor_summarized
2024-01-31,47.744873703701124,7,advisor_summarized
2024-02-01,38.86595638207167,7,advisor_summarized
2024-02-02,33.08864885835778,7,advisor_summarized
2024-02-03,28.178521544339635,7,advisor_summarized
2024-02-04,29.59358811102335,7,advisor_summarized
2024-02-05,36.94534206405385,7,advisor_summarized
2024-02-06,31.95646740070544,7,advisor_summarized
2024-02-07,24.87102172132664,7,advisor_summarized
2024-02-08,21.1266997279198,7,advisor_summarized
2024-02-09,19.87786605203793,7,advisor_summarized
2024-02-10,18.672969799890225,7,advisor_summarized
2024-02-11,17.204859025680715,7,advisor_summarized
2024-02-12,16.78945958850721,7,advisor_summarized
2024-02-13,18.58467080587005,7,advisor_summarized
2024-02-14,14.477067979964348,7,advisor_summarized
2024-02-15,12.372400857971924,7,advisor_summarized
2024-02-16,11.82370262715174,7,advisor_summarized
2024-02-17,12.487782217550766,7,advisor_summarized
2024-02-18,74.11583116803568,7,advisor_summarized
2024-02-19,94.15889676869587,7,advisor_summarized
2024-02-20,66.94461660075568,7,advisor_summarized
2024-02-21,49.830364413690496,7,advisor_summarized
2024-02-22,38.34358541864261,7,advisor_summarized
2024-02-23,32.108164877563226,7,advisor_summarized
2024-02-24,29.11870140409108,7,advisor_summarized
2024-02-25,23.62369684023778,7,advisor_summarized
2024-02-26,18.924172826429984,7,advisor_summarized
2024-02-27,16.70149394831681,7,advisor_summarized
2024-02-28,14.9901137155645,7,advisor_summarized
2024-02-29,13.861928722676067,7,advisor_summarized
2024-03-01,11.952231522059918,7,advisor_summarized
2024-03-02,11.599359945579602,7,advisor_summarized
2024-03-03,93.96567375522106,7,advisor_summarized
2024-03-04,201.40328938548086,7,advisor_summarized
2024-03-05,133.97996461981086,7,advisor_summarized
2024-03-06,202.45375479313972,7,advisor_summarized
2024-03-07,140.1290183463955,7,advisor_summarized
2024-03-08,102.0125604061757,7,advisor_summarized
2024-03-09,87.21493190446172,7,advisor_summarized
2024-03-10,175.7009266386527,7,advisor_summarized
2024-03-11,111.18607195235994,7,advisor_summarized
2024-03-12,74.54333578956873,7,advisor_summarized
2024-03-13,56.01712306627265,7,advisor_summarized
2024-03-14,42.98189275240818,7,advisor_summarized
2024-03-15,33.405560547569124,7,advisor_summarized
2024-03-16,27.66692975822424,7,advisor_summarized
2024-03-17,23.132211993754783,7,advisor_summarized
2024-03-18,21.621685408105122,7,advisor_summarized
2024-03-19,18.059809591990675,7,advisor_summarized
2024-03-20,13.370882605753613,7,advisor_summarized
2024-03-21,12.33445227014969,7,advisor_summarized
2024-03-22,19.47700637004131,7,advisor_summarized
2024-03-23,41.15147477152018,7,advisor_summarized
2024-03-24,52.998862006114024,7,advisor_summarized
2024-03-25,35.91476610065207,7,advisor_summarized
2024-03-26,26.21893317345672,7,advisor_summarized
2024-03-27,24.942013802342846,7,advisor_summarized
2024-03-28,44.115324303079035,7,advisor_summarized
2024-03-29,34.582195457276484,7,advisor_summarized
2024-03-30,23.548336702045287,7,advisor_summarized
2024-03-31,18.391874102195544,7,advisor_summarized
2024-04-01,15.204679431923244,7,advisor_summarized
2024-04-02,12.643938841773993,7,advisor_summarized
2024-04-03,114.3082295965337,7,advisor_summarized
2024-04-04,194.8116111585484,7,advisor_summarized
2024-04-05,124.21515544581852,7,advisor_summarized
2024-04-06,86.94000259320153,7,advisor_summarized
2024-04-07,62.268989312019464,7,advisor_summarized
2024-04-08,44.69671067963358,7,advisor_summarized
2024-04-09,33.61907385171058,7,advisor_summarized
2024-04-10,25.634045292041126,7,advisor_summarized
2024-04-11,41.131391117428535,7,advisor_summarized
2024-04-12,51.351195467467114,7,advisor_summarized
2024-04-13,33.25997265607291,7,advisor_summarized
2024-04-14,22.5313602591071,7,advisor_summarized
2024-04-15,17.135555531226697,7,advisor_summarized
2024-04-16,13.235714715535435,7,advisor_summarized
2024-04-17,10.8445968829984,7,advisor_summarized
2024-04-18,8.213865310291576,7,advisor_summarized
2024-04-19,5.124929532229378,7,advisor_summarized
2024-04-20,3.744853630002978,7,advisor_summarized
2024-04-21,1.3780278528238803,7,advisor_summarized
2024-04-22,4.344698395253182,7,advisor_summarized
2024-04-23,7.871005649044143,7,advisor_summarized
2024-04-24,4.60786837729851,7,advisor_summarized
2024-04-25,2.7672853409959046,7,advisor_summarized
2024-04-26,2.6557574228370027,7,advisor_summarized
2024-04-27,4.562208134837015,7,advisor_summarized
2024-04-28,2.456590274989305,7,advisor_summarized
2024-04-29,0.58933446952805,7,advisor_summarized
2024-04-30,0.0591850573439944,7,advisor_summarized
2024-05-01,0.002671184783565209,7,advisor_summarized
2024-05-02,9.784019955220048e-9,7,advisor_summarized
2024-05-03,0,7,advisor_summarized
2024-05-04,0,7,advisor_summarized
2024-05-05,0,7,advisor_summarized
2024-05-06,0,7,advisor_summarized
2024-05-07,0,7,advisor_summarized
2024-05-08,0,7,advisor_summarized
2024-05-09,0,7,advisor_summarized
2024-05-10,0,7,advisor_summarized
2024-05-11,0,7,advisor_summarized
2024-05-12,0,7,advisor_summarized
2024-05-13,0,7,advisor_summarized
2024-05-14,0,7,advisor_summarized
2024-05-15,0,7,advisor_summarized
2024-05-16,0,7,advisor_summarized
2024-05-17,0,7,advisor_summarized
2024-05-18,3.236432002365475,7,advisor_summarized
2024-05-19,4.652260630105279,7,advisor_summarized
2024-05-20,7.83080613022824,7,advisor_summarized
2024-05-21,6.812612819550683,7,advisor_summarized
2024-05-22,2.410756867170211,7,advisor_summarized
2024-05-23,1.6426645488638785,7,advisor_summarized
2024-05-24,0.9418420538372251,7,advisor_summarized
2024-05-25,0.18327465981938806,7,advisor_summarized
2024-05-26,0.011604420056912377,7,advisor_summarized
2024-05-27,2.03404016521827e-5,7,advisor_summarized
2024-05-28,0,7,advisor_summarized
2024-05-29,0,7,advisor_summarized
2024-05-30,0,7,advisor_summarized
2024-05-31,0,7,advisor_summarized
2024-06-01,0,7,advisor_summarized
2024-06-02,0,7,advisor_summarized
2024-06-03,0,7,advisor_summarized
2024-06-04,0,7,advisor_summarized
2024-06-05,0,7,advisor_summarized
2024-06-06,0,7,advisor_summarized
2024-06-07,0,7,advisor_summarized
2024-06-08,0,7,advisor_summarized
2024-06-09,0,7,advisor_summarized
2024-06-10,0,7,advisor_summarized
2024-06-11,0,7,advisor_summarized
2024-06-12,0,7,advisor_summarized
2024-06-13,0,7,advisor_summarized
2024-06-14,0,7,advisor_summarized
2024-06-15,0,7,advisor_summarized
2024-06-16,0,7,advisor_summarized
2024-06-17,0,7,advisor_summarized
2024-06-18,0,7,advisor_summarized
2024-06-19,0,7,advisor_summarized
2024-06-20,0,7,advisor_summarized
2024-06-21,0,7,advisor_summarized
2024-06-22,0,7,advisor_summarized
2024-06-23,0,7,advisor_summarized
2024-06-24,0,7,advisor_summarized
2024-06-25,0,7,advisor_summarized
2024-06-26,0,7,advisor_summarized
2024-06-27,0,7,advisor_summarized
2024-06-28,0,7,advisor_summarized
2024-06-29,0,7,advisor_summarized
2024-06-30,1.7010671019347342e-6,7,advisor_summarized
2024-07-01,0.002648671549612259,7,advisor_summarized
2024-07-02,0.008778221894211182,7,advisor_summarized
2024-07-03,1.2555379947697037e-4,7,advisor_summarized
2024-07-04,0,7,advisor_summarized
2024-07-05,0,7,advisor_summarized
2024-07-06,0,7,advisor_summarized
2024-07-07,1.167225759342985e-7,7,advisor_summarized
2024-07-08,0.052715508196599016,7,advisor_summarized
2024-07-09,0.11129898926770894,7,advisor_summarized
2024-07-10,1.4979893285056132,7,advisor_summarized
2024-07-11,5.187341634868704,7,advisor_summarized
2024-07-12,3.3004927408384703,7,advisor_summarized
2024-07-13,2.729183968542571,7,advisor_summarized
2024-07-14,1.9320457858251971,7,advisor_summarized
2024-07-15,1.3336896721135778,7,advisor_summarized
2024-07-16,1.0885167160034774,7,advisor_summarized
2024-07-17,0.8105255154923844,7,advisor_summarized
2024-07-18,0.38357132741973804,7,advisor_summarized
2024-07-19,0.13056945534419848,7,advisor_summarized
2024-07-20,0.04720348822109,7,advisor_summarized
2024-07-21,0.006006335061394798,7,advisor_summarized
2024-07-22,6.133271733862627e-5,7,advisor_summarized
2024-07-23,0.02495940472074286,7,advisor_summarized
2024-07-24,0.8653445000158891,7,advisor_summarized
2024-07-25,6.811996695549045,7,advisor_summarized
2024-07-26,10.036799804316333,7,advisor_summarized
2024-07-27,12.95854174714776,7,advisor_summarized
2024-07-28,46.32629552561486,7,advisor_summarized
2024-07-29,59.20340427607729,7,advisor_summarized
2024-07-30,65.14065726149191,7,advisor_summarized
2024-07-31,46.12966762875788,7,advisor_summarized
2024-08-01,30.970260167024946,7,advisor_summarized
2024-08-02,53.231675581165945,7,advisor_summarized
2024-08-03,116.0881609649075,7,advisor_summarized
2024-08-04,96.17273451240648,7,advisor_summarized
2024-08-05,1399.7547441018298,7,advisor_summarized
2024-08-06,1084.5259631393797,7,advisor_summarized
2024-08-07,803.1631190587827,7,advisor_summarized
2024-08-08,701.8963521487667,7,advisor_summarized
2024-08-09,634.6229646961547,7,advisor_summarized
2024-08-10,579.6959734541249,7,advisor_summarized
2024-08-11,511.7405981777204,7,advisor_summarized
2024-08-12,442.9648015844625,7,advisor_summarized
2024-08-13,376.0550159454599,7,advisor_summarized
2024-08-14,280.9396657089488,7,advisor_summarized
2024-08-15,203.4057592892203,7,advisor_summarized
2024-08-16,149.28906893973445,7,advisor_summarized
2024-08-17,107.75220066406536,7,advisor_summarized
2024-08-18,81.93002621717024,7,advisor_summarized
2024-08-19,66.55658756173555,7,advisor_summarized
2024-08-20,56.20060331117231,7,advisor_summarized
2024-08-21,45.17162161267214,7,advisor_summarized
2024-08-22,37.72817935854268,7,advisor_summarized
2024-08-23,32.6994740465265,7,advisor_summarized
2024-08-24,31.172273804212807,7,advisor_summarized
2024-08-25,27.19700245633437,7,advisor_summarized
2024-08-26,30.327539362935486,7,advisor_summarized
2024-08-27,73.59077228945449,7,advisor_summarized
2024-08-28,68.00017039320043,7,advisor_summarized
2024-08-29,56.10964727279596,7,advisor_summarized
2024-08-30,49.3774647888151,7,advisor_summarized
2024-08-31,37.12725975114595,7,advisor_summarized
2024-09-01,28.82073339004663,7,advisor_summarized
2024-09-02,21.945702947560775,7,advisor_summarized
2024-09-03,17.320104767630962,7,advisor_summarized
2024-09-04,14.779315321813273,7,advisor_summarized
2024-09-05,14.476527780301238,7,advisor_summarized
2024-09-06,13.595795731258859,7,advisor_summarized
2024-09-07,13.193609892155429,7,advisor_summarized
2024-09-08,34.656336018339964,7,advisor_summarized
2024-09-09,63.17035578965809,7,advisor_summarized
2024-09-10,54.92799550478119,7,advisor_summarized
2024-09-11,52.79275094448525,7,advisor_summarized
2024-09-12,87.72552576176582,7,advisor_summarized
2024-09-13,139.95331446295188,7,advisor_summarized
2024-09-14,123.16380609948033,7,advisor_summarized
2024-09-15,100.30212289832683,7,advisor_summarized
2024-09-16,115.43548514948874,7,advisor_summarized
2024-09-17,88.13696586551121,7,advisor_summarized
2024-09-18,71.48663889115771,7,advisor_summarized
2024-09-19,75.7545795838383,7,advisor_summarized
2024-09-20,63.342742503611355,7,advisor_summarized
2024-09-21,51.133909784479776,7,advisor_summarized
2024-09-22,41.38794916084146,7,advisor_summarized
2024-09-23,33.79337370475193,7,advisor_summarized
2024-09-24,29.177211989826404,7,advisor_summarized
2024-09-25,24.00473327794204,7,advisor_summarized
2024-09-26,24.204924235689294,7,advisor_summarized
2024-09-27,75.03006924548241,7,advisor_summarized
2024-09-28,66.1296791036558,7,advisor_summarized
2024-09-29,52.976929449338826,7,advisor_summarized
2024-09-30,40.00882762638833,7,advisor_summarized
2024-10-01,52.479579117411625,7,advisor_summarized
2024-10-02,44.004355746420885,7,advisor_summarized
2024-10-03,35.32258240219253,7,advisor_summarized
2024-10-04,29.729016387050937,7,advisor_summarized
2024-10-05,26.466581753276632,7,advisor_summarized
2024-10-06,62.364979955993505,7,advisor_summarized
2024-10-07,117.46993332666814,7,advisor_summarized
2024-10-08,103.0402916058888,7,advisor_summarized
2024-10-09,134.30403471824357,7,advisor_summarized
2024-10-10,388.68405403361675,7,advisor_summarized
2024-10-11,291.20163816397934,7,advisor_summarized
2024-10-12,199.13222953288152,7,advisor_summarized
2024-10-13,146.06632749443074,7,advisor_summarized
2024-10-14,106.79660499891004,7,advisor_summarized
2024-10-15,83.99834942770796,7,advisor_summarized
2024-10-16,66.44420287016825,7,advisor_summarized
2024-10-17,51.02920482473533,7,advisor_summarized
2024-10-18,41.04198002822814,7,advisor_summarized
2024-10-19,36.64904896231003,7,advisor_summarized
2024-10-20,31.84634361207156,7,advisor_summarized
2024-10-21,27.336302770427423,7,advisor_summarized
2024-10-22,25.12431320055816,7,advisor_summarized
2024-10-23,22.136325038130853,7,advisor_summarized
2024-10-24,19.254946404070385,7,advisor_summarized
2024-10-25,16.59822373247375,7,advisor_summarized
2024-10-26,14.33719093800867,7,advisor_summarized
2024-10-27,12.209052735833028,7,advisor_summarized
2024-10-28,11.246752967498537,7,advisor_summarized
2024-10-29,10.113567924542407,7,advisor_summarized
2024-10-30,9.549834476921513,7,advisor_summarized
2024-10-31,8.412051405585633,7,advisor_summarized
2024-11-01,7.069125123434696,7,advisor_summarized
2024-11-02,6.429862839729696,7,advisor_summarized
2024-11-03,5.989842867366279,7,advisor_summarized
2024-11-04,5.494822575485407,7,advisor_summarized
2024-11-05,5.190722522134962,7,advisor_summarized
2024-11-06,4.8329450679176915,7,advisor_summarized
2024-11-07,5.361331719402936,7,advisor_summarized
2024-11-08,5.5112393397739465,7,advisor_summarized
2024-11-09,5.257421317280559,7,advisor_summarized
2024-11-10,6.0562413501260854,7,advisor_summarized
2024-11-11,6.736746443593084,7,advisor_summarized
2024-11-12,6.885529707815294,7,advisor_summarized
2024-11-13,6.34850628241069,7,advisor_summarized
2024-11-14,5.236140256287868,7,advisor_summarized
2024-11-15,4.36359333117148,7,advisor_summarized
2024-11-16,3.11759088185495,7,advisor_summarized
2024-11-17,2.122677219076978,7,advisor_summarized
2024-11-18,1.7148049640348162,7,advisor_summarized
2024-11-19,1.3149776662793553,7,advisor_summarized
2024-11-20,1.3621955024094385,7,advisor_summarized
2024-11-21,1.0533567316430197,7,advisor_summarized
2024-11-22,0.4388785274225755,7,advisor_summarized
2024-11-23,0.19468300328740043,7,advisor_summarized
2024-11-24,0.12765124991231114,7,advisor_summarized
2024-11-25,0.07640960420538939,7,advisor_summarized
2024-11-26,0.024249408292123634,7,advisor_summarized
2024-11-27,0.009717880407894649,7,advisor_summarized
2024-11-28,0.0016234245584234074,7,advisor_summarized
2024-11-29,1.3523973310430892e-4,7,advisor_summarized
2024-11-30,0,7,advisor_summarized
2024-12-01,0,7,advisor_summarized
2024-12-02,0,7,advisor_summarized
2024-12-03,0,7,advisor_summarized
2024-12-04,0,7,advisor_summarized
2024-12-05,0,7,advisor_summarized
2024-12-06,0,7,advisor_summarized
2024-12-07,0,7,advisor_summarized
2024-12-08,0,7,advisor_summarized
2024-12-09,0,7,advisor_summarized
2024-12-10,0,7,advisor_summarized
2024-12-11,0,7,advisor_summarized
2024-12-12,0,7,advisor_summarized
2024-12-13,0,7,advisor_summarized
2024-12-14,0,7,advisor_summarized
2024-12-15,0,7,advisor_summarized
2024-12-16,0,7,advisor_summarized
2024-12-17,0,7,advisor_summarized
2024-12-18,0,7,advisor_summarized
2024-12-19,0,7,advisor_summarized
2024-12-20,0,7,advisor_summarized
2024-12-21,0,7,advisor_summarized
2024-12-22,0,7,advisor_summarized
2024-12-23,0,7,advisor_summarized
2024-12-24,0,7,advisor_summarized
2024-12-25,0,7,advisor_summarized
2024-12-26,0,7,advisor_summarized
2024-12-27,0,7,advisor_summarized
2024-12-28,0,7,advisor_summarized
2024-12-29,0,7,advisor_summarized
2024-12-30,0,7,advisor_summarized
2024-12-31,0,7,advisor_summarized
2025-01-01,0,7,advisor_summarized
2025-01-02,0,7,advisor_summarized
2025-01-03,0,7,advisor_summarized
2025-01-04,0,7,advisor_summarized
2025-01-05,0,7,advisor_summarized
2025-01-06,0,7,advisor_summarized
2025-01-07,0,7,advisor_summarized
2025-01-08,0,7,advisor_summarized
2025-01-09,0,7,advisor_summarized
2025-01-10,0,7,advisor_summarized
2025-01-11,0,7,advisor_summarized
2025-01-12,0,7,advisor_summarized
2025-01-13,0,7,advisor_summarized
2025-01-14,0,7,advisor_summarized
2025-01-15,0,7,advisor_summarized
2025-01-16,0,7,advisor_summarized
2025-01-17,0,7,advisor_summarized
2025-01-18,0,7,advisor_summarized
2025-01-19,55.83439526298236,7,advisor_summarized
2025-01-20,42.70873978398686,7,advisor_summarized
2025-01-21,32.31838087093028,7,advisor_summarized
2025-01-22,185.72060765024116,7,advisor_summarized
2025-01-23,149.30959845535352,7,advisor_summarized
2025-01-24,111.81496562765847,7,advisor_summarized
2025-01-25,88.37089850511934,7,advisor_summarized
2025-01-26,75.24075955911299,7,advisor_summarized
2025-01-27,68.08783344580029,7,advisor_summarized
2025-01-28,65.54787874235785,7,advisor_summarized
2025-01-29,54.517673350494825,7,advisor_summarized
2025-01-30,48.252310365050356,7,advisor_summarized
2025-01-31,43.2553711652508,7,advisor_summarized
2025-02-01,40.897000736011115,7,advisor_summarized
2025-02-02,33.93634383087214,7,advisor_summarized
2025-02-03,30.96568296844453,7,advisor_summarized
2025-02-04,28.428260368947107,7,advisor_summarized
2025-02-05,24.023632667325142,7,advisor_summarized
2025-02-06,20.91079514136241,7,advisor_summarized
2025-02-07,18.301258584307842,7,advisor_summarized
2025-02-08,16.062828406208826,7,advisor_summarized
2025-02-09,13.822374112225377,7,advisor_summarized
2025-02-10,12.365979616657595,7,advisor_summarized
2025-02-11,11.917615135202501,7,advisor_summarized
2025-02-12,10.755450388251711,7,advisor_summarized
2025-02-13,11.240971004062141,7,advisor_summarized
2025-02-14,21.430009085962595,7,advisor_summarized
2025-02-15,19.6454529852572,7,advisor_summarized
2025-02-16,19.72972697890425,7,advisor_summarized
2025-02-17,20.751440909107306,7,advisor_summarized
2025-02-18,14.541426057878239,7,advisor_summarized
2025-02-19,29.63852513893463,7,advisor_summarized
2025-02-20,51.04496863030099,7,advisor_summarized
2025-02-21,35.25668043396577,7,advisor_summarized
2025-02-22,27.348350790986586,7,advisor_summarized
2025-02-23,24.772910926724155,7,advisor_summarized
2025-02-24,33.808752397319246,7,advisor_summarized
2025-02-25,51.81457795479008,7,advisor_summarized
2025-02-26,45.67339961811359,7,advisor_summarized
2025-02-27,35.69683459529251,7,advisor_summarized
2025-02-28,29.048142553398264,7,advisor_summarized
2025-03-01,21.829341612303892,7,advisor_summarized
2025-03-02,17.73808209866441,7,advisor_summarized
2025-03-03,12.619925253563409,7,advisor_summarized
2025-03-04,10.955650452949522,7,advisor_summarized
2025-03-05,11.68448681979118,7,advisor_summarized
2025-03-06,12.253733151462496,7,advisor_summarized
2025-03-07,8.5809137498778,7,advisor_summarized
2025-03-08,7.654561539531475,7,advisor_summarized
2025-03-09,27.986715152862434,7,advisor_summarized
2025-03-10,252.83261769122737,7,advisor_summarized
2025-03-11,217.24323730914912,7,advisor_summarized
2025-03-12,157.9675265848581,7,advisor_summarized
2025-03-13,127.1781179543325,7,advisor_summarized
2025-03-14,107.423594896573,7,advisor_summarized
2025-03-15,92.17118161419423,7,advisor_summarized
2025-03-16,92.19578893916436,7,advisor_summarized
2025-03-17,104.88576129519872,7,advisor_summarized
2025-03-18,79.20548620061687,7,advisor_summarized
2025-03-19,65.32272361790695,7,advisor_summarized
2025-03-20,55.00861171599229,7,advisor_summarized
2025-03-21,42.77846413947156,7,advisor_summarized
2025-03-22,32.973157021267944,7,advisor_summarized
2025-03-23,27.47761554509063,7,advisor_summarized
2025-03-24,24.128813239072347,7,advisor_summarized
2025-03-25,22.14807294088882,7,advisor_summarized
2025-03-26,19.382378725746012,7,advisor_summarized
2025-03-27,16.88451025595644,7,advisor_summarized
2025-03-28,13.798164239311012,7,advisor_summarized
2025-03-29,12.040205597029987,7,advisor_summarized
2025-03-30,49.98197738427433,7,advisor_summarized
2025-03-31,122.54233182503907,7,advisor_summarized
2025-04-01,97.53872210147796,7,advisor_summarized
2025-04-02,80.58080406077421,7,advisor_summarized
2025-04-03,64.01623263486545,7,advisor_summarized
2025-04-04,49.01024658932224,7,advisor_summarized
2025-04-05,37.55446514617892,7,advisor_summarized
2025-04-06,28.73213011383768,7,advisor_summarized
2025-04-07,23.039614163858786,7,advisor_summarized
2025-04-08,21.816890090351894,7,advisor_summarized
2025-04-09,17.19765451238632,7,advisor_summarized
2025-04-10,13.830795629689996,7,advisor_summarized
2025-04-11,13.825379980629739,7,advisor_summarized
2025-04-12,31.328297343092796,7,advisor_summarized
2025-04-13,26.514034082461233,7,advisor_summarized
2025-04-14,19.074954212826135,7,advisor_summarized
2025-04-15,15.469620044156665,7,advisor_summarized
2025-04-16,13.789096945459642,7,advisor_summarized
2025-04-17,13.61974767969788,7,computed_RC
2025-04-18,11.383948398315027,7,computed_RC
2025-04-19,10.049301121573755,7,computed_RC
2025-04-20,8.672075692356678,7,computed_RC
2025-04-21,7.589304028638923,7,computed_RC
2025-04-22,6.992557426727071,7,computed_RC
2025-04-23,6.426592538852999,7,computed_RC
2025-04-24,5.776142742617096,7,computed_RC
2025-04-25,4.753697664541313,7,computed_RC
2025-04-26,3.5547922107196483,7,computed_RC
2025-04-27,2.1983340160620086,7,computed_RC
2025-04-28,1.8014237001954496,7,computed_RC
2025-04-29,3.510084815488965,7,computed_RC
2025-04-30,2.536696939745704,7,computed_RC
2025-05-01,1.359693481693852,7,computed_RC
2025-05-02,0.6564741194290954,7,computed_RC
2025-05-03,0.20881663486417662,7,computed_RC
2025-05-04,0.24516801580827235,7,computed_RC
2025-05-05,0.16915638582838385,7,computed_RC
2025-05-12,0.11578927202027929,7,computed_RC
2025-05-13,3.446723149039637,7,computed_RC
2025-05-14,2.772403983709117,7,computed_RC
2025-05-15,2.2215777263320993,7,computed_RC
2025-05-16,1.645310015572065,7,computed_RC
2025-05-17,0.6839131391035224,7,computed_RC
2025-05-18,0.4161420370269647,7,computed_RC
2025-05-19,0.17147319598303962,7,computed_RC
2025-07-24,37.65200510063416,7,computed_RC
2025-07-25,20.671887782195018,7,computed_RC
2025-07-26,16.95294832522801,7,computed_RC
2025-07-27,14.845201496901899,7,computed_RC
2025-07-28,13.26581502147982,7,computed_RC
2025-07-29,10.217454391063985,7,computed_RC
2025-07-30,7.378713597824467,7,computed_RC
2025-07-31,2.6292087003857714,7,computed_RC
2025-08-01,0.6620878900209743,7,computed_RC
2025-08-02,1.29975650254103,7,computed_RC
2025-08-03,7.376153198225961,7,computed_RC
2025-08-04,12.426063494303005,7,computed_RC
2025-08-05,17.192057163970983,7,computed_RC
2025-08-06,23.925576952527386,7,computed_RC
2025-08-07,45.23256578518841,7,computed_RC
2025-08-08,51.16381502059264,7,computed_RC
2025-08-09,52.511896451639835,7,computed_RC
2025-08-10,50.565629586386336,7,computed_RC
2025-08-11,42.05999179337499,7,computed_RC
2025-08-12,28.14693789896908,7,computed_RC
2025-08-13,17.30832862347601,7,computed_RC
2025-08-14,8.730304398016095,7,computed_RC
2025-08-15,2.636316081310581,7,computed_RC
2025-08-16,0.8864168626705089,7,computed_RC
2025-08-17,0.2895579782260911,7,computed_RC
2021-04-01,226.88762255665296,9,advisor_summarized
2021-04-02,174.66258491187466,9,advisor_summarized
2021-04-03,138.6400573412313,9,advisor_summarized
2021-04-04,112.83054184370691,9,advisor_summarized
2021-04-05,93.18285998170975,9,advisor_summarized
2021-04-06,77.70169789621757,9,advisor_summarized
2021-04-07,66.05876031548134,9,advisor_summarized
2021-04-08,57.39921092876714,9,advisor_summarized
2021-04-09,50.42083807508375,9,advisor_summarized
2021-04-10,46.465410415950515,9,advisor_summarized
2021-04-11,80.89339480201131,9,advisor_summarized
2021-04-12,135.60912958656675,9,advisor_summarized
2021-04-13,89.57806877833238,9,advisor_summarized
2021-04-14,68.1339278779453,9,advisor_summarized
2021-04-15,58.28616238600047,9,advisor_summarized
2021-04-16,87.70350317134772,9,advisor_summarized
2021-04-17,131.84508362634946,9,advisor_summarized
2021-04-18,226.67502754066132,9,advisor_summarized
2021-04-19,310.3088055346241,9,advisor_summarized
2021-04-20,279.2052619004076,9,advisor_summarized
2021-04-21,244.3816228315665,9,advisor_summarized
2021-04-22,214.0119506667178,9,advisor_summarized
2021-04-23,191.42638347550124,9,advisor_summarized
2021-04-24,170.30581255412872,9,advisor_summarized
2021-04-25,175.07572707552072,9,advisor_summarized
2021-04-26,152.3032327093695,9,advisor_summarized
2021-04-27,118.44441147817861,9,advisor_summarized
2021-04-28,94.79324171218542,9,advisor_summarized
2021-04-29,76.07063212913094,9,advisor_summarized
2021-04-30,62.21579165039743,9,advisor_summarized
2021-05-01,52.86174589436879,9,advisor_summarized
2021-05-02,47.27374623984625,9,advisor_summarized
2021-05-03,41.28008422966787,9,advisor_summarized
2021-05-04,36.03337025697646,9,advisor_summarized
2021-05-05,32.07206282557823,9,advisor_summarized
2021-05-06,35.45985679099089,9,advisor_summarized
2021-05-07,42.488718952997246,9,advisor_summarized
2021-05-08,32.89304367968355,9,advisor_summarized
2021-05-09,27.534847352224816,9,advisor_summarized
2021-05-10,23.772861299450906,9,advisor_summarized
2021-05-11,22.633394734164956,9,advisor_summarized
2021-05-12,22.986089014998907,9,advisor_summarized
2021-05-13,20.73487316672847,9,advisor_summarized
2021-05-14,19.297927323411844,9,advisor_summarized
2021-05-15,17.717583298102948,9,advisor_summarized
2021-05-16,15.984314575787229,9,advisor_summarized
2021-05-17,13.709239765192153,9,advisor_summarized
2021-05-18,11.60574039034775,9,advisor_summarized
2021-05-19,10.217783973489594,9,advisor_summarized
2021-05-20,8.858683333104759,9,advisor_summarized
2021-05-21,7.909432161503126,9,advisor_summarized
2021-05-22,7.103630788030185,9,advisor_summarized
2021-05-23,5.973442881636039,9,advisor_summarized
2021-05-24,4.897220892194362,9,advisor_summarized
2021-05-25,4.126952347661041,9,advisor_summarized
2021-05-26,3.6561469244253844,9,advisor_summarized
2021-05-27,2.8667863000769374,9,advisor_summarized
2021-05-28,2.3748935855202316,9,advisor_summarized
2021-05-29,1.5087454528103166,9,advisor_summarized
2021-05-30,1.0579115974450162,9,advisor_summarized
2021-05-31,0.8774713375703712,9,advisor_summarized
2021-06-01,0.6081700391479875,9,advisor_summarized
2021-06-02,0.22644601189306532,9,advisor_summarized
2021-06-03,1.7049236117584579,9,advisor_summarized
2021-06-04,1.4969814840872513,9,advisor_summarized
2021-06-05,0.6183575321489224,9,advisor_summarized
2021-06-06,0.20741793234744518,9,advisor_summarized
2021-06-07,0.8236839378711406,9,advisor_summarized
2021-06-08,0.9447654838602414,9,advisor_summarized
2021-06-09,0.32289531531751686,9,advisor_summarized
2021-06-10,0.1831946280394193,9,advisor_summarized
2021-06-11,0,9,advisor_summarized
2021-06-12,0,9,advisor_summarized
2021-06-13,1.1946666105013979,9,advisor_summarized
2021-06-14,3.793929514637974,9,advisor_summarized
2021-06-15,3.9922081425816422,9,advisor_summarized
2021-06-16,14.419743971816459,9,advisor_summarized
2021-06-17,8.73515095597939,9,advisor_summarized
2021-06-18,6.352277585871978,9,advisor_summarized
2021-06-19,5.706108425298552,9,advisor_summarized
2021-06-20,14.653976075757646,9,advisor_summarized
2021-06-21,22.84492008970669,9,advisor_summarized
2021-06-22,84.35851778933568,9,advisor_summarized
2021-06-23,177.52062976131273,9,advisor_summarized
2021-06-24,260.70941593842934,9,advisor_summarized
2021-06-25,467.2475095651509,9,advisor_summarized
2021-06-26,521.2517709444882,9,advisor_summarized
2021-06-27,557.4125085666707,9,advisor_summarized
2021-06-28,523.1684184145421,9,advisor_summarized
2021-06-29,522.0371455007125,9,advisor_summarized
2021-06-30,503.5512057034858,9,advisor_summarized
2021-07-01,464.47382348660466,9,advisor_summarized
2021-07-02,420.82646777761255,9,advisor_summarized
2021-07-03,405.1784725658656,9,advisor_summarized
2021-07-04,361.01888443408416,9,advisor_summarized
2021-07-05,323.1176624966665,9,advisor_summarized
2021-07-06,287.34767628613787,9,advisor_summarized
2021-07-07,599.675278879289,9,advisor_summarized
2021-07-08,886.726441613171,9,advisor_summarized
2021-07-09,963.3650435084277,9,advisor_summarized
2021-07-10,919.449528375686,9,advisor_summarized
2021-07-11,881.6289145299578,9,advisor_summarized
2021-07-12,818.1242583000545,9,advisor_summarized
2021-07-13,731.9085549058706,9,advisor_summarized
2021-07-14,637.6041939345262,9,advisor_summarized
2021-07-15,540.6503556620419,9,advisor_summarized
2021-07-16,456.6757363388724,9,advisor_summarized
2021-07-17,394.66174223989907,9,advisor_summarized
2021-07-18,332.66477475449955,9,advisor_summarized
2021-07-19,273.94644623980656,9,advisor_summarized
2021-07-20,242.82478014355,9,advisor_summarized
2021-07-21,206.03341817656482,9,advisor_summarized
2021-07-22,190.9360703711053,9,advisor_summarized
2021-07-23,174.71872801412636,9,advisor_summarized
2021-07-24,160.1004070637462,9,advisor_summarized
2021-07-25,137.01189916625898,9,advisor_summarized
2021-07-26,123.18222036003941,9,advisor_summarized
2021-07-27,148.22572192792265,9,advisor_summarized
2021-07-28,254.782372248613,9,advisor_summarized
2021-07-29,325.5942435316169,9,advisor_summarized
2021-07-30,269.26990273616343,9,advisor_summarized
2021-07-31,268.20934933930295,9,advisor_summarized
2021-08-01,206.17271833381687,9,advisor_summarized
2021-08-02,170.42681978218616,9,advisor_summarized
2021-08-03,215.0179676798028,9,advisor_summarized
2021-08-04,207.0015689251037,9,advisor_summarized
2021-08-05,228.72358013212295,9,advisor_summarized
2021-08-06,268.44907929012663,9,advisor_summarized
2021-08-07,238.692440067633,9,advisor_summarized
2021-08-08,216.45879460361212,9,advisor_summarized
2021-08-09,181.6123362887777,9,advisor_summarized
2021-08-10,163.3414330281671,9,advisor_summarized
2021-08-11,176.35870725228463,9,advisor_summarized
2021-08-12,149.11338595793302,9,advisor_summarized
2021-08-13,127.83574684321793,9,advisor_summarized
2021-08-14,116.8818935416853,9,advisor_summarized
2021-08-15,110.12241374154752,9,advisor_summarized
2021-08-16,99.8471167383649,9,advisor_summarized
2021-08-17,94.75329012866843,9,advisor_summarized
2021-08-18,88.40583936281773,9,advisor_summarized
2021-08-19,79.29842048947967,9,advisor_summarized
2021-08-20,86.51863489399392,9,advisor_summarized
2021-08-21,77.44975146515553,9,advisor_summarized
2021-08-22,71.78845779619341,9,advisor_summarized
2021-08-23,88.11780246165758,9,advisor_summarized
2021-08-24,89.18597295622908,9,advisor_summarized
2021-08-25,113.75923121333642,9,advisor_summarized
2021-08-26,106.64386487496908,9,advisor_summarized
2021-08-27,98.66229259303653,9,advisor_summarized
2021-08-28,89.57464111342007,9,advisor_summarized
2021-08-29,81.45542537209879,9,advisor_summarized
2021-08-30,72.51175639938569,9,advisor_summarized
2021-08-31,64.42385549053564,9,advisor_summarized
2021-09-01,84.79610968429708,9,advisor_summarized
2021-09-02,100.98737051462693,9,advisor_summarized
2021-09-03,84.90289659070636,9,advisor_summarized
2021-09-04,72.4421970876372,9,advisor_summarized
2021-09-05,62.73671429230115,9,advisor_summarized
2021-09-06,56.50817540758311,9,advisor_summarized
2021-09-07,57.39925517893283,9,advisor_summarized
2021-09-08,64.1753088008833,9,advisor_summarized
2021-09-09,88.78091669233312,9,advisor_summarized
2021-09-10,77.48992041159399,9,advisor_summarized
2021-09-11,66.24028134009569,9,advisor_summarized
2021-09-12,58.293042930554115,9,advisor_summarized
2021-09-13,44.63428840826774,9,advisor_summarized
2021-09-14,31.94642005307465,9,advisor_summarized
2021-09-15,44.6905741753713,9,advisor_summarized
2021-09-16,57.13729761113215,9,advisor_summarized
2021-09-17,147.0015458878891,9,advisor_summarized
2021-09-18,152.45977986956737,9,advisor_summarized
2021-09-19,209.71749326246865,9,advisor_summarized
2021-09-20,297.0780554003655,9,advisor_summarized
2021-09-21,440.4312515896639,9,advisor_summarized
2021-09-22,433.3486416367094,9,advisor_summarized
2021-09-23,351.0843993224951,9,advisor_summarized
2021-09-24,308.59830526282127,9,advisor_summarized
2021-09-25,262.2344152909965,9,advisor_summarized
2021-09-26,232.01243877146078,9,advisor_summarized
2021-09-27,207.5051760698045,9,advisor_summarized
2021-09-28,188.16247708576597,9,advisor_summarized
2021-09-29,167.51821406000727,9,advisor_summarized
2021-09-30,147.36820273112997,9,advisor_summarized
2021-10-01,126.37997674736978,9,advisor_summarized
2021-10-02,107.5814478687672,9,advisor_summarized
2021-10-03,91.46672748780061,9,advisor_summarized
2021-10-04,75.69560373892608,9,advisor_summarized
2021-10-05,64.280112745666,9,advisor_summarized
2021-10-06,77.80789849013499,9,advisor_summarized
2021-10-07,75.61447102266649,9,advisor_summarized
2021-10-08,67.7961707929614,9,advisor_summarized
2021-10-09,61.367268474259134,9,advisor_summarized
2021-10-10,53.71208273173008,9,advisor_summarized
2021-10-11,47.667985527383685,9,advisor_summarized
2021-10-12,42.589428627504965,9,advisor_summarized
2021-10-13,39.48304031814611,9,advisor_summarized
2021-10-14,38.76245529507905,9,advisor_summarized
2021-10-15,34.43041629556139,9,advisor_summarized
2021-10-16,30.6794655023149,9,advisor_summarized
2021-10-17,26.66582805126319,9,advisor_summarized
2021-10-18,24.908489217922405,9,advisor_summarized
2021-10-19,23.92626747605162,9,advisor_summarized
2021-10-20,21.847148186442354,9,advisor_summarized
2021-10-21,19.32807927008216,9,advisor_summarized
2021-10-22,17.85320264546667,9,advisor_summarized
2021-10-23,16.773744077454428,9,advisor_summarized
2021-10-24,15.154007377097171,9,advisor_summarized
2021-10-25,14.287793411404124,9,advisor_summarized
2021-10-26,12.540643332763919,9,advisor_summarized
2021-10-27,11.211201337383713,9,advisor_summarized
2021-10-28,24.968282336770148,9,advisor_summarized
2021-10-29,31.055833394635844,9,advisor_summarized
2021-10-30,24.646488286149292,9,advisor_summarized
2021-10-31,20.328817263122655,9,advisor_summarized
2021-11-01,18.363743183417434,9,advisor_summarized
2021-11-02,17.299342645193292,9,advisor_summarized
2021-11-03,15.688368939896014,9,advisor_summarized
2021-11-04,14.224659318051415,9,advisor_summarized
2021-11-05,14.952684249859885,9,advisor_summarized
2021-11-06,186.59413369455754,9,advisor_summarized
2021-11-07,240.37234274076025,9,advisor_summarized
2021-11-08,213.6176006847431,9,advisor_summarized
2021-11-09,180.70019278992845,9,advisor_summarized
2021-11-10,150.91035990422995,9,advisor_summarized
2021-11-11,126.24263249248708,9,advisor_summarized
2021-11-12,105.341786934416,9,advisor_summarized
2021-11-13,90.42307925210737,9,advisor_summarized
2021-11-14,76.51911490088663,9,advisor_summarized
2021-11-15,65.77901548659365,9,advisor_summarized
2021-11-16,57.31165431440015,9,advisor_summarized
2021-11-17,51.31994456819823,9,advisor_summarized
2021-11-18,47.850147803045566,9,advisor_summarized
2021-11-19,44.67192264038357,9,advisor_summarized
2021-11-20,39.74417795452603,9,advisor_summarized
2021-11-21,37.671949439820175,9,advisor_summarized
2021-11-22,35.55527274140352,9,advisor_summarized
2021-11-23,33.11537552172992,9,advisor_summarized
2021-11-24,31.215998900599274,9,advisor_summarized
2021-11-25,29.52481877225297,9,advisor_summarized
2021-11-26,28.510747177015812,9,advisor_summarized
2021-11-27,27.01084777944384,9,advisor_summarized
2021-11-28,25.87516288467077,9,advisor_summarized
2021-11-29,24.848048759496137,9,advisor_summarized
2021-11-30,23.736088414468586,9,advisor_summarized
2021-12-01,22.905990804744963,9,advisor_summarized
2021-12-02,21.757903183095646,9,advisor_summarized
2021-12-03,20.847164307350337,9,advisor_summarized
2021-12-04,20.688012199770075,9,advisor_summarized
2021-12-05,19.924835883644867,9,advisor_summarized
2021-12-06,19.033451494799007,9,advisor_summarized
2021-12-07,18.772266003469127,9,advisor_summarized
2021-12-08,20.268112308569425,9,advisor_summarized
2021-12-09,43.19858078009357,9,advisor_summarized
2021-12-10,39.09170812351244,9,advisor_summarized
2021-12-11,33.251853312888976,9,advisor_summarized
2021-12-12,32.553637620974044,9,advisor_summarized
2021-12-13,32.873062057904,9,advisor_summarized
2021-12-14,30.37195210367933,9,advisor_summarized
2021-12-15,29.2910517556995,9,advisor_summarized
2021-12-16,29.903171037865025,9,advisor_summarized
2021-12-17,29.7391160253085,9,advisor_summarized
2021-12-18,27.263929772340656,9,advisor_summarized
2021-12-19,29.54299031344698,9,advisor_summarized
2021-12-20,37.52718304815612,9,advisor_summarized
2021-12-21,82.90196741580588,9,advisor_summarized
2021-12-22,145.8718841797094,9,advisor_summarized
2021-12-23,129.90538286687183,9,advisor_summarized
2021-12-24,118.4812760959194,9,advisor_summarized
2021-12-25,112.5090554826008,9,advisor_summarized
2021-12-26,108.51774623380642,9,advisor_summarized
2021-12-27,102.86627219361792,9,advisor_summarized
2021-12-28,96.2551083060983,9,advisor_summarized
2021-12-29,85.99955227228988,9,advisor_summarized
2021-12-30,76.78679843060802,9,advisor_summarized
2021-12-31,69.70151473789359,9,advisor_summarized
2022-01-01,64.63746877367014,9,advisor_summarized
2022-01-02,59.063244019257574,9,advisor_summarized
2022-01-03,54.183765760518604,9,advisor_summarized
2022-01-04,51.753983397815425,9,advisor_summarized
2022-01-05,49.02432514021799,9,advisor_summarized
2022-01-06,46.61260504921868,9,advisor_summarized
2022-01-07,43.294848229596404,9,advisor_summarized
2022-01-08,40.527502896932724,9,advisor_summarized
2022-01-09,38.58836685989293,9,advisor_summarized
2022-01-10,35.66850267453549,9,advisor_summarized
2022-01-11,33.9712281549262,9,advisor_summarized
2022-01-12,32.70043858726872,9,advisor_summarized
2022-01-13,30.295922785556982,9,advisor_summarized
2022-01-14,28.524863587837682,9,advisor_summarized
2022-01-15,27.37230465273134,9,advisor_summarized
2022-01-16,41.80973978335238,9,advisor_summarized
2022-01-17,52.684183752085026,9,advisor_summarized
2022-01-18,44.65958768744423,9,advisor_summarized
2022-01-19,39.37697041680806,9,advisor_summarized
2022-01-20,35.70068332153756,9,advisor_summarized
2022-01-21,33.287679448915334,9,advisor_summarized
2022-01-22,32.50664025915567,9,advisor_summarized
2022-01-23,31.298447786561265,9,advisor_summarized
2022-01-24,29.50739298641628,9,advisor_summarized
2022-01-25,28.397727731199414,9,advisor_summarized
2022-01-26,27.821079603992146,9,advisor_summarized
2022-01-27,28.10538184163234,9,advisor_summarized
2022-01-28,49.54309179974482,9,advisor_summarized
2022-01-29,28.11341910458059,9,advisor_summarized
2022-01-30,27.295199954880474,9,advisor_summarized
2022-01-31,26.606918989859654,9,advisor_summarized
2022-02-01,25.398031949067416,9,advisor_summarized
2022-02-02,24.45053313297906,9,advisor_summarized
2022-02-03,24.064630917663465,9,advisor_summarized
2022-02-04,22.367026266454587,9,advisor_summarized
2022-02-05,23.76175241021241,9,advisor_summarized
2022-02-06,24.07107766870091,9,advisor_summarized
2022-02-07,24.070613510882282,9,advisor_summarized
2022-02-08,34.56084248188551,9,advisor_summarized
2022-02-09,43.87769078986556,9,advisor_summarized
2022-02-10,36.910049012166176,9,advisor_summarized
2022-02-11,32.94412002421874,9,advisor_summarized
2022-02-12,30.307059672313613,9,advisor_summarized
2022-02-13,30.13744560676204,9,advisor_summarized
2022-02-14,28.42755972799822,9,advisor_summarized
2022-02-15,27.15052836072908,9,advisor_summarized
2022-02-16,26.670042627870718,9,advisor_summarized
2022-02-17,26.076447241040757,9,advisor_summarized
2022-02-18,24.768804894566376,9,advisor_summarized
2022-02-19,22.376873318326535,9,advisor_summarized
2022-02-20,21.41391541030656,9,advisor_summarized
2022-02-21,21.229076848141673,9,advisor_summarized
2022-02-22,20.079214064388143,9,advisor_summarized
2022-02-23,19.32602042973161,9,advisor_summarized
2022-02-24,18.47850687049689,9,advisor_summarized
2022-02-25,17.364198673602065,9,advisor_summarized
2022-02-26,16.67990299331762,9,advisor_summarized
2022-02-27,15.91047193179891,9,advisor_summarized
2022-02-28,15.001054686849265,9,advisor_summarized
2022-03-01,14.760035826006963,9,advisor_summarized
2022-03-02,12.859321318186305,9,advisor_summarized
2022-03-03,11.981647993698173,9,advisor_summarized
2022-03-04,11.699602138341774,9,advisor_summarized
2022-03-05,11.532464442030397,9,advisor_summarized
2022-03-06,10.977592619188064,9,advisor_summarized
2022-03-07,9.880486088287745,9,advisor_summarized
2022-03-08,10.064467565227197,9,advisor_summarized
2022-03-09,11.059965323476254,9,advisor_summarized
2022-03-10,34.34549105548336,9,advisor_summarized
2022-03-11,146.66907376344213,9,advisor_summarized
2022-03-12,418.8585434810379,9,advisor_summarized
2022-03-13,372.8225812090007,9,advisor_summarized
2022-03-14,353.96084242836673,9,advisor_summarized
2022-03-15,366.99492183647754,9,advisor_summarized
2022-03-16,412.30733311645804,9,advisor_summarized
2022-03-17,414.8501176986112,9,advisor_summarized
2022-03-18,393.7249853271942,9,advisor_summarized
2022-03-19,362.0244852676119,9,advisor_summarized
2022-03-20,333.2023337600137,9,advisor_summarized
2022-03-21,292.044346565231,9,advisor_summarized
2022-03-22,255.38147829437787,9,advisor_summarized
2022-03-23,224.97354115232528,9,advisor_summarized
2022-03-24,384.1399461734148,9,advisor_summarized
2022-03-25,465.42542011817847,9,advisor_summarized
2022-03-26,487.4109199953452,9,advisor_summarized
2022-03-27,526.0915219770803,9,advisor_summarized
2022-03-28,500.1116867754558,9,advisor_summarized
2022-03-29,452.87324374631885,9,advisor_summarized
2022-03-30,399.3633377310867,9,advisor_summarized
2022-03-31,348.22650077741355,9,advisor_summarized
2022-04-01,327.1883357640824,9,advisor_summarized
2022-04-02,306.61892107933636,9,advisor_summarized
2022-04-03,353.30308333458925,9,advisor_summarized
2022-04-04,304.66372145523354,9,advisor_summarized
2022-04-05,260.9363284258396,9,advisor_summarized
2022-04-06,228.4505674054495,9,advisor_summarized
2022-04-07,221.95590968783392,9,advisor_summarized
2022-04-08,208.77760509830546,9,advisor_summarized
2022-04-09,181.26005156015478,9,advisor_summarized
2022-04-10,159.85330864834523,9,advisor_summarized
2022-04-11,141.86433811100858,9,advisor_summarized
2022-04-12,123.00349461932507,9,advisor_summarized
2022-04-13,107.27446224913388,9,advisor_summarized
2022-04-14,90.31330414844477,9,advisor_summarized
2022-04-15,75.94534184994554,9,advisor_summarized
2022-04-16,66.30809211815517,9,advisor_summarized
2022-04-17,59.08835397891625,9,advisor_summarized
2022-04-18,64.22650174748124,9,advisor_summarized
2022-04-19,53.91145890048548,9,advisor_summarized
2022-04-20,46.7999584443288,9,advisor_summarized
2022-04-21,42.69828170693534,9,advisor_summarized
2022-04-22,38.80480204490795,9,advisor_summarized
2022-04-23,35.42076075960241,9,advisor_summarized
2022-04-24,32.71380637472387,9,advisor_summarized
2022-04-25,30.29427241272327,9,advisor_summarized
2022-04-26,27.38633898248941,9,advisor_summarized
2022-04-27,26.120520257291762,9,advisor_summarized
2022-04-28,24.05610765136014,9,advisor_summarized
2022-04-29,21.40610747082799,9,advisor_summarized
2022-04-30,20.580666461885304,9,advisor_summarized
2022-05-01,22.706016455393897,9,advisor_summarized
2022-05-02,60.63037877836299,9,advisor_summarized
2022-05-03,52.85787915167928,9,advisor_summarized
2022-05-04,61.59999268018109,9,advisor_summarized
2022-05-05,59.86350701693133,9,advisor_summarized
2022-05-06,56.74965976544073,9,advisor_summarized
2022-05-07,127.5309248558636,9,advisor_summarized
2022-05-08,120.8129657198677,9,advisor_summarized
2022-05-09,104.13445027212454,9,advisor_summarized
2022-05-10,92.29582552936283,9,advisor_summarized
2022-05-11,81.47864621724109,9,advisor_summarized
2022-05-12,72.55420155470323,9,advisor_summarized
2022-05-13,78.32952102306056,9,advisor_summarized
2022-05-14,87.60551941769403,9,advisor_summarized
2022-05-15,74.17584268277541,9,advisor_summarized
2022-05-16,92.02142066667629,9,advisor_summarized
2022-05-17,76.91835423141681,9,advisor_summarized
2022-05-18,64.09279615955543,9,advisor_summarized
2022-05-19,53.77144461611989,9,advisor_summarized
2022-05-20,45.83216186653789,9,advisor_summarized
2022-05-21,49.10747763469434,9,advisor_summarized
2022-05-22,58.896019591492234,9,advisor_summarized
2022-05-23,52.37832030473061,9,advisor_summarized
2022-05-24,45.93483751087897,9,advisor_summarized
2022-05-25,39.6824031999812,9,advisor_summarized
2022-05-26,35.63786611081353,9,advisor_summarized
2022-05-27,32.77411519699037,9,advisor_summarized
2022-05-28,30.925613769436712,9,advisor_summarized
2022-05-29,27.42972987864971,9,advisor_summarized
2022-05-30,24.34785025265324,9,advisor_summarized
2022-05-31,22.28241593001555,9,advisor_summarized
2022-06-01,20.687304746167406,9,advisor_summarized
2022-06-02,17.963322711054754,9,advisor_summarized
2022-06-03,15.576770773099142,9,advisor_summarized
2022-06-04,13.777569164092187,9,advisor_summarized
2022-06-05,12.572273137114598,9,advisor_summarized
2022-06-06,11.51648334519028,9,advisor_summarized
2022-06-07,11.668585458546715,9,advisor_summarized
2022-06-08,9.872792892971082,9,advisor_summarized
2022-06-09,8.698152906235014,9,advisor_summarized
2022-06-10,9.87052754905355,9,advisor_summarized
2022-06-11,13.52530943812882,9,advisor_summarized
2022-06-12,14.249469635266033,9,advisor_summarized
2022-06-13,15.327605928588449,9,advisor_summarized
2022-06-14,11.485506278338791,9,advisor_summarized
2022-06-15,17.19112858791268,9,advisor_summarized
2022-06-16,13.620539602651455,9,advisor_summarized
2022-06-17,10.465529640087654,9,advisor_summarized
2022-06-18,8.446186037381013,9,advisor_summarized
2022-06-19,10.063290097369535,9,advisor_summarized
2022-06-20,7.701807563949664,9,advisor_summarized
2022-06-21,4.954263428037003,9,advisor_summarized
2022-06-22,3.079852574690436,9,advisor_summarized
2022-06-23,1.9039685666384738,9,advisor_summarized
2022-06-24,2.1586612237705665,9,advisor_summarized
2022-06-25,4.129609422702855,9,advisor_summarized
2022-06-26,1.2368844678292934,9,advisor_summarized
2022-06-27,9.157400418693213,9,advisor_summarized
2022-06-28,2.819764087195871e-5,9,advisor_summarized
2022-06-29,0,9,advisor_summarized
2022-06-30,0.19041419784166558,9,advisor_summarized
2022-07-01,6.571939290460055,9,advisor_summarized
2022-07-02,6.031572691079199,9,advisor_summarized
2022-07-03,4.487295608258938,9,advisor_summarized
2022-07-04,3.636773860629285,9,advisor_summarized
2022-07-05,2.576673532266226,9,advisor_summarized
2022-07-06,5.395277564661602,9,advisor_summarized
2022-07-07,3.010816179032085,9,advisor_summarized
2022-07-08,4.3429403619235165,9,advisor_summarized
2022-07-09,6.687220497879999,9,advisor_summarized
2022-07-10,6.338214415272085,9,advisor_summarized
2022-07-11,5.737574424294659,9,advisor_summarized
2022-07-12,11.70750210266487,9,advisor_summarized
2022-07-13,7.582881959725756,9,advisor_summarized
2022-07-14,4.996378325930033,9,advisor_summarized
2022-07-15,3.871556699124691,9,advisor_summarized
2022-07-16,3.5471806050335206,9,advisor_summarized
2022-07-17,3.47162058356253,9,advisor_summarized
2022-07-18,2.2660523342471834,9,advisor_summarized
2022-07-19,3.222658192897102,9,advisor_summarized
2022-07-20,7.649214226808013,9,advisor_summarized
2022-07-21,10.281007077927947,9,advisor_summarized
2022-07-22,16.94590848163468,9,advisor_summarized
2022-07-23,28.356852370173996,9,advisor_summarized
2022-07-24,37.94674879767634,9,advisor_summarized
2022-07-25,80.76842363926433,9,advisor_summarized
2022-07-26,55.50759365419348,9,advisor_summarized
2022-07-27,41.35638275309001,9,advisor_summarized
2022-07-28,32.79558908642223,9,advisor_summarized
2022-07-29,26.4295837628117,9,advisor_summarized
2022-07-30,22.105065413760627,9,advisor_summarized
2022-07-31,18.121933075831535,9,advisor_summarized
2022-08-01,16.2640530839351,9,advisor_summarized
2022-08-02,14.632801127431518,9,advisor_summarized
2022-08-03,17.53541078542271,9,advisor_summarized
2022-08-04,34.59395498350924,9,advisor_summarized
2022-08-05,26.13174613572055,9,advisor_summarized
2022-08-06,22.11787371979951,9,advisor_summarized
2022-08-07,23.264725284715016,9,advisor_summarized
2022-08-08,19.931533079147993,9,advisor_summarized
2022-08-09,16.03503890402223,9,advisor_summarized
2022-08-10,13.446880571696733,9,advisor_summarized
2022-08-11,11.819112540240043,9,advisor_summarized
2022-08-12,9.761221395653939,9,advisor_summarized
2022-08-13,9.866119290137368,9,advisor_summarized
2022-08-14,13.664787623776162,9,advisor_summarized
2022-08-15,9.595303806024967,9,advisor_summarized
2022-08-16,6.371450169023913,9,advisor_summarized
2022-08-17,3.957928587157872,9,advisor_summarized
2022-08-18,6.480643809880655,9,advisor_summarized
2022-08-19,6.173977122323205,9,advisor_summarized
2022-08-20,4.154459071321807,9,advisor_summarized
2022-08-21,9.252753904242411,9,advisor_summarized
2022-08-22,13.651760394076712,9,advisor_summarized
2022-08-23,11.89898852114108,9,advisor_summarized
2022-08-24,9.174489492449537,9,advisor_summarized
2022-08-25,21.593506085921035,9,advisor_summarized
2022-08-26,23.0161647258666,9,advisor_summarized
2022-08-27,45.407972183426466,9,advisor_summarized
2022-08-28,48.72419342475865,9,advisor_summarized
2022-08-29,54.72952268466492,9,advisor_summarized
2022-08-30,36.94875490384201,9,advisor_summarized
2022-08-31,28.955356529534935,9,advisor_summarized
2022-09-01,29.949198449120733,9,advisor_summarized
2022-09-02,26.933420764532872,9,advisor_summarized
2022-09-03,27.006376373620935,9,advisor_summarized
2022-09-04,28.528565367391053,9,advisor_summarized
2022-09-05,32.42293610468782,9,advisor_summarized
2022-09-06,23.67762341367687,9,advisor_summarized
2022-09-07,18.497068485277428,9,advisor_summarized
2022-09-08,19.388908431792544,9,advisor_summarized
2022-09-09,54.862689390512834,9,advisor_summarized
2022-09-10,176.06812519527202,9,advisor_summarized
2022-09-11,204.5478790497472,9,advisor_summarized
2022-09-12,124.60959927240874,9,advisor_summarized
2022-09-13,97.54283617207693,9,advisor_summarized
2022-09-14,76.82171944921765,9,advisor_summarized
2022-09-15,62.17787020952784,9,advisor_summarized
2022-09-16,53.056435895601595,9,advisor_summarized
2022-09-17,47.843979181690436,9,advisor_summarized
2022-09-18,46.213295578618876,9,advisor_summarized
2022-09-19,56.813257872095164,9,advisor_summarized
2022-09-20,49.46582942567533,9,advisor_summarized
2022-09-21,42.973177968080016,9,advisor_summarized
2022-09-22,36.69641736782899,9,advisor_summarized
2022-09-23,33.594053708537736,9,advisor_summarized
2022-09-24,31.559896841568477,9,advisor_summarized
2022-09-25,29.196348958593713,9,advisor_summarized
2022-09-26,26.641259186104303,9,advisor_summarized
2022-09-27,24.844725727141654,9,advisor_summarized
2022-09-28,26.301688268520618,9,advisor_summarized
2022-09-29,30.66006158230661,9,advisor_summarized
2022-09-30,29.13187690498204,9,advisor_summarized
2022-10-01,25.25330977397442,9,advisor_summarized
2022-10-02,21.99738600653917,9,advisor_summarized
2022-10-03,21.09447514952407,9,advisor_summarized
2022-10-04,20.15379968309697,9,advisor_summarized
2022-10-05,18.150059396585757,9,advisor_summarized
2022-10-06,16.729110884673094,9,advisor_summarized
2022-10-07,14.77120643702642,9,advisor_summarized
2022-10-08,13.535394678394733,9,advisor_summarized
2022-10-09,12.210151600931349,9,advisor_summarized
2022-10-10,11.667193011748424,9,advisor_summarized
2022-10-11,11.115134813563524,9,advisor_summarized
2022-10-12,10.848557309920118,9,advisor_summarized
2022-10-13,13.777551167550497,9,advisor_summarized
2022-10-14,11.982897010271067,9,advisor_summarized
2022-10-15,9.86385460608457,9,advisor_summarized
2022-10-16,8.27807308872404,9,advisor_summarized
2022-10-17,7.783009468212895,9,advisor_summarized
2022-10-18,7.8865972447755555,9,advisor_summarized
2022-10-19,6.25114788661737,9,advisor_summarized
2022-10-20,4.886767454560635,9,advisor_summarized
2022-10-21,3.525592510269169,9,advisor_summarized
2022-10-22,1.8504578326455274,9,advisor_summarized
2022-10-23,9.421812760298137,9,advisor_summarized
2022-10-24,2.870384774515109,9,advisor_summarized
2022-10-25,0,9,advisor_summarized
2022-10-26,0,9,advisor_summarized
2022-10-27,0,9,advisor_summarized
2022-10-28,0,9,advisor_summarized
2022-10-29,0,9,advisor_summarized
2022-10-30,0,9,advisor_summarized
2022-10-31,0,9,advisor_summarized
2022-11-01,0,9,advisor_summarized
2022-11-02,0,9,advisor_summarized
2022-11-03,0,9,advisor_summarized
2022-11-04,1.3757061365506944e-4,9,advisor_summarized
2022-11-05,0,9,advisor_summarized
2022-11-06,0,9,advisor_summarized
2022-11-07,1.9661322556948972e-5,9,advisor_summarized
2022-11-08,8.586644713096251e-5,9,advisor_summarized
2022-11-09,1.375887588043523e-4,9,advisor_summarized
2022-11-10,24.630394838043042,9,advisor_summarized
2022-11-11,34.516260609791,9,advisor_summarized
2022-11-12,27.395745218611708,9,advisor_summarized
2022-11-13,23.803921485314877,9,advisor_summarized
2022-11-14,24.119523700433515,9,advisor_summarized
2022-11-15,26.612952009921713,9,advisor_summarized
2022-11-16,25.374622347532704,9,advisor_summarized
2022-11-17,24.086016895965102,9,advisor_summarized
2022-11-18,21.90234903555479,9,advisor_summarized
2022-11-19,21.25311277709461,9,advisor_summarized
2022-11-20,21.171819595982157,9,advisor_summarized
2022-11-21,20.049233735887878,9,advisor_summarized
2022-11-22,18.724599147798543,9,advisor_summarized
2022-11-23,18.475324978226322,9,advisor_summarized
2022-11-24,18.073353232140988,9,advisor_summarized
2022-11-25,18.018504078784286,9,advisor_summarized
2022-11-26,18.102579448651827,9,advisor_summarized
2022-11-27,16.80835028147042,9,advisor_summarized
2022-11-28,15.978012907663654,9,advisor_summarized
2022-11-29,15.218976925235788,9,advisor_summarized
2022-11-30,16.820932823664204,9,advisor_summarized
2022-12-01,20.423962325662988,9,advisor_summarized
2022-12-02,17.99314822431168,9,advisor_summarized
2022-12-03,16.488552276718067,9,advisor_summarized
2022-12-04,16.101414704310987,9,advisor_summarized
2022-12-05,16.08688960189605,9,advisor_summarized
2022-12-06,15.154986333896383,9,advisor_summarized
2022-12-07,15.029529880780643,9,advisor_summarized
2022-12-08,15.271613486226565,9,advisor_summarized
2022-12-09,16.14745270049239,9,advisor_summarized
2022-12-10,16.282205842185093,9,advisor_summarized
2022-12-11,18.50526176297606,9,advisor_summarized
2022-12-12,18.607450913198875,9,advisor_summarized
2022-12-13,18.086972968696575,9,advisor_summarized
2022-12-14,16.10480621959979,9,advisor_summarized
2022-12-15,22.798966757998386,9,advisor_summarized
2022-12-16,25.159337759600998,9,advisor_summarized
2022-12-17,21.081276994057593,9,advisor_summarized
2022-12-18,16.195174041455733,9,advisor_summarized
2022-12-19,14.745487248642336,9,advisor_summarized
2022-12-20,14.94291851599179,9,advisor_summarized
2022-12-21,20.16157091721088,9,advisor_summarized
2022-12-22,20.43813487284041,9,advisor_summarized
2022-12-23,16.59388396158016,9,advisor_summarized
2022-12-24,15.191877653426666,9,advisor_summarized
2022-12-25,15.741009131443361,9,advisor_summarized
2022-12-26,16.476903221430998,9,advisor_summarized
2022-12-27,15.970382606988103,9,advisor_summarized
2022-12-28,14.988288140686121,9,advisor_summarized
2022-12-29,14.5631543807267,9,advisor_summarized
2022-12-30,13.756632945620431,9,advisor_summarized
2022-12-31,11.640872102927771,9,advisor_summarized
2023-01-01,12.080581994865478,9,advisor_summarized
2023-01-02,11.52378286548465,9,advisor_summarized
2023-01-03,10.122688884022812,9,advisor_summarized
2023-01-04,12.092094746147483,9,advisor_summarized
2023-01-05,22.98434418384505,9,advisor_summarized
2023-01-06,19.754735705935605,9,advisor_summarized
2023-01-07,16.380629589130514,9,advisor_summarized
2023-01-08,14.987742492500102,9,advisor_summarized
2023-01-09,13.131422765824423,9,advisor_summarized
2023-01-10,11.44416425380539,9,advisor_summarized
2023-01-11,9.916002238287598,9,advisor_summarized
2023-01-12,8.980718984567794,9,advisor_summarized
2023-01-13,18.19952446126793,9,advisor_summarized
2023-01-14,19.336739596626128,9,advisor_summarized
2023-01-15,16.164490335080625,9,advisor_summarized
2023-01-16,14.721314932987925,9,advisor_summarized
2023-01-17,13.034336083060033,9,advisor_summarized
2023-01-18,11.572618326162647,9,advisor_summarized
2023-01-19,10.136248556189816,9,advisor_summarized
2023-01-20,6.600526754713544,9,advisor_summarized
2023-01-21,0.3985448778444345,9,advisor_summarized
2023-01-22,1.3391316884232927,9,advisor_summarized
2023-01-23,1.6228549999875383,9,advisor_summarized
2023-01-24,1.3889508183420152,9,advisor_summarized
2023-01-25,0.6293131075492121,9,advisor_summarized
2023-01-26,0,9,advisor_summarized
2023-01-27,5.609521825400667e-4,9,advisor_summarized
2023-01-28,0,9,advisor_summarized
2023-01-29,0,9,advisor_summarized
2023-01-30,4.027892046973304,9,advisor_summarized
2023-01-31,6.357164067339592,9,advisor_summarized
2023-02-01,4.377099109692778,9,advisor_summarized
2023-02-02,0.3014479673371027,9,advisor_summarized
2023-02-03,17.302939638906153,9,advisor_summarized
2023-02-04,26.173148215006993,9,advisor_summarized
2023-02-05,16.666819532200225,9,advisor_summarized
2023-02-06,18.571077790340148,9,advisor_summarized
2023-02-07,13.264638971970763,9,advisor_summarized
2023-02-08,9.24340023003776,9,advisor_summarized
2023-02-09,6.772517213489585,9,advisor_summarized
2023-02-10,9.695225659852388,9,advisor_summarized
2023-02-11,18.87084561292986,9,advisor_summarized
2023-02-12,34.980787264263554,9,advisor_summarized
2023-02-13,26.733317328917185,9,advisor_summarized
2023-02-14,21.011930792595738,9,advisor_summarized
2023-02-15,16.454679239522473,9,advisor_summarized
2023-02-16,12.358171738366309,9,advisor_summarized
2023-02-17,12.599007070776151,9,advisor_summarized
2023-02-18,15.097452388199182,9,advisor_summarized
2023-02-19,7.64565364114813,9,advisor_summarized
2023-02-20,6.79117696846822,9,advisor_summarized
2023-02-21,6.548137588976089,9,advisor_summarized
2023-02-22,5.616010316036012,9,advisor_summarized
2023-02-23,2.7663509313980366,9,advisor_summarized
2023-02-24,0,9,advisor_summarized
2023-02-25,0,9,advisor_summarized
2023-02-26,0,9,advisor_summarized
2023-02-27,0.003213081826581934,9,advisor_summarized
2023-02-28,0,9,advisor_summarized
2023-03-01,0,9,advisor_summarized
2023-03-02,0,9,advisor_summarized
2023-03-03,0,9,advisor_summarized
2023-03-04,0,9,advisor_summarized
2023-03-05,0,9,advisor_summarized
2023-03-06,0,9,advisor_summarized
2023-03-07,0,9,advisor_summarized
2023-03-08,0,9,advisor_summarized
2023-03-09,0,9,advisor_summarized
2023-03-10,0,9,advisor_summarized
2023-03-11,0,9,advisor_summarized
2023-03-12,0,9,advisor_summarized
2023-03-13,0.4755828701172657,9,advisor_summarized
2023-03-14,0.012043199440006013,9,advisor_summarized
2023-03-15,0,9,advisor_summarized
2023-03-16,0,9,advisor_summarized
2023-03-17,14.717576903851018,9,advisor_summarized
2023-03-18,34.73220182907418,9,advisor_summarized
2023-03-19,27.828117212387117,9,advisor_summarized
2023-03-20,24.401177509537053,9,advisor_summarized
2023-03-21,15.76814779372569,9,advisor_summarized
2023-03-22,11.373863272981465,9,advisor_summarized
2023-03-23,5.789723199599649,9,advisor_summarized
2023-03-24,3.1331903347605707,9,advisor_summarized
2023-03-25,1.2649786407489916,9,advisor_summarized
2023-03-26,0.3147719716432333,9,advisor_summarized
2023-03-27,0.43531304849807767,9,advisor_summarized
2023-03-28,0.5095409988031488,9,advisor_summarized
2023-03-29,0.8506516633018727,9,advisor_summarized
2023-03-30,0.5216349641678579,9,advisor_summarized
2023-03-31,0.24015856410610734,9,advisor_summarized
2023-04-01,0.16111168477143886,9,advisor_summarized
2023-04-02,0.28506164012668694,9,advisor_summarized
2023-04-03,0.090610511499968,9,advisor_summarized
2023-04-04,0.06924126013676841,9,advisor_summarized
2023-04-05,0.03433841633879057,9,advisor_summarized
2023-04-06,0.08481999082834546,9,advisor_summarized
2023-04-07,0.1044239667087063,9,advisor_summarized
2023-04-08,0.10396815892191896,9,advisor_summarized
2023-04-09,0.03749966070957205,9,advisor_summarized
2023-04-10,0.04465475360139306,9,advisor_summarized
2023-04-11,0.07436179716104586,9,advisor_summarized
2023-04-12,0.11793684165366736,9,advisor_summarized
2023-04-13,0.06458674793070598,9,advisor_summarized
2023-04-14,0.04541584356313098,9,advisor_summarized
2023-04-15,0.09837638128932329,9,advisor_summarized
2023-04-16,0.21041710561048,9,advisor_summarized
2023-04-17,0.09693528332612737,9,advisor_summarized
2023-04-18,0.042580679286813646,9,advisor_summarized
2023-04-19,0.030201157090415154,9,advisor_summarized
2023-04-20,0.05716598478464854,9,advisor_summarized
2023-04-21,0.15200788911589808,9,advisor_summarized
2023-04-22,0.09062545273735413,9,advisor_summarized
2023-04-23,0.07131046073683094,9,advisor_summarized
2023-04-24,0.13685077387438402,9,advisor_summarized
2023-04-25,0.08596064304503935,9,advisor_summarized
2023-04-26,0.1286479354421657,9,advisor_summarized
2023-04-27,0.3450875611744051,9,advisor_summarized
2023-04-28,0.06983731620010959,9,advisor_summarized
2023-04-29,0.4002922649369313,9,advisor_summarized
2023-04-30,1.364115181239316,9,advisor_summarized
2023-05-01,13.314885271246256,9,advisor_summarized
2023-05-02,13.075642814395232,9,advisor_summarized
2023-05-03,12.86459105042838,9,advisor_summarized
2023-05-04,12.8643030524852,9,advisor_summarized
2023-05-05,13.245494764815282,9,advisor_summarized
2023-05-06,13.450844862102842,9,advisor_summarized
2023-05-07,14.992606892203092,9,advisor_summarized
2023-05-08,14.555345288704167,9,advisor_summarized
2023-05-09,13.895057402926774,9,advisor_summarized
2023-05-10,13.670530094834964,9,advisor_summarized
2023-05-11,13.867800038820512,9,advisor_summarized
2023-05-12,13.58652362076751,9,advisor_summarized
2023-05-13,15.732612628650607,9,advisor_summarized
2023-05-14,14.666430722653145,9,advisor_summarized
2023-05-15,15.072843684453948,9,advisor_summarized
2023-05-16,16.73663404074954,9,advisor_summarized
2023-05-17,14.653752082728737,9,advisor_summarized
2023-05-18,13.439874213675958,9,advisor_summarized
2023-05-19,14.101615662778466,9,advisor_summarized
2023-05-20,14.712122519420992,9,advisor_summarized
2023-05-21,15.095611510634848,9,advisor_summarized
2023-05-22,17.8070381073676,9,advisor_summarized
2023-05-23,58.69687004791758,9,advisor_summarized
2023-05-24,40.143416800587495,9,advisor_summarized
2023-05-25,17.529485979258066,9,advisor_summarized
2023-05-26,7.315423720549311,9,advisor_summarized
2023-05-27,3.57243076169369,9,advisor_summarized
2023-05-28,1.2784168499949147,9,advisor_summarized
2023-05-29,0.2911898665216479,9,advisor_summarized
2023-05-30,0.003677309164641771,9,advisor_summarized
2023-05-31,0,9,advisor_summarized
2023-06-01,0,9,advisor_summarized
2023-06-02,0,9,advisor_summarized
2023-06-03,0.029932467534464963,9,advisor_summarized
2023-06-04,0,9,advisor_summarized
2023-06-05,3.9939879560279845,9,advisor_summarized
2023-06-06,4.777557038765387e-5,9,advisor_summarized
2023-06-07,0.47746145907221577,9,advisor_summarized
2023-06-08,0.5773667999190881,9,advisor_summarized
2023-06-09,0.013600328343277414,9,advisor_summarized
2023-06-10,0,9,advisor_summarized
2023-06-11,0,9,advisor_summarized
2023-06-12,0,9,advisor_summarized
2023-06-13,0,9,advisor_summarized
2023-06-14,0,9,advisor_summarized
2023-06-15,0,9,advisor_summarized
2023-06-16,0.18059861343955438,9,advisor_summarized
2023-06-17,0.43473361684558204,9,advisor_summarized
2023-06-18,0.43324441056222845,9,advisor_summarized
2023-06-19,0.6065272135174167,9,advisor_summarized
2023-06-20,0.020131838493085766,9,advisor_summarized
2023-06-21,0,9,advisor_summarized
2023-06-22,0,9,advisor_summarized
2023-06-23,0,9,advisor_summarized
2023-06-24,0,9,advisor_summarized
2023-06-25,0,9,advisor_summarized
2023-06-26,0,9,advisor_summarized
2023-06-27,5.720314575260165,9,advisor_summarized
2023-06-28,4.945136947152638,9,advisor_summarized
2023-06-29,0.1240874999130242,9,advisor_summarized
2023-06-30,0.05922971244077504,9,advisor_summarized
2023-07-01,0.049113926497859305,9,advisor_summarized
2023-07-02,0,9,advisor_summarized
2023-07-03,0,9,advisor_summarized
2023-07-04,0,9,advisor_summarized
2023-07-05,0,9,advisor_summarized
2023-07-06,0.3386824031273703,9,advisor_summarized
2023-07-07,0.031520155679697376,9,advisor_summarized
2023-07-08,0,9,advisor_summarized
2023-07-09,0,9,advisor_summarized
2023-07-10,0.13158050522912698,9,advisor_summarized
2023-07-11,2.1242406846798114,9,advisor_summarized
2023-07-12,7.967063001912275,9,advisor_summarized
2023-07-13,12.771853978586092,9,advisor_summarized
2023-07-14,9.21378028059349,9,advisor_summarized
2023-07-15,4.604884800949766,9,advisor_summarized
2023-07-16,2.659968818699558,9,advisor_summarized
2023-07-17,1.8881969957128104,9,advisor_summarized
2023-07-18,0.7265023922602724,9,advisor_summarized
2023-07-19,0.1339241636546641,9,advisor_summarized
2023-07-20,0.016020870868321452,9,advisor_summarized
2023-07-21,0,9,advisor_summarized
2023-07-22,0,9,advisor_summarized
2023-07-23,0.5354562924582237,9,advisor_summarized
2023-07-24,1.365593997756578,9,advisor_summarized
2023-07-25,0.3105244436298032,9,advisor_summarized
2023-07-26,0.049720826473012604,9,advisor_summarized
2023-07-27,0,9,advisor_summarized
2023-07-28,0,9,advisor_summarized
2023-07-29,0,9,advisor_summarized
2023-07-30,2.8294351127937585,9,advisor_summarized
2023-07-31,16.67055262175021,9,advisor_summarized
2023-08-01,14.990745025706447,9,advisor_summarized
2023-08-02,32.4649843703047,9,advisor_summarized
2023-08-03,16.770340820151965,9,advisor_summarized
2023-08-04,17.31009139098284,9,advisor_summarized
2023-08-05,47.739798226650144,9,advisor_summarized
2023-08-06,40.45650245716735,9,advisor_summarized
2023-08-07,22.522079092207928,9,advisor_summarized
2023-08-08,12.984612491389141,9,advisor_summarized
2023-08-09,8.224541192758453,9,advisor_summarized
2023-08-10,5.404789814846564,9,advisor_summarized
2023-08-11,2.9018723500631007,9,advisor_summarized
2023-08-12,1.6423506822315515,9,advisor_summarized
2023-08-13,0.6628229253824196,9,advisor_summarized
2023-08-14,0.18205004702705552,9,advisor_summarized
2023-08-15,0.2975167309948566,9,advisor_summarized
2023-08-16,0.7688637464269482,9,advisor_summarized
2023-08-17,6.637150471476535,9,advisor_summarized
2023-08-18,6.248571186221402,9,advisor_summarized
2023-08-19,3.1970497620101335,9,advisor_summarized
2023-08-20,2.5156828040644243,9,advisor_summarized
2023-08-21,3.6438838204065966,9,advisor_summarized
2023-08-22,1.695840835323977,9,advisor_summarized
2023-08-23,0.7094791800401598,9,advisor_summarized
2023-08-24,0.1797372623600655,9,advisor_summarized
2023-08-25,0.05892787741857856,9,advisor_summarized
2023-08-26,0.2562457879695393,9,advisor_summarized
2023-08-27,0.11667039331696037,9,advisor_summarized
2023-08-28,0.013206214629101772,9,advisor_summarized
2023-08-29,0.15732212885374555,9,advisor_summarized
2023-08-30,15.67926779724102,9,advisor_summarized
2023-08-31,24.541733890024123,9,advisor_summarized
2023-09-01,24.979712182043404,9,advisor_summarized
2023-09-02,54.03936133158692,9,advisor_summarized
2023-09-03,33.47962582021458,9,advisor_summarized
2023-09-04,18.487592606782147,9,advisor_summarized
2023-09-05,10.891120230365734,9,advisor_summarized
2023-09-06,6.778278647016614,9,advisor_summarized
2023-09-07,4.093638249442458,9,advisor_summarized
2023-09-08,2.2654960922991827,9,advisor_summarized
2023-09-09,1.2605629978439352,9,advisor_summarized
2023-09-10,0.5434197555820965,9,advisor_summarized
2023-09-11,11.15440085475749,9,advisor_summarized
2023-09-12,85.26388334454394,9,advisor_summarized
2023-09-13,47.13995279847999,9,advisor_summarized
2023-09-14,27.281477627796516,9,advisor_summarized
2023-09-15,16.652482940208852,9,advisor_summarized
2023-09-16,11.270483766532195,9,advisor_summarized
2023-09-17,7.586346724895783,9,advisor_summarized
2023-09-18,5.20392935279265,9,advisor_summarized
2023-09-19,3.0309440896976394,9,advisor_summarized
2023-09-20,1.9339339754888634,9,advisor_summarized
2023-09-21,1.4305783051833183,9,advisor_summarized
2023-09-22,3.0023007453014436,9,advisor_summarized
2023-09-23,2.2020310743107356,9,advisor_summarized
2023-09-24,1.0927585549233179,9,advisor_summarized
2023-09-25,0.7148070563750272,9,advisor_summarized
2023-09-26,8.106375616532262,9,advisor_summarized
2023-09-27,39.180788324644574,9,advisor_summarized
2023-09-28,33.298848494975815,9,advisor_summarized
2023-09-29,31.420309688297376,9,advisor_summarized
2023-09-30,27.79597571247174,9,advisor_summarized
2023-10-01,22.91553396027673,9,advisor_summarized
2023-10-02,17.074463037260536,9,advisor_summarized
2023-10-03,13.498348501992156,9,advisor_summarized
2023-10-04,11.032087454553531,9,advisor_summarized
2023-10-05,9.49343557063379,9,advisor_summarized
2023-10-06,8.150234600956884,9,advisor_summarized
2023-10-07,7.201639128937266,9,advisor_summarized
2023-10-08,6.649585985053819,9,advisor_summarized
2023-10-09,5.587014957562901,9,advisor_summarized
2023-10-10,4.534863076748278,9,advisor_summarized
2023-10-11,3.9722505807142134,9,advisor_summarized
2023-10-12,86.56262704049207,9,advisor_summarized
2023-10-13,96.38821399411633,9,advisor_summarized
2023-10-14,69.75232716004388,9,advisor_summarized
2023-10-15,56.35908385632206,9,advisor_summarized
2023-10-16,47.79093854990574,9,advisor_summarized
2023-10-17,40.5676227012576,9,advisor_summarized
2023-10-18,34.44367465349631,9,advisor_summarized
2023-10-19,28.320269692292253,9,advisor_summarized
2023-10-20,23.44870740259026,9,advisor_summarized
2023-10-21,18.938138286654556,9,advisor_summarized
2023-10-22,16.422592151125198,9,advisor_summarized
2023-10-23,13.618064808079495,9,advisor_summarized
2023-10-24,11.758897765149287,9,advisor_summarized
2023-10-25,10.253747505888006,9,advisor_summarized
2023-10-26,9.248397141329091,9,advisor_summarized
2023-10-27,8.396703555133426,9,advisor_summarized
2023-10-28,7.408406197711524,9,advisor_summarized
2023-10-29,6.57795656427983,9,advisor_summarized
2023-10-30,5.826529537382587,9,advisor_summarized
2023-10-31,5.071938751607461,9,advisor_summarized
2023-11-01,5.069930025254508,9,advisor_summarized
2023-11-02,5.245106123119913,9,advisor_summarized
2023-11-03,4.788175244935985,9,advisor_summarized
2023-11-04,4.1855846352753945,9,advisor_summarized
2023-11-05,3.1078021611113886,9,advisor_summarized
2023-11-06,2.8720422467553948,9,advisor_summarized
2023-11-07,2.281158805360017,9,advisor_summarized
2023-11-08,1.9336684179771524,9,advisor_summarized
2023-11-09,1.3690970566710983,9,advisor_summarized
2023-11-10,0.9837497845934351,9,advisor_summarized
2023-11-11,0.8415355643945888,9,advisor_summarized
2023-11-12,0.8701816552767064,9,advisor_summarized
2023-11-13,1.0039742953542732,9,advisor_summarized
2023-11-14,1.4978642132251583,9,advisor_summarized
2023-11-15,3.494897756093232,9,advisor_summarized
2023-11-16,3.4427514859097137,9,advisor_summarized
2023-11-17,5.629790690839179,9,advisor_summarized
2023-11-18,4.872171551509773,9,advisor_summarized
2023-11-19,3.714705278925059,9,advisor_summarized
2023-11-20,4.151517724151122,9,advisor_summarized
2023-11-21,3.054760364690987,9,advisor_summarized
2023-11-22,2.653869056437029,9,advisor_summarized
2023-11-23,2.65647017152325,9,advisor_summarized
2023-11-24,2.171666182271134,9,advisor_summarized
2023-11-25,2.3591816317711336,9,advisor_summarized
2023-11-26,6.891592917439389,9,advisor_summarized
2023-11-27,16.05368820713512,9,advisor_summarized
2023-11-28,13.299504382591644,9,advisor_summarized
2023-11-29,9.55317366372431,9,advisor_summarized
2023-11-30,7.658754782606152,9,advisor_summarized
2023-12-01,5.593030100734654,9,advisor_summarized
2023-12-02,5.057851782460101,9,advisor_summarized
2023-12-03,4.750002964715647,9,advisor_summarized
2023-12-04,4.524906387835059,9,advisor_summarized
2023-12-05,4.131419883479251,9,advisor_summarized
2023-12-06,4.158520253956627,9,advisor_summarized
2023-12-07,3.6301211383823304,9,advisor_summarized
2023-12-08,3.141434745903321,9,advisor_summarized
2023-12-09,3.0865727335965327,9,advisor_summarized
2023-12-10,4.250275854854971,9,advisor_summarized
2023-12-11,12.54268658256286,9,advisor_summarized
2023-12-12,10.918137195616529,9,advisor_summarized
2023-12-13,7.811216255382274,9,advisor_summarized
2023-12-14,6.371127843844046,9,advisor_summarized
2023-12-15,6.055570228446755,9,advisor_summarized
2023-12-16,7.584938913074527,9,advisor_summarized
2023-12-17,386.8124937002886,9,advisor_summarized
2023-12-18,328.54418229709046,9,advisor_summarized
2023-12-19,432.63697939597745,9,advisor_summarized
2023-12-20,502.1614692279315,9,advisor_summarized
2023-12-21,507.27958135384523,9,advisor_summarized
2023-12-22,481.95391852763856,9,advisor_summarized
2023-12-23,442.0689678555584,9,advisor_summarized
2023-12-24,394.24360590401517,9,advisor_summarized
2023-12-25,353.55616940814303,9,advisor_summarized
2023-12-26,319.5920247063101,9,advisor_summarized
2023-12-27,280.2538444468645,9,advisor_summarized
2023-12-28,250.94650702456752,9,advisor_summarized
2023-12-29,230.00219662047047,9,advisor_summarized
2023-12-30,207.63290306296565,9,advisor_summarized
2023-12-31,187.15771449358115,9,advisor_summarized
2024-01-01,172.64188957101703,9,advisor_summarized
2024-01-02,158.3517475389066,9,advisor_summarized
2024-01-03,140.32559610564053,9,advisor_summarized
2024-01-04,129.88409099181894,9,advisor_summarized
2024-01-05,111.23147452687631,9,advisor_summarized
2024-01-06,109.242084878529,9,advisor_summarized
2024-01-07,107.53741968279446,9,advisor_summarized
2024-01-08,93.0320000290597,9,advisor_summarized
2024-01-09,103.57591822757963,9,advisor_summarized
2024-01-10,232.5366731153124,9,advisor_summarized
2024-01-11,219.63259414851623,9,advisor_summarized
2024-01-12,198.70264212577592,9,advisor_summarized
2024-01-13,188.8464345365171,9,advisor_summarized
2024-01-14,169.15741996879896,9,advisor_summarized
2024-01-15,152.96819487461474,9,advisor_summarized
2024-01-16,158.27637979793383,9,advisor_summarized
2024-01-17,171.7603960742919,9,advisor_summarized
2024-01-18,147.30486292712985,9,advisor_summarized
2024-01-19,134.79517489081618,9,advisor_summarized
2024-01-20,122.16910649376071,9,advisor_summarized
2024-01-21,107.52600262644701,9,advisor_summarized
2024-01-22,95.03553680748769,9,advisor_summarized
2024-01-23,85.32494831836546,9,advisor_summarized
2024-01-24,77.58827904884232,9,advisor_summarized
2024-01-25,70.10886719961492,9,advisor_summarized
2024-01-26,275.33295145675214,9,advisor_summarized
2024-01-27,324.4494683607573,9,advisor_summarized
2024-01-28,293.408189704924,9,advisor_summarized
2024-01-29,256.1240471061994,9,advisor_summarized
2024-01-30,222.15419105854684,9,advisor_summarized
2024-01-31,201.4408696583315,9,advisor_summarized
2024-02-01,181.62516449176306,9,advisor_summarized
2024-02-02,167.08133109999696,9,advisor_summarized
2024-02-03,150.3232376822384,9,advisor_summarized
2024-02-04,141.83623492210285,9,advisor_summarized
2024-02-05,142.4208777946075,9,advisor_summarized
2024-02-06,126.0286965551981,9,advisor_summarized
2024-02-07,110.90084000599352,9,advisor_summarized
2024-02-08,95.45753587761139,9,advisor_summarized
2024-02-09,80.36228274872045,9,advisor_summarized
2024-02-10,67.86942889225979,9,advisor_summarized
2024-02-11,59.43786320812374,9,advisor_summarized
2024-02-12,55.05704739368536,9,advisor_summarized
2024-02-13,57.83322489784377,9,advisor_summarized
2024-02-14,49.44886760929316,9,advisor_summarized
2024-02-15,40.83716073929268,9,advisor_summarized
2024-02-16,35.65481304191214,9,advisor_summarized
2024-02-17,36.5803462820027,9,advisor_summarized
2024-02-18,113.25580706650145,9,advisor_summarized
2024-02-19,154.84490474294012,9,advisor_summarized
2024-02-20,137.7081692508556,9,advisor_summarized
2024-02-21,121.08667430431792,9,advisor_summarized
2024-02-22,105.82035612630072,9,advisor_summarized
2024-02-23,94.27362758425623,9,advisor_summarized
2024-02-24,84.97292399951499,9,advisor_summarized
2024-02-25,72.70515482289939,9,advisor_summarized
2024-02-26,62.40393410734123,9,advisor_summarized
2024-02-27,51.445408175233666,9,advisor_summarized
2024-02-28,44.793256089783746,9,advisor_summarized
2024-02-29,39.80451239685551,9,advisor_summarized
2024-03-01,36.21289522903195,9,advisor_summarized
2024-03-02,32.91640651295964,9,advisor_summarized
2024-03-03,34.24083954315644,9,advisor_summarized
2024-03-04,40.904212359516116,9,advisor_summarized
2024-03-05,39.16759925689244,9,advisor_summarized
2024-03-06,65.94275732820485,9,advisor_summarized
2024-03-07,66.02446962569984,9,advisor_summarized
2024-03-08,57.89475097332366,9,advisor_summarized
2024-03-09,52.799008876358926,9,advisor_summarized
2024-03-10,78.22571040502231,9,advisor_summarized
2024-03-11,67.37746022551134,9,advisor_summarized
2024-03-12,52.139713838210334,9,advisor_summarized
2024-03-13,41.45482302338411,9,advisor_summarized
2024-03-14,34.5583056434744,9,advisor_summarized
2024-03-15,27.46141177656311,9,advisor_summarized
2024-03-16,24.41390201064104,9,advisor_summarized
2024-03-17,21.837849060703096,9,advisor_summarized
2024-03-18,19.79722212636744,9,advisor_summarized
2024-03-19,18.04032661847535,9,advisor_summarized
2024-03-20,14.447046056338287,9,advisor_summarized
2024-03-21,11.565408180929898,9,advisor_summarized
2024-03-22,21.528317349370298,9,advisor_summarized
2024-03-23,38.17080831731701,9,advisor_summarized
2024-03-24,49.01777292218045,9,advisor_summarized
2024-03-25,39.33418564209525,9,advisor_summarized
2024-03-26,28.734993019345364,9,advisor_summarized
2024-03-27,26.37011960933508,9,advisor_summarized
2024-03-28,45.77691525386869,9,advisor_summarized
2024-03-29,39.389583766470054,9,advisor_summarized
2024-03-30,25.957281791887866,9,advisor_summarized
2024-03-31,18.787425872233595,9,advisor_summarized
2024-04-01,14.812065798824753,9,advisor_summarized
2024-04-02,12.814516581588412,9,advisor_summarized
2024-04-03,74.31709769154666,9,advisor_summarized
2024-04-04,146.20618574670763,9,advisor_summarized
2024-04-05,110.28287966118182,9,advisor_summarized
2024-04-06,81.74204519875933,9,advisor_summarized
2024-04-07,59.11538323291409,9,advisor_summarized
2024-04-08,43.81161588546146,9,advisor_summarized
2024-04-09,33.86189245705783,9,advisor_summarized
2024-04-10,26.510357560063266,9,advisor_summarized
2024-04-11,36.40225011269076,9,advisor_summarized
2024-04-12,52.688592875205245,9,advisor_summarized
2024-04-13,41.6095008027375,9,advisor_summarized
2024-04-14,31.035347115823836,9,advisor_summarized
2024-04-15,27.662768359724755,9,advisor_summarized
2024-04-16,20.145298836534053,9,advisor_summarized
2024-04-17,13.296172981623961,9,advisor_summarized
2024-04-18,8.995273119192268,9,advisor_summarized
2024-04-19,6.2743895332240145,9,advisor_summarized
2024-04-20,4.0949917585583195,9,advisor_summarized
2024-04-21,3.0126801112843107,9,advisor_summarized
2024-04-22,2.9775837209606553,9,advisor_summarized
2024-04-23,2.1209590271854513,9,advisor_summarized
2024-04-24,1.31051954587353,9,advisor_summarized
2024-04-25,0.5837897663641386,9,advisor_summarized
2024-04-26,0.22902126860008362,9,advisor_summarized
2024-04-27,0.14276018332391535,9,advisor_summarized
2024-04-28,0.1742545110067656,9,advisor_summarized
2024-04-29,0.01124495567806067,9,advisor_summarized
2024-04-30,0,9,advisor_summarized
2024-05-01,0,9,advisor_summarized
2024-05-02,0,9,advisor_summarized
2024-05-03,0,9,advisor_summarized
2024-05-04,0,9,advisor_summarized
2024-05-05,0.34567003184232514,9,advisor_summarized
2024-05-06,0.09705685404090303,9,advisor_summarized
2024-05-07,0,9,advisor_summarized
2024-05-08,0,9,advisor_summarized
2024-05-09,0,9,advisor_summarized
2024-05-10,0,9,advisor_summarized
2024-05-11,0,9,advisor_summarized
2024-05-12,0,9,advisor_summarized
2024-05-13,0.1322804609061166,9,advisor_summarized
2024-05-14,2.55806246669698,9,advisor_summarized
2024-05-15,6.234657147295722,9,advisor_summarized
2024-05-16,12.303907087627993,9,advisor_summarized
2024-05-17,12.94199479844078,9,advisor_summarized
2024-05-18,17.56309424206046,9,advisor_summarized
2024-05-19,22.4405869314981,9,advisor_summarized
2024-05-20,29.21847887372326,9,advisor_summarized
2024-05-21,36.98415329643016,9,advisor_summarized
2024-05-22,43.94987371915435,9,advisor_summarized
2024-05-23,41.95169910545714,9,advisor_summarized
2024-05-24,36.152938928699285,9,advisor_summarized
2024-05-25,29.439575570068474,9,advisor_summarized
2024-05-26,3.7602920060959346,9,advisor_summarized
2024-05-27,0,9,advisor_summarized
2024-05-28,0,9,advisor_summarized
2024-05-29,0,9,advisor_summarized
2024-05-30,0,9,advisor_summarized
2024-05-31,3.6043385011050533,9,advisor_summarized
2024-06-01,25.503138888879235,9,advisor_summarized
2024-06-02,0,9,advisor_summarized
2024-06-03,0,9,advisor_summarized
2024-06-04,0,9,advisor_summarized
2024-06-05,0,9,advisor_summarized
2024-06-06,0,9,advisor_summarized
2024-06-07,0,9,advisor_summarized
2024-06-08,0,9,advisor_summarized
2024-06-09,0,9,advisor_summarized
2024-06-10,0,9,advisor_summarized
2024-06-11,0,9,advisor_summarized
2024-06-12,0,9,advisor_summarized
2024-06-13,0,9,advisor_summarized
2024-06-14,0,9,advisor_summarized
2024-06-15,0,9,advisor_summarized
2024-06-16,0,9,advisor_summarized
2024-06-17,0,9,advisor_summarized
2024-06-18,0,9,advisor_summarized
2024-06-19,0,9,advisor_summarized
2024-06-20,0,9,advisor_summarized
2024-06-21,0,9,advisor_summarized
2024-06-22,0,9,advisor_summarized
2024-06-23,0,9,advisor_summarized
2024-06-24,0,9,advisor_summarized
2024-06-25,0,9,advisor_summarized
2024-06-26,0,9,advisor_summarized
2024-06-27,0,9,advisor_summarized
2024-06-28,0,9,advisor_summarized
2024-06-29,0,9,advisor_summarized
2024-06-30,0,9,advisor_summarized
2024-07-01,0,9,advisor_summarized
2024-07-02,0,9,advisor_summarized
2024-07-03,0,9,advisor_summarized
2024-07-04,0,9,advisor_summarized
2024-07-05,0,9,advisor_summarized
2024-07-06,0,9,advisor_summarized
2024-07-07,0,9,advisor_summarized
2024-07-08,0,9,advisor_summarized
2024-07-09,0,9,advisor_summarized
2024-07-10,0,9,advisor_summarized
2024-07-11,0,9,advisor_summarized
2024-07-12,0,9,advisor_summarized
2024-07-13,0,9,advisor_summarized
2024-07-14,0,9,advisor_summarized
2024-07-15,0,9,advisor_summarized
2024-07-16,0,9,advisor_summarized
2024-07-17,0,9,advisor_summarized
2024-07-18,0,9,advisor_summarized
2024-07-19,0,9,advisor_summarized
2024-07-20,0,9,advisor_summarized
2024-07-21,0,9,advisor_summarized
2024-07-22,0,9,advisor_summarized
2024-07-23,0,9,advisor_summarized
2024-07-24,0,9,advisor_summarized
2024-07-25,23.236401829780018,9,advisor_summarized
2024-07-26,201.82631338923872,9,advisor_summarized
2024-07-27,227.25130196360442,9,advisor_summarized
2024-07-28,147.56638549901126,9,advisor_summarized
2024-07-29,122.82659831011047,9,advisor_summarized
2024-07-30,117.6640213793022,9,advisor_summarized
2024-07-31,88.12680594921422,9,advisor_summarized
2024-08-01,63.80293531862276,9,advisor_summarized
2024-08-02,68.86668551988787,9,advisor_summarized
2024-08-03,165.52322333990364,9,advisor_summarized
2024-08-04,132.63982372151781,9,advisor_summarized
2024-08-05,838.5310828922471,9,advisor_summarized
2024-08-06,862.4371466794055,9,advisor_summarized
2024-08-07,950.1051327643368,9,advisor_summarized
2024-08-08,1019.187526258865,9,advisor_summarized
2024-08-09,989.1079410987217,9,advisor_summarized
2024-08-10,919.7670935712945,9,advisor_summarized
2024-08-11,840.463355049938,9,advisor_summarized
2024-08-12,749.9380282958667,9,advisor_summarized
2024-08-13,663.3327345330513,9,advisor_summarized
2024-08-14,599.0545774698234,9,advisor_summarized
2024-08-15,547.0508670482122,9,advisor_summarized
2024-08-16,501.484872220969,9,advisor_summarized
2024-08-17,450.21918457644966,9,advisor_summarized
2024-08-18,384.9368479269176,9,advisor_summarized
2024-08-19,331.2572407815232,9,advisor_summarized
2024-08-20,289.9596851146955,9,advisor_summarized
2024-08-21,255.08997837387554,9,advisor_summarized
2024-08-22,226.41593938785036,9,advisor_summarized
2024-08-23,189.0821901911801,9,advisor_summarized
2024-08-24,163.88296303518146,9,advisor_summarized
2024-08-25,147.0771761480128,9,advisor_summarized
2024-08-26,143.62982591684735,9,advisor_summarized
2024-08-27,221.11926483665522,9,advisor_summarized
2024-08-28,229.29630912423318,9,advisor_summarized
2024-08-29,203.7682142233267,9,advisor_summarized
2024-08-30,185.86444427815698,9,advisor_summarized
2024-08-31,170.89089445839582,9,advisor_summarized
2024-09-01,152.7630044936424,9,advisor_summarized
2024-09-02,139.88204102629865,9,advisor_summarized
2024-09-03,130.46611353530756,9,advisor_summarized
2024-09-04,124.19522667334735,9,advisor_summarized
2024-09-05,122.37153745687876,9,advisor_summarized
2024-09-06,125.17636326512292,9,advisor_summarized
2024-09-07,144.81915391916377,9,advisor_summarized
2024-09-08,140.72159539682792,9,advisor_summarized
2024-09-09,169.62781969088056,9,advisor_summarized
2024-09-10,166.39043571085347,9,advisor_summarized
2024-09-11,162.21947789708227,9,advisor_summarized
2024-09-12,183.0879824500631,9,advisor_summarized
2024-09-13,216.94962073681415,9,advisor_summarized
2024-09-14,224.06713794428106,9,advisor_summarized
2024-09-15,216.13384525695065,9,advisor_summarized
2024-09-16,216.49068711369637,9,advisor_summarized
2024-09-17,198.75064164073578,9,advisor_summarized
2024-09-18,183.31627436666255,9,advisor_summarized
2024-09-19,199.61284168937678,9,advisor_summarized
2024-09-20,192.07141178673427,9,advisor_summarized
2024-09-21,167.43087132083213,9,advisor_summarized
2024-09-22,156.7021466211082,9,advisor_summarized
2024-09-23,146.32789455144646,9,advisor_summarized
2024-09-24,136.82409943941747,9,advisor_summarized
2024-09-25,131.39069650203814,9,advisor_summarized
2024-09-26,136.10756215684987,9,advisor_summarized
2024-09-27,208.4567676195726,9,advisor_summarized
2024-09-28,210.92160036830796,9,advisor_summarized
2024-09-29,195.78930354635781,9,advisor_summarized
2024-09-30,188.91921880881694,9,advisor_summarized
2024-10-01,206.82979195790563,9,advisor_summarized
2024-10-02,189.80974764473663,9,advisor_summarized
2024-10-03,173.40304758101013,9,advisor_summarized
2024-10-04,161.1527144643713,9,advisor_summarized
2024-10-05,153.31438768588006,9,advisor_summarized
2024-10-06,249.06883923670853,9,advisor_summarized
2024-10-07,331.4192979801139,9,advisor_summarized
2024-10-08,305.64675691326676,9,advisor_summarized
2024-10-09,315.30985711455077,9,advisor_summarized
2024-10-10,508.2793808478812,9,advisor_summarized
2024-10-11,473.9508242877069,9,advisor_summarized
2024-10-12,453.29819274761263,9,advisor_summarized
2024-10-13,430.8296646363563,9,advisor_summarized
2024-10-14,393.1861447747615,9,advisor_summarized
2024-10-15,350.94396830378986,9,advisor_summarized
2024-10-16,315.4376096694004,9,advisor_summarized
2024-10-17,286.40474928901364,9,advisor_summarized
2024-10-18,259.2932854215929,9,advisor_summarized
2024-10-19,240.538973995921,9,advisor_summarized
2024-10-20,225.23898358669177,9,advisor_summarized
2024-10-21,210.78455247724074,9,advisor_summarized
2024-10-22,195.13198121306326,9,advisor_summarized
2024-10-23,182.1673863729959,9,advisor_summarized
2024-10-24,169.67363655357994,9,advisor_summarized
2024-10-25,157.14115172225624,9,advisor_summarized
2024-10-26,147.49849453969426,9,advisor_summarized
2024-10-27,136.79723550350278,9,advisor_summarized
2024-10-28,129.01737046297578,9,advisor_summarized
2024-10-29,126.90974284765163,9,advisor_summarized
2024-10-30,126.23941847233607,9,advisor_summarized
2024-10-31,120.11120066690209,9,advisor_summarized
2024-11-01,115.5677715784684,9,advisor_summarized
2024-11-02,111.48856457691828,9,advisor_summarized
2024-11-03,108.74037139711821,9,advisor_summarized
2024-11-04,103.4843142404448,9,advisor_summarized
2024-11-05,99.78880413302072,9,advisor_summarized
2024-11-06,98.70753014759214,9,advisor_summarized
2024-11-07,104.41399071466452,9,advisor_summarized
2024-11-08,109.12553063967293,9,advisor_summarized
2024-11-09,105.88869106619154,9,advisor_summarized
2024-11-10,104.63036020837387,9,advisor_summarized
2024-11-11,108.64545858216331,9,advisor_summarized
2024-11-12,104.0324468043106,9,advisor_summarized
2024-11-13,100.85339036906906,9,advisor_summarized
2024-11-14,98.58998672544914,9,advisor_summarized
2024-11-15,94.4980620995836,9,advisor_summarized
2024-11-16,90.59710183759769,9,advisor_summarized
2024-11-17,85.34793717189241,9,advisor_summarized
2024-11-18,81.63722328919881,9,advisor_summarized
2024-11-19,78.29940342140831,9,advisor_summarized
2024-11-20,74.95157163104864,9,advisor_summarized
2024-11-21,73.68772804241657,9,advisor_summarized
2024-11-22,70.26766157335165,9,advisor_summarized
2024-11-23,67.95789656116999,9,advisor_summarized
2024-11-24,64.54993823972399,9,advisor_summarized
2024-11-25,62.747298145804855,9,advisor_summarized
2024-11-26,60.54351341932263,9,advisor_summarized
2024-11-27,58.78745524681485,9,advisor_summarized
2024-11-28,57.457554211550864,9,advisor_summarized
2024-11-29,58.018296899455,9,advisor_summarized
2024-11-30,57.86073777198241,9,advisor_summarized
2024-12-01,55.50210495875147,9,advisor_summarized
2024-12-02,53.620674069811635,9,advisor_summarized
2024-12-03,51.45707238732831,9,advisor_summarized
2024-12-04,50.444006332637116,9,advisor_summarized
2024-12-05,49.5319690877268,9,advisor_summarized
2024-12-06,50.284237741832136,9,advisor_summarized
2024-12-07,50.206795730716216,9,advisor_summarized
2024-12-08,48.325497795189754,9,advisor_summarized
2024-12-09,47.38101641865598,9,advisor_summarized
2024-12-10,46.85563507919256,9,advisor_summarized
2024-12-11,56.216973946517356,9,advisor_summarized
2024-12-12,63.32367115040342,9,advisor_summarized
2024-12-13,57.18201803557293,9,advisor_summarized
2024-12-14,54.03072860273959,9,advisor_summarized
2024-12-15,54.044976836571976,9,advisor_summarized
2024-12-16,52.20361883360912,9,advisor_summarized
2024-12-17,51.909613371457624,9,advisor_summarized
2024-12-18,51.894335367943206,9,advisor_summarized
2024-12-19,50.660056175036296,9,advisor_summarized
2024-12-20,50.3310949686882,9,advisor_summarized
2024-12-21,50.700570093893326,9,advisor_summarized
2024-12-22,47.58071415148578,9,advisor_summarized
2024-12-23,46.287280079143585,9,advisor_summarized
2024-12-24,47.50649459706591,9,advisor_summarized
2024-12-25,48.734031290635464,9,advisor_summarized
2024-12-26,50.39654236242205,9,advisor_summarized
2024-12-27,51.11929677068843,9,advisor_summarized
2024-12-28,50.884789576854836,9,advisor_summarized
2024-12-29,58.622735737460154,9,advisor_summarized
2024-12-30,68.04706456361458,9,advisor_summarized
2024-12-31,62.67194469106956,9,advisor_summarized
2025-01-01,60.10384528833661,9,advisor_summarized
2025-01-02,57.6200940313743,9,advisor_summarized
2025-01-03,54.5423492710074,9,advisor_summarized
2025-01-04,53.563846599549834,9,advisor_summarized
2025-01-05,51.41113924570019,9,advisor_summarized
2025-01-06,51.582475168811165,9,advisor_summarized
2025-01-07,52.14558130510517,9,advisor_summarized
2025-01-08,50.847515484558194,9,advisor_summarized
2025-01-09,49.76293204988596,9,advisor_summarized
2025-01-10,49.08059401488736,9,advisor_summarized
2025-01-11,54.91660387013962,9,advisor_summarized
2025-01-12,55.62381738555724,9,advisor_summarized
2025-01-13,54.09397968948186,9,advisor_summarized
2025-01-14,56.20101554048,9,advisor_summarized
2025-01-15,54.01189621021829,9,advisor_summarized
2025-01-16,51.43660875340374,9,advisor_summarized
2025-01-17,49.35994102286063,9,advisor_summarized
2025-01-18,48.924821994228076,9,advisor_summarized
2025-01-19,147.0799710712758,9,advisor_summarized
2025-01-20,159.60803453677147,9,advisor_summarized
2025-01-21,141.13812346701107,9,advisor_summarized
2025-01-22,232.88081245585963,9,advisor_summarized
2025-01-23,234.85528329900933,9,advisor_summarized
2025-01-24,209.71313842748916,9,advisor_summarized
2025-01-25,190.57038652826066,9,advisor_summarized
2025-01-26,177.46717226743502,9,advisor_summarized
2025-01-27,164.29865475819318,9,advisor_summarized
2025-01-28,154.70590390267984,9,advisor_summarized
2025-01-29,145.8679998405455,9,advisor_summarized
2025-01-30,137.84436318341454,9,advisor_summarized
2025-01-31,129.1198026797965,9,advisor_summarized
2025-02-01,121.47643650693495,9,advisor_summarized
2025-02-02,114.45447731344306,9,advisor_summarized
2025-02-03,107.00531087982175,9,advisor_summarized
2025-02-04,101.67361987846675,9,advisor_summarized
2025-02-05,98.37424543934846,9,advisor_summarized
2025-02-06,92.76475096589434,9,advisor_summarized
2025-02-07,89.69583759457458,9,advisor_summarized
2025-02-08,86.85327134368463,9,advisor_summarized
2025-02-09,82.94741380144973,9,advisor_summarized
2025-02-10,79.66973916391333,9,advisor_summarized
2025-02-11,78.55548379357965,9,advisor_summarized
2025-02-12,76.20205325524672,9,advisor_summarized
2025-02-13,79.73747355485969,9,advisor_summarized
2025-02-14,103.64166455225579,9,advisor_summarized
2025-02-15,101.19854009246387,9,advisor_summarized
2025-02-16,100.62935651782942,9,advisor_summarized
2025-02-17,107.15637025150073,9,advisor_summarized
2025-02-18,99.9765029935436,9,advisor_summarized
2025-02-19,113.02786833374785,9,advisor_summarized
2025-02-20,135.73197762593256,9,advisor_summarized
2025-02-21,126.94249874921586,9,advisor_summarized
2025-02-22,116.82250378410102,9,advisor_summarized
2025-02-23,110.40103374615467,9,advisor_summarized
2025-02-24,117.93886656289699,9,advisor_summarized
2025-02-25,130.54511864226205,9,advisor_summarized
2025-02-26,125.04960250803748,9,advisor_summarized
2025-02-27,116.30086105768383,9,advisor_summarized
2025-02-28,110.71386144221232,9,advisor_summarized
2025-03-01,103.6477543305116,9,advisor_summarized
2025-03-02,99.20506444879676,9,advisor_summarized
2025-03-03,94.35879931945327,9,advisor_summarized
2025-03-04,89.88755650648845,9,advisor_summarized
2025-03-05,89.53523118387609,9,advisor_summarized
2025-03-06,93.25264666959124,9,advisor_summarized
2025-03-07,90.33143599296902,9,advisor_summarized
2025-03-08,88.61106555319968,9,advisor_summarized
2025-03-09,101.00690160175115,9,advisor_summarized
2025-03-10,212.2716164851462,9,advisor_summarized
2025-03-11,237.53446636793535,9,advisor_summarized
2025-03-12,214.05653738044032,9,advisor_summarized
2025-03-13,193.22551496172048,9,advisor_summarized
2025-03-14,175.72285897019705,9,advisor_summarized
2025-03-15,163.47095330997294,9,advisor_summarized
2025-03-16,161.47817254245425,9,advisor_summarized
2025-03-17,161.76506304220447,9,advisor_summarized
2025-03-18,150.2499041503322,9,advisor_summarized
2025-03-19,138.50654082190837,9,advisor_summarized
2025-03-20,128.74132205501533,9,advisor_summarized
2025-03-21,122.01604021123906,9,advisor_summarized
2025-03-22,114.25765032424948,9,advisor_summarized
2025-03-23,106.91991621846087,9,advisor_summarized
2025-03-24,101.62548167581188,9,advisor_summarized
2025-03-25,96.38564671598961,9,advisor_summarized
2025-03-26,98.76795008191282,9,advisor_summarized
2025-03-27,102.02561729027207,9,advisor_summarized
2025-03-28,97.65198474606156,9,advisor_summarized
2025-03-29,93.9085539771117,9,advisor_summarized
2025-03-30,120.14923186797472,9,advisor_summarized
2025-03-31,177.5856905746367,9,advisor_summarized
2025-04-01,169.33245017662503,9,advisor_summarized
2025-04-02,172.28818094287615,9,advisor_summarized
2025-04-03,147.2756929329189,9,advisor_summarized
2025-04-04,132.81467868562936,9,advisor_summarized
2025-04-05,118.68542335463012,9,advisor_summarized
2025-04-06,108.32663097733433,9,advisor_summarized
2025-04-07,99.48908418080627,9,advisor_summarized
2025-04-08,96.06627297736605,9,advisor_summarized
2025-04-09,88.45745605373241,9,advisor_summarized
2025-04-10,80.69901802144246,9,advisor_summarized
2025-04-11,76.78253060332646,9,advisor_summarized
2025-04-12,77.85618083858793,9,advisor_summarized
2025-04-13,74.97841267912885,9,advisor_summarized
2025-04-14,69.45408802287201,9,advisor_summarized
2025-04-15,65.48377329459309,9,advisor_summarized
2025-04-16,66.06933404232907,9,advisor_summarized
2025-04-17,60.344923579906975,9,computed_RC
2025-04-18,57.40565393884812,9,computed_RC
2025-04-19,54.62900590252219,9,computed_RC
2025-04-20,50.33148934826987,9,computed_RC
2025-04-21,48.517343920569054,9,computed_RC
2025-04-22,46.04807129132262,9,computed_RC
2025-04-23,43.579568259721995,9,computed_RC
2025-04-24,41.50141565384539,9,computed_RC
2025-04-25,38.28390195008901,9,computed_RC
2025-04-26,34.30336568812248,9,computed_RC
2025-04-27,33.94182100262301,9,computed_RC
2025-05-12,61.023204737114405,9,computed_RC
2025-05-13,56.9037910227324,9,computed_RC
2025-05-14,47.36354457027671,9,computed_RC
2025-05-15,39.662833587914676,9,computed_RC
2025-05-16,34.583600131510075,9,computed_RC
2025-08-24,101.17037422066608,9,computed_RC
2025-08-25,71.70448550695876,9,computed_RC
2025-08-26,54.63376359665942,9,computed_RC
2025-08-27,42.84351623525014,9,computed_RC
2025-08-28,35.245144584711454,9,computed_RC
2025-08-29,34.07878846283406,9,computed_RC
