ID,Date,CO2,K600,depth,Q,TempC,CO2_flux,external,internal,NEP_corrected,ER_corrected,int.contrib,na.rm,ext.contrib
13,2023-12-09,12720.721825,32.92392233202539,0.04933324503012634,3.277599611199915,15.85,8.956599769320922,7.385572033826097,1.5710277354948246,-3.491172745544055,-3.6761594669515,17.540448115992326,TRUE,82.45955188400767
13,2023-12-10,16435.882400000002,10.713457605634453,0.057605799454023006,4.312261231966295,16.8,4.448660992577337,3.7706803728415483,0.6779806197357886,-1.5066235994128636,-1.7249625140453066,15.24010530060641,TRUE,84.75989469939358
13,2023-12-11,14076.6066,12.829573922520472,0.06951557706145695,5.736958094035951,16.3,5.470460149991249,5.0486431525577204,0.4218169974335285,-0.9373711054078412,-0.9866161989607456,7.710813823115105,TRUE,92.2891861768849
13,2023-12-12,16224.558175,21.47882645242723,0.0580432056318657,4.26539129937306,14.75,8.791158588950692,8.205576897880675,0.5855816910700161,-1.301292646822258,-1.3996461760174748,6.661029773777643,TRUE,93.33897022622236
13,2023-12-13,17889.111625,121.3319574982661,0.05505768829719474,3.913969419554545,14.91,52.104954706119784,48.21352946548082,3.8914252406389642,-8.647611645864366,-9.299857556523524,7.468436087483849,TRUE,92.53156391251613
13,2023-12-14,21999.909575,44.39968229977128,0.05315834737730078,3.696380898906221,15.05,22.755862103156574,21.113153177634977,1.6427089255215968,-3.650464278936882,-3.9376929487292074,7.218838460502574,TRUE,92.78116153949742
13,2023-12-15,21097.045375,76.47825428699862,0.05405958024037255,3.7994307249127357,15.46,38.26175967810193,35.163711602508435,3.0980480755934954,-6.884551279096657,-7.536085049108829,8.096982735915772,TRUE,91.90301726408423
13,2023-12-17,15083.341875,2.438968470132963,0.6725078815309141,240.10075618092048,16.72,10.821162551863633,8.078370801772014,2.7427917500916195,-6.095092777981377,-6.140314420727314,25.346553449742352,TRUE,74.65344655025766
13,2023-12-18,19387.45865,4.5817967007887415,0.5911297831686572,185.0485654825863,16.5,23.093505445132084,19.859664198787698,3.2338412463443875,-7.186313880765306,-7.285756659490105,14.003249762266186,TRUE,85.99675023773382
13,2023-12-19,18360.4383375,5.624589335551263,0.535585069806503,157.58956884825272,14.52,24.088768961779177,21.191404461978543,2.897364499800634,-6.438587777334742,-6.541184387329058,12.027864538855358,TRUE,87.97213546114463
13,2024-02-09,10691.081400000001,29.928236677907417,0.1734585500989185,25.237360198374788,14.84,23.797903121492997,20.785805418823518,3.0120977026694775,-6.693550450376617,-7.192007885127245,12.656987833306674,TRUE,87.34301216669333
13,2024-08-05,41425.965,0.6169012584147541,0.7380248686254949,304.51690810500145,24.73,8.609562934951965,6.93715312676522,1.6724098081867453,-3.71646624041499,-3.760888486373042,19.42502564674122,TRUE,80.57497435325878
13,2024-08-06,10849.7613,2.379803494876923,0.5662856993895803,175.20356883133738,24.48,6.47719204839653,4.4014263912267815,2.075765657169749,-4.612812571488331,-4.754134046573408,32.04730756259756,TRUE,67.95269243740245
13,2024-08-10,8871.2757,1.664000931149492,0.21789021093193695,36.602339185032626,26.06,1.4170685296232524,0.41316872995489984,1.0038997996683525,-2.23088844370745,-3.227194268914616,70.8434192618231,TRUE,29.156580738176903
13,2024-08-11,8839.905900000002,5.198027329525399,0.18331750921077583,27.668042126186585,26.06,3.710450657098883,2.724152612677735,0.9862980444211483,-2.1917734320469964,-2.5271965776959227,26.581624055130604,TRUE,73.4183759448694
13,2024-09-06,9185.6513,22.563699636724422,0.04180927164884629,2.519019349884371,24.84,3.8136936647591693,2.6976248439979855,1.116068820761184,-2.4801529350248535,-2.834348332036132,29.26477370414759,TRUE,70.73522629585241
13,2024-09-08,11260.549125,10.0027569041611,0.0499321098642197,3.4372020861366592,24.71,2.496430546568783,1.9688206598368905,0.5276098867318924,-1.1724664149597608,-1.3966043239503418,21.134571016087964,TRUE,78.86542898391204
13,2024-09-09,13387.300325,26.445054398479915,0.07090705711714465,5.930373309746963,24.67,11.210510528820011,9.533082257599526,1.6774282712204847,-3.7276183804899663,-3.8448376659177894,14.962996260590874,TRUE,85.03700373940912
13,2024-09-10,9951.771136363637,58.967825657259176,0.06183895185972183,4.728815780685806,24.57,16.02023224486424,12.54016230761874,3.4800699372454997,-7.733488749434445,-8.231754998914777,21.72296808219581,TRUE,78.2770319178042
13,2024-09-11,9225.4295,80.43770246622663,0.06099349562335472,4.622046829554458,24.54,19.910133573778797,14.967674852903045,4.942458720875751,-10.983241601946116,-11.653332196299198,24.823835071527895,TRUE,75.17616492847209
13,2024-09-12,9169.65595,48.40711957579062,0.06854682512395303,5.606883419935901,24.45,13.377568332807337,10.146352520320844,3.2312158124864925,-7.180479583303318,-7.678242523142432,24.15398473100835,TRUE,75.84601526899165
13,2024-09-13,9405.269125,45.24787006294085,0.07656804600322495,6.688060540672166,24.21,14.33596258627153,11.133875055633707,3.2020875306378223,-7.11575006808405,-7.348563639723231,22.336048321611973,TRUE,77.66395167838803
13,2024-09-14,10269.7133,100.75057162172908,0.07487306883704671,6.446928523371412,24.25,34.22124673440501,27.00606915910156,7.215177575303447,-16.033727945118773,-16.72200953567205,21.08391208333601,TRUE,78.916087916664
13,2024-09-15,9519.193075000001,49.053714127890586,0.07301189087226644,6.193804283578482,24.35,15.012782910305532,11.658925745277656,3.3538571650278755,-7.453015922284169,-7.80674387871155,22.34000974413357,TRUE,77.65999025586643
13,2024-09-16,9565.581900000001,46.02097713234342,0.0699265627319136,5.775657460047472,24.19,13.55316805983274,10.70548574735912,2.847682312473621,-6.328182916608047,-6.5730370330613574,21.011193101878824,TRUE,78.98880689812118
13,2024-09-17,9492.221375000001,53.75579641372258,0.065047575701212,5.1392534867375375,23.77,14.593846984604152,11.53481584220412,3.0590311424000323,-6.797846983111183,-7.219158149475787,20.961101933076122,TRUE,79.03889806692388
13,2024-09-18,9543.8168,40.085359819995745,0.06483621164212017,5.108453520176654,23.93,10.913035139614953,8.41261663032426,2.5004185092906934,-5.556485576201541,-5.937270859735298,22.912218986760415,TRUE,77.08778101323958
13,2024-09-19,10478.731375000001,41.15169893984312,0.06948915655407055,5.71508991746482,23.99,13.239880598245945,10.495964594870186,2.7439160033757584,-6.097591118612797,-6.3758063884503695,20.72462801318072,TRUE,79.27537198681928
13,2024-09-21,8935.879225,65.49193984150862,0.06104927225005979,4.6418629227745045,23.95,15.670295353271884,12.015833093691235,3.654462259580649,-8.121027243512554,-8.34611194952299,23.320953288973044,TRUE,76.67904671102696
13,2024-09-22,8989.9642,50.69158778648498,0.05354878376423407,3.7530028989573427,23.46,10.693845568486173,8.277587655510834,2.41625791297534,-5.369462028834089,-5.652835113166747,22.594845769007932,TRUE,77.40515423099207
13,2024-09-23,12101.072025,54.4891905094565,0.04946534756705869,3.2973481308975314,23.31,14.46875279241268,11.8692697132683,2.599483079144379,-5.776629064765287,-6.218910118655064,17.966186280461788,TRUE,82.0338137195382
13,2024-09-24,10588.6452,39.68506110236021,0.04516467608692808,2.849943796317393,23.47,8.37886035955578,6.575458526727773,1.8034018328280075,-4.007559628506684,-4.250579268812941,21.523235326046393,TRUE,78.47676467395361
13,2024-09-28,10173.10035,71.45354343897797,0.09153266655018144,8.93966489181169,24.12,29.370326455895338,21.87602251095369,7.494303944941648,-16.654008766536997,-16.98445759924108,25.516583740380455,TRUE,74.48341625961955
13,2024-09-29,12102.224225,26.52553267657232,0.08222090550241719,7.521783184494606,24.12,11.731480205283303,9.236834702987816,2.494645502295487,-5.54365667176775,-5.7197975366393745,21.264541717182603,TRUE,78.7354582828174
13,2024-09-30,29803.349481818183,9.932823989545495,0.08120811938593572,7.407803321245428,24,10.911302383986905,9.929551606656885,0.9817507773300208,-2.181668394066713,-2.468074717513937,8.997558153743483,TRUE,91.00244184625652
13,2024-10-01,18890.764581818185,22.474021130710284,0.0941776529007603,9.37546563743993,24.18,18.004571350769496,15.572571394590733,2.4319999561787626,-5.404444347063918,-5.583055427331747,13.507680404037064,TRUE,86.49231959596294
13,2024-11-05,8960.410865209582,52.00284076052119,0.07648765539955321,6.679602254796818,21.5,15.53588636707243,10.776023107843578,4.759863259228854,-10.577473909397453,-11.033463671163666,30.6378609289854,TRUE,69.3621390710146
13,2024-11-06,9396.600701979167,13.75500861634387,0.07809049951433232,6.919869896415362,21.86,4.414187998572521,2.9827851021757974,1.4314028963967234,-3.1808953253260523,-3.3732609217401115,32.42732065013128,TRUE,67.57267934986874
13,2024-11-07,9603.68281638889,17.74954619680771,0.08776627644164371,8.358962275861376,22.25,6.556496566673295,4.549031050122952,2.0074655165503423,-4.461034481222983,-4.737069416763646,30.617960310607035,TRUE,69.38203968939295
13,2024-11-08,9191.632092708334,55.46056665217221,0.08668597125073033,8.18261513872581,22.48,19.338044424913885,13.247537061234665,6.090507363679221,-13.534460808176048,-13.808764219369005,31.494949695288756,TRUE,68.50505030471123
13,2024-11-09,8901.04256961562,48.127537258506585,0.08193321553309768,7.467201536737952,22.37,15.331093113317298,10.69389062716704,4.637202486150259,-10.304894413667244,-10.56062450497324,30.24704404229448,TRUE,69.75295595770554
13,2024-11-10,8840.7914,8.719368726216633,0.08838569055925972,8.511856301619167,22.25,2.9740713042089673,2.1326002210302426,0.8414710831787245,-1.869935740397166,-1.9578214837229908,28.293574602191185,TRUE,71.70642539780881
13,2024-11-28,8833.839,16.54964987858844,0.05334916215286987,3.7173446163552053,17.7,3.3548687387873337,2.564293022997432,0.7905757157899016,-1.7568349239775594,-1.777390295623732,23.56502675200541,TRUE,76.43497324799459
15,2024-02-09,3847.0212,10.012939151192024,0.20111873587383525,20.55416931129989,13.73,3.0635708781713675,0.6150909567540013,3.678661834925369,-8.174804077611931,-8.322497545571787,100,TRUE,20.077582050954422
15,2024-02-10,3781.5723000000003,9.543862132967313,0.19386777440221536,17.855110880990342,14.52,2.7709230583929423,0.8170117032613722,3.5879347616543145,-7.973188359231811,-8.124423354074892,100,TRUE,29.48518187059355
15,2024-02-14,10958.988150000001,10.510301771700195,0.1773461504498765,12.680044169425786,14.61,8.758690015373787,5.228108008095734,3.5305820072780536,-7.845737793951231,-8.032896717962721,40.309475516098416,TRUE,59.690524483901584
15,2024-02-15,11820.339391666666,11.836126406417078,0.17149254025780777,11.140712044834604,14.38,10.30703365785875,6.495166956503372,3.811866701355377,-8.470814891900838,-8.769732873301404,36.98315953833102,TRUE,63.01684046166897
15,2024-02-16,12017.706250000001,12.460980971856436,0.16918514927938946,10.573825586503279,14.61,10.90177939959502,6.844611661177927,4.0571677384170926,-9.01592830759354,-9.34608219462084,37.21564700316545,TRUE,62.78435299683455
15,2024-02-18,14172.670600000001,8.750339535142134,0.23289086381203078,36.63754857979982,14.34,12.48130930521961,8.653486985960065,3.8278223192595435,-8.506271820576764,-8.73309578611686,30.66843570376684,TRUE,69.33156429623315
15,2024-02-19,15082.596650000001,8.844154110835161,0.2689460495587658,62.883387753646545,13.55,15.476141759974238,11.368781058958735,4.107360701015503,-9.127468224478898,-9.287528967402196,26.53995268793881,TRUE,73.46004731206119
15,2024-02-20,13146.032716666667,8.589572283112071,0.2840174812167804,77.14506312829536,12.84,13.73061762150515,9.742905206748295,3.9877124147568552,-8.861583143904124,-8.993622345649488,29.042483919377563,TRUE,70.95751608062244
15,2024-02-21,11502.996908333333,8.186375228367986,0.27592693473265717,69.14769779616367,12.72,11.065405343214746,7.5248558832913055,3.5405494599234406,-7.867887688718757,-7.992419198117056,31.996563615218026,TRUE,68.00343638478198
15,2024-02-22,10897.199133333334,9.62448905630939,0.26013627815134427,55.20519661062001,12.64,11.589890752818729,7.656045768787754,3.933844984030974,-8.741877742291054,-8.897343416718957,33.94203679680277,TRUE,66.05796320319723
15,2024-02-23,10212.213000000002,10.086731695866856,0.24538482819389884,44.06495418804306,13.65,10.759217244804361,6.459864607180465,4.299352637623897,-9.55411697249755,-9.728869955219604,39.95971583992375,TRUE,60.04028416007625
15,2024-02-24,9782.799216666666,7.513163245691646,0.2336717365858974,36.60397764439992,14.4,7.321808522532199,4.368851013883102,2.9529575086490962,-6.562127796997992,-6.703270080321404,40.33098515976809,TRUE,59.6690148402319
15,2024-02-25,8980.725691666667,9.16370310860739,0.22132748841255243,29.705522322400604,14.07,7.72222619375083,4.456823879641245,3.265402314109584,-7.256449586910187,-7.425458671227975,42.28576361505823,TRUE,57.71423638494177
15,2024-02-26,7945.170291666667,12.232935365475957,0.20885700892613904,23.763194020061075,13.73,8.537509277305853,4.359222784193726,4.178286493112127,-9.285081095804728,-9.613483980823911,48.9403449811612,TRUE,51.0596550188388
15,2024-02-27,6907.164825000001,10.705315944101102,0.19913132659598665,19.792347856736697,14.2,6.153806494071433,2.4030765248191104,3.7507299692523226,-8.334955487227385,-8.748711007427193,60.949754804051274,TRUE,39.050245195948726
15,2024-02-28,6035.024050000001,10.584108525900293,0.19263188177891508,17.4269362448962,15.15,5.115667441422166,1.1564890543696356,3.95917838705253,-8.798174193450068,-9.360220559942867,77.39319321257268,TRUE,22.606806787427317
15,2024-03-02,4230.675166666667,11.43915019046806,0.17623061791578123,12.364099425681157,16.74,3.455260542784301,1.0972678764241763,4.552528419208477,-10.116729820463284,-10.652313706492718,100,TRUE,31.75644391609269
15,2024-03-26,15674.202683333333,8.633978001725795,0.16207509718049726,8.988822573434227,17.61,9.637817385165944,6.202476122802457,3.4353412623634867,-7.634091694141082,-8.060046633859304,35.64439047839811,TRUE,64.35560952160189
15,2024-03-27,14135.370700000001,7.35827139669099,0.1656066383344887,9.776267484684524,18.35,7.566893206799173,4.4939187970272805,3.0729744097718923,-6.828832021715317,-7.018783721777871,40.61078074963044,TRUE,59.38921925036956
15,2024-03-28,14718.902641666667,8.503464342953972,0.17367076431122555,11.695381808423702,18.45,9.564054408829088,5.935012191832348,3.629042216996741,-8.064538259992759,-8.232558990855493,37.94460029050628,TRUE,62.05539970949372
15,2024-03-29,16739.198758333336,6.798818152541978,0.16683078851006186,10.064621785598977,17.49,8.35360126999212,5.8806997794936144,2.4729014904985065,-5.4953366455522374,-5.736736083005323,29.602819317959128,TRUE,70.39718068204088
15,2024-03-30,16403.487925,9.928464022365098,0.1590015114878715,8.359961067790325,16.78,11.355397974217865,7.900844310361709,3.454553663856157,-7.676785919680349,-8.109182606501005,30.422127623352623,TRUE,69.57787237664739
15,2024-03-31,15874.885858333335,8.057842183982553,0.15266352532705077,7.16061130752889,16.89,8.559677088716551,5.845708428796916,2.7139686599196344,-6.031041466488078,-6.48758797706829,31.706437425042754,TRUE,68.29356257495725
15,2024-04-01,15274.791033333335,10.109120367065229,0.14758491668498475,6.279014148944248,17.58,10.00535168163959,6.381176750568819,3.6241749310707716,-8.05372206904616,-8.564759720105634,36.222364254535364,TRUE,63.777635745464636
15,2024-04-02,14328.14185,6.224658413907578,0.14264721741564698,5.522438549404539,18.26,5.589365483492448,3.2847816081399754,2.3045838753524723,-5.121297500783273,-5.274433354734052,41.23158312260662,TRUE,58.76841687739337
15,2024-04-04,16195.263516666668,6.604169635894804,0.22990534647735947,34.3780239348115,18.1,10.834521575240453,7.608524062913059,3.225997512327394,-7.168883360727542,-7.370819496491192,29.77517271920517,TRUE,70.22482728079483
15,2024-04-05,16776.234658333335,8.405007045897795,0.2453496008507166,44.003732196945506,17.08,15.197633763024632,11.067971332972188,4.129662430052442,-9.17702762233876,-9.373413504500713,27.17306190191122,TRUE,72.82693809808877
15,2024-04-06,14892.332400000001,7.54683757068457,0.24067610665524353,40.955970765615824,16.85,11.833155844750726,8.322309124648724,3.5108467201020024,-7.801881600226673,-7.948893059461724,29.669572227086313,TRUE,70.3304277729137
15,2024-04-07,13674.93754,8.921282650411355,0.22620941105518586,32.37404119016503,16.52,12.025233430710086,8.154498368114368,3.870735062595718,-8.60163347243493,-8.755854184892446,32.18844012383677,TRUE,67.81155987616323
15,2024-04-09,11595.350411764706,11.048504006492315,0.19427288884880797,18.044177461351257,17.53,10.82641255817436,6.100427235355964,4.725985322818396,-10.502189606263103,-10.824720965006277,43.65236681517456,TRUE,56.34763318482543
15,2024-04-14,15187.793958333334,10.0238085674855,0.17129291864644344,11.135639554936988,17.53,11.444964637523903,7.31434937294798,4.130615264575923,-9.17914503239094,-9.584598946742538,36.09111426201465,TRUE,63.90888573798535
15,2024-04-15,14503.914975000002,9.139177366542706,0.16280312893959112,9.181623218660219,18.18,9.481583730668666,5.744607946046074,3.7369757846225924,-8.30439063249465,-8.596130867111471,39.41299144503838,TRUE,60.58700855496162
15,2024-04-16,14291.256741666668,9.304089632468504,0.15377025102535044,7.365670561525902,18.41,8.986983625315194,5.239768119928337,3.747215505386857,-8.32714556752635,-8.608391405180637,41.696031300551454,TRUE,58.303968699448554
15,2024-04-17,13339.398508333334,8.699206599874083,0.14525991203497543,5.931014436986346,18.74,7.401652111403605,3.922281894724874,3.479370216678731,-7.731933814841625,-7.962122138493012,47.008021510739766,TRUE,52.991978489260234
15,2024-04-18,11634.198400000001,9.68530726213864,0.1361608699441173,4.622325252039982,19.36,6.719178344884388,2.840809729716438,3.87836861516795,-8.618596922595446,-8.902945880858352,57.72087621577609,TRUE,42.27912378422391
15,2024-04-19,10471.545883333334,7.890595754475616,0.12533004262978217,3.413460390402648,19.79,4.522632291190848,1.3971400135924794,3.1254922775983687,-6.945538394663042,-7.134941993063414,69.10781324597582,TRUE,30.892186754024177
15,2024-04-20,9146.742458333334,7.9205208824181215,0.11286836997916398,2.2915711593597288,20.09,3.5528645494591564,0.49546086447109294,3.0574036849880635,-6.794230411084587,-7.070482067484718,86.05460868057816,TRUE,13.945391319421837
15,2024-04-21,8368.511066666668,5.767665378990509,0.1079952541723265,1.9256902057661553,20.15,2.255090969352636,0.06035489157514462,2.1947360777774914,-4.877191283949982,-5.110932758606316,97.32361610261466,TRUE,2.6763838973853264
15,2024-04-22,11311.861641666666,6.055979928953665,0.10872035031948848,1.970349368389342,19.33,3.257866223074777,1.144220249508051,2.113645973566726,-4.696991052370502,-4.914800558346697,64.87823099046298,TRUE,35.12176900953701
15,2024-04-23,12481.962441666667,8.515070935002795,0.10162204066832357,1.5319309403353911,17.87,4.717043240052726,1.9750432295472518,2.742000010505474,-6.093333356678832,-6.66161604444578,58.12963483613995,TRUE,41.87036516386005
15,2024-04-24,12416.5426,6.381864708035496,0.09530460379102582,1.1997905303215906,17.78,3.296440786669983,1.2657608087359682,2.030679977934015,-4.5126221731867,-4.8184911411472715,61.602197926490845,TRUE,38.397802073509155
15,2024-05-15,6331.363775000001,2.4436936615477194,0.1335614984866336,4.520254070490311,21.45,0.8821607558143942,0.13813164419848079,1.020292400012875,-2.267316444473056,-2.5929792389885287,100,TRUE,15.658330217938595
15,2024-05-16,8975.61203,7.198742564685507,0.1366879251940321,4.74083320684198,21.53,3.850470075736031,0.6936869218794248,3.156783153856606,-7.015073675236903,-7.074870565520601,81.98435753985638,TRUE,18.015642460143628
15,2024-05-17,13711.126129411765,7.9926153915999585,0.12655125719342322,3.4873808132666397,21.67,6.151767552784197,2.7774721984853734,3.374295354298823,-7.498434120664053,-7.652523929404525,54.85082661765509,TRUE,45.149173382344905
15,2024-05-18,14122.291071428572,5.764004936748151,0.11627074420815538,2.553114228938075,21.84,4.2041415424616995,1.8154683104636056,2.388673231998094,-5.308162737773542,-5.412935851136999,56.81714585183606,TRUE,43.18285414816394
15,2024-05-19,14800.214,3.795156153866301,0.10766940124789336,1.9728118369005667,21.94,2.690906810622366,1.198678343338187,1.4922284672841792,-3.31606326063151,-3.3453797981213897,55.45448327655201,TRUE,44.54551672344799
15,2024-05-20,15466.9788,5.004775048581978,0.11144166258029503,2.203190334794781,21.84,3.8421689970635704,1.8862891668265038,1.9558798302370666,-4.346399622749037,-4.401793197313474,50.905616898472566,TRUE,49.09438310152744
15,2024-07-05,7515.150041666667,3.9381918305449912,0.12087671932919616,2.958546984735794,24.98,1.5580989378970116,0.15384411672233878,1.4042548211746728,-3.120566269277051,-3.2955760608691027,90.12616509899016,TRUE,9.873834901009841
15,2024-07-06,10326.755725,8.501002877201211,0.11875427190248318,2.7683940972816456,24.98,4.6140205797009015,1.4812124858734008,3.1328080938275007,-6.9617957640611134,-7.017779891740023,67.8975752212744,TRUE,32.102424778725606
15,2024-07-07,12283.8335,7.105895424178407,0.10904913885585334,2.0273273120565753,25.09,4.242460468367387,1.6400725203162945,2.6023879480510925,-5.7830843290024285,-5.8137677515123265,61.341477839452004,TRUE,38.65852216054799
15,2024-07-09,17606.83038888889,2.6425708867356232,0.22611840708529896,32.90975659734727,24.83,4.73669808533143,2.8213324943592477,1.915365590972183,-4.256367979938185,-4.369907252834092,40.436725256010554,TRUE,59.563274743989446
15,2024-07-12,17100.41773,8.710442685400796,0.2052491418619201,22.396544430526625,24.83,13.75448439461093,8.710863769059218,5.043620625551712,-11.208045834559362,-11.34764212130155,36.668918156814556,TRUE,63.331081843185444
15,2024-07-14,16069.065741666667,6.0216258922746135,0.16690124319642594,10.13762260758524,25.23,7.260542774107845,4.209598541664451,3.0509442324433946,-6.7798760720964335,-6.835101163794717,42.02088366345704,TRUE,57.97911633654296
15,2024-07-15,16555.219330434782,6.0426048480394225,0.16302623544641032,9.363682784178133,25.22,7.337628659676476,4.319655657314625,3.0179730023618503,-6.706606671915224,-7.074575030129183,41.13008633084624,TRUE,58.86991366915375
15,2024-07-16,16453.560016666666,5.8500075894229795,0.16792870737256652,10.384858141747006,24.92,7.2663144840824145,4.328579540046583,2.937734944035832,-6.528299875635183,-6.595376906231266,40.42950453728961,TRUE,59.57049546271039
15,2024-07-17,16336.2001,15.284199580948268,0.15817073331116377,8.180877659361204,24.97,17.75252423702755,10.327782517922724,7.4247417191048255,-16.49942604245517,-16.945805781759553,41.82358305766218,TRUE,58.17641694233782
15,2024-08-28,8824.015200000002,4.555666912019724,0.143956500337243,5.780114043862035,25.18,2.543784524357373,0.13903914838000597,2.404745375977367,-5.343878613283039,-5.391534329446751,94.53416171658128,TRUE,5.465838283418715
15,2024-10-04,15787.757699999998,7.293788665988739,0.22996315545078636,34.35143293780895,24.61,11.882681894105222,6.255944775184382,5.62673711892084,-12.503860264268534,-12.674570751742012,47.352417316768864,TRUE,52.647582683231136
15,2024-10-05,12641.552,7.437572670193533,0.2239460542557447,31.06839318492755,24.67,9.385097848679415,3.7412699820504782,5.6438278666289365,-12.54183970361986,-12.642032492785354,60.136057797448366,TRUE,39.86394220255163
15,2024-10-07,10225.067914285715,7.408892195436065,0.24684382732401813,45.07511488555515,23.89,8.251960867388862,2.4412877725906705,5.810673094798191,-12.912606877329315,-13.066022967300867,70.41566469081961,TRUE,29.58433530918038
15,2024-10-09,8031.327920000001,3.320723907489971,0.2726126288616214,68.88565860711901,23.34,3.1664190435112554,0.49543094380494956,2.670988099706306,-5.935529110458458,-6.365059109355781,84.35358880182945,TRUE,15.64641119817054
15,2024-10-10,6288.825400000001,4.575232906308265,0.3552119417875199,182.2392235921724,22.73,4.376057346857983,0.4872020162250088,4.8632593630829914,-10.807243029073316,-10.919986860358136,100,TRUE,11.1333553838096
15,2024-10-11,4802.2106,5.921917469216991,0.36842806670461836,209.4299919490854,22.1,4.378952556964245,1.9266216383644625,6.305574195328708,-14.012387100730464,-14.109674600452262,100,TRUE,43.997317013640206
15,2024-10-12,4996.641283333333,4.880476076687495,0.36189926576822856,195.93132862217334,21.64,3.697589018809424,1.2389382224992715,4.936527241308696,-10.970060536241547,-11.04252104271618,100,TRUE,33.50665031178056
15,2024-10-13,4902.621533333334,4.751765269329391,0.3337379405061841,143.98827863302915,21.69,3.252154435691865,1.0821189572231136,4.334273392914978,-9.631718650922176,-9.696932121469205,100,TRUE,33.27391052980247
15,2024-10-14,4871.947666666667,6.355845581933033,0.3050100421412963,101.90279439987117,21.37,3.944774941288618,1.2692082210847588,5.213983162373377,-11.586629249718616,-11.666456851318744,100,TRUE,32.17441400269475
15,2024-10-15,4021.6556600000004,5.742650914871673,0.2826171943252977,75.98631023074067,21.74,2.674266463778382,1.7232614209020882,4.39752788468047,-9.772284188178824,-9.8572622455462,100,TRUE,64.43865801118972
15,2024-10-16,3751.4862,4.565858902395949,0.26210313814567016,56.88405366517461,20.6,1.8178703603477022,1.188318293734824,3.0061886540825262,-6.680419231294503,-6.757858128088657,100,TRUE,65.36870393263553
15,2024-10-17,3792.4678,6.85794687599084,0.24180338163706627,41.77588547145186,18.52,2.5324087343383437,1.3865200762784453,3.918928810616789,-8.708730690259532,-8.794723715452992,100,TRUE,54.75103830901567
15,2024-10-18,3829.246666666667,9.677024921765462,0.22270135479664913,30.45404112916048,18.14,3.3224119795174505,1.8963891482475144,5.218801127764965,-11.5973358394777,-11.737491709574442,100,TRUE,57.07868740958932
15,2024-10-24,10300.2878,6.688088822165991,0.15537896636399307,7.67763726607832,20.73,4.685310696045667,1.4421086082968424,3.2432020877488243,-7.207115750552943,-7.271922927157218,69.22064081013963,TRUE,30.77935918986036
15,2024-10-26,3868.1280000000006,9.027063472520505,0.13150950574628414,4.06224611463072,20.81,1.8676784393739818,2.0313145902481815,3.8989930296221633,-8.66442895471592,-8.7520401007095,100,TRUE,100
15,2024-11-05,4158.22,5.403659457719378,0.10173946514559702,1.5075891484089552,21.59,0.9398546119863405,1.5083510997112415,2.448205711697582,-5.440457137105739,-5.47866602985195,100,TRUE,100
15,2024-11-21,5130.601911111112,1.9942896199296336,0.05768473688462541,0.19911957263541727,18.52,0.24543034219542914,0.07568550123785439,0.32111584343328353,-0.7135907631850746,-0.7557289961622713,100,TRUE,30.837874633116144
15,2025-01-10,6394.751,4.007468431301119,0.07866555536141363,0.5610465131522377,10.26,0.822618205196098,0.16230135611892593,0.9849195613150239,-2.188710136255609,-2.2780458857774364,100,TRUE,19.729852207712334
15,2025-01-27,8707.045600000001,3.432905680051133,0.27402714218015845,67.28048918797116,11.28,3.421862037055601,2.260874864162471,1.16098717289313,-2.579971495318067,-2.999669107953122,33.92852079717746,TRUE,66.07147920282253
3,2023-10-06,24819.723375,3.216127932594569,0.38799849508789924,51.069542927047976,23.22,13.990317770654892,7.796090012967477,6.194227757687415,-13.764950572638702,-13.934245770615618,44.27510410578373,TRUE,55.72489589421627
3,2023-10-07,24230.713875,3.12711675526703,0.3809031210486663,48.32624342611148,23.2,13.03130697709,7.0813806309139204,5.94992634617608,-13.222058547057957,-13.390801704156964,45.658707577348075,TRUE,54.341292422651925
3,2023-10-08,21772.55575,3.041125533474406,0.3658933372412198,42.83534092255757,21.26,10.860267266617406,5.472817473941203,5.387449792676203,-11.972110650391564,-12.118595674479224,49.60697246591986,TRUE,50.393027534080154
3,2023-10-09,19745.683,3.228093616056288,0.35020542707752067,37.560225107636256,19.08,9.917525882515454,4.833337001742743,5.084188880772711,-11.298197512828247,-11.49741644038595,51.26468981276983,TRUE,48.735310187230176
3,2023-10-10,19262.73225,3.363666014695897,0.3347699795399591,32.814810212918545,18.37,9.607460564229523,4.608987207318334,4.998473356911189,-11.107718570913756,-11.442275362781428,52.026998429964884,TRUE,47.973001570035116
3,2023-10-12,24382.66,3.036880709617108,0.5958163349660032,197.70573875728422,20.89,19.797478136979137,12.301371427165321,7.496106709813817,-16.65801491069737,-17.320007424363414,37.86394740758448,TRUE,62.13605259241553
3,2023-10-13,33600.2975,1.661632256828898,0.6367358296837804,226.0320453167164,21.82,16.07226613087453,11.609964208856827,4.462301922017706,-9.91622649337268,-10.132093176478213,27.763987266523074,TRUE,72.23601273347694
3,2023-10-14,34168.50875,1.6411056171830731,0.5914187882921218,181.1305652287712,22.4,15.01991487201081,10.847188462116453,4.172726409894357,-9.272725355320793,-9.504038258746515,27.781292007653885,TRUE,72.21870799234611
3,2023-10-15,31741.835,1.60861017213803,0.5528976885226496,147.95731359585204,22.07,12.762627645153328,8.979181882490991,3.7834457626623377,-8.407657250360751,-8.659331446713486,29.644724173231836,TRUE,70.35527582676816
3,2023-10-16,28488.731125,1.6605776714209803,0.5196460121708123,122.76953729906106,20.43,11.043901821687601,7.555173105270746,3.4887287164168557,-7.752730480926346,-7.959566251885636,31.58963899485072,TRUE,68.41036100514927
3,2023-10-17,26305.889,1.802249483318268,0.4931227583667286,104.8933672138474,18.45,10.420221544062061,7.111858819170601,3.30836272489146,-7.3519171664254674,-7.628034485940153,31.74944708135042,TRUE,68.25055291864957
3,2023-10-19,22742.171625,1.8761167899323872,0.4432261623614157,76.15879781692401,18.16,8.398467800750414,5.3102233097252824,3.088244491025131,-6.862765535611404,-7.204580496404221,36.771522666898754,TRUE,63.22847733310125
3,2023-10-20,23344.857125,3.1924188511624414,0.4270362625573735,68.10274807082332,18.82,14.174384723922211,8.896965577929002,5.277419145993209,-11.727598102207132,-12.081207937014762,37.23208625123933,TRUE,62.76791374876067
3,2023-10-21,24067.767375,2.996432077761618,0.4133621821789097,61.79342093716996,19.9,13.332871920718706,8.260574304556243,5.072297616162463,-11.27177248036103,-11.459344848938793,38.04354865421254,TRUE,61.95645134578747
3,2023-10-22,22298.134125,3.2797470570720137,0.39525239217145075,53.99770326624492,18.95,12.868681321257473,7.680178701827826,5.188502619429647,-11.530005820954772,-11.826925031538172,40.318836793781514,TRUE,59.681163206218486
3,2023-10-23,22225.120750000002,3.2881504313934173,0.3856235850350489,50.139607150874006,19.41,12.565124691648093,7.3431850255859,5.221939666062193,-11.604310369027097,-11.863852519273788,41.558995984601424,TRUE,58.441004015398576
3,2023-10-24,22087.57775,3.2630179708049996,0.37441248306739033,45.890493740439794,19.79,12.045363769451475,6.862768920124273,5.182594849327202,-11.51687744294934,-11.761156105899758,43.02563997669294,TRUE,56.97436002330706
3,2023-10-25,22370.035125000002,3.3037356692156505,0.36609589446451624,42.893529188793856,20.16,12.094624943335036,6.787934801098716,5.30669014223632,-11.792644760525157,-12.027466545517171,43.87643409447491,TRUE,56.1235659055251
3,2023-10-26,22813.006375,3.264568333938232,0.35936160069289835,40.571972951683605,20.54,11.982356959453819,6.710362928556507,5.271994030897312,-11.715542290882915,-11.918001396113649,43.9979717574498,TRUE,56.002028242550196
3,2023-10-27,22529.923375,3.303371231492138,0.35104501209002414,37.818564839158554,20.42,11.69010984829378,6.449474258539611,5.240635589754168,-11.645856866120376,-11.83293358002898,44.8296522253729,TRUE,55.1703477746271
3,2023-10-28,22577.11,3.262603890266757,0.3431834433365836,35.33359985021532,20.38,11.309960745358882,6.215899844759151,5.0940609005997315,-11.320135334666071,-11.512541245208851,45.04048259133095,TRUE,54.95951740866905
3,2023-10-29,22766.33675,3.3095076229943903,0.3396753870780469,34.25703770848939,20.67,11.46247711049679,6.301556930875435,5.160920179621355,-11.46871151026968,-11.612384254398686,45.0244753369691,TRUE,54.97552466303091
3,2023-10-30,22492.161875,3.3479542840056093,0.33406836828825126,32.588330680156446,20.59,11.26154839928159,6.0824930421296655,5.179055357151925,-11.509011904782056,-11.652790021415102,45.98883895470638,TRUE,54.01116104529362
3,2023-10-31,22465.4505,3.3486618664884404,0.33006125800130387,31.4307946725833,20.7,11.119070341669785,5.982989680309309,5.1360806613604755,-11.413512580801058,-11.559300774417377,46.19163746192449,TRUE,53.808362538075514
3,2023-11-01,20884.03604347826,2.940658744056756,0.32268700082854707,29.381106940838446,19.46,8.826341722160414,4.619870825268824,4.206470896891591,-9.347713104203535,-9.447732151055453,47.6581468212402,TRUE,52.341853178759806
3,2023-11-02,18048.55075,3.4018062950370083,0.30496764720802183,24.8034887365392,16.66,8.226626240800938,3.983093706746394,4.243532534054544,-9.430072297898986,-9.533304674258002,51.58290178552462,TRUE,48.41709821447538
3,2023-11-03,18914.966875,3.2657844417273596,0.29667160788867014,22.830211265511622,17.05,8.073108183324567,3.9125905855088208,4.160517597815747,-9.24559466181277,-9.297106045768704,51.53551151970831,TRUE,48.464488480291685
3,2023-11-04,19755.73925,3.1058206624128424,0.2852168501306698,20.302310051567005,17.59,7.733089168027384,3.8744865525462138,3.85860261548117,-8.574672478847045,-8.632586121059886,49.89729888845252,TRUE,50.10270111154748
3,2023-11-05,17511.924750000002,3.0821695216650045,0.26704247666071085,16.66685321859957,16.79,6.331350342238258,2.8238607448928676,3.50748959734539,-7.794421327434201,-7.811967760286589,55.39876026044427,TRUE,44.60123973955574
3,2023-11-06,14482.1154,3.194395705062178,0.24389224096629994,12.706069830398816,16.12,4.917006776097712,1.626233937454875,3.290772838642837,-7.312828530317416,-7.314566135721448,66.92634337295942,TRUE,33.07365662704058
3,2023-11-16,13184.6960625,3.0194964961713824,0.25907522587772425,15.208456451496325,18.83,4.528652218385847,1.2646923253138267,3.2639598930720206,-7.253244206826714,-7.322865911409488,72.07353834371935,TRUE,27.92646165628065
3,2023-11-17,18894.000391304347,2.9891073085083613,0.3080735246318975,25.865485631733016,19.14,7.72403070341513,3.6439960174075754,4.080034686007554,-9.066743746683455,-9.198363994224112,52.82261092260539,TRUE,47.17738907739461
3,2023-11-18,23170.241,3.282141529513506,0.3321748985922214,32.04333974785311,19.41,11.272099479227805,6.553538310347924,4.718561168879881,-10.485691486399736,-10.63901751146604,41.8605351875685,TRUE,58.1394648124315
3,2023-11-19,23795.8305,3.243764616177694,0.32001559397058194,28.663802547680387,18.87,11.00721632322917,6.508186242430666,4.499030080798503,-9.997844623996675,-10.111656916819696,40.87345927147755,TRUE,59.12654072852244
3,2023-11-20,23969.707625,3.2380660087775386,0.3042425510608596,24.622233912636773,19,10.528789590004093,6.159428830162758,4.369360759841335,-9.70969057742519,-9.803258744614451,41.499174453913994,TRUE,58.500825546086
3,2023-11-23,21511.7155,3.3085259479455633,0.3032356361682419,24.37240684269636,17.26,9.541477811326613,5.209221106615486,4.332256704711128,-9.627237121580285,-9.77159578768141,45.40446239437186,TRUE,54.59553760562814
3,2023-11-24,19407.72175,3.5082514091111947,0.2977431062437882,23.070732131236404,16.25,8.906761947661606,4.528258561255329,4.378503386406276,-9.73000752534728,-9.907870588341668,49.159317517808084,TRUE,50.840682482191916
3,2023-11-25,19412.145375,3.284108418789622,0.2949660173562769,22.432381415901208,15.8,8.24627126339621,4.140015304997108,4.106255958399102,-9.125013240886895,-9.179723500618252,49.79530538397483,TRUE,50.20469461602517
3,2023-11-27,23582.813375,1.8180502454184009,0.45019530508757993,79.8034781048793,16.72,8.530162135657752,5.834960156755653,2.6952019789021002,-5.989337730893556,-6.153893021389956,31.59614009721605,TRUE,68.40385990278395
3,2023-11-28,22196.80475,2.7552987244387355,0.42253303385394636,66.05852380378806,15.03,11.32603897379573,7.922539713723638,3.403499260072093,-7.563331689049096,-7.723506849043853,30.050216743439893,TRUE,69.94978325656011
3,2023-11-29,18325.141375,3.214167187693716,0.3949793802617907,53.90133423325492,12.89,10.055949822106655,6.831059104836175,3.2248907172704793,-7.166423816156621,-7.35702135695272,32.06947900814889,TRUE,67.93052099185111
3,2023-11-30,16657.60425,3.4697958279302963,0.37716315144751505,46.91006227872853,12.26,9.372515848309938,6.053738381110918,3.3187774671990202,-7.375061038220045,-7.712625521428888,35.409675704068995,TRUE,64.59032429593101
3,2023-12-01,19064.112,3.075299745904416,0.36581114010712873,42.801121990321064,14.36,9.341951372322914,5.671232383328125,3.6707189889947887,-8.157153308877309,-8.375144775927613,39.29285052660309,TRUE,60.7071494733969
3,2023-12-09,19790.970875,3.4928355940131652,0.3402008616138443,34.42154076424335,15.07,10.284681021728117,5.773556436703515,4.511124585024602,-10.024721300054672,-10.09987536692061,43.86256195495118,TRUE,56.137438045048825
3,2023-12-11,20443.995375,1.767225764737482,0.4488419879870063,79.11141237535763,15.56,7.111932727282429,4.965513056516064,2.1464196707663645,-4.769821490591921,-4.978885598952515,30.18053956742842,TRUE,69.81946043257157
3,2023-12-13,18872.3785,3.3642078000357505,0.42118852358916836,65.34055506129476,13.99,11.626075807923193,7.672533493675627,3.9535423142475663,-8.785649587216815,-9.02357414030764,34.005819156565444,TRUE,65.99418084343455
3,2023-12-14,18486.197875,3.316347069030387,0.41262827919595224,61.42550670353048,14.26,11.006252713579913,7.08478032476349,3.921472388816423,-8.714383086258719,-8.90943328829381,35.62949616791888,TRUE,64.37050383208111
3,2023-12-15,18595.08025,3.2182794418419083,0.40787258786638775,59.31851490302815,14.85,10.649428570291136,6.567041926464175,4.08238664382696,-9.071970319615469,-9.31872732596744,38.33432579862222,TRUE,61.665674201377776
3,2023-12-17,13579.058125,0.538742920766874,0.9537026567992529,825.6409125763988,16.72,3.041935476890754,0.05414963972324349,3.0960851166139975,-6.880189148031106,-6.952762060911166,100,TRUE,1.7801048094087562
3,2023-12-18,21700.82075,1.3710253310041405,0.9792718367254912,824.0941713576702,16.67,12.853014518570758,8.30292957679649,4.550084941774268,-10.111299870609486,-10.287291933867348,35.40091653362758,TRUE,64.59908346637243
3,2023-12-19,24234.5025,1.2818890720921594,0.8756799628750771,589.0806717568679,14.73,11.926665541148653,8.798102612976505,3.128562928172148,-6.952362062604774,-7.12467244602635,26.231664813423095,TRUE,73.7683351865769
3,2024-01-01,20977.61275,1.9285257551921755,0.4543051617921417,81.9793674827852,12.41,7.950019232969849,6.299371425310566,1.6506478076592828,-3.668106239242851,-3.874111840420306,20.76281527488404,TRUE,79.23718472511595
3,2024-01-03,19990.835,3.533721575491698,0.43107272896363974,70.02684292262998,12.01,13.133602827470108,9.829486341633457,3.3041164858366514,-7.342481079637004,-7.553510671613331,25.157731121012702,TRUE,74.8422688789873
3,2024-01-05,18593.762666666666,3.539389877132058,0.4242268819386124,66.7463422989238,12.3,12.038183655721037,9.906722601080789,2.1314610546402477,-4.736580121422773,-4.972610004931029,17.705835993183992,TRUE,82.29416400681602
3,2024-01-07,21550.599875,1.751019199183308,0.4657628551620739,88.35479541746068,14.4,7.677200851314356,7.791222007146451,-0.1140211558320948,0.253380346293544,0.0911736649965924,0,TRUE,100
3,2024-01-08,19865.10175,1.9216611392879452,0.4523060100665655,80.90011742727023,13.13,7.485400061014475,7.968466105819243,-0.48306604480476867,1.0734800995661526,0.8234075642023537,0,TRUE,100
3,2024-01-09,21026.460875,1.0748295432013877,0.49903214518550243,114.61450690185404,14.23,4.92008029901241,5.5234214227294025,-0.6033411237169921,1.3407580527044272,0.5796638877932612,0,TRUE,100
3,2024-01-10,21938.9845,1.6947843613719833,0.6139672235405075,202.4712711750296,14.03,9.958384261112275,8.61871405797258,1.339670203139695,-2.977044895865989,-3.213328241106928,13.45268637976884,TRUE,86.54731362023115
3,2024-01-11,21054.8335,1.7746382219202494,0.5789835361488904,169.80554563910476,12.8,9.375656692659437,8.43975097291628,0.9359057197431578,-2.0797904883181286,-2.4016111854809874,9.982295111935088,TRUE,90.01770488806491
3,2024-01-12,21667.554875,1.8240141738557931,0.5552608561277728,149.71586796977837,13.35,9.540687785113642,8.400787326454635,1.1399004586590067,-2.5331121303533486,-2.806161356085205,11.947780750540817,TRUE,88.05221924945918
3,2024-01-13,22497.97725,1.5845984165811018,0.5428520244919277,139.93683908395263,14.73,8.473030340289075,7.805727699368144,0.6673026409209308,-1.4828947576020686,-1.7037243448911887,7.875607830033622,TRUE,92.12439216996638
3,2024-01-14,20045.886125,1.73731990845046,0.515456893944091,119.7968337344898,13.06,7.781351422677815,7.807855696101817,-0.02650427342400201,0.05889838538667114,-0.22273248098080156,0,TRUE,100
3,2024-01-15,18774.34525,1.896510310512959,0.49841860229174995,108.26124163518962,12.45,7.6592846418389104,7.799889981585676,-0.14060533974676537,0.31245631054836753,-0.04624021095802,0,TRUE,100
3,2024-01-16,21088.559375,1.8648618899950469,0.5016741959241493,110.49199395857009,13.86,8.593037061901482,8.118773513903655,0.47426354799782805,-1.053918995550729,-1.347037871044832,5.519160973953512,TRUE,94.4808390260465
3,2024-01-17,19172.39625,1.737042865913594,0.4985448336048187,108.39284497382172,12.48,7.1702494752676325,7.647326118192596,-0.4770766429249633,1.0601703176110298,0.6673005795667724,0,TRUE,100
3,2024-01-18,17660.888125,1.9021136481571992,0.4803000054484957,96.87353775373667,11.04,6.906644488751198,7.683152348593099,-0.7765078598419008,1.725573021870891,1.407925731072197,0,TRUE,100
3,2024-01-19,18603.094250000002,1.8513786337296476,0.4731987601853992,92.63405927901232,11.98,7.01669402325102,7.581641604239903,-0.5649475809888829,1.2554390688641843,1.0032309820273886,0,TRUE,100
3,2024-01-20,17791.581125,1.7437895583564549,0.46326171379615483,86.94649934274777,11.73,6.173946757914317,7.193337983513884,-1.0193912255995674,2.265313834665706,2.0403034840306535,0,TRUE,100
3,2024-01-21,16017.59225,1.8459220193159285,0.44925590926939435,79.27562277962528,10.16,5.647651437010974,7.336576740965393,-1.6889253039544188,3.753167342120931,3.506221191274431,0,TRUE,100
3,2024-01-22,16013.0215,1.8885289129040652,0.44050191448867726,74.73071089825645,10.18,5.664308973366656,7.272297571277024,-1.6079885979103679,3.5733079953563736,3.2713622978671415,0,TRUE,100
3,2024-01-26,25146.060625000002,1.529813840633336,0.540512341782259,140.961147898261,15.35,9.146716409199659,7.192692810440221,1.9540235987594377,-4.342274663909862,-4.474106812585067,21.363115585327474,TRUE,78.63688441467254
3,2024-01-27,27447.733625,1.767493188734124,0.5500002395459337,145.57567666460037,16.15,11.79445114161504,9.4238657159877,2.3705854256273393,-5.267967612505199,-5.834543260311332,20.09915847006281,TRUE,79.90084152993718
3,2024-01-28,26265.640375,1.6630212144046157,0.5261718774952702,127.42555209846375,16.65,10.173082454802248,8.296657823652778,1.8764246311494712,-4.169832513665492,-4.701523719165617,18.444995796369437,TRUE,81.55500420363057
3,2024-01-29,22729.53875,1.6975761198226562,0.4993990966769811,108.97155847066493,15.57,8.469194045364034,7.233939331329371,1.2352547140346626,-2.7450104756325837,-3.282840419421552,14.585268768411684,TRUE,85.41473123158832
3,2024-01-30,20369.707625,1.7693686334237348,0.4766275549217765,94.70130510218384,14.11,7.48508285491725,6.621821643322625,0.8632612115946252,-1.918358247988056,-2.404508869356358,11.533088254694661,TRUE,88.46691174530534
3,2024-01-31,19768.519500000002,1.741907438245862,0.4607517655944401,85.53660142121308,13.73,6.896765953829945,6.240980472880588,0.6557854809493565,-1.457301068776348,-1.8074686668533864,9.508594105403601,TRUE,90.4914058945964
3,2024-02-03,16803.287333333334,3.383900008037337,0.42220130970564956,65.8055784045663,13.2,10.369734048972939,8.212491936059587,2.157242112913352,-4.793871362029671,-5.08681387304053,20.803253995959658,TRUE,79.19674600404035
3,2024-02-05,19539.063,1.7858823597130775,0.44139434051595355,75.19073065641078,14.28,6.710299806780767,5.414666683896028,1.295633122884738,-2.8791847175216403,-3.1373506127155903,19.308125720038607,TRUE,80.69187427996138
3,2024-02-09,15959.129666666668,3.4996104488919677,0.39920666144362593,55.616218747226995,13.71,9.640483609847278,9.02290281169441,0.6175807981528688,-1.372401773673042,-1.7208410015814772,6.406118439141793,TRUE,93.59388156085821
3,2024-02-10,17188.2185,3.5515018238894376,0.3934264415498528,53.246969939961964,14.43,10.438685113370592,9.337041328490598,1.1016437848799945,-2.4480972997333215,-2.7994856571677733,10.553472711509734,TRUE,89.44652728849026
3,2024-02-11,18431.94975,3.5453585488513624,0.38671269706175754,50.557263333805494,15.03,11.03203214513417,9.571877627064751,1.4601545180694195,-3.2447878179320435,-3.6772788885151746,13.235589770407264,TRUE,86.76441022959273
3,2024-02-12,19626.99825,3.232711702829248,0.38644555637596145,50.46285448838238,15.66,10.748563013162858,8.988346951626356,1.7602160615365017,-3.911591247858893,-4.2623063321704215,16.37629196926988,TRUE,83.62370803073011
3,2024-02-13,19327.161125,2.883439943616002,0.395284683902701,54.005124539071446,15.99,9.66695806815057,8.430953751928104,1.2360043162224668,-2.7466762582721485,-3.027372597966955,12.785866117436592,TRUE,87.21413388256342
3,2024-02-14,16691.96775,3.444435752966499,0.38198342623957965,48.73052040746982,14.25,9.530846390355967,9.110817391418534,0.4200289989374334,-0.9333977754165188,-1.3497784011831555,4.407048248752079,TRUE,95.59295175124792
3,2024-02-15,16175.504375,3.6474877115393847,0.37361986784579626,45.59180334790542,13.93,9.544437725682085,9.41443933243066,0.12999839325142493,-0.2888853183364999,-0.6997919415778258,1.3620330184734344,TRUE,98.63796698152657
3,2024-02-16,16408.497,3.5678121897633073,0.37056389582476135,44.48214482660949,14.21,9.408531418011187,9.255253952559794,0.15327746545139156,-0.3406165898919813,-0.7302576473684352,1.629132737527617,TRUE,98.37086726247237
3,2024-02-19,19681.087,1.6505494892254702,0.5384897051612284,136.62587179366488,13.63,7.599620421327405,7.130904384954366,0.46871603637303844,-1.0415911919400855,-1.6554906904688904,6.167624307362039,TRUE,93.83237569263795
3,2024-02-20,19866.6795,1.7390344202682644,0.5047448460048432,112.5078383888657,13.22,7.563171234149584,7.644572045393546,-0.08140081124396249,0.18089069165325,-0.4806503796095276,0,TRUE,100
3,2024-03-04,20087.519099999998,1.705260898505312,0.5537580486349782,148.47902152024034,16.91,8.362666956132117,6.2803332491095665,2.08233370702255,-4.62740823782789,-4.944646570385542,24.900354371946275,TRUE,75.09964562805372
3,2024-03-05,22191.018,1.7006454381725518,0.541401832197604,138.76649732461473,17.12,9.033651833738897,7.17118186650073,1.8624699672381682,-4.138822149418152,-4.355364751196105,20.61702179269531,TRUE,79.38297820730469
3,2024-03-06,23397.393,1.7082766077652585,0.579919996355144,170.675068811529,17.32,10.266471871902741,7.784631521602654,2.481840350300088,-5.51520077844464,-5.833310946110841,24.174228315887014,TRUE,75.825771684113
3,2024-03-07,24851.021375,1.645525535884934,0.5713392026784053,163.1667890299707,17.66,10.373054346842496,8.03121676201438,2.341837584828116,-5.204083521840259,-5.698790591966583,22.57616230017111,TRUE,77.42383769982888
3,2024-03-08,24557.081625,1.7237771987186636,0.5472583780016043,143.37046369113122,17.85,10.290519930042208,8.006538759164673,2.283981170877535,-5.07551371306119,-5.512357226802965,22.195002647141923,TRUE,77.80499735285808
3,2024-03-09,25370.369125,1.5812132107954908,0.53093637566063,130.94232624589375,18.06,9.473958670916069,7.498824385671515,1.9751342852445544,-4.389187300543455,-4.612545922366075,20.848035692914543,TRUE,79.15196430708546
3,2024-03-10,25488.394874999998,1.647475666454812,0.5754461237710352,166.6551124776927,18.46,10.764868345281096,8.076836925526827,2.6880314197542696,-5.973403155009488,-6.319690330156225,24.970406822788494,TRUE,75.02959317721151
3,2024-03-11,23303.0765,1.540183716317914,0.5574185308976678,151.54372268154685,17.33,8.860930221871051,7.100782047902008,1.7601481739690423,-3.911440386597872,-4.322330661190709,19.864146651607125,TRUE,80.13585334839287
3,2024-03-12,21825.233875,1.6894020561282523,0.531473592644155,131.3019231747853,16.37,8.6351520878155,7.175851901016011,1.4593001867994893,-3.242889303998865,-3.696660652509027,16.89953080106849,TRUE,83.10046919893152
3,2024-03-13,21643.31275,1.7452794382047954,0.5130320784883994,118.10000038005354,16.67,8.548510267250002,7.17686776720504,1.3716425000449621,-3.0480944445443607,-3.4721639234455326,16.045398053738435,TRUE,83.95460194626156
3,2024-03-14,21043.64625,1.7650901187155228,0.4955064752553747,106.41401649374053,16.61,8.112269971777492,7.015565280584984,1.0967046911925078,-2.437121535983351,-2.933827613198936,13.519085225318348,TRUE,86.48091477468165
3,2024-03-15,21221.733875,1.8638486169090276,0.4777430874558718,95.37805044942365,17.02,8.344143796819667,7.101185786801834,1.2429580100178328,-2.76212891115074,-3.291894095591085,14.896171977424222,TRUE,85.10382802257578
3,2024-03-16,22292.725875,1.860992060246606,0.46307677024444965,86.84774450430393,17.57,8.50967524672909,6.9955992839977466,1.5140759627313432,-3.3646132505140964,-3.7853165191384774,17.792405924225097,TRUE,82.2075940757749
3,2024-03-17,22979.83425,1.901022491515841,0.44912967795632536,79.22735448498038,18.01,8.710277108566322,7.010400378262713,1.6998767303036084,-3.77750384511913,-4.214941160770804,19.51575947717927,TRUE,80.48424052282074
3,2024-03-18,22870.51025,1.8885926526563248,0.4426096838557311,75.80151940100994,18.38,8.497946306299971,6.803916385831781,1.6940299204681901,-3.764510934373756,-4.1178560577547,19.934580184536085,TRUE,80.06541981546391
3,2024-03-20,17466.616615384613,3.3699217513331807,0.4177802781363138,63.76137433430089,15.37,10.73726929517925,9.630325751920697,1.1069435432585524,-2.4598745405745612,-2.9880127785358255,10.309358113571212,TRUE,89.69064188642879
3,2024-03-21,17067.32125,3.4963377722000293,0.4042060085635322,57.75268759055161,15.36,10.525151794463211,9.761239564331365,0.7639122301318453,-1.697582733626323,-2.3194013017364483,7.257968768998692,TRUE,92.7420312310013
3,2024-03-23,21278.315125,1.703260504147272,0.4675300935450355,89.48161096049952,17.08,7.484288816194067,6.418694931459399,1.065593884734668,-2.3679864105214845,-2.8954638561097803,14.237744038271186,TRUE,85.76225596172881
3,2024-03-24,22203.310375,1.625052570621517,0.48448618806328525,99.45139834677866,17.19,7.731142010160211,6.558841652212923,1.1723003579472882,-2.6051119065495296,-2.873517293964159,15.163353051937987,TRUE,84.83664694806201
3,2024-03-25,20811.006130434784,1.8114100194741845,0.46426433817902585,87.5227318338325,16.81,7.718491631143587,6.385966536452942,1.332525094690645,-2.9611668770903226,-3.362229673848075,17.264060886119214,TRUE,82.73593911388079
3,2024-03-26,20912.440625,1.91765572927774,0.4453779659074466,77.28690352653035,17.33,7.894045057760892,5.839950421799058,2.054094635961835,-4.564654746581856,-4.9673820890197975,26.02081215564367,TRUE,73.97918784435633
3,2024-03-28,22480.026,1.7909875719405512,0.4707827515655032,91.36278857889614,17.95,8.409263072452378,6.0766384628654695,2.3326246095869085,-5.183610243526464,-5.528932090968776,27.73875177277157,TRUE,72.26124822722844
3,2024-03-29,21753.73925,1.7165437289553729,0.4631354824830862,86.91500731670479,17.6,7.65757837018546,5.79398692244502,1.8635914477404398,-4.141314328312089,-4.538474592578465,24.3365638280148,TRUE,75.66343617198521
3,2024-03-31,19607.074375,3.2210621283785423,0.42413000674486184,66.7249571254999,16.98,11.806235183358323,8.589740882369341,3.216494300988983,-7.147765113308852,-7.610056847079268,27.244030387628108,TRUE,72.7559696123719
3,2024-04-01,19693.35375,3.3319758466473695,0.4094959812646897,60.06662899342781,17.48,11.867669792591542,8.565011277601977,3.3026585149895644,-7.339241144421255,-7.7649033304916575,27.829039505727295,TRUE,72.1709604942727
3,2024-04-02,20140.219624999998,3.4096409479056833,0.3963708603174782,54.45820102336843,17.84,12.044164641068,8.510488408677832,3.5336762323901687,-7.852613849755931,-8.32366969580057,29.339321884899313,TRUE,70.66067811510068
3,2024-04-04,24506.644375,1.5662056169447929,0.5952174701319096,184.50989208159103,18.2,10.161223250333883,7.345450116342523,2.81577313399136,-6.257273631091912,-6.569126046921278,27.710966136865828,TRUE,72.28903386313416
3,2024-04-05,23743.173,1.5808935584616362,0.5573157844800535,151.55702676009602,17.41,9.271252871588414,6.753403215697105,2.5178496558913093,-5.595221457536243,-5.903117643488228,27.1575987707898,TRUE,72.84240122921021
3,2024-04-06,23079.915125,1.587581752280461,0.522549332371392,124.88087478684625,16.99,8.467407805619992,6.286499745249202,2.1809080603707893,-4.846462356379532,-5.144118369883243,25.7565019948995,TRUE,74.2434980051005
3,2024-04-07,22344.40775,1.673919331157967,0.4908887576866062,103.52495652820498,16.61,8.102307226598056,6.155252983819043,1.9470542427790125,-4.326787206175584,-4.678375428807211,24.03086168329029,TRUE,75.96913831670972
3,2024-04-08,22002.976625,1.7748588545696795,0.46529902847684473,88.13081559595206,16.93,8.026575272339402,6.159743934530666,1.8668313378087362,-4.148514084019414,-4.531056358403972,23.258130329158863,TRUE,76.74186967084114
3,2024-04-09,21884.12475,1.832706590383713,0.44329955265971116,76.20403907605603,17.42,7.867991017046376,6.033673178361305,1.8343178386850707,-4.076261863744602,-4.480688532237044,23.313674795903225,TRUE,76.68632520409678
3,2024-04-12,22276.604,1.7044597024115298,0.46108348974273683,85.75180477111061,18.51,7.7818123099018175,5.741322893471688,2.04048941643013,-4.53442092540029,-4.949585181070753,26.22126228659805,TRUE,73.77873771340195
3,2024-04-14,19920.6845,3.3541486078609064,0.4165561279607408,63.21774003267163,17.59,12.30117925095695,8.52264874801045,3.778530502946501,-8.396734450992225,-8.708531567262634,30.716815240722195,TRUE,69.28318475927782
3,2024-04-15,20450.672375000002,3.410537588339174,0.40187513268965946,56.76339004373686,18.05,12.416706020553917,8.521912281983749,3.894793738570168,-8.655097196822597,-8.986459676922035,31.36736693389491,TRUE,68.63263306610509
3,2024-04-16,20210.595625,3.4511920051622296,0.38764915726801136,50.9521297458453,18.27,11.984388485337762,8.10701179833866,3.877376686999103,-8.616392637775785,-9.049396995804695,32.353563068677715,TRUE,67.64643693132228
3,2024-04-17,20111.99725,3.468594841911321,0.37545462530318985,46.29373987426887,18.49,11.617077586796862,7.673667253437275,3.943410333359587,-8.763134074132417,-9.236121010397722,33.94494272674382,TRUE,66.05505727325618
3,2024-04-18,20291.177076923075,3.535162885647329,0.3620291686737218,41.502100480087584,18.75,11.531251205029344,7.24457342232311,4.286677782706234,-9.525950628236076,-9.863427367961505,37.17443759127026,TRUE,62.82556240872974
3,2024-05-14,22711.49225,2.235341187587721,0.36387363623212077,42.955023397844585,20.16,8.260212014707015,5.2619566184761055,2.9982553962309098,-6.662789769402022,-6.888401049339831,36.29755980709239,TRUE,63.70244019290762
3,2024-05-15,28989.5455,3.3695917656893783,0.37438019133614003,45.89723059124369,20.5,16.436936548046802,11.60941880156641,4.827517746480393,-10.727817214400876,-11.2502690690499,29.369936011914863,TRUE,70.63006398808514
3,2024-05-16,28781.341375,3.3571356336243396,0.37078700233158024,44.64877419702053,20.8,16.115491401792283,11.226352285308385,4.889139116483898,-10.864753592186442,-11.122331156533798,30.338132388194833,TRUE,69.66186761180516
3,2024-05-17,27204.1195,3.3207155606410206,0.3483677340081955,36.97730665388279,21,14.152306407830407,9.32952143895725,4.822784968873156,-10.717299930829236,-11.101683989071333,34.0777314304383,TRUE,65.9222685695617
3,2024-05-18,27207.992625,3.269893128073163,0.3339949779899562,32.59428654329608,21.14,13.368183615531093,8.713299772290767,4.654883843240325,-10.344186318311833,-10.542535883851665,34.82061570303614,TRUE,65.17938429696386
3,2024-05-19,25555.54175,3.281907837745588,0.31769939615636816,28.05809045882916,21.27,11.979852865147276,7.442512487461249,4.537340377686027,-10.08297861708006,-10.269785604671116,37.87475880347756,TRUE,62.12524119652244
3,2024-06-25,34586.28125,1.130773529948233,0.2118529723423082,14.879795169213585,23.29,3.7615985683725883,2.4740249488507065,1.2875736195218819,-2.8612747100486264,-2.901637426156617,34.2294265620942,TRUE,65.7705734379058
3,2024-06-26,34799.25875,3.3626354892873835,0.35685752371504736,39.76022923038159,23.4,18.965009805393063,14.156902380011454,4.808107425381609,-10.684683167514686,-10.937557724810292,25.352517476760447,TRUE,74.64748252323956
3,2024-06-27,35331.455,3.443919364462439,0.35293554617412254,38.44827006016282,23.61,19.51731610731537,14.561094231077023,4.956221876238347,-11.013826391640771,-11.239498183590662,25.393972454955954,TRUE,74.60602754504404
3,2024-06-28,34998.13425,3.2235048065919543,0.35305297065139596,38.48145080520678,23.76,18.10630086699187,13.5165191766889,4.589781690302969,-10.199514867339932,-10.951530335050109,25.349085514591376,TRUE,74.65091448540862
3,2024-06-29,30441.1885,3.4181956838370633,0.35652579956675073,39.619352184237584,23.77,16.833805992138696,11.798440883947947,5.0353651081907485,-11.189700240423887,-11.433888877465504,29.912220151178165,TRUE,70.08777984882182
3,2024-06-30,28793.085750000002,1.8425564399380008,0.35469104210935676,39.18141904963385,23.77,8.531835281231597,5.872574999877189,2.6592602813544075,-5.909467291898684,-6.5119411183014435,31.168678176479453,TRUE,68.83132182352054
3,2024-07-01,30651.376375,2.671051293584025,0.39982020433737825,55.93766694980985,23.85,14.857798864342419,10.596238714482626,4.261560149859793,-9.470133666355098,-9.619472505599385,28.682311483480987,TRUE,71.31768851651903
3,2024-07-02,28955.069086956522,3.1714601825051942,0.4064429448555867,58.74695507010142,24.09,16.936825830968285,11.589298669798623,5.347527161169661,-11.883393691488136,-12.056719790500445,31.573372806325544,TRUE,68.42662719367445
3,2024-07-03,32609.3475,3.1574034776592503,0.3836596606526545,49.42584576689446,24.29,17.96342521666254,12.78339698782133,5.18002822884121,-11.511173841869358,-11.664632448829384,28.83652848141852,TRUE,71.16347151858147
3,2024-07-04,32340.935,3.2057988316312636,0.36510365763155755,42.574311601406905,24.43,17.217482649385655,12.077028164070839,5.140454485314816,-11.42323218958848,-11.576198049208164,29.856016643049937,TRUE,70.14398335695006
3,2024-07-12,29778.587,2.9688881171477663,0.4097748643982136,60.34242755235148,24.61,16.46621437648629,11.56552213834421,4.900692238142078,-10.890427195871286,-11.040401635748026,29.762106371821893,TRUE,70.23789362817811
3,2024-07-13,28821.955,3.1686567204931606,0.3696890834690759,44.29420167030416,24.64,15.33940290917995,10.477432864977589,4.861970044202362,-10.80437787600525,-10.958305546485352,31.695953701644342,TRUE,68.30404629835566
3,2024-07-14,29854.27475,3.3375003167507633,0.34715532628034945,36.60934955996664,24.73,15.726699047017487,10.77368155332376,4.953017493693727,-11.006705541541615,-11.140033137271256,31.49432362688373,TRUE,68.50567637311627
3,2024-07-15,27122.597125,3.268852183240972,0.3356330494479168,33.06594093875875,24.79,13.511674732004012,8.748581112997444,4.763093619006568,-10.584652486681264,-10.737822694737837,35.25168947210232,TRUE,64.74831052789769
3,2024-08-01,30123.4925,3.088925307883457,0.40723668915869304,59.206753895418224,24.95,17.239286197640492,11.919650367698068,5.319635829942424,-11.82141295542761,-12.00744151326585,30.85763394699319,TRUE,69.14236605300681
3,2024-08-03,33896.445,1.7046845320547246,0.5030686115917685,111.79687100403069,24.91,13.244383940142132,9.914691984358285,3.3296919557838462,-7.399315457297437,-7.584643310275847,25.14040646082413,TRUE,74.85959353917586
3,2024-08-04,34849.7,2.1842736415123465,0.4691857786745875,90.72883789817419,25.02,16.28230013485937,12.607749236793888,3.6745508980654815,-8.165668662367738,-8.339885934758536,22.567762955053883,TRUE,77.43223704494612
3,2024-08-05,17008.26525,0.20069610448323663,1.1048485083333806,1453.24301132777,24.85,1.696594283925463,0.45978345370603657,1.2368108302194265,-2.748468511598726,-3.459590003721482,72.89962261088012,TRUE,27.10037738911988
3,2024-08-06,23123.022,1.3563401536403208,1.1585232368949587,1380.4070271777184,24.46,16.44060193312133,9.806789548396587,6.633812384724741,-14.741805299388314,-15.014334323362926,40.35017946246983,TRUE,59.64982053753016
3,2024-08-07,32191.87875,1.3944919438831584,1.0016881694369448,879.9081209337179,25.02,20.47952939399611,14.370612470546,6.108916923450109,-13.575370941000244,-14.016752299852463,29.82938135893412,TRUE,70.17061864106587
3,2024-09-16,4994.47725,1.680855441198572,0.5523575359271929,147.46001499661935,24.46,1.956595894300371,2.199990720711872,4.156586615012243,-9.236859144471651,-9.439961458515215,100,TRUE,100
3,2024-09-17,7008.9243,1.7378912179802748,0.5256258536759496,127.08658305698852,23.98,2.7700916101426474,1.4075316222806933,4.177623232423341,-9.28360718316298,-9.487344270746304,100,TRUE,50.81173550820623
3,2024-09-18,8986.194,1.774566800365639,0.5031684223974507,111.41911171658226,24.2,3.5223201313177053,0.6512978588225411,4.173617990140246,-9.274706644756105,-9.472245915602285,100,TRUE,18.490592409012226
3,2024-09-19,11287.25725,1.7583314820315188,0.4998570521383468,109.22184632391077,24.14,4.39807078347418,0.267982024337849,4.130088759136331,-9.17797502030296,-9.376029416056635,93.9068278449543,TRUE,6.0931721550457
3,2024-09-20,16078.45975,1.741141891439775,0.4830242533212339,98.59822994422127,24.21,6.065176055658973,2.0468803248713847,4.018295730787588,-8.929546068416863,-9.115096093066873,66.25192235002659,TRUE,33.74807764997341
3,2024-09-21,14249.43075,1.7571818331525622,0.4659918328927565,88.51277724645523,24.15,5.2146156273596755,1.2554233050956687,3.959192322264007,-8.798205160586683,-8.963897223416199,75.92491192430747,TRUE,24.075088075692534
3,2024-09-22,14115.22475,1.763130862244247,0.4498400960438283,79.63040610972249,23.75,4.997158960009714,1.1547068161512963,3.842452143858418,-8.538782541907596,-8.70714705868529,76.89273394358759,TRUE,23.107266056412417
3,2024-09-25,13355.10875,3.2411892824858657,0.41641228297608085,63.13339414423061,23.77,8.032048844563242,2.0231097565949696,6.0089390879682725,-13.353197973262828,-13.51878745183744,74.81203369468577,TRUE,25.18796630531422
3,2024-09-27,13595.59925,1.7112014143520515,0.48359963325987254,99.24647166782194,24.05,5.019672410050538,1.041998324003273,3.9776740860472652,-8.839275746771701,-8.988463716588239,79.24170665167406,TRUE,20.758293348325935
3,2024-09-28,13616.35625,1.8066234577177496,0.46787649575299134,89.5475002157474,24.19,5.137046860368972,0.9389078567214959,4.198139003647476,-9.32919778588328,-9.54571849947396,81.72280918897324,TRUE,18.27719081102675
3,2024-09-29,13701.530499999999,1.7645672236528878,0.4493645269108719,79.41650579775151,24.16,4.849709042471119,0.5997565773061142,4.249952465165005,-9.444338811477788,-9.596225007791636,87.63314310087942,TRUE,12.36685689912058
3,2024-10-03,13308.585000000001,3.1058138849058796,0.4061699329459264,58.61769682886067,24.19,7.487683679697554,0.9640044642773677,6.523679215420186,-14.497064923155971,-14.66849669401736,87.12546488988025,TRUE,12.874535110119746
3,2024-10-04,11820.1215,2.9334762429209618,0.39487369823224483,53.85633048591681,24.13,6.080503060411113,0.2577750522450568,5.822728008166056,-12.939395573702347,-13.148596475538444,95.76062951232808,TRUE,4.239370487671923
3,2024-10-05,9846.524,3.249308961230854,0.3877959378646029,50.98411027096257,24.16,5.4695255792465005,0.732445673204932,6.2019712524514325,-13.782158338780963,-13.929467377305862,100,TRUE,13.39139313991171
3,2024-10-07,11489.878,1.740965906375997,0.5010489105826698,110.00043776157744,23.72,4.441997109844721,0.8585406846058663,3.5834564252388543,-7.963236500530788,-8.181334128667071,80.67219173323869,TRUE,19.32780826676131
3,2024-10-08,11772.95525,1.726861867347004,0.48147425022122764,97.72207776306756,23.26,4.337314572775593,1.0019238407554663,3.335390732020127,-7.411979404489172,-7.611600307036018,76.89990375509468,TRUE,23.100096244905327
3,2024-10-09,12786.8105,1.913910935322536,0.5071050779980347,117.39219918535656,23.3,5.5157910079175725,2.171353200247286,3.3444378076702863,-7.4320840170450815,-7.886644884002726,60.63387468578043,TRUE,39.36612531421957
3,2024-10-10,12827.60825,1.57281302405893,0.6795047599186105,274.94620208831316,22.82,6.086485651192148,2.2828738036769964,3.8036118475151515,-8.452470772255893,-8.542205350543586,62.49274319360542,TRUE,37.50725680639458
3,2024-10-11,12860.890500000001,1.5975132527954172,0.6143547243155091,203.4825576365942,22.15,5.594533608539219,2.2341241371718614,3.360409471367358,-7.467576603038574,-7.69969492265566,60.06594484012385,TRUE,39.93405515987615
3,2024-10-12,12892.025,1.7322446399589129,0.5548029006664073,149.63442346899535,21.6,5.483758059371436,2.167173457460046,3.31658460191139,-7.370188004247534,-7.631543197298268,60.480140918024865,TRUE,39.519859081975135
3,2024-10-13,12995.8085,1.748923387928319,0.517523564744099,121.33713075010068,21.69,5.20882894177689,2.019195220555498,3.1896337212213917,-7.088074936047538,-7.326828820522354,61.235140506136695,TRUE,38.764859493863305
3,2024-10-14,13298.2345,1.7841522080814765,0.48827606306727755,101.87361345999528,21.38,5.129540822494661,2.0478860965489813,3.08165472594568,-6.848121613212623,-7.117570782498486,60.076619576388744,TRUE,39.923380423611256
3,2024-10-15,13296.06375,1.8162976572193104,0.46681380423366886,89.00403503713511,21.74,4.996651848300918,1.873214326795591,3.1234375215053274,-6.940972270011839,-7.163052966577154,62.51060943074178,TRUE,37.48939056925822
3,2024-10-16,13518.09575,1.6916575054697665,0.4475092201699556,78.38363114969312,20.81,4.52609148886928,2.0134843881974,2.51260710067188,-5.583571334826401,-5.764704437571593,55.513838084160916,TRUE,44.48616191583909
3,2024-10-18,11947.25825,3.3578378270568616,0.41879306425279517,64.22420438428465,17.82,7.3244613175290185,3.2279647697359906,4.096496547793028,-9.103325661762286,-9.329558086942177,55.92898057894342,TRUE,44.07101942105658
3,2024-10-19,15078.63075,3.3705022601974917,0.4075760910612729,59.19870242681927,18.66,9.127298892402893,4.954665069739158,4.172633822663735,-9.272519605919411,-9.45343375847888,45.71597656494877,TRUE,54.28402343505123
3,2024-10-20,15374.95,3.408534757249258,0.4000667957396521,55.97749616576376,19.1,9.257666209110472,5.002195751246922,4.25547045786355,-9.456601017474556,-9.676315471451987,45.96698953863491,TRUE,54.03301046136509
3,2024-10-21,15252.19925,3.4008049460534093,0.3928950957901916,53.024149627544446,19.2,8.999716259939179,4.801129203192136,4.1985870567470425,-9.330193459437872,-9.560621496574004,46.65243809336959,TRUE,53.34756190663041
3,2024-10-22,14742.58775,3.435250373761396,0.38627529088391493,50.38579513727729,20.07,8.65542726718502,4.164406584379044,4.491020682805976,-9.980045961791058,-10.195422763508102,51.886758956806275,TRUE,48.113241043193725
3,2024-10-23,15413.242250000001,3.3852680616066713,0.38019563857309513,48.04189323333731,20.58,8.80242334101445,4.280656599426979,4.521766741587471,-10.048370536861048,-10.27715229681644,51.36956683869686,TRUE,48.630433161303145
3,2024-10-24,15318.04825,3.412334438657594,0.37266872957988323,45.260230176410616,20.31,8.634700738574596,4.218940083322459,4.415760655252137,-9.81280145611586,-10.067756207606424,51.139706967784086,TRUE,48.860293032215914
3,2024-10-25,15442.58775,3.3900145967819855,0.3635859462628014,42.02286635715468,20.27,8.438064169553384,4.138714712108458,4.299349457444926,-9.554109905433169,-9.821326882295978,50.951845957252125,TRUE,49.048154042747875
3,2024-10-26,15164.52025,3.422888730816024,0.3560150030906121,39.45047670944266,20.27,8.18804188562459,3.867830999244184,4.320210886380407,-9.600468636400905,-9.862336876596729,52.76244243407235,TRUE,47.237557565927645
3,2024-10-27,14676.023500000001,3.4223053779326364,0.34989131660081485,37.450449099558035,20.32,7.780448883299683,3.4896028090257474,4.290846074273936,-9.535213498386524,-9.803355128930844,55.14908122440091,TRUE,44.85091877559909
3,2024-10-28,15135.8905,3.446593551413723,0.34532056882295586,35.99450744944745,20.54,7.988242592979549,3.6026808506153083,4.38556174236424,-9.745692760809424,-9.96352420819009,54.90020728987979,TRUE,45.09979271012021
3,2024-10-29,14512.11725,3.27401427720146,0.34257577166669495,35.14368913699078,20.38,7.205237994997337,3.0966682017835225,4.108569793213815,-9.1301550960307,-9.360805531999445,57.021985895072895,TRUE,42.978014104927105
3,2024-10-30,14374.694,3.3887158350611104,0.3428458479644232,35.23281903215971,20.71,7.398238310538211,2.9868719608442937,4.4113663496939175,-9.80303633265315,-10.024170561178572,59.627254010056305,TRUE,40.372745989943695
3,2024-10-31,14270.195,3.411602726142764,0.33640805099792,33.28061486010789,20.75,7.254486550412064,2.810775426942925,4.443711123469139,-9.8749136077092,-10.113837361027242,61.25466072049897,TRUE,38.74533927950103
3,2024-11-01,13927.353,3.4157261139455057,0.32999667453880344,31.422632782313055,20.66,6.9465457727184985,2.5473364852937754,4.399209287424723,-9.776020638721608,-10.02129757028541,63.32945079987738,TRUE,36.67054920012263
3,2024-11-02,13146.83125,3.4658143416109204,0.3242604888240078,29.802722608674443,20.67,6.525817255918325,2.1076738012447223,4.4181434546736025,-9.81809656594134,-10.05868151413332,67.70253106102146,TRUE,32.29746893897853
3,2024-11-03,11918.2525,3.4039430125089587,0.32037960985012875,28.749848341746116,20.85,5.724302002273138,1.346090398529313,4.378211603743825,-9.729359119430724,-9.887043584540862,76.48463693923247,TRUE,23.51536306076752
3,2024-11-04,10176.1255,3.400913614596835,0.31419721112169496,27.11267707474812,21.18,4.763520483557752,0.24844519453318803,4.515075289024564,-10.03350064227681,-10.265271251603682,94.78442056897318,TRUE,5.215579431026833
3,2024-11-05,10695.04125,3.357278984642194,0.31325487969157756,26.872120993047993,21.21,4.9381459953928255,0.28728378958141754,4.650862205811408,-10.335249346247574,-10.559574095309111,94.18235528375536,TRUE,5.817644716244651
3,2024-11-06,11045.04125,3.387965239339241,0.30985250546258675,26.007852975703848,21.46,5.100751086836775,0.1770790747632427,4.923672012073532,-10.941493360163406,-11.130416854306368,96.52837255242231,TRUE,3.4716274475776876
3,2024-11-07,11034.37725,3.4189005995328903,0.3178344343052322,28.063804715806906,21.75,5.278917439290746,0.25826131444639255,5.020656124844353,-11.157013610765231,-11.362419841386911,95.10768415273623,TRUE,4.892315847263781
3,2024-11-08,10844.36825,3.3019060927695594,0.3210988347734271,28.93680209261848,22.01,5.0620259452574325,0.22840977955278152,4.833616165704651,-10.741369257121448,-10.910078511526942,95.48777935903753,TRUE,4.512220640962472
3,2024-11-09,10580.62175,3.352612825453731,0.3158206045199969,27.540089375778713,22.09,4.928413498504823,0.17468078317478852,4.753732715330035,-10.563850478511188,-10.753120477353184,96.45563865069798,TRUE,3.544361349302022
3,2024-11-10,10466.382,3.1343872838304785,0.3142706014199905,27.1395562228185,22.06,4.5330754709681305,0.2070554578257644,4.326020013142366,-9.613377806983037,-10.0714340614709,95.43234038012731,TRUE,4.567659619872676
3,2024-11-11,10644.5815,3.300877368438213,0.323118535782526,29.492886319772865,21.93,4.993577011747725,0.48350437650125855,4.510072635246466,-10.022383633881036,-10.24091862868534,90.31747432023614,TRUE,9.682525679763867
3,2024-11-23,4938.5802,3.6543968699585694,0.2052272962121682,7.5604141192295495,14.35,1.5088257034813302,0.8882733650949597,2.39709906857629,-5.326886819058422,-5.4814357765090795,100,TRUE,58.87183410551906
3,2024-11-24,5836.737,3.5923848245651757,0.19567187937406183,6.551076251497859,14.07,1.6932289369480775,0.6082698741157866,2.301498811063864,-5.114441802364143,-5.227184066046359,100,TRUE,35.92366400329473
3,2024-11-25,5290.10775,3.624960259540784,0.18798938294846287,5.812704896573055,14.15,1.4763247449366117,0.846976050902857,2.3233007958394687,-5.162890657421042,-5.263964326705844,100,TRUE,57.37057878408881
3,2024-11-26,6841.515,3.630223651872541,0.1805094437461601,5.144031625750178,14.7,1.8767035045566853,0.521724761881341,2.3984282664380263,-5.329840592084503,-5.425163397343375,100,TRUE,27.800063281950482
3,2024-11-27,7129.516,3.271675067914211,0.17504039871716096,4.68948608083749,16.01,1.723436326422175,0.5401493808208202,2.2635857072429952,-5.03019046053999,-5.084058785686675,100,TRUE,31.341417871941996
3,2024-11-28,7784.23625,3.554792744287505,0.16845288554213478,4.180839762833245,17,1.9860350457972693,0.5275273930073281,2.5135624388045974,-5.585694308454661,-5.673397044551564,100,TRUE,26.56183706947421
3,2024-11-29,9170.11375,3.436485316118525,0.16295742000574914,3.785102188926498,17.3,2.2095362937708622,0.0721457257128999,2.281682019483762,-5.070404487741694,-5.135927280867033,100,TRUE,3.2651975854071082
3,2024-11-30,8317.43175,3.3425442694453125,0.15426507307560067,3.210951842833227,14.65,1.8158667224887541,0.10160975882763856,1.9174764813163927,-4.261058847369762,-4.344676553405794,100,TRUE,5.595661706293968
3,2024-12-01,6879.00025,3.366073570500858,0.14640350432216004,2.7435933379866433,12.79,1.4071881478263828,0.49257283061581436,1.8997609784421972,-4.221691063204883,-4.323782301220675,100,TRUE,35.004049129938196
3,2024-12-02,6375.3445,3.0006952411575303,0.14142764209770844,2.4744411229808008,12.24,1.1143724066797278,0.41113548646159837,1.5255078931413262,-3.3900175403140587,-3.615374346269449,100,TRUE,36.89390404834021
3,2024-12-03,5985.5367,3.035964195169443,0.13415026011870201,2.1118703985811718,11.83,0.9974718047799718,0.4353586337500055,1.4328304385299773,-3.1840676411777276,-3.348506403673122,100,TRUE,43.64620951326434
3,2024-12-04,5243.971,2.5047395089451103,0.12575440999366846,1.7416335781155858,11.38,0.6671630320605262,0.002101061516725067,0.6692640935772513,-1.4872535412827808,-1.5267687869018784,100,TRUE,0.314924750886745
3,2024-12-05,5487.47725,2.8054232773132424,0.11709141918283819,1.4049831034511024,12.04,0.7332333219490133,0.052543912045306285,0.680689409903707,-1.512643133119349,-1.620259441217451,92.83394378400058,TRUE,7.166056215999418
5,2024-01-01,6816.899666666666,7.510661583807229,0.2937001016426276,173.20565622209497,12.42,6.227321767642666,4.8465137057856325,1.3808080618570338,-3.0684623596822975,-3.2304365161466726,22.173385499874925,TRUE,77.82661450012509
5,2024-01-02,6913.839166666667,10.149104906749733,0.28286475800224326,166.4581693261584,12.97,8.248760992068474,6.120393380317473,2.1283676117510018,-4.7297058038911155,-4.827920007025632,25.80227035063224,TRUE,74.19772964936776
5,2024-01-03,6749.492833333334,7.592759185257992,0.27400214558004865,160.94951323477852,12.26,5.80683922471382,4.4146897684070625,1.3921494563067578,-3.093665458459462,-3.262882923507269,23.974306889396743,TRUE,76.02569311060326
5,2024-01-04,7209.423333333333,15.024584981113478,0.28987206368352114,170.8231295323425,13.08,13.090383501451191,8.920197698434352,4.170185803016839,-9.267079562259642,-9.353111613351974,31.856865022743868,TRUE,68.14313497725614
5,2024-01-05,7003.579333333333,5.569725777566687,0.28501236781694356,167.7946679379542,12.71,4.618594858364091,3.7486546030261128,0.8699402553379779,-1.9332005674177288,-2.1041591026313258,18.83560437786724,TRUE,81.16439562213276
5,2024-01-06,8380.19825,1.4139405518575423,0.32752715793310383,194.42888042307197,14.41,1.642060702999423,1.8938202293724091,-0.2517595263729862,0.5594656141621916,0.5316479833664798,0,TRUE,100
5,2024-01-07,8098.0515000000005,2.7365648468880157,0.35559747922526136,212.0160126233833,15.1,3.338336942981584,3.258418615949375,0.07991832703220889,-0.17759628229379754,-0.2693553839714684,2.3939562841380257,TRUE,97.60604371586197
5,2024-01-08,7304.412833333334,9.000761051567988,0.3222870906347874,191.07617455223593,13.78,8.869790351962296,6.736816928567947,2.1329734233943487,-4.739940940876331,-4.946004689113849,24.047619377187008,TRUE,75.952380622813
5,2024-01-09,7905.041416666667,0.6051554651086435,0.4175682471061911,252.17964340934935,14.72,0.8436676393958001,1.510518093588643,-0.666850454192843,1.4818898982063178,0.9866820476075148,0,TRUE,100
5,2024-01-10,6902.1405,1.996815695566452,0.6579919287111302,406.40675970936394,14.74,3.799097462832572,3.986527285094609,-0.1874298222620371,0.4165107161378603,0.2836317796191623,0,TRUE,100
5,2024-01-11,6378.387333333333,8.227384019347625,0.5365779548225764,327.52803735550174,13.52,11.668277896341117,8.10071290397687,3.567564992364247,-7.927922205253884,-8.148204181344642,30.57490594634318,TRUE,69.42509405365682
5,2024-01-12,6818.68375,1.6970052725523492,0.47620122422062994,288.689109552695,13.97,2.2985683025361068,2.4931527583460475,-0.19458445580994096,0.4324099017998688,0.2185464024220067,0,TRUE,100
5,2024-01-13,7360.418166666666,1.2751489546851416,0.4462814674114197,269.5529457886339,15.31,1.766265834954671,2.522880954789112,-0.7566151198344411,1.6813669329654248,1.584053027643541,0,TRUE,100
5,2024-01-14,6486.482583333333,5.280814956871278,0.3991648959055495,239.56376282255945,13.61,5.67488626566587,4.957753395715068,0.7171328699508016,-1.5936285998906703,-1.7183533748721245,12.636955815125152,TRUE,87.36304418487485
5,2024-01-15,6464.007333333333,3.977880999645132,0.36996142840770524,221.07394052619833,12.85,3.933314142569016,3.7979198363044273,0.1353943062645888,-0.30087623614353065,-0.48168137454353266,3.442244920110982,TRUE,96.55775507988903
5,2024-01-16,7597.442333333333,1.6147787765011872,0.4052709687237555,243.51470057321197,14.31,2.0912563104870077,2.6401962033130557,-0.5489398928260483,1.2198664285023295,1.1554738651986458,0,TRUE,100
5,2024-01-17,6546.293416666666,3.187544303649965,0.43887785411934427,264.83989365794406,13.19,3.7959290019943057,4.333714082000895,-0.5377850800065891,1.195077955570198,1.06745113591754,0,TRUE,100
5,2024-01-18,5892.145583333333,15.41702224067078,0.38638324155436177,231.46203726428917,11.66,14.332589028151764,10.553842662367718,3.7787463657840465,-8.397214146186771,-8.743068020295906,26.36471581206936,TRUE,73.63528418793064
5,2024-01-19,6344.960166666667,6.139770069716974,0.36413423872302286,217.3934840792447,12.46,5.846827105799519,5.109542021693413,0.7372850841061059,-1.638411298013569,-1.7519146065241895,12.610003182320654,TRUE,87.38999681767935
5,2024-01-20,6158.956166666667,4.496441796039466,0.3426220744865733,203.84301517986452,12.4,3.901304409478278,4.315571129873098,-0.4142667203948201,0.9205927119884892,0.8186321059955421,0,TRUE,100
5,2024-01-21,5574.162166666667,9.938797129441047,0.31999144210409647,189.63761563201277,10.74,7.175304420076873,6.832361184830861,0.34294323524601195,-0.762096078324471,-0.9275554507024832,4.779493874663199,TRUE,95.2205061253368
5,2024-01-22,5711.435166666666,3.045655799519563,0.3055863943546069,180.62345012346276,10.52,2.15347670124874,3.221906014631601,-1.068429313382861,2.374287363073025,2.203592850792454,0,TRUE,100
5,2024-01-23,6715.1982499999995,4.183197204872196,0.2974048439005969,175.51506134880003,12.4,3.4559844530606725,3.646737265023863,-0.19075281196319072,0.4238951376959794,0.284342453042163,0,TRUE,100
5,2024-01-24,7709.066333333333,3.897112939365931,0.29269318675001,172.57720188082908,14.3,3.7015937710322007,3.4985568490779335,0.2030369219542673,-0.45119315989837183,-0.575076854117055,5.4851216668664815,TRUE,94.51487833313352
5,2024-01-25,8520.4845,11.831240963320818,0.28504298205566103,167.81331803739607,16.12,12.259411755959782,8.452841824177927,3.806569931781854,-8.459044292848565,-8.570296331897016,31.050184197715122,TRUE,68.94981580228487
5,2024-01-26,8080.181166666667,0.9695265620289172,0.776743302577514,485.2843631174246,17.36,2.601731959158155,2.551804361092716,0.04992759806543931,-0.11095021792319848,-0.11886405326420846,1.9190139049371722,TRUE,98.08098609506283
5,2024-01-27,8263.293083333334,4.2367622183149,0.6916751400169464,428.3694409645717,17.99,10.391233148884313,6.518697139927548,3.872536008956765,-8.605635575459479,-8.744454572382253,37.26733827902371,TRUE,62.73266172097628
5,2024-01-28,8070.128,1.0045600795967429,0.5903730434733592,362.333571116414,18.27,2.053291085282217,2.6617052544336177,-0.6084141691514009,1.3520314870031132,1.2781242619751465,0,TRUE,100
5,2024-01-29,7138.616916666667,2.9494934473684182,0.509511612811104,310.0862729925584,16.28,4.533842557110051,4.21763386752938,0.31620868958067133,-0.7026859768459364,-0.8190367123000728,6.974408255195967,TRUE,93.02559174480403
5,2024-01-30,6650.952333333334,8.098241808927938,0.4477345953176755,270.48308797728805,14.65,10.073716148736452,7.249435974424342,2.824280174312109,-6.276178165138021,-6.462326678288463,28.03613018882172,TRUE,71.96386981117827
5,2024-01-31,6491.364583333333,7.700578507739874,0.4030340324317012,242.02001991017187,14.21,8.385167438095776,6.20452961738113,2.180637820714645,-4.845861823810322,-4.9797034058731064,26.005894775666587,TRUE,73.99410522433341
5,2024-02-01,6300.663916666666,13.52614335590876,0.3673663474599674,219.4366385083926,13.54,12.963475819828751,8.860317880608044,4.103157939220708,-9.118128753823797,-9.442214245620145,31.651680430834567,TRUE,68.34831956916544
5,2024-02-02,6389.442,13.307083687916135,0.3434411102155537,204.35714173037246,13.6,12.106355355140323,8.13228417268489,3.974071182455432,-8.831269294345406,-9.151741151855422,32.826321926590836,TRUE,67.17367807340915
5,2024-02-03,6365.648833333334,11.705242754845148,0.324019101674567,192.1610992450709,13.55,10.00446256453419,6.8273892241269465,3.177073340407244,-7.060162978682766,-7.4754690359660785,31.756561833415883,TRUE,68.24343816658411
5,2024-02-04,6877.73625,3.387651436585919,0.3189933340472741,189.0125135953404,14.49,3.1094124120261593,2.642740780030609,0.46667163199555034,-1.037048071101223,-1.195385480905229,15.008354317703942,TRUE,84.99164568229605
5,2024-02-05,6990.168083333333,9.199510694531156,0.33103814980357227,196.56258349957776,14.83,8.92890171398988,5.96529837927282,2.9636033347170607,-6.585785188260136,-6.732372503023772,33.19112954366674,TRUE,66.80887045633327
5,2024-02-06,6714.280083333333,8.608620630222342,0.31293129540804543,185.2172488794652,14.36,7.5507262162024125,5.199894542868023,2.3508316733343895,-5.224070385187533,-5.363432255827006,31.13384866597275,TRUE,68.86615133402726
5,2024-02-07,6415.432666666667,10.954381281511989,0.2941463146562658,173.48494898359027,13.58,8.571893595554142,6.035463180882795,2.5364304146713472,-5.636512032602995,-5.814990209130954,29.590082825886686,TRUE,70.4099171741133
5,2024-02-08,6370.193583333334,5.785229248492599,0.2783946597763325,163.67873218072427,13.2,4.24472012316527,3.3703855513787397,0.8743345717865302,-1.9429657150811783,-2.1425321677326075,20.59816775704266,TRUE,79.40183224295734
5,2024-02-09,7172.189583333333,7.070116079715526,0.27022107741185153,158.60312074703663,14.32,5.743563392954776,4.456933373305821,1.2866300196489546,-2.8591778214421217,-3.093811701631033,22.401250436744075,TRUE,77.59874956325591
5,2024-02-10,7623.616666666667,8.452602381020153,0.2626207781203439,153.89195537927532,15.18,7.14709283906294,5.208362286138345,1.9387305529245944,-4.30829011761021,-4.577173674101755,27.126142007395313,TRUE,72.87385799260467
5,2024-02-11,8057.731583333333,5.682773115156701,0.2541574089208784,148.65397160266707,15.98,4.94747979034322,3.749700464673883,1.1977793256693368,-2.6617318348207486,-2.8741095086219897,24.20988819413133,TRUE,75.79011180586868
5,2024-02-12,8681.845583333334,4.321796633716589,0.25345873328110297,148.22768148612874,16.99,4.07577921878745,3.1672978573559543,0.9084813614314958,-2.0188474698477687,-2.2036961393686196,22.28975890656242,TRUE,77.71024109343759
5,2024-02-13,8541.246333333333,5.163519817573132,0.2745951391902781,161.31758436809133,17.01,5.186281701814649,4.288500540933263,0.8977811608813868,-1.995069246403082,-2.1601540687917544,17.310690249765234,TRUE,82.68930975023477
5,2024-02-14,7580.125333333333,11.973813459658176,0.2592771161299897,151.82264920155612,15.24,9.937783959937384,7.477050370992386,2.460733588944998,-5.468296864322218,-5.7334572496715035,24.761391461769133,TRUE,75.23860853823086
5,2024-02-15,7559.733333333334,19.488513467383832,0.2456940397214128,143.42645844414258,14.88,15.259517748045932,10.7053564449307,4.55416130311523,-10.12035845136718,-10.625739966132148,29.84472627713557,TRUE,70.15527372286442
5,2024-02-16,7721.63325,18.228975071115563,0.23970539138047955,139.7335399389768,15.03,14.250677669238014,9.929991536500141,4.3206861327378725,-9.601524739417496,-10.062822011243265,30.319162590173864,TRUE,69.68083740982614
5,2024-02-17,7989.37775,3.9025462986673296,0.2466216930918711,144.01371450991167,15.35,3.2585618331184683,3.143995007870709,0.11456682524775927,-0.2545929449950206,-0.3909958442825241,3.5158708385815083,TRUE,96.4841291614185
5,2024-02-18,8125.497583333333,1.1366479270135437,0.47210898118765926,286.3492906058038,15.01,1.8467682541827517,2.6880498760412816,-0.8412816218585298,1.8695147152411775,1.7032977880673608,0,TRUE,100
5,2024-02-19,7111.749583333333,3.626803822130064,0.5046795955713123,307.0001960354291,14.25,5.451698652960791,4.9409114652548904,0.5107871877059007,-1.1350826393464462,-1.2564483170472558,9.369321751276452,TRUE,90.63067824872356
5,2024-02-20,6687.73875,10.880712347876862,0.41686076463062005,250.8149555435405,13.77,12.625574572298605,9.261773996488003,3.363800575810602,-7.475112390690228,-7.92147737861521,26.642752427212432,TRUE,73.35724757278756
5,2024-02-21,6483.226416666666,13.873936716192848,0.3655227831667783,218.27584519420034,13.59,13.644091748425073,9.953878785849831,3.6902129625752425,-8.200473250167207,-8.735153159844682,27.046233861636125,TRUE,72.95376613836389
5,2024-02-22,6395.877,7.413019722219144,0.33219771651664515,197.29366677602343,13.4,6.524322654340025,5.537758467807587,0.9865641865324377,-2.192364858960973,-2.57346481337739,15.121327359188289,TRUE,84.87867264081171
5,2024-02-23,6762.282916666667,4.142509102920444,0.3132718263921377,185.4289826341374,14.11,3.660998876109349,3.515128809059479,0.14587006704986963,-0.3241557045552659,-0.5263721217616766,3.984433538119248,TRUE,96.01556646188075
5,2024-02-24,6994.886833333333,10.957998517631092,0.3033641361222116,179.2363982583877,14.92,9.757432642318879,7.231977523261989,2.5254551190568897,-5.612122486793089,-5.979883421028517,25.88237307530835,TRUE,74.11762692469165
5,2024-02-25,6852.87825,13.257202589103812,0.2834606872244047,166.83168908203737,14.75,10.783799245255395,8.16260828641531,2.6211909588400846,-5.824868797422411,-6.275354041647681,24.306748477289613,TRUE,75.69325152271038
5,2024-02-26,6786.160083333333,16.154166201327293,0.2635748519981889,154.48332190598688,14.45,12.075462547101399,8.993895351570044,3.081567195531354,-6.847927101180787,-7.505839205767199,25.519247676943483,TRUE,74.4807523230565
5,2024-02-27,7125.74925,8.342334030210072,0.24966298705324697,145.87750079997448,14.97,6.236475595051557,5.148787366419409,1.0876882286321474,-2.4170849525158835,-2.829314162675923,17.440751784472518,TRUE,82.55924821552748
5,2024-02-28,7625.586583333334,7.712964223046658,0.23881296535320332,139.1846271766211,15.93,5.95123080421917,4.724325418385465,1.2269053858337051,-2.7264564129637896,-3.16162572632424,20.615994005204456,TRUE,79.38400599479554
5,2024-02-29,7866.950583333333,4.71159796776391,0.23069306274976187,134.18593520703195,16.92,3.6442691650749888,3.465122324092625,0.1791468409823637,-0.39810409107191935,-0.6164895615933177,4.915850966751446,TRUE,95.08414903324856
5,2024-03-01,7790.083,9.304498139032813,0.22213281835654566,128.9285276246295,16.47,6.84564949547064,5.256317154254241,1.5893323412163998,-3.5318496471475553,-3.986514653700141,23.216677135865144,TRUE,76.78332286413486
5,2024-03-02,8620.12875,17.595364624192825,0.2194467334389213,127.28065752563307,17.33,14.278778602910807,9.55708314020831,4.721695462702496,-10.492656583783326,-11.059403224326656,33.06792264248675,TRUE,66.93207735751324
5,2024-03-03,8917.988583333334,14.73728901902924,0.22052116740597122,127.93966567724672,17.96,12.484646254135438,8.469936140893203,4.014710113242234,-8.921578029427188,-9.45385658578414,32.15717955895141,TRUE,67.84282044104859
5,2024-03-04,8720.408416666667,12.20891614849609,0.21945486282580948,127.2859124214006,18.26,10.064545098162295,7.023492097857181,3.041053000305114,-6.757895556233587,-7.291715849815631,30.215503737574643,TRUE,69.78449626242536
5,2024-03-05,9140.0645,6.452607869151877,0.21708063022186655,125.83060933526524,18.34,5.529431040230866,4.344544341702813,1.1848866985280533,-2.633081552284563,-2.930670633663034,21.428727294130095,TRUE,78.5712727058699
5,2024-03-06,10193.486916666667,10.283720091886565,0.2568464294504347,150.32037365358613,18.62,11.698421722040774,8.384290494485352,3.3141312275554204,-7.364736061234268,-7.749837948293397,28.329729482322634,TRUE,71.67027051767735
5,2024-03-07,9681.298416666667,15.524421538856906,0.2550116719930411,149.18387170753184,18.92,16.632468534290105,11.392623102751301,5.2398454315388046,-11.644100958975123,-12.297890711933071,31.503714681534785,TRUE,68.49628531846523
5,2024-03-08,9468.282583333334,14.160045503698358,0.2391681743969546,139.40369699081612,19.05,13.90713311086109,9.379430131960978,4.527702978900111,-10.06156217533358,-10.739661595643048,32.55669549437259,TRUE,67.44330450562741
5,2024-03-09,10223.988,3.620406057223595,0.23429799420204886,136.4060581887977,19.71,3.7827365775800965,3.1579966862093167,0.6247398913707796,-1.3883108697128437,-1.602284851495825,16.5155537150948,TRUE,83.4844462849052
5,2024-03-10,10388.78075,4.794604767944322,0.28016986624882323,164.78325451846342,19.79,6.092688862414922,5.102637880069135,0.9900509823457863,-2.2001132941017474,-2.3761301219336306,16.249820148428945,TRUE,83.75017985157106
5,2024-03-11,8590.402,7.101739766004259,0.26310221847716414,154.19489830547568,17.78,6.896464128119841,5.935936691381778,0.9605274367380621,-2.1345054149734715,-2.431249123603342,13.92782473589009,TRUE,86.0721752641099
5,2024-03-12,8144.01,19.599773912577717,0.2392063373520686,139.428924277474,16.74,16.292429229150837,11.693148549315062,4.599280679835775,-10.22062373296839,-11.033349562615362,28.22955751501208,TRUE,71.77044248498792
5,2024-03-13,8388.6695,22.004397908707407,0.22581407571906054,131.1891182639615,17.16,17.844190132148412,12.270272835169452,5.57391729697896,-12.38648288217547,-13.13304187967165,31.23659440804148,TRUE,68.76340559195853
5,2024-03-14,8303.76325,27.05554196073052,0.2134228577548066,123.59191489829388,17.19,20.51782804940259,13.809246690500132,6.708581358902457,-14.907958575338794,-15.961078294729262,32.69635237584413,TRUE,67.30364762415587
5,2024-03-17,9310.927083333334,21.116547611597944,0.18940074531664208,108.93529004833103,19.68,16.172500218432404,9.861839427907427,6.3106607905249765,-14.02369064561106,-14.749501783131969,39.02093495310317,TRUE,60.97906504689682
5,2024-03-18,9181.859,4.820517476233769,0.18692308884617767,107.42862591429574,19.84,3.59256246663684,2.9882527483430907,0.6043097182937494,-1.3429104850972209,-1.4517589920319511,16.821133213571397,TRUE,83.17886678642861
5,2024-03-19,7610.604583333334,5.7578587138299895,0.1821262989495677,104.51832598262611,17.51,3.4027518379181902,3.279691295929769,0.12306054198842156,-0.2734678710853813,-0.5034484607693699,3.6165006397795447,TRUE,96.38349936022045
5,2024-03-20,6793.890916666666,36.45487371176801,0.173439823243283,99.25656745374049,15.52,18.03818563809422,11.996849410021017,6.041336228073203,-13.425191617940452,-14.642752756147395,33.49192845268603,TRUE,66.50807154731397
5,2024-03-21,6615.995037037037,12.334940240257794,0.164685828462566,93.96885651894961,15.44,5.631634670797676,4.32953575678862,1.3020989140090558,-2.8935531422423466,-3.4645520718755156,23.12115380567866,TRUE,76.87884619432134
5,2024-03-23,9732.946833333333,17.71791504790814,0.23726883347706088,138.2322714698999,17.51,17.668479318149284,12.47871173088771,5.189767587261575,-11.53281686058128,-11.877712460641636,29.373029188372655,TRUE,70.62697081162734
5,2024-03-24,8629.204083333334,5.7911957856901655,0.22972431081225797,133.59135966256562,17.69,4.931988586046616,4.437458061169482,0.4945305248771339,-1.0989567219491865,-1.2787111133631337,10.02700059518061,TRUE,89.97299940481939
5,2024-03-26,8552.103000000001,15.353977621998892,0.17207182808304997,98.43037552722551,17.81,9.706801272018026,6.249682558191925,3.4571187138261017,-7.682486030724672,-8.179256866447936,35.61542692536625,TRUE,64.38457307463375
5,2024-03-27,9269.101333333334,31.24154051985553,0.1692829967478117,96.74240724451596,18.7,21.213550780476744,13.038836506607813,8.174714273868931,-18.166031719708737,-18.31596518524779,38.535341671288165,TRUE,61.464658328711835
5,2024-03-30,7924.532,22.880539429804067,0.17481075401544757,100.08974778270021,17,13.518443185389275,9.167034123357343,4.351409062031931,-9.669797915626514,-10.09143174738062,32.18868476464014,TRUE,67.81131523535986
5,2024-03-31,7838.570916666667,6.670254936469606,0.16327673473528767,93.12166350189327,17.22,3.641932734020025,2.729432918512955,0.9124998155070697,-2.0277773677934885,-2.311058173041773,25.05537257685255,TRUE,74.94462742314744
5,2024-04-01,8113.0615,28.250494665813303,0.16209074751482827,92.4063835784285,17.92,15.922083813577375,9.932641133215514,5.9894426803618614,-13.30987262302636,-14.021820362028798,37.61720356762871,TRUE,62.38279643237129
5,2024-04-02,8524.965583333333,17.03910549324429,0.15302264225740575,86.9497519997419,18.64,9.576797984574666,5.9291457114037875,3.6476522731708787,-8.105893940379731,-8.51268958139588,38.088432887966796,TRUE,61.9115671120332
5,2024-04-04,9759.49475,1.1814745399328404,0.5038488173946044,306.56347794887546,18.54,2.518682046371078,2.5238113248018665,-0.00512927843078835,0.011398396512863,-0.09670155108505972,0,TRUE,100
5,2024-04-05,8654.22325,3.9412399283439807,0.3793935495446747,227.06025016392675,17.27,5.551202865689939,4.335961971865564,1.2152408938243753,-2.700535319609723,-2.811461343859205,21.891487723054727,TRUE,78.10851227694528
5,2024-04-06,8057.208583333333,6.477512840647314,0.3174756226785181,188.07127648303657,16.97,7.072486228419462,5.324888903618211,1.747597324801251,-3.8835496106694474,-4.009298696681931,24.70980173533401,TRUE,75.29019826466599
5,2024-04-07,7543.611,18.20139375927515,0.2774103910329032,163.07469325153622,16.6,16.17300739616416,11.064847106741706,5.108160289422453,-11.351467309827674,-11.722488062363688,31.584480018440992,TRUE,68.415519981559
5,2024-04-08,7485.763333333333,23.64099541417286,0.24878523908562972,145.340590684896,16.93,18.710686804244602,12.30036397286184,6.4103228313827625,-14.245161847517252,-14.72574784151682,34.26022197073254,TRUE,65.73977802926747
5,2024-04-09,7384.778888888889,25.15244964624105,0.22599314804690213,131.30278722498724,17.57,17.869419210385985,11.099190883401182,6.770228326984803,-15.044951837744009,-15.477897105895362,37.887232076629786,TRUE,62.112767923370214
5,2024-04-12,8808.450416666667,3.6148111551678097,0.2804957191732566,164.99808558636886,18.95,3.8586789484167103,3.169936546686488,0.6887424017302224,-1.5305386705116055,-1.6397425281696942,17.849176128343785,TRUE,82.15082387165621
5,2024-04-13,7910.21725,11.105415295408749,0.2385311466077476,139.01956089481666,18.03,8.971524959771566,6.3350535287308105,2.6364714310407553,-5.858825402312791,-6.046079349282755,29.387104676883002,TRUE,70.612895323117
5,2024-04-16,7609.3935,24.42510373735553,0.16718990544041684,95.48443247171357,18.64,13.30429099338553,8.14220307368071,5.16208791970482,-11.471306488232935,-11.66843299075087,38.80017298382339,TRUE,61.19982701617661
5,2024-04-17,7691.633083333333,27.954780056453945,0.15118494918808006,85.84878078174893,19.02,13.94541456854334,8.156576680212769,5.788837888330571,-12.86408419629016,-13.209264360219493,41.51069055622375,TRUE,58.48930944377625
5,2024-04-18,8265.44525,3.643506199382661,0.14740681663181499,83.58046294307923,19.72,1.916568257850178,1.4032431784713253,0.5133250793788526,-1.1407223986196726,-1.2006027248678368,26.783553222083064,TRUE,73.21644677791693
5,2024-04-19,8674.518833333334,16.702264275264856,0.14472660293805434,81.97604122746402,20.2,9.089956088612734,5.1961632702188165,3.893792818393918,-8.652872929764262,-8.798249401443393,42.83621153320852,TRUE,57.16378846679148
5,2024-04-20,9112.514416666667,15.64451887617231,0.13464864717608205,75.95386697696428,20.6,8.352195910236352,4.736832497272912,3.6153634129634393,-8.034140917696533,-8.183638243258489,43.28638183082479,TRUE,56.713618169175206
5,2024-04-21,9243.596416666667,12.33698365709524,0.13624268445506574,76.90278172665062,20.53,6.763433726561699,4.026900027849706,2.7365336987119924,-6.081185997137761,-6.1427303921125755,40.46071580423622,TRUE,59.53928419576377
5,2024-04-22,8583.9505,8.068041219952388,0.13110829918629519,73.84349591163802,19.58,3.9261950565677424,2.5214158714745913,1.4047791850931508,-3.1217315224292244,-3.1850422561006178,35.77965854608357,TRUE,64.22034145391642
5,2024-04-23,8089.51,8.502783525892518,0.12429180828058614,69.79243171112999,17.86,3.662598753264735,2.368086378985591,1.2945123742791442,-2.876694165064765,-2.964857442703451,35.34409476673505,TRUE,64.65590523326496
5,2024-04-24,8047.483833333334,5.800280524763476,0.11977096590556821,67.11144715692947,17.61,2.3921414242939405,1.561131781931293,0.8310096423626474,-1.8466880941392168,-1.92098764292675,34.73915187133748,TRUE,65.26084812866252
5,2024-04-25,8453.218583333333,4.3638205142467354,0.11487730081520767,64.21744050130741,17.7,1.8186566536428945,1.1355587840273658,0.6830978696155287,-1.517995265812286,-1.6037581415485598,37.56057352811684,TRUE,62.43942647188315
5,2024-04-26,8907.6885,16.060713598423675,0.1096988813674597,61.16098883566,18.35,6.76977082868441,3.7458633333719145,3.023907495312496,-6.719794434027769,-7.159427438158189,44.66779706190056,TRUE,55.33220293809944
5,2024-04-27,8729.584833333332,14.128573851723386,0.1113075967061025,62.10658266663242,18.79,5.925197786823016,3.396428946098742,2.5287688407242745,-5.6194863127206105,-6.111347383182667,42.67821820814111,TRUE,57.321781791858896
5,2024-04-28,8738.179333333333,8.436494471810553,0.10644622334699216,59.248570398454724,19,3.389536305723522,1.9306455717922115,1.4588907339313106,-3.2419794087362463,-3.608019934320452,43.04101217230949,TRUE,56.95898782769051
5,2024-04-29,8331.358583333333,9.864803732831591,0.10179914965890521,56.51610732060595,18.77,3.6020367183714512,2.060418164977098,1.541618553394353,-3.425819007543007,-3.7214122224044544,42.798524110863255,TRUE,57.201475889136745
5,2024-04-30,7981.358583333334,5.593527257340731,0.09800633904298103,54.291713369608566,19.05,1.8811537665168678,1.0173981593069266,0.8637556072099413,-1.9194569049109809,-2.2927674675406555,45.91626812141283,TRUE,54.08373187858717
5,2024-05-01,8398.92325,3.6498396127740578,0.09633597585376975,53.31650290241969,19.44,1.2748948179753798,0.7179447623106578,0.556950055664722,-1.237666790366049,-1.423690917065032,43.68596121123127,TRUE,56.31403878876873
5,2024-05-02,7965.8400833333335,2.0844219963310153,0.09366456899580458,51.756785830660746,19.8,0.6702664650985231,0.40027243236244403,0.269994032736079,-0.599986739413509,-0.9026202050543924,40.28159646871075,TRUE,59.71840353128925
5,2024-05-03,8221.416583333334,1.625746235383453,0.09112526467477185,50.2747156715388,20.23,0.5265581032959593,0.2872005694353058,0.23935753386065353,-0.5319056308014524,-0.8637446464319585,45.45700319915489,TRUE,54.54299680084511
5,2024-05-04,8582.876166666667,1.7546500534474077,0.093036348042393,51.38533842971169,20.61,0.6078328895828742,0.34939715914294667,0.2584357304399275,-0.574301623199839,-0.9226763175944156,42.517562782309994,TRUE,57.482437217690006
5,2024-05-05,8221.416666666666,1.8979827833463907,0.09730472779127392,53.88376966963371,20.71,0.6573921796093346,0.36555606501282784,0.29183611459650677,-0.6485246991033484,-0.9694598279028676,44.39300065448525,TRUE,55.606999345514744
5,2024-05-06,8028.630166666667,2.399245353561775,0.09642697982365672,53.37162062625037,20.88,0.8035696696543335,0.403576535386405,0.39999313426792854,-0.888873631706508,-1.3288428746551189,49.77703233124653,TRUE,50.22296766875347
5,2024-05-07,9111.218583333333,1.724012144825657,0.09482120009694564,52.43546505340941,21.05,0.6489379242481682,0.31550806407899784,0.33342986016917037,-0.7409552448203787,-0.8861822996280065,51.38085596638045,TRUE,48.619144033619556
5,2024-05-08,9855.624833333333,1.7235184971723767,0.09093467571550501,50.16759666310803,21.24,0.6758361816654854,0.34026881713268153,0.3355673645328039,-0.745705254517342,-0.8260973390481235,49.6521751330114,TRUE,50.3478248669886
5,2024-05-09,10443.65325,1.1436163389310434,0.08809571316112344,48.51157568241838,21.56,0.4619432841330664,0.23941293725434523,0.22253034687872117,-0.4945118819527138,-0.6892682586993051,48.17265550171297,TRUE,51.82734449828703
5,2024-05-10,8377.436166666666,3.95696953384948,0.10355170998220782,57.542779024430786,21.68,1.4919154398940826,0.9664231396819037,0.5254923002121789,-1.1677606671381753,-1.5968787124927015,35.22265982108784,TRUE,64.77734017891217
5,2024-05-11,7077.231916666667,1.59203508431957,0.09651798379354334,53.426965704080146,21.58,0.46791037531867097,0.34165253739370893,0.12625783792496206,-0.28057297316658236,-0.5550029321651604,26.983337960602817,TRUE,73.01666203939719
5,2024-05-12,7947.098583333333,1.6135302608819746,0.09410491078557924,52.01092521039206,20.92,0.5218087224098928,0.41768939992406356,0.10411932248582928,-0.23137627219073176,-0.54418815628296,19.953541980856567,TRUE,80.04645801914344
5,2024-05-13,6217.392416666667,3.495250524383534,0.0981942182066181,54.453714496669946,20.59,0.9074543538147885,0.7380256590200569,0.16942869479473155,-0.37650821065495904,-0.6191704712793833,18.67076774522942,TRUE,81.32923225477059
5,2024-05-14,9972.132333333333,5.0001324275404375,0.15319290774945202,87.08865037432265,20.92,3.340713978154397,2.299231412699524,1.041482565454873,-2.3144057010108288,-2.3613139817053734,31.175448489913762,TRUE,68.82455151008624
5,2024-05-17,10618.653083333333,21.028984121232053,0.16406054312108612,93.59441046332297,21.92,16.11120862524102,10.721412785139858,5.389795840101162,-11.977324089113695,-12.11959728561703,33.453702732500815,TRUE,66.54629726749918
5,2024-05-18,10356.153166666667,30.46307771608962,0.1494177108051185,84.7860619574855,22.19,20.723915515432918,12.936301180642708,7.7876143347902085,-17.30580963286713,-17.45543452610922,37.577910067191894,TRUE,62.422089932808106
5,2024-05-19,10231.886583333333,14.238800793253697,0.13627497618631587,76.92782510838077,22.25,8.725456146795304,5.352068742458808,3.373387404336496,-7.496416454081103,-7.588282835811752,38.661444715133634,TRUE,61.338555284866366
5,2024-05-20,10205.505,22.669869505145236,0.12432410001183632,69.81008422344239,22.11,12.63486776143504,7.5149844462276745,5.119883315207365,-11.37751847823859,-11.6235959207554,40.521859127284294,TRUE,59.47814087271571
5,2024-05-21,10144.625083333334,24.20086278445485,0.11734615044987665,65.67774042824209,21.37,12.62592156761216,7.4456984538875695,5.18022311372459,-11.51160691938798,-11.890527693762516,41.028475315519366,TRUE,58.971524684480634
5,2024-05-22,10546.910083333334,12.768621970515008,0.10754707782142843,59.8980061778926,21.49,6.360072820558865,3.6633744846528282,2.696698335906037,-5.992662968680082,-6.327792938321441,42.40043175589105,TRUE,57.599568244108944
5,2024-05-23,11321.876166666667,18.98044805953394,0.09657963164411174,53.463088029274616,21.66,9.144280860180903,5.091025778952689,4.0532550812282135,-9.007233513840475,-9.573268913876191,44.32557511305517,TRUE,55.67442488694483
5,2024-05-24,11575.184416666667,2.7224096182243587,0.085770708511114,47.16722893980089,21.83,1.1924279112400538,0.6368504460080292,0.5555774652320246,-1.2346165894044991,-1.4917096315110938,46.59212183772662,TRUE,53.40787816227337
5,2024-05-25,11536.03025,1.876995650243039,0.07702552056619248,42.10710245196915,22.05,0.7361580326852033,0.4225879492919056,0.3135700833932977,-0.6968224075406617,-0.8458807399846882,42.595484864781326,TRUE,57.404515135218674
5,2024-05-26,11321.99525,1.6706556835104724,0.07204672272980914,39.23391180581992,22.29,0.6014621156512324,0.3905091222514149,0.21095299339981752,-0.4687844297773723,-0.5676609224131947,35.07336337741046,TRUE,64.92663662258953
5,2024-05-27,11108.31875,0.9036924646483772,0.06535646313716868,35.39678138478648,22.47,0.2894836433853118,0.17348199815994325,0.11600164522536856,-0.25778143383415236,-0.47143497451124583,40.071916972167834,TRUE,59.928083027832166
5,2024-05-28,11243.09025,1.3423067210402433,0.061120375119538065,32.97702142260887,22.74,0.40747315354753744,0.19190318354915856,0.21556996999837888,-0.47904437777417536,-0.6594897871085104,52.904091501878455,TRUE,47.09590849812155
5,2024-05-29,11473.001666666667,0.7555413107328052,0.05474129039167159,29.343908133275896,22.88,0.2098553445322018,0.19623778942883885,0.013617555103362962,-0.03026123356302881,-0.05513487134448633,6.489019916894888,TRUE,93.51098008310511
5,2024-05-30,9076.6605,2.051563570926238,0.03865729843347802,20.324962284006183,22.37,0.31473075423659247,0.03828892715400567,0.2764418270825868,-0.6143151712946374,-0.6295482968680601,87.83438649112036,TRUE,12.16561350887964
5,2024-05-31,11495.562833333333,2.1807236844289437,0.01529253725174097,7.71798859626461,22.08,0.16920154861916012,0.11844789265133909,0.05075365596782102,-0.1127859021507134,-0.16609797244047406,29.99597603096273,TRUE,70.00402396903726
5,2024-06-06,6600.194,3.38302339185925,0.046309374177189985,24.669097904641593,22.39,0.4438446615250163,0.05423783044265296,0.3896068310823633,-0.8657929579608075,-0.9409906885393264,87.77999711514025,TRUE,12.220002884859744
5,2024-06-07,10293.005083333333,2.5242473734422872,0.032213404426809,16.772419948764504,22.88,0.3685318756491486,0.16479561356698091,0.20373626208216766,-0.4527472490714837,-0.5165038374662441,55.28321307981771,TRUE,44.71678692018229
5,2024-06-30,6025.919,3.794358545210427,0.03802004482796837,20.002941377745763,24.53,0.3726592749108797,0.11257924327666535,0.26008003163421434,-0.5779556258538097,-0.6151560612063536,69.79030152849722,TRUE,30.209698471502776
5,2024-07-01,8583.473,2.7675729777922373,0.022757798394384847,11.614213089175092,24.62,0.23700467391911564,0.06972961930380403,0.1672750546153116,-0.3717223435895814,-0.42513293053867746,70.57879992375122,TRUE,29.42120007624878
5,2024-07-02,7066.488416666667,9.947919618628603,0.08359542006962782,45.948536381552515,24.69,2.5480333131250217,1.274769413881646,1.2732638992433756,-2.829475331651946,-2.9317828249137414,49.97045732034751,TRUE,50.02954267965249
5,2024-07-04,15015.6265,1.2965656978590934,0.30909445061314367,183.02121241707013,24.75,2.697350864439472,2.111619799486688,0.5857310649527842,-1.3016245887839648,-1.3492131147747042,21.715049112622694,TRUE,78.2849508873773
5,2024-07-06,15229.562750000001,15.50270179081661,0.23758881517763017,138.43020988091018,24.94,25.164817196897857,18.291757288765602,6.873059908132256,-15.273466462516126,-15.375788350501864,27.312178961425236,TRUE,72.68782103857477
5,2024-07-09,15234.108666666667,0.43685586152231515,0.6090934407626394,374.59451732774585,24.86,1.8181788652782849,1.3709818867096766,0.4471969785686083,-0.9937710634857964,-1.1039066066307783,24.595873767356863,TRUE,75.40412623264314
5,2024-07-10,14908.174,1.057554510364941,0.41498784421811236,249.69800767619245,24.85,2.9327804410829774,2.3693179706583756,0.5634624704246016,-1.2521388231657815,-1.3320904182216533,19.212569155587175,TRUE,80.78743084441281
5,2024-07-12,11544.273916666667,5.278696769574471,0.25715173309134487,150.5249635394948,24.72,6.962551346425964,5.159843299346157,1.8027080470798071,-4.006017882399572,-4.079897345678281,25.891486574173392,TRUE,74.10851342582662
5,2024-07-13,10658.3245,16.32895024274582,0.21738593386277671,126.03251087651006,24.81,16.76030061068057,12.011147984901157,4.749152625779414,-10.55367250173203,-10.638413629613158,28.33572461554178,TRUE,71.66427538445824
5,2024-07-15,10683.717916666666,23.110335837802747,0.17298480339384922,98.98124270472141,25.01,18.931292616142027,13.099208852191524,5.832083763950504,-12.960186142112232,-13.063224405960662,30.80657978408562,TRUE,69.19342021591437
5,2024-07-16,10896.346,20.947722343360148,0.16568980774325187,94.58360284287072,24.65,16.762873703458187,11.59364332472527,5.169230378732916,-11.48717861940648,-11.563476250705124,30.83737591882293,TRUE,69.16262408117707
5,2024-07-17,10979.630833333333,33.964577986635604,0.14749782060170172,83.64212007880901,24.76,24.39364580984459,16.415293600208045,7.978352209636545,-17.7296715769701,-17.927135460356265,32.706682190231305,TRUE,67.2933178097687
5,2024-07-18,11542.784,24.383827670431916,0.13375034992494225,75.42296964095621,24.74,16.726718698602234,11.138809874960252,5.587908823641981,-12.417575163648849,-12.785453482230103,33.407083148405754,TRUE,66.59291685159424
5,2024-07-19,11773.3425,2.356446989815571,0.13501266305562892,76.19856086055557,24.65,1.6652075062199145,1.101616986878482,0.5635905193414327,-1.252423376314295,-1.3862474349375966,33.84506238629712,TRUE,66.15493761370288
5,2024-07-22,11200.652666666667,13.630897815330172,0.22377969665030256,129.94075916058037,24.64,15.15963010812299,10.95423436721522,4.20539574090777,-9.345323868683934,-9.443291469131252,27.74075429884263,TRUE,72.25924570115737
5,2024-07-23,10551.286083333332,22.53932686333919,0.22042135660028875,127.88646306660036,24.6,23.20131082473553,16.457899811595272,6.743411013140258,-14.985357806978351,-15.202959869399717,29.064784589459183,TRUE,70.93521541054082
5,2024-07-24,11872.255583333334,1.8716698741743745,0.2669508057197932,156.6083171448196,24.77,2.638663536566153,1.817740603670166,0.8209229328959871,-1.8242731842133049,-1.887504384918521,31.11131531245935,TRUE,68.88868468754065
5,2024-07-25,12967.658333333333,0.632240529228537,0.3330167522456255,198.1962104202055,24.81,1.21840009247161,0.6511636556501205,0.5672364368214896,-1.2605254151588658,-2.455408065966153,46.555843218200245,TRUE,53.444156781799755
5,2024-07-26,14902.555083333333,17.652089528872015,0.5543119865027609,339.24287552598395,24.7,65.3392817981574,43.85863297676825,21.480648821389156,-47.73477515864257,-52.298658012560864,32.87555086348519,TRUE,67.12444913651481
5,2024-07-27,13355.113333333333,1.7176533326791303,0.60997705995412,375.07238058900543,24.72,6.249003325586042,4.206644167182231,2.0423591584038108,-4.538575907564025,-4.654668876979716,32.6829584174093,TRUE,67.3170415825907
5,2024-07-28,12928.961083333334,3.73915226945427,0.5450178391265867,332.96165754692186,24.62,11.75153781557452,7.590256154955729,4.1612816606187915,-9.247292579152871,-9.460318319653751,35.4105286127214,TRUE,64.58947138727859
5,2024-07-29,13075.565666666667,1.644008855089681,0.47694777291652474,289.19561203561113,24.65,4.57484995879703,3.212420162560222,1.362429796236808,-3.0276217694151293,-3.107401986667181,29.780862946488035,TRUE,70.21913705351197
5,2024-07-30,13451.854083333334,2.016357628141579,0.3953603428418979,237.1636904142124,24.79,4.791024881286325,3.538324266709787,1.252700614576538,-2.783779143503418,-2.851111881905755,26.146819221698657,TRUE,73.85318077830134
5,2024-07-31,12925.207,1.779110622144225,0.3374436550388255,200.5993801928655,24.89,3.463003888112,2.690093720589459,0.772910167522541,-1.7175781500500913,-1.756679895908998,22.319067274969914,TRUE,77.68093272503008
5,2024-08-02,12333.697333333334,0.18663761768052167,0.3544261700644613,212.17947222227113,25.08,0.36367519521344627,0.14214251032710068,0.505817705540547,-1.12403934564566,-1.359690299808895,100,TRUE,39.08501657465948
5,2024-08-03,13330.854416666667,1.1662875079427264,0.6085562237791143,374.23879847592355,24.7,4.225059120396677,2.8581654950303212,1.3668936253663562,-3.037541389703014,-3.3770160108501184,32.352059140844,TRUE,67.64794085915601
5,2024-08-04,13150.128416666666,2.2103179835927858,0.5503547816186538,336.5240045602676,24.88,7.1429808605746725,4.755810875186025,2.3871699853886468,-5.304822189752549,-5.738848107041233,33.41980094843195,TRUE,66.58019905156804
5,2024-08-06,10994.035,1.3058022575706605,1.2327906161872928,789.158686687092,24.37,7.842125362215797,5.037065470771658,2.805059891444139,-6.233466425431421,-6.465590842195206,35.76912841714083,TRUE,64.23087158285918
5,2024-08-07,12267.4144,2.504122799683863,0.9670942514612306,610.5440830662719,24.95,13.236140988025934,8.112781702280738,5.123359285745194,-11.385242857211544,-11.719708331765345,38.70734899530036,TRUE,61.292651004699636
5,2024-08-08,13029.8515,2.366166104306089,0.7877166199786946,491.49557748624153,25.83,10.864488135107681,6.45059067329529,4.413897461812391,-9.80866102624976,-9.974139945209636,40.62683309993457,TRUE,59.37316690006543
5,2024-08-09,14227.558666666666,1.6643253953707264,0.6518447573258779,402.33934321599634,26.54,6.935785761342732,4.308864939250071,2.6269208220926603,-5.837601826872579,-5.94988157456286,37.874884151325084,TRUE,62.12511584867491
5,2024-08-10,14943.563250000001,1.6952578354895542,0.5592262008766439,342.1590096560897,26.5,6.374639259604612,4.117349299611483,2.257289959993129,-5.016199911095843,-5.1086497521117336,35.410473723545856,TRUE,64.58952627645415
5,2024-08-11,15696.36375,1.763329909841452,0.479603598449621,290.8859035462603,26.5,5.981334727616862,4.005586919189259,1.9757478084276037,-4.390550685394675,-4.4784359988490925,33.03188833932387,TRUE,66.96811166067613
5,2024-08-12,16005.025416666667,2.1238826483239257,0.43995815931025783,265.532741147928,26.53,6.742840053208187,4.5287615415513915,2.214078511656796,-4.920174470348436,-5.443370520275175,32.83599335273207,TRUE,67.16400664726793
5,2024-08-13,16404.725833333334,1.29324313924571,0.41215204309196496,247.84833990216583,26.45,3.9441842939512313,2.8878771793708182,1.056307114580413,-2.3473491435120293,-2.4208060158710913,26.781383319241876,TRUE,73.21861668075812
5,2024-08-14,16358.37775,1.512720876504128,0.32578046883366507,193.2916254055357,26.56,3.6370804295876322,2.700652185874706,0.936428243712926,-2.0809516526953913,-2.1385600992173757,25.74670156027034,TRUE,74.25329843972966
5,2024-08-15,15661.364333333333,1.6594943809694158,0.2718679557056082,159.63552663395737,26.26,3.1818475018902124,2.4524727026016335,0.7293747992885787,-1.620832887307953,-1.6648102168812575,22.92299674498182,TRUE,77.07700325501818
5,2024-08-18,13313.019666666667,2.0487886358307157,0.1590347754937934,90.57812305912927,24.85,1.9376005278886752,2.62724553243244,-0.6896450045437651,1.5325444545417004,1.550218734917317,0,TRUE,100
5,2024-08-19,12967.917,3.3327084102856706,0.1350126630556291,76.17471262717108,25.29,2.60673032718224,3.247668197352471,-0.6409378701702306,1.424306378156068,1.4186373559795562,0,TRUE,100
5,2024-08-20,12654.47025,3.1049217960732496,0.1144663151447516,63.98491561378714,25.66,2.0092230304474414,2.6244566076408544,-0.6152335771934128,1.367185727096473,1.360689339130115,0,TRUE,100
5,2024-08-21,11753.7875,3.307004857461906,0.08954003423158344,49.36067363795498,25.59,1.5504840182850566,2.103554027313849,-0.5530700090287926,1.229044464508428,1.2332166449637094,0,TRUE,100
5,2024-08-23,11577.6646,1.7536346911822285,0.06375445776865592,34.50548438400149,24.69,0.5751404785124217,0.6482616107018349,-0.07312113218941314,0.16249140486536257,0.17784270356915757,0,TRUE,100
5,2024-09-13,15616.233818181818,10.549643656321097,0.2893101036851425,170.47413029508408,24.3,21.3657450197085,16.218730953705464,5.147014066003034,-11.437809035562298,-11.97549686354906,24.09002850710448,TRUE,75.90997149289552
5,2024-09-14,14899.9105,3.373266663880118,0.2782558472692704,163.60382114784446,24.23,6.259907004888267,5.074308633959384,1.185598370928883,-2.634663046508629,-2.70911935964457,18.939552456658976,TRUE,81.06044754334103
5,2024-09-15,13573.481833333333,5.203554856464355,0.2367081315980814,137.89510718198272,24.3,7.463213208559019,5.768493049773185,1.6947201587858336,-3.766044797301853,-3.8873083137677424,22.707647650241075,TRUE,77.29235234975893
5,2024-09-16,13184.272083333333,4.729412796359092,0.26051007314135843,152.58784001906014,24.23,7.243138044192021,5.557326721169171,1.6858113230228498,-3.746247384495222,-3.8091177375267695,23.27459883737317,TRUE,76.72540116262684
5,2024-09-19,12610.6535,19.27041805510984,0.21403346503662693,123.96612343025852,24.01,23.145760494883483,16.304922997541322,6.84083749734216,-15.201861105204802,-15.34422891581284,29.555466535024287,TRUE,70.4445334649757
5,2024-09-21,11355.363083333334,3.2683202818958437,0.15236506518467602,86.56694950560171,24.1,2.5072558971071377,2.1038150963373554,0.40344080076978245,-0.8965351128217389,-0.9359157636242896,16.09093037672265,TRUE,83.90906962327735
5,2024-09-22,10492.054166666667,4.19030726391365,0.12025534187432002,67.41629146480312,23.88,2.3355616943442503,1.9641138471972885,0.37144784714696183,-0.8254396603265819,-0.8662463111276624,15.90400493579136,TRUE,84.09599506420865
5,2024-09-23,10875.308416666667,5.551539804220737,0.0903590699605643,49.83897857613685,23.67,2.4122947706320885,2.0047053116646545,0.4075894589674341,-0.9057543532609648,-0.9380291976906452,16.89633721092196,TRUE,83.10366278907804
5,2024-09-24,12608.463666666667,6.502386546126051,0.06692114429683405,36.29191335082839,23.7,2.439700586495652,2.1012958913228927,0.3384046951727589,-0.7520104337172421,-0.785341342857761,13.870746969768048,TRUE,86.12925303023195
5,2024-10-04,14483.754857142858,4.6406858149227395,0.13001805807807423,73.20216505177021,24.22,3.9082492075970516,2.9750266975809483,0.9332225100161031,-2.073827800035785,-2.1085744361499787,23.878275423226803,TRUE,76.12172457677319
5,2024-10-05,12944.0845,4.506516489040324,0.10956090760666327,61.08299830291101,24.32,2.8485985959286833,2.1401115537756747,0.7084870421530084,-1.5744156492289076,-1.6144467593442902,24.871424256320385,TRUE,75.1285757436796
5,2024-10-06,12123.765916666667,3.185210705423679,0.10786705952199796,60.09602326147423,24.24,1.852062184481126,1.4455851941184703,0.40647699036265567,-0.9032822008059016,-1.0318534496699308,21.94726471760095,TRUE,78.05273528239906
5,2024-10-07,12677.33,2.762885361014877,0.1638433078381308,93.48330422756851,23.91,2.5536230494033068,1.953452039619107,0.6001710097841997,-1.3337133550759994,-1.4383420069370088,23.50272527201847,TRUE,76.49727472798152
5,2024-10-08,12522.980083333334,8.796875391777927,0.18800926526095493,108.09209588505381,23.59,9.20525711528012,6.345615961159529,2.85964115412059,-6.354758120267978,-6.4060545988455075,31.06530451358903,TRUE,68.93469548641097
5,2024-10-10,15191.717200000001,0.9305296395848583,0.6072117135143361,373.30647839842754,23.22,3.8349300843858467,3.0651782141397828,0.7697518702460637,-1.7105597116579196,-1.830487065817788,20.072122654338752,TRUE,79.92787734566124
5,2024-10-11,12642.88025,1.812025697753,0.48957000095818415,297.3005428116292,22.61,4.974237314011819,3.8038054315119885,1.1704318824998305,-2.6009597388885126,-2.6932063922778404,23.52987621243697,TRUE,76.47012378756303
5,2024-10-12,11415.66075,3.0151283300643104,0.40222673915044804,241.5217244287632,21.86,6.105140929825021,4.3374977875705545,1.7676431422544667,-3.928095871676593,-4.01902287087231,28.953355255390132,TRUE,71.04664474460986
5,2024-10-13,11344.35075,2.8418275410612317,0.33966004204735717,201.99419392460396,22.01,4.829618234017224,3.5784172932579335,1.2512009407592906,-2.780446535020646,-2.848343512415602,25.906829072875915,TRUE,74.09317092712408
5,2024-10-14,11012.788083333333,6.033493724487096,0.2848551028920237,167.71271824175616,21.76,8.332550458558304,5.810349946662461,2.5222005118958424,-5.604890026435206,-5.704250444221572,30.26924978660415,TRUE,69.73075021339585
5,2024-10-15,11081.809,4.316841049828749,0.2411966822418492,140.66311172226463,21.86,5.082336703748433,3.697657760241481,1.3846789435069518,-3.0770643189043376,-3.1539932562830817,27.24492736747831,TRUE,72.75507263252169
5,2024-10-17,10295.591583333333,3.8299669452167713,0.17391539237623926,99.55396426939934,19.96,2.99452142360828,2.6791077260326874,0.31541369757559296,-0.7009193279457622,-0.7449745150084282,10.53302524700364,TRUE,89.46697475299636
5,2024-10-18,10460.926,38.18093542019547,0.1441981927903248,81.66266556774858,19.63,25.138838080042795,18.961652635813135,6.177185444229661,-13.727078764954802,-14.018875205276004,24.572279055067387,TRUE,75.4277209449326
5,2024-10-20,13141.970583333334,12.825772799216228,0.11040636384303094,61.579041797908985,20.03,8.203148583225468,6.087581641590071,2.1155669416353975,-4.701259870300884,-4.7479655881676885,25.789694288379685,TRUE,74.21030571162032
5,2024-10-21,11471.99325,7.192135942904036,0.09903967444298517,54.8985333322489,20.23,3.586920306947249,2.4104048418454482,1.176515465101801,-2.614478811337336,-2.6626769687019936,32.80015624610038,TRUE,67.19984375389963
5,2024-10-22,11938.40525,1.7812019900907865,0.08800764480316846,48.45462116705093,20.48,0.8233444078813021,0.6055960833395045,0.2177483245417976,-0.48388516564843914,-0.5522792311189763,26.446809191566086,TRUE,73.55319080843391
5,2024-10-23,14050.041777777778,4.29351517809632,0.07868707691960823,43.048702627201216,20.89,2.1024265289981576,1.0251274609956489,1.0772990680025087,-2.393997928894464,-2.4531088623790973,51.24074744794341,TRUE,48.75925255205659
5,2024-10-25,2613.524,1.6958904896448317,0.056975516888096746,30.60329960831206,20.84,0.0966803941670023,0.1343380853128401,-0.037657691145837814,0.08368375810186182,-0.3300861984153686,0,TRUE,100
5,2024-10-26,8970.4,84.43911929289706,0.050323194434267686,26.83953859665648,20.69,16.57702639152371,10.916297412564788,5.660728978958921,-12.579397731019824,-12.891418270991707,34.14803623557846,TRUE,65.85196376442154
5,2024-10-27,8895.133583333334,71.3917201132371,0.046351311490501784,24.605328920189756,20.59,12.791799403402905,8.373749305018233,4.418050098384673,-9.817889107521497,-9.877974739538224,34.538144001924955,TRUE,65.46185599807505
5,2024-10-28,8876.346416666667,63.27491325467702,0.043999886333106177,23.285306862290252,20.76,10.743973272463167,6.88756605000869,3.8564072224544774,-8.569793827676618,-8.605498168260688,35.893678480553,TRUE,64.10632151944701
5,2024-10-29,9008.911583333334,14.127182615443791,0.0475020713677788,25.253328513724906,20.75,2.6302302846224745,1.8091982730510185,0.821032011571456,-1.8245155812699023,-1.9373681317976477,31.21521398227309,TRUE,68.7847860177269
5,2024-10-30,9237.46075,36.67393673097772,0.05070482398540553,27.05461339734157,21,7.487977063181247,4.926428010162255,2.561549053018992,-5.692331228931094,-5.7343684803351405,34.20882611425528,TRUE,65.79117388574471
5,2024-10-31,9203.754333333334,54.77388184671275,0.04500093000185997,23.84825949528195,21.08,9.8898845127813,6.2716908344080595,3.618193678373241,-8.04043039638498,-8.135244854132008,36.58479200335685,TRUE,63.41520799664315
5,2024-11-01,9218.8155,29.871074077689336,0.042176871323439516,22.270678150336465,20.92,5.06128066881163,3.340087697764572,1.7211929710470582,-3.824873268993463,-3.867879510319531,34.00706429211301,TRUE,65.992935707887
5,2024-11-02,9295.318416666667,57.15728895429052,0.03754741130694364,19.692505734717418,20.95,8.697333233505377,5.475163258453325,3.222169975052052,-7.160377722337894,-7.261782003756105,37.04779256518595,TRUE,62.95220743481405
5,2024-11-03,9500.68025,59.158530931242574,0.037139361248419454,19.466762604109206,21.2,9.116781447177576,5.633833370480389,3.482948076697188,-7.739884614882641,-7.812048357506204,38.203702664995426,TRUE,61.796297335004574
5,2024-11-04,4267.417,65.69143247189892,0.03566568405864088,18.650323608967682,21.48,4.121152545313134,0.3328780161705356,3.788274529142598,-8.418387842539108,-8.464935027985995,91.92269607808845,TRUE,8.077303921911554
5,2024-11-05,2152.049,56.99222050624039,0.034964072806933436,18.26415624526987,21.53,1.57715148127834,1.7165729858869696,3.2937244671653096,-7.3193877048118,-7.5183563352030784,100,TRUE,100
5,2024-11-06,6416.664777777778,8.199578412504529,0.038974118705813146,20.500000836622153,21.89,0.8772938902064432,0.3795417628856809,0.4977521273207623,-1.106115838490583,-1.2438185527939043,56.7372157582942,TRUE,43.2627842417058
5,2024-11-07,11095.044833333333,74.81414210516175,0.05070482398540573,27.05154851417529,22.29,18.561031145772255,12.068673786255424,6.492357359516831,-14.427460798926292,-14.545825120737764,34.97843039283747,TRUE,65.02156960716253
5,2024-11-08,11086.31875,65.82911013561052,0.04784260235187166,25.440239410451507,22.54,15.407489983644695,10.013158227026679,5.394331756618015,-11.98740390359559,-12.058043296700427,35.0111002009035,TRUE,64.98889979909649
5,2024-11-09,10748.39175,70.27075127034097,0.04596674632743206,24.388170650771514,22.48,15.299069411098358,10.060673199385374,5.238396211712986,-11.640880470473302,-11.73779354256754,34.23996630744685,TRUE,65.76003369255315
5,2024-11-10,10638.897583333333,12.814854945213336,0.046650743907548364,24.772608308115963,22.36,2.8006092716237885,1.849385296285997,0.9512239753377915,-2.1138310563062035,-2.220481743254001,33.964894174126385,TRUE,66.03510582587361
5,2024-11-11,10546.376833333334,24.906970882302826,0.05275975233768654,28.2117740984174,22.27,6.098874358399818,3.8959605941712354,2.2029137642285823,-4.895363920507961,-5.076402048340758,36.12000567276103,TRUE,63.87999432723897
5,2024-11-12,10497.964916666666,41.36814934467913,0.0509220592683613,27.174095690120414,22.34,9.731885211142078,6.403663288500359,3.3282219226417196,-7.3960487169816,-7.45389109211854,34.19914898740507,TRUE,65.80085101259493
5,2024-11-13,10244.31075,71.3358538251601,0.04709108569732306,25.017866724619466,22.24,15.124579127974817,9.759601150182949,5.364977977791868,-11.922173283981929,-12.192154600049465,35.471915829172815,TRUE,64.52808417082717
5,2024-11-14,10934.628083333333,11.402987440146468,0.04418776549674294,23.391395895331264,21.61,2.4238580758948474,1.525755433658353,0.8981026422364944,-1.995783649414432,-2.091997548995229,37.0526084496482,TRUE,62.9473915503518
5,2024-11-15,12156.75875,8.513970994028188,0.04256730771037295,22.48485875867231,21.11,1.9432810121166981,1.3846566841023455,0.5586243280143526,-1.2413873955874504,-1.273910484416283,28.74645120964142,TRUE,71.25354879035858
5,2024-11-16,9551.046083333333,9.083490746309046,0.04025698112002275,21.198972176502803,19.63,1.5183466914041572,1.0751623947001732,0.44318429670398396,-0.98485399267552,-1.0438466071367416,29.18861016479247,TRUE,70.81138983520752
5,2024-11-17,7986.565727272728,4.0644929369686436,0.037776389037626576,19.820296213473732,19.07,0.5272787461257479,0.21057322049035437,0.3167055256353935,-0.7037900569675412,-0.8074620900456455,60.06415543247861,TRUE,39.935844567521386
5,2024-11-18,2354.6228,3.062842269436175,0.03743585805353427,19.631370909080932,18.87,0.10052791160380231,0.20258877681674026,0.30311668842054257,-0.6735926409345391,-0.7401764449775061,100,TRUE,100
5,2024-11-21,8672.220714285715,5.374834593211868,0.03655223886205338,19.14114254101385,19.21,0.736178281124309,0.2549316594959999,0.48124662162830917,-1.0694369369517982,-1.1291585093956722,65.37093445535201,TRUE,34.629065544647986
5,2024-11-22,6133.339857142857,2.70916218584771,0.03451131112052436,18.01285273725986,17.13,0.24068145421661713,0.32172654460778494,-0.08104509039116783,0.18010020086926187,0.10987343779830155,0,TRUE,100
5,2024-11-23,9083.238666666666,6.36331769981732,0.03391605934727023,17.684448797153504,16.39,0.8400026936516077,0.8488922094866488,-0.008889515835041082,0.01975447963342463,0.00691523104365943,0,TRUE,100
5,2024-11-24,10158.521,7.836907200912118,0.033105830454085196,17.239541136252136,15.85,1.13262184355498,1.107960024063857,0.024661819491122942,-0.05480404331360655,-0.07769812414584182,2.17740984172762,TRUE,97.82259015827238
5,2024-11-25,9342.580333333333,7.649285651290949,0.03275942824612914,17.048536390392645,15.74,1.0017961662721455,0.9805539808145235,0.02124218545762198,-0.04720485657249329,-0.0716417099372344,2.1204099369503258,TRUE,97.87959006304968
5,2024-11-26,8870.647166666668,7.810847563602968,0.033707630900110225,17.57076104096791,15.84,0.9973029525955353,0.8549691237634645,0.1423338288320708,-0.31629739740460183,-0.35129711906154226,14.271874806109743,TRUE,85.72812519389025
5,2024-11-27,8917.373333333333,13.85002239323982,0.03260677642567419,16.96344664714503,16.49,1.7247687687420727,1.1861533311495907,0.5386154375924821,-1.1969231946499603,-1.2949568338715924,31.22826939783418,TRUE,68.77173060216582
5,2024-11-28,10793.3444,8.306956865769356,0.03412742340636203,17.800686120929488,17.42,1.3267265432134756,0.8884939420219902,0.4382326011914854,-0.9738502248699676,-1.0283125638613897,33.03111733409949,TRUE,66.96888266590051
5,2024-12-09,6701.453692307692,8.206992809331132,0.039109156854677425,20.55815202541467,13.82,0.89560126319272515,0.7630460686381357,0.13255519455458936,-0.2945670990101986,-0.34854563925186144,14.800693121182512,TRUE,85.19930687881748
5,2024-12-10,8163.449833333333,13.844100319833029,0.039452623450701246,20.749733208391543,14.74,1.8866893323613316,1.3322841392721179,0.5544051930892137,-1.2320115401982528,-1.31942634045231,29.385081241506487,TRUE,70.6149187584935
5,2024-12-11,9636.221166666666,3.0014870326198375,0.06641621904455941,36.07627705998963,15.83,0.8235014807876988,0.7885753775881694,0.03492610319952941,-0.07761356266562092,-0.1035594339527991,4.241170661420275,TRUE,95.75882933857973
5,2024-12-12,7793.13525,8.827188246448383,0.06886745500763732,37.39737695788053,15.88,2.0093605872072637,1.9734457105098453,0.03591487669741843,-0.07981083710537429,-0.11276128354404756,1.78737837927513,TRUE,98.21262162072487
5,2024-12-13,7152.768727272727,6.925375247748037,0.05573985008109855,29.89937964567887,14.69,1.1590830670884442,1.1066137442505941,0.052469322837850156,-0.11659849519522258,-0.1647767655784016,4.526795734291101,TRUE,95.4732042657089
5,2025-01-01,9809.7025,4.407605557595658,0.08076549016734397,44.250013368425776,17.69,1.5095221792105666,1.3873460331635408,0.1221761460470259,-0.2715025467711687,-0.31310775912039246,8.093696649818039,TRUE,91.90630335018197
5,2025-01-02,8680.1315,16.678304702789895,0.06924321333491151,37.6061516075072,16.26,4.283405984817274,3.702660349463088,0.5807456353541859,-1.2905458563426355,-1.342614524343102,13.558033896685606,TRUE,86.4419661033144
5,2025-01-03,8405.45575,11.472700244050548,0.059249035421147705,31.898063691423314,14.82,2.422309379930402,2.310194582912402,0.11211479701800021,-0.24914399337333384,-0.2760804956672076,4.628425994916533,TRUE,95.37157400508347
5,2025-01-04,8808.621527777777,7.651337553730591,0.05255425950245844,28.096416802745015,14.25,1.5014625262504975,1.6132457102063098,-0.11178318395581222,0.24840707545736052,0.22796772006913513,0,TRUE,100
5,2025-01-05,8714.612388888889,6.200138382330744,0.047992318560394674,25.524279885682354,14.13,1.0980197201108728,1.1908864950889853,-0.09286677497811249,0.20637061106247223,0.18442305514535812,0,TRUE,100
5,2025-01-06,9396.098944444444,5.963306736739268,0.049013911512671295,26.100590760388112,14.11,1.1670877549318726,1.115667555541663,0.05142019939020952,-0.11426710975602115,-0.1298918876353462,4.405855444281576,TRUE,95.59414455571843
5,2025-01-11,8178.247722222222,4.759174187199049,0.05382831508087247,28.81742535865955,12.73,0.878450564974754,1.0191094062131696,-0.14065884123841543,0.3125752027520343,0.2694683017977767,0,TRUE,100
5,2025-01-13,10021.167972222222,44.67953417361098,0.05103067690983875,27.239829552575607,12.54,9.66732363941466,8.48165171022031,1.1856719291943498,-2.6348265093207774,-2.8638809422306206,12.264738136625995,TRUE,87.735261863374
5,2025-01-14,8360.389222222222,16.432643427753742,0.062183066638860515,33.563463207053076,12.74,3.5863753388701354,3.364442973177758,0.2219323656923776,-0.49318303487195025,-0.5287933578541547,6.188208001739604,TRUE,93.8117919982604
5,2025-01-15,9379.026472222222,22.915777288111354,0.05490862027178603,29.428352997179456,12.8,4.984318188663458,4.684326146007319,0.29999204265613993,-0.666648983680311,-0.6993323421719883,6.018717732316015,TRUE,93.981282267684
5,2025-01-16,10704.250777777777,9.169174713320777,0.051171586282566586,27.31492673851213,12.69,2.1324972950839434,2.1869038452610954,-0.054406550177152,0.12090344483811556,0.09287127161734789,0,TRUE,100
5,2025-01-17,8701.291888888889,6.9248057544307775,0.04923995363142247,26.22601848669581,12.63,1.2474878307370327,1.3429221860169325,-0.09543435527989982,0.21207634506644407,0.1864234603817968,0,TRUE,100
5,2025-01-18,8105.751583333334,2.9705376845287996,0.048934649990512016,26.06308730143451,12.84,0.49405301457866385,0.5613347048920786,-0.06728169031341474,0.1495148673631439,0.09356979213831618,0,TRUE,100
5,2025-01-20,9711.905416666666,1.4425371366462565,0.32720717623253404,194.30961856897358,14.46,1.9541360761709012,2.2227302996054217,-0.26859422343452033,0.5968760520767119,0.47758694937801704,0,TRUE,100
5,2025-01-21,8584.926833333333,4.323919315748103,0.22003972704915103,127.66257826429637,13.74,3.4498097252210473,3.4714969324945,-0.021687207273452688,0.04819379394100598,-0.01200815535221866,0,TRUE,100
5,2025-01-22,7110.661833333334,2.1614828279456506,0.4605397345643178,278.82774066431875,12.71,2.9433395275322174,3.308244888183866,-0.3649053606516486,0.810900801448108,0.7530807824143364,0,TRUE,100
5,2025-01-23,7025.474166666667,20.611312225776636,0.37317592347305883,223.16189743089987,11.75,22.35046204062393,17.892855799419362,4.45760624120457,-9.905791647121267,-10.192748268711938,19.944134636243664,TRUE,80.05586536375634
5,2025-01-24,6791.6315,8.825768391168557,0.29461307695342664,173.7888044350691,11.43,7.2768780787089655,6.461227690569432,0.8156503881395339,-1.8125564180878535,-1.9497598202060535,11.208795575756621,TRUE,88.79120442424339
5,2025-01-25,6590.754,22.15068022537996,0.2563121480788416,149.98998718095967,10.88,15.347107033138904,12.853082904772249,2.4940241283666555,-5.54227584081479,-6.075530578306454,16.25077692480626,TRUE,83.74922307519374
5,2025-01-26,6948.906333333333,6.066852564839998,0.2345592636639818,136.56632521765644,11.09,4.074151176106094,3.813915175243186,0.26023600086290805,-0.5783022241397957,-0.7461844264390713,6.387490046739771,TRUE,93.61250995326023
5,2025-01-29,7182.839625,23.45039035419958,0.1890426006609588,108.7192143639391,13.41,13.29284487366332,8.908619597603714,4.384225276059606,-9.742722835688014,-10.09778180539204,32.9818433730911,TRUE,67.0181566269089
5,2025-01-30,7505.756208333333,31.13033591600633,0.1761141657131801,100.87510807036756,13.7,17.247741437755852,11.648734043089354,5.599007394666499,-12.442238654814442,-12.821009355887483,32.462264203532726,TRUE,67.53773579646727
5,2025-01-31,7974.2977083333335,4.8336396274736595,0.16317105270574156,93.05558595164266,14.17,2.651069348980668,2.1709438560632077,0.4801254929174603,-1.0669455398165786,-1.1640899191848302,18.11063498214665,TRUE,81.88936501785335
5,2025-02-01,8394.09875,4.7293647662197635,0.15371544667331766,87.36472666167201,15.07,2.589785052017316,2.1408931922459487,0.44889185977136725,-0.997537466158594,-1.0506434139226928,17.333170543312175,TRUE,82.66682945668784
5,2025-02-02,7711.530125,39.17973723644667,0.1366888974687041,77.17050863127442,15.28,17.46077406088186,11.696600121826485,5.764173939055376,-12.80927542012306,-13.308738368498435,33.01213290405669,TRUE,66.98786709594332
5,2025-02-03,8626.939833333334,23.66066788075646,0.12367239416297003,69.4236989463442,15.45,10.74643114621349,7.471782312211414,3.2746488340020763,-7.276997408893504,-7.518505218769514,30.47196589684474,TRUE,69.52803410315526
5,2025-02-04,9087.458916666666,26.356884715712784,0.11686177448112471,65.38849875175504,15.9,11.969662712125288,8.257304195955818,3.7123585161694708,-8.249685591487713,-8.508121332041117,31.014729532928655,TRUE,68.98527046707135
5,2025-02-05,9656.004916666667,44.65105895258661,0.10959026372598203,61.0952218491073,16.17,20.28661874150762,14.35370589440695,5.9329128471006705,-13.184250771334824,-13.798935920157884,29.24544953842693,TRUE,70.75455046157307
5,2025-02-06,10680.062666666667,31.045717702913095,0.1032904405202749,57.388841054142155,16.4,14.782801447667714,10.716264128280107,4.066537319387606,-9.036749598639126,-9.379529568573105,27.50857023808018,TRUE,72.49142976191982
5,2025-02-07,11596.166,29.132489491303055,0.09688199967309014,53.63177672466942,16.83,14.197929820991478,10.516990282194044,3.6809395387974333,-8.179865641772075,-8.354560455294523,25.925889092332362,TRUE,74.07411090766763
5,2025-02-15,19706.672,10.044813074867454,0.1347102950266506,75.99025358881103,18.02,11.80175668902149,10.35383758483091,1.4479191041905801,-3.2175980093124004,-3.438136278121213,12.268674421474032,TRUE,87.73132557852597
5,2025-02-16,19325.596555555556,6.219876115027995,0.13893170498462185,78.53271101202388,18.16,7.391708201607411,6.627499305854386,0.7642088957530254,-1.698241990562279,-1.831204700218148,10.338731926496225,TRUE,89.66126807350376
5,2025-02-18,17146.631714285715,22.85431830236326,0.1356115278897224,76.52859288030429,16.12,23.267336351205156,20.865297092904292,2.402039258300865,-5.337865018446367,-5.822043335909042,10.323653821149358,TRUE,89.67634617885065
5,2025-02-20,9824.04325,2.5468355028995897,0.2553345893055422,149.3950027314631,16.01,2.7432024386966285,2.8317822521154965,-0.08857981341886813,0.19684402981970697,0.10976721680999302,0,TRUE,100
5,2025-02-22,7822.847333333333,13.74911792087823,0.17023707062565646,97.3233676718613,14.41,7.71802901547089,6.702904553577553,1.015124461893337,-2.2558321375407493,-2.6237836103791805,13.152638579856422,TRUE,86.84736142014357
5,2025-02-23,8891.2715,7.277147862311831,0.1552360936540056,88.27990907316142,14.68,4.267970299152057,3.9099478729736856,0.35802242617837143,-0.7956053915074921,-1.01589301757547,8.38858757403963,TRUE,91.61141242596038
5,2025-02-25,9205.546666666667,5.775887260820365,0.22621331894178956,131.43303506633785,15.51,5.138166842598038,4.268198062939643,0.8699687796583953,-1.933263954796434,-2.1262183971582367,16.931501181431248,TRUE,83.06849881856877
5,2025-02-27,9756.880130434783,25.045158358935936,0.17886212429767503,102.5406031096297,16.2,18.776774625286368,14.324939546859053,4.451835078427314,-9.892966840949589,-10.67754784112257,23.70926406302019,TRUE,76.2907359369798
5,2025-02-28,6966.899235294118,5.674999196607191,0.16245476339437534,92.62743464306303,16.53,2.7130785698840674,2.769741358867809,-0.05666278898374184,0.12591730885275965,0.02467313990144237,0,TRUE,100
5,2025-03-01,5049.078333333334,10.109115639965234,0.14010007853349044,79.20812688392759,16.44,2.9455024698279932,2.41728504728588,0.5282174225421132,-1.1738164945380296,-1.3552257583055003,17.93301577414597,TRUE,82.06698422585401
5,2025-03-02,5016.825666666667,4.46846923099543,0.13126975784254583,73.93966696135415,16.49,1.211665001688564,1.6605533683263836,-0.4488883666378196,0.9975297036395993,0.946282318532676,0,TRUE,100
5,2025-03-03,4476.654833333333,7.009077843765938,0.11917503668340672,66.75835383161277,16.22,1.520919640923337,1.8160538778609718,-0.2951342369376348,0.6558538598614108,0.6268206843281796,0,TRUE,100
5,2025-03-04,4615.221666666666,4.30398656852499,0.11271375482144907,62.93755708930746,16.12,0.9131053140667151,1.1878135861508334,-0.27470827208411824,0.6104628268535961,0.5727081617839984,0,TRUE,100
5,2025-03-05,5207.469,6.908232355948087,0.12156756040784818,68.1919376889259,16.73,1.8085200930999314,1.4423081472216248,0.3662119458783066,-0.8138043241740147,-1.0044367520070374,20.249260557044373,TRUE,79.75073944295562
5,2025-03-06,4732.7643333333335,9.141940830304453,0.14739800979601952,83.57327652618626,16.6,2.612579257206981,2.3467300054713887,0.2658492517355924,-0.5907761149679831,-0.8720269941622032,10.175739204934311,TRUE,89.8242607950657
5,2025-03-07,4274.0615,28.181643991566613,0.13542951994994906,76.4216789847582,15.83,6.59125339376293,4.077069735326226,2.5141836584367034,-5.587074796526008,-6.165692322056607,38.14424219854431,TRUE,61.855757801455695
5,2025-03-08,4389.931666666666,2.934217845553602,0.13549997463631294,76.47412766640521,15.67,0.7067977410632251,1.2615621979509932,-0.5547644568877681,1.2328099041950404,1.049005065625855,0,TRUE,100
5,2025-03-10,7521.057666666667,0.8640411832431762,0.5423699171640767,331.60762940134526,16.78,1.4973818668663939,1.6645708548063625,-0.1671889879399686,0.3715310843110413,0.407756591962634,0,TRUE,100
5,2025-03-11,7987.645,2.895014802387747,0.41996077083063255,252.85537363069568,16.91,4.1422277443738205,3.497354931415844,0.6448728129579764,-1.4330506954621698,-1.584067417893794,15.568260674075074,TRUE,84.43173932592492
5,2025-03-12,7465.277166666667,8.48344568770059,0.3289333160484501,195.25763184184783,16.72,8.844057586831818,5.870262589920118,2.9737949969117,-6.608433326470445,-6.9248294950171,33.624781020642295,TRUE,66.37521897935771
5,2025-03-13,7177.909,15.508319248841785,0.28390983584997476,167.11595855192041,16.78,13.38846512959446,8.016729475973104,5.371735653621355,-11.937190341380791,-12.612301303004308,40.122117073356165,TRUE,59.877882926643835
5,2025-03-14,7015.215,18.175602689049462,0.25396072292144567,148.53762836996023,17.09,13.71488326548246,7.828844061309785,5.886039204172675,-13.080087120383723,-13.853940694334508,42.917165900978716,TRUE,57.082834099021284
5,2025-03-15,7032.135666666667,11.079442987103851,0.2278866177429324,132.46408248839722,17.54,7.534411146805378,4.327005389653882,3.2074057571514953,-7.127568349225546,-7.622726595240108,42.57009200395772,TRUE,57.429907996042274
5,2025-03-16,7381.298666666667,2.622304349721107,0.2251799835417853,130.83314506314568,18.18,1.8596348102964417,1.601482721511396,0.25815208878504575,-0.5736713084112128,-0.7547395206944827,13.881870104587582,TRUE,86.11812989541241
5,2025-03-17,7025.326166666667,4.366608896581801,0.25698146759929896,150.4039784937407,18.06,3.351700927169773,2.7342606760234998,0.6174402511462733,-1.3720894469917186,-1.5813981949204856,18.421698849713575,TRUE,81.57830115028642
5,2025-03-18,6173.306666666666,14.093925725363604,0.2203509019139249,127.84362701601484,17.02,8.046968291352576,5.143110910074549,2.903857381278026,-6.453016402840058,-6.989781955713928,36.08635297343679,TRUE,63.913647026563204
5,2025-03-20,5690.547166666666,12.673909652209693,0.1751160576563575,100.27217141242491,16.95,5.266539563463887,3.2705294479555285,1.9960101155083583,-4.435578034463019,-4.581065271857296,37.89984090037958,TRUE,62.10015909962041
5,2025-03-21,5149.182,8.622989569976315,0.16061413471311808,91.51689415265054,16.66,2.945337233027028,2.4014086160269787,0.5439286170000496,-1.2087302600001102,-1.4263172299243363,18.46744783248588,TRUE,81.53255216751413
5,2025-03-22,4743.1585,29.519901492366788,0.14582745741249065,82.63403196065687,16.25,8.354389405440319,5.025685837105247,3.3287035683350723,-7.397119040744606,-8.097468985832895,39.84376842869503,TRUE,60.156231571304964
5,2025-03-23,4755.236,11.07356140526014,0.13343036822437288,75.2272236516863,16.08,2.8734716420319892,1.9984821391607341,0.874989502871255,-1.944421117491678,-2.2504503558641114,30.45060511724772,TRUE,69.54939488275227
5,2025-03-24,4938.226333333333,22.942031903444793,0.1246998583391106,70.03325276341941,16.4,5.806348520120461,2.8038819125892243,3.002466607531237,-6.672148016736083,-7.0308703266388894,51.71006523509454,TRUE,48.28993476490545
5,2025-03-25,5280.196833333333,28.94207797171192,0.11697626334646617,65.45635548789306,16.8,7.403539085546122,3.222241977484833,4.181297108061289,-9.29177135124731,-10.049048377337767,56.47700457507418,TRUE,43.52299542492581
5,2025-03-27,4995.465,18.576883175756446,0.09253435840205014,51.094776124366845,17.5,3.5485954901461096,1.810255651761563,1.7383398383845468,-3.8629774186323265,-4.281819145567165,48.98670032162422,TRUE,51.01329967837578
5,2025-03-28,5011.041,36.93891041753652,0.08265308863951056,45.34576263815597,17.43,6.322412747799267,2.573810366074267,3.748602381725,-8.330227514944445,-9.052435566222314,59.29069377872917,TRUE,40.70930622127082
5,2025-03-29,5216.5175,24.23395352959149,0.07554303654061845,41.23145830101613,17.66,3.964291213301446,1.6144340943036384,2.3498571189978077,-5.221904708884018,-5.679772670803636,59.27559285032584,TRUE,40.72440714967415
5,2025-03-31,7660.403166666667,1.134950351232164,0.38174791031400246,228.58370763973767,18.16,1.4191018787144896,1.216671442551303,0.20243043616318646,-0.44984541369597,-0.524942488640715,14.264686644383875,TRUE,85.73531335561611
5,2025-04-01,8036.359666666666,1.722233464642401,0.3042653689852833,179.84593082465128,18.58,1.8082506398505864,1.3044702194809052,0.5037804203696811,-1.1195120452659582,-1.554701656077914,27.860099107240345,TRUE,72.13990089275966
5,2025-04-02,8577.233166666667,2.618496010971172,0.339637008784507,201.977553344867,19.06,3.2924390882901,2.0344005654511133,1.258038522838987,-2.795641161864416,-2.8782683679789622,38.20992550214007,TRUE,61.79007449785994
5,2025-04-03,8468.139666666666,3.773618812886813,0.27191492549651775,159.67495239937173,19.57,3.7544285404604003,2.2297087686944224,1.524719771765978,-3.3882661594799512,-3.500297271124575,40.611234315276214,TRUE,59.388765684723786
5,2025-04-04,8185.684166666667,5.198401764465735,0.22571720052531002,131.14041034165203,20.03,4.148768270566731,2.3465607210176946,1.8022075495490366,-4.004905665664526,-4.121568420264797,43.43958090729543,TRUE,56.56041909270457
5,2025-04-06,7431.791166666667,7.744234319088382,0.1620202928284646,92.36708904432342,20.46,4.011041853538751,1.9930649703111607,2.0179768832275906,-4.48439307383909,-4.5684329711546425,50.31054167253891,TRUE,49.68945832746109
5,2025-04-07,7343.023666666667,11.426277981703418,0.14055216277099225,79.48091047570925,20.59,5.0709621245747565,2.324936036547592,2.7460260880271643,-6.102280195615921,-6.190478072588715,54.151973936453764,TRUE,45.848026063546236
5,2025-04-08,6718.5685,5.66960385502774,0.1323970328243685,74.61170526019419,20.48,2.1555888591282732,1.3034435594130245,0.8521452997152487,-1.8936562215894417,-1.9655371147574816,39.53190313202207,TRUE,60.46809686797792
5,2025-04-09,5944.745666666667,8.330380242261068,0.11680599785441997,65.36124768255968,19.61,2.444037336287113,1.4567412616236117,0.9872960746635012,-2.193991277030003,-2.2682868859930867,40.3961126127215,TRUE,59.60388738727849
5,2025-04-10,5824.1485,44.04145381300999,0.0991952618753724,54.989687411350204,19.11,10.715401703895948,4.4839888454227035,6.231412858473244,-13.847584129940545,-14.201892356141842,58.15379610274062,TRUE,41.84620389725938
5,2025-04-11,5777.8845,25.188180273791527,0.08910849927760447,49.09758148734735,19.06,5.457095673818816,2.4250360522499657,3.03205962156885,-6.737910270153001,-6.984954775908428,55.56178236191794,TRUE,44.43821763808205
5,2025-04-12,5492.970666666667,20.631986511621395,0.09109590855545338,50.2531409148002,18.75,4.3218986277495475,2.20134718866685,2.1205514390826976,-4.712336531294884,-4.802376971674365,49.0652748185093,TRUE,50.9347251814907
5,2025-04-13,5233.516666666666,32.10837269605742,0.0781850872792655,42.762555104762455,18.23,5.4670548642536545,2.687632450258444,2.7794224139952104,-6.176494253322691,-6.34064802199641,50.83948273810946,TRUE,49.16051726189054
5,2025-04-14,5126.697166666667,23.473821470657825,0.06625476038830841,35.89670467041722,17.95,3.3083445902583426,1.5421419251298878,1.7662026651284548,-3.9248948113965665,-4.195288751391563,53.386296890873005,TRUE,46.613703109126995
5,2025-04-15,5413.006666666666,42.18359697882205,0.058481259992822845,31.458443255498185,18.09,5.569975254331366,2.0703283561135324,3.4996468982178337,-7.7769931071507425,-8.181230742902175,62.83056456124131,TRUE,37.1694354387587
5,2025-04-16,5483.894363636364,18.2877247185891,0.055607070095259066,29.82902795778992,18.37,2.331064154051211,1.020377832336133,1.310686321715078,-2.912636270477951,-2.986924044808036,56.226951945411095,TRUE,43.773048054588905
5,2025-04-17,4965.844166666667,19.038754652945233,0.04940728351153666,26.32409526180875,18.05,1.9332730842052332,0.678518724206882,1.2547543599983513,-2.788343022218559,-2.841476657753358,64.90311018394898,TRUE,35.09688981605102
5,2025-04-18,5312.851,20.4782192847335,0.044140795705833624,23.370709741449076,18.08,1.9998869688956025,0.6530125614768458,1.3468744074187566,-2.9930542387083485,-3.0298300988213187,67.34752655359023,TRUE,32.65247344640977
5,2025-04-19,5971.919666666667,29.7970418295398,0.03869229996035753,20.33668112505014,18.54,2.899364108658632,1.132911415885093,1.7664526927735391,-3.9254504283856426,-3.954596280303152,60.925521134038405,TRUE,39.074478865961595
5,2025-04-20,6286.717000000001,55.82281823380584,0.03300895526033489,17.19448207421469,18.96,4.904043805514887,2.1208860869947097,2.7831577185201777,-6.1847949300448395,-6.23931569204243,56.752301343441346,TRUE,43.24769865655865
5,2025-04-21,6731.130666666667,18.384540591201564,0.030833666818848554,15.99618720993589,19.34,1.6250913989314373,0.7601906537813686,0.8649007451500687,-1.9220016558890416,-1.960266129542972,53.22166776088875,TRUE,46.77833223911125
5,2025-04-22,6877.591666666667,22.240059381390736,0.028370688408043677,14.650482666526745,19.62,1.8525889493153707,0.9388131649091037,0.9137757844062669,-2.030612854236149,-2.083324925833192,49.32425969311515,TRUE,50.67574030688484
5,2025-04-23,7217.464166666667,18.27090076481519,0.026110267220534333,13.420506750461072,19.83,1.4754580913971813,0.7524085576882245,0.7230495337089569,-1.60677674157546,-1.6656939746308566,49.00508783846696,TRUE,50.99491216153304
5,2025-04-24,7561.6061666666665,19.11602853121649,0.02522371241712177,12.943436822493204,20.02,1.5677753971401918,0.8885240216954412,0.6792513754447506,-1.5094475009883348,-1.6267927975325485,43.32580908488458,TRUE,56.67419091511542
5,2025-04-25,7825.383666666667,7.097903820878705,0.024601362687573704,12.609145260645317,20.05,0.5887950310688382,0.30444422508902763,0.2843508059798106,-0.6318906799551347,-0.7222109437040354,48.29368302643948,TRUE,51.70631697356052
5a,2023-10-06,11348.38,3.5122582312134556,0.47358984475544713,7.98047877696935,22.91,8.345325043437953,3.0150024903005166,5.330322553137436,-11.845161229194304,-12.219981182671711,63.871958556350585,TRUE,36.12804144364941
5a,2023-10-07,12038.73,3.1476935006309783,0.4689868052463376,7.412004763484599,22.91,7.874356865966814,1.5771772026128472,6.297179663353967,-13.99373258523104,-14.697636251551508,79.97071723495984,TRUE,20.029282765040154
5a,2023-10-08,12790.049166666666,3.2574813994868417,0.4637027037690438,6.801629636858596,22.46,8.568368100786785,0.5826810894161865,7.985687011370598,-17.745971136379108,-17.902742982330878,93.1996258498432,TRUE,6.80037415015681
5a,2023-10-12,14335.975,3.6445108870623177,0.5994953048997007,54.61494323366004,21.26,13.896925747048002,13.809524667051623,0.08740107999637854,-0.19422462221417455,-4.404595361907081,0.62892384680794855,TRUE,99.37107615319205
5a,2023-10-24,11537.086363636363,3.3120469570652076,0.47784941766853234,8.544227361266039,19.48,7.9971504675128635,0.9746005051801454,7.022549962332718,-15.605666582961597,-16.011622303384982,87.81315283313347,TRUE,12.186847166866537
5a,2023-10-25,12455.815,3.2754289098406315,0.4748169305429518,8.137815883379771,19.69,8.514030940389889,0.8593857212552116,7.654645219134677,-17.010322709188173,-17.270326290479282,89.90624150567325,TRUE,10.093758494326744
5a,2023-10-26,13895.32,3.2857446802079275,0.4704575468241844,7.595697623258623,19.91,9.481521605291295,1.7338608232658013,7.747660782025494,-17.217023960056654,-17.528733227506088,81.71326401557535,TRUE,18.286735984424652
5a,2023-10-27,14954.61375,3.2804355353813412,0.4693478855139528,7.455173124464448,19.98,10.188664616396407,2.483527310952118,7.705137305444289,-17.122527345431756,-17.42291193246596,75.62460435732245,TRUE,24.37539564267754
5a,2023-10-28,16128.377083333333,3.2790875872794705,0.46862572497872257,7.369258088571803,20.05,10.992583376590156,3.3382127018341006,7.654370674756056,-17.009712610569014,-17.306889275634763,69.63213661910292,TRUE,30.367863380897067
5a,2023-10-29,17104.015416666665,3.2618142345661747,0.46698765352076155,7.175221739999028,20.19,11.57846442629668,4.0014648384681335,7.5769995878285465,-16.837776861841217,-17.121330287128046,65.44045314523643,TRUE,34.559546854763575
5a,2023-10-30,17976.619583333333,3.2760752832016684,0.46574295406166566,7.029550124972502,20.18,12.204379017311142,4.640427735437767,7.563951281873375,-16.80878062638528,-17.101535555424146,61.977354776874655,TRUE,38.022645223125345
5a,2023-10-31,18768.050416666665,3.284560179798233,0.46473603916904793,6.9159522306873304,20.27,12.763606283428834,5.227254441988451,7.536351841440383,-16.747448536534186,-17.03014105888163,59.04563078872883,TRUE,40.954369211271164
5a,2024-03-16,12192.901304347826,3.3061038761609898,0.4952311759168971,11.215978031128063,17.12,8.68610750228753,1.4625635213927088,7.223543980894822,-16.05231995754405,-17.26017571293985,83.162037529382,TRUE,16.837962470618
5a,2024-03-23,13336.41,3.243962502183656,0.5091900106527485,13.856798034046887,16.7,9.598243452376234,6.3691851642955015,3.229058288080733,-7.175685084623852,-8.139434389675673,33.64217946859137,TRUE,66.35782053140863
5a,2024-03-26,11088.25,3.3224490732751266,0.49172018404642853,10.627216478443657,16.98,7.849427254045154,4.079265668866816,3.770161585178338,-8.378136855951864,-8.711511758452883,48.031040522547784,TRUE,51.9689594774522
5a,2024-03-27,11880.367916666666,3.230622745143384,0.49226620786574904,10.713237482830603,17.15,8.213938717332743,2.899247858214066,5.314690859118677,-11.81042413137484,-11.7162147511152,64.70331764107051,TRUE,35.296682358929495
5a,2024-03-28,11850.36,3.677323041543146,0.5104435169476401,14.154898279589679,17.3,9.675233906860102,5.254838881289051,4.420395025571051,-9.82310005682456,-10.538703744334804,45.68773290779901,TRUE,54.31226709220098
5a,2024-03-30,11185.50625,3.362253382174993,0.4926742579242734,10.782239391588291,17.02,8.032727445232908,2.3422715912648853,5.690455853968023,-12.645457453262274,-12.84897710546815,70.84089299388683,TRUE,29.15910700611318
5a,2024-03-31,11521.027916666666,3.2656341098520385,0.48973864599244354,10.305127842689728,16.88,7.992694035167618,1.3082729046676835,6.684421130499935,-14.854269178888746,-15.047575496880588,83.6316403591665,TRUE,16.368359640833507
5a,2024-07-27,11802.9725,1.7232873495914884,0.5089610329220658,14.258693466501008,24.23,4.598208153351019,3.117583787692919,1.4806243656580995,-3.2902763681291103,-4.449440022106097,32.200029147855574,TRUE,67.79997085214443
5a,2024-07-29,12142.083076923076,3.3215272314721145,0.5087286679468463,13.81288695268648,24.17,9.12138638164059,4.617757848996392,4.503628532644198,-10.008063405875998,-10.526888375725118,49.37438613179509,TRUE,50.62561386820491
5a,2024-07-30,14835.030416666666,3.1328026861076648,0.4970659333742909,11.541261190051847,24.16,10.337090402700667,5.107431219583826,5.2296591831168415,-11.62146485137076,-12.227480873879742,50.59121067327167,TRUE,49.40878932672833
5a,2024-07-31,19144.19875,3.13501527056607,0.4858254752873143,9.695328038590795,24.16,13.13326674852617,6.724133670431392,6.4091330780947775,-14.242517951321728,-14.5354138006702,48.80075308615823,TRUE,51.19924691384177
5a,2024-08-01,21122.576250000002,3.235227127448176,0.4709595364645275,7.674423746100898,24.16,14.526693561723832,7.76018836400684,6.766505197716992,-15.036678217148872,-15.300484848766336,46.5798026850787,TRUE,53.4201973149213
5a,2024-08-02,21124.572666666667,0.9458104400734298,0.5492640491341588,60.00896475710217,24.16,4.953424690476469,5.520372692408459,-0.5669480019319894,1.2598844487377543,-2.499432302068309,0,TRUE,100
5a,2024-08-10,14564.959166666667,1.8785434814354385,1.3941196337728645,37870.18889098537,24.31,17.065127104579844,11.366148500148224,5.69897860443162,-12.664396898736934,-12.701317752752573,33.395465322389306,TRUE,66.6045346776107
5a,2024-08-11,12679.1275,1.707909556551911,0.8276040944506128,1308.894562388898,24.57,7.987029816644061,5.623949605710184,2.363080210933877,-5.251289357630839,-5.4229766695678485,29.586470379883732,TRUE,70.41352962011626
5a,2024-08-12,11444.807272727272,4.364398671597186,0.5300739539357866,18.807938340130107,24.74,11.760658367659717,7.60449919674273,4.156159170916987,-9.235909268704416,-9.695620742255151,35.33951111398563,TRUE,64.66048888601436
5a,2024-08-13,11310.9925,3.838973478305321,0.5194881373096079,16.16505204351843,24.77,10.01582652602643,5.815061495917371,4.200765030109059,-9.335033400242354,-9.69258273172268,41.94127183805793,TRUE,58.05872816194207
5a,2024-08-14,12580.880000000001,3.830525198925432,0.5111832911544612,14.279468385815171,24.9,10.984133028015625,6.235762957332822,4.748370070682803,-10.55193349040623,-10.962787021109486,43.229356914850065,TRUE,56.77064308514993
5a,2024-08-16,13323.253,3.118209198966899,0.4970512553146319,11.549373281867762,24.9,9.22519497267398,4.16562461307575,5.05957035959823,-11.243489687996068,-11.77786130705572,54.845131995423635,TRUE,45.154868004576365
5a,2024-08-22,19794.724444444444,2.4338651338362927,0.44508369799956377,4.982354208325998,24.35,9.669793480946899,4.316449471971544,5.353344008975355,-11.896320019945234,-12.224315117908397,55.36151335107043,TRUE,44.63848664892958
5a,2024-08-23,18359.2925,2.4548263978769627,0.44025890688145003,4.5818692036629045,24.29,8.931277146242294,3.5481026318167475,5.383174514425547,-11.962610032056771,-12.292039851169513,60.27328932111842,TRUE,39.72671067888158
5a,2024-08-24,16146.064583333333,2.4487198451744745,0.4383654371854197,4.436644915523984,24.18,7.774214478938272,2.404554332639931,5.369660146298341,-11.932578102885204,-12.251656061236078,69.07013127622996,TRUE,30.929868723770046
5a,2024-08-25,19468.170416666668,2.449861736364519,0.4370502830399599,4.33591825240351,24.16,9.392400770734747,4.016143705111751,5.376257065622997,-11.94723792360666,-12.267443119273771,57.24049896140051,TRUE,42.75950103859949
5a,2024-08-27,16346.157083333334,2.459722948052367,0.4394897765553106,4.525502172782762,24.06,7.926573236091642,2.4802422260678414,5.4463310100238,-12.102957800052891,-12.420928174762311,68.70977972202809,TRUE,31.290220277971915
5a,2024-08-28,15337.48625,2.4810995770014688,0.4397892089723572,4.546327464425053,24.06,7.494112932710072,1.9946521062131755,5.499460826496897,-12.221024058881994,-12.53986033567226,73.38374636033332,TRUE,26.616253639666674
5a,2024-08-29,15405.45125,2.4515491589088234,0.4390054005865586,4.486310926140759,24.06,7.4253406424591955,1.9793869057037918,5.445953736755404,-12.102119415012009,-12.40878024797313,73.34281346790523,TRUE,26.65718653209477
5a,2024-08-30,15468.3225,2.4594262851875253,0.43610501599791074,4.271746509943388,24.06,7.431035088473604,1.991053565731204,5.4399815227424,-12.088847828316446,-12.4072282944456,73.20624190269861,TRUE,26.793758097301396
5a,2024-08-31,16102.632083333334,2.431006576792987,0.4282082199012881,3.738477548428622,24.06,7.516207346103309,2.194387930808653,5.321819415294656,-11.82626536732146,-12.1217854935616,70.80458494873338,TRUE,29.19541505126662
5a,2024-09-01,16693.409166666668,2.4535546048842942,0.4125320521853165,2.819907404779999,24.06,7.5835515784602965,2.309565060396319,5.273986518063977,-11.719970040142172,-12.01237925887628,69.54507348567103,TRUE,30.454926514328985
5a,2024-09-02,16983.18,2.4768631704221855,0.39638912217218375,2.080699801112063,24.06,7.4870214016982395,2.2572654628238027,5.229755938874437,-11.621679864165417,-11.911283575299326,69.850954849524,TRUE,30.14904515047599
5a,2024-09-03,18069.147083333333,2.4651753452428404,0.3777802781363138,1.4430707514730685,24.06,7.567556231776806,2.4441884025316547,5.123367829245152,-11.385261842767004,-11.67107294692144,67.70174772843707,TRUE,32.29825227156293
5a,2024-09-04,18072.020416666666,2.488635480027916,0.36939029923514377,1.2148529150599152,24.06,7.471125646790329,2.2940112785790294,5.177114368211299,-11.50469859602511,-11.84567571838284,69.29497123951383,TRUE,30.705028760486176
5a,2024-09-05,17374.326666666668,2.453459536478804,0.36673063482490603,1.149633050646878,24.06,7.023433201046515,1.9404086959763545,5.083024505070161,-11.295610011267025,-11.58206550945824,72.37236205667583,TRUE,27.62763794332417
5a,2024-09-06,18004.231666666667,2.476001938497636,0.35645012183963753,0.9370117266101733,24.07,7.1454241562920755,2.0297983264127666,5.115625829879309,-11.368057399731798,-11.723088676372386,71.59303237967507,TRUE,28.40696762032494
5a,2024-09-07,16408.76208333333,2.4824639515425395,0.363293033252733,1.0692012618127882,24.11,6.639656409470681,1.4998100518087476,5.139846357661933,-11.421880794804297,-11.710911781939782,77.41133035635028,TRUE,22.588669643649737
5a,2024-09-09,15206.098333333333,4.542401625033271,0.5202895593669976,16.336858594037945,24.13,16.091292555034297,13.579549867130797,2.5117426879034994,-5.581650417563333,-6.039424138029041,15.609328332780075,TRUE,84.39067166721992
5a,2024-09-17,11382.3,4.007910127321629,0.5007824180799876,12.226435534859682,23.85,10.124365401074083,7.824590739223015,2.2997746618510684,-5.1106103596690415,-5.624617311712728,22.71524753153504,TRUE,77.28475246846496
5a,2024-09-21,11607.453333333335,3.114797943828595,0.48075273786911227,8.969643578814878,23.97,7.710936499746052,3.9840698855256043,3.7268666142204476,-8.281925809378773,-8.838917683437916,48.33221767995608,TRUE,51.667782320043926
5a,2024-09-22,12804.430869565218,3.276316155476098,0.472450827325897,7.843798963579618,23.87,8.821598795868333,3.3871284039640104,5.4344703919043225,-12.076600870898496,-12.543571393987296,61.60414362133088,TRUE,38.39585637866913
5a,2024-09-23,15888.081666666667,3.0999757974265916,0.4658956058821209,7.051722125474126,23.68,10.27611731896205,3.9032330481425026,6.372884270819548,-14.161965046265664,-14.612606404370329,62.01646081891218,TRUE,37.98353918108783
5a,2024-09-24,16878.799166666668,3.3150112687141564,0.4589822397826613,6.2937709827995585,23.6,11.517134293569374,3.9366785746873836,7.58045571888199,-16.84545715307109,-17.065791380012872,65.81894007361328,TRUE,34.18105992638672
5a,2024-09-25,18069.317916666667,3.292234116255933,0.4584332803514092,6.23261759800372,23.58,12.250187902618018,4.633265970520633,7.616921932097385,-16.926493182438634,-17.245776175381906,62.17800080004939,TRUE,37.82199919995061
5a,2024-09-26,19205.82625,3.312736466057881,0.4632829112627921,6.7597907390246,23.58,13.259111518970029,5.933775081427033,7.325336437542996,-16.278525416762214,-16.440996898501226,55.247566377751,TRUE,44.752433622248994
5a,2024-09-27,16465.922222222223,4.816192412186229,0.5113476854226434,14.466451312774769,23.67,18.17699436592197,14.66692187937543,3.5100724865465405,-7.800161081214535,-8.744538268831235,19.310521948156545,TRUE,80.68947805184345
5a,2024-09-30,12130.0375,1.894709689011764,0.5079952165964938,13.822513296784242,23.97,5.1878605600774925,3.932201585451219,1.2556589746262734,-2.7903532769472745,-2.4041689375024027,24.203791911622183,TRUE,75.79620808837782
5a,2024-10-04,12303.788125,3.547324708891788,0.4869093935390668,9.87585531848455,24.07,9.450073118305191,3.8411550878991143,5.608918030406077,-12.464262289791282,-13.18882397985064,59.35317071294787,TRUE,40.64682928705212
5a,2024-10-05,13170.85125,3.248010001752178,0.48253465431173254,9.19885038646564,24.05,9.20027385711913,2.992197635476211,6.208076221642919,-13.795724936984266,-14.333559410052352,67.47708077014619,TRUE,32.52291922985382
5a,2024-10-06,12894.649285714286,1.8684988188372784,0.5068268430476254,13.677505738626495,23.97,5.437672378128257,4.36989257125397,1.0677798068742872,-2.372844015276194,-2.6607551618005534,19.636707264107663,TRUE,80.36329273589233
5a,2024-10-08,11347.34,4.204106461356895,0.5315065325585197,19.247979898194956,23.3,11.220647715739162,8.87316750729313,2.347480208446031,-5.216622685435626,-5.6882930748002245,20.92107575174318,TRUE,79.07892424825681
5a,2024-10-27,15333.765,2.437827249823601,0.4455342015229485,5.021656944820833,20.11,7.37803502551906,1.9502638265994277,5.427771198919633,-12.061713775376962,-12.343546660324458,73.56662282228427,TRUE,26.43337717771572
5a,2024-11-22,15364.23,2.527516606314454,0.24806529696975485,0.05866227624375268,17.66,4.231334713232985,1.0636845575562077,3.1676501556767773,-7.039222568170617,-7.312000525498254,74.86172497227261,TRUE,25.13827502772739
5a,2024-11-30,11022.9,2.508625468240485,0.22951426190731175,0.03270500061098931,15.89,2.737119012479991,0.1768565006800551,2.560262511799936,-5.689472248444303,-5.8775863784789735,93.53858930234047,TRUE,6.461410697659532
5a,2024-12-02,12692.04,2.4843929965069456,0.2157961473498703,0.0204170056660406,14.11,2.92695543023069,0.611150425201711,2.315805005028979,-5.146233344508843,-5.308997633622585,79.11992718134616,TRUE,20.880072818653844
5a,2024-12-04,16746.71,2.503232630663019,0.20479053821744,0.01369435955930735,13.13,3.706780545061959,1.5756188792845114,2.1311616657774475,-4.7359148128387725,-4.950203098492888,57.49360232875143,TRUE,42.506397671248564
5a,2025-01-20,19122.201666666668,4.623332577258279,0.5205625712766575,16.383800936579927,13.61,19.979493882873317,17.51599814838673,2.4634957344865906,-5.474434965525758,-5.771658702561419,12.33012081751646,TRUE,87.66987918248356
6,2023-10-12,12163.992666666667,2.029288684496772,0.4630213177093021,214.7352074958813,21.46,5.046356523173177,1.9602808716453275,3.0860756515278496,-6.8579458922841106,-6.97637770835956,61.1545307462206,TRUE,38.84546925377939
6,2023-10-13,14934.650833333333,2.9598834121918003,0.48331520299404246,234.51371124008207,21.76,9.504047817155913,4.543119785524468,4.960928031631445,-11.024284514736545,-11.373204021100555,52.1980542088224,TRUE,47.8019457911776
6,2023-10-14,15249.737916666667,2.9549607320949085,0.469068678288872,215.01726825770467,21.99,9.41442855315493,4.669904258130824,4.744524295024107,-10.543387322275793,-10.901974929306755,50.39630677779309,TRUE,49.60369322220691
6,2023-10-15,14507.005,3.005233831877839,0.45420567507801685,195.78708371517885,21.68,8.79929874647889,4.16549231711247,4.63380642936642,-10.297347620814266,-10.629090292277091,52.66108769429694,TRUE,47.338912305703055
6,2023-10-16,13337.2575,2.990943721957818,0.43880251927170577,177.05382520841806,20.83,7.738798203934039,3.417549513389927,4.321248690544111,-9.602774867875803,-9.937861217089718,55.83875657007561,TRUE,44.16124342992439
6,2023-10-17,12296.156086956522,3.1303916220087085,0.4239101599415323,160.1548422560483,19.88,7.172692976784998,3.021811542254568,4.15088143453043,-9.22418096562318,-9.579438515877172,57.87061356125369,TRUE,42.12938643874631
6,2023-10-18,11742.406666666666,3.2164434786600493,0.40766448351078555,142.95127946065142,19.41,6.746425143345821,2.748625203882531,3.99779993946329,-8.883999865473978,-9.236003180122,59.2580493301171,TRUE,40.7419506698829
6,2023-10-19,11482.970833333333,3.156059378258736,0.3906790328732173,126.30293623999326,19.38,6.197941974624518,2.521258756651415,3.6766832179731033,-8.170407151051341,-8.53005413273322,59.32103322402987,TRUE,40.67896677597013
6,2023-10-20,11423.930416666666,2.6888686560259893,0.3772985136879368,114.0867735864148,19.52,5.074771490012069,2.34723788909153,2.7275336009205393,-6.061185779823421,-7.342536803938686,53.746924492831745,TRUE,46.253075507168255
6,2023-10-21,11520.677083333334,3.2774534197295626,0.3638622178759512,102.70407561798127,19.83,6.023947559117278,2.562556388515932,3.4613911706013463,-7.691980379114104,-8.042713803758202,57.46051300467435,TRUE,42.53948699532566
6,2023-10-22,10981.16875,3.2422657174608904,0.34810678863781996,90.29627382795206,19.58,5.419640144929402,2.1962697477383903,3.2233703971910117,-7.163045327091138,-7.5123721894759825,59.475727372910306,TRUE,40.5242726270897
6,2023-10-23,10894.578333333333,3.340711159917923,0.33526348643606413,80.92480998467501,19.67,5.335654701831714,2.207008298106293,3.1286464037254214,-6.95254756383427,-7.314183948253369,58.63659810390965,TRUE,41.363401896090345
6,2023-10-24,11032.119166666667,3.3871013779493313,0.3227724576661276,72.44816688464081,19.84,5.279533234787266,2.2322786205505327,3.047254614236733,-6.771676920526074,-7.116128525528133,57.71825801110843,TRUE,42.28174198889157
6,2023-10-25,11258.183333333332,3.256967773580283,0.3137219660802959,66.66576656062477,20.02,5.042404086924589,2.1203413674088365,2.9220627195157522,-6.493472710035006,-7.006319309001908,57.949792780251904,TRUE,42.050207219748096
6,2023-10-26,11444.122083333334,3.401280557690788,0.30444836798764496,61.11361535545616,20.19,5.200668227228045,2.267972271959641,2.9326959552684038,-6.517102122818676,-6.846720953795936,56.39075263279254,TRUE,43.60924736720746
6,2023-12-17,8641.99280952381,0.9963558789464524,0.7204862265785132,818.1957401220818,17,2.6582512495009993,0.3956762114153607,3.05392746091636,-6.786505468703023,-6.880752893697901,100,TRUE,14.884831202078287
6,2023-12-18,11810.607083333332,2.15658274181283,0.9652223221113096,1767.3986715761705,16.7,10.666589528400316,3.1835867816949213,7.483002746705394,-16.628894992678656,-17.037402141121383,70.15365808144706,TRUE,29.846341918552934
6,2023-12-19,11802.613333333333,2.0418956453314805,1.0300699896854326,2122.3392539355427,15.84,10.731970863483635,3.621725650071979,7.110245213411656,-15.800544918692571,-16.08948540486794,66.25293064859892,TRUE,33.74706935140107
6,2024-01-01,7600.8159166666665,3.0036881673308056,0.5047862686634467,266.19533924390345,14.71,4.8561788559459265,0.8864039432937854,3.969774912652141,-8.82172202811587,-9.183322203844831,81.74688433873335,TRUE,18.253115661266648
6,2024-01-02,7469.262833333333,2.992260077390444,0.4855638817338244,237.76226458705605,14.59,4.565759725248999,0.8570258866106539,3.7087338386383455,-8.241630752529657,-8.59028427496822,81.229281911809,TRUE,18.770718088191007
6,2024-01-03,7193.666125,3.130639020473634,0.4683817450968236,214.0287770627595,14.31,4.422099908067901,0.7987629629296271,3.623336945138274,-8.051859878085054,-8.417303503818449,81.9370213352185,TRUE,18.062978664781493
6,2024-01-04,7135.764958333333,3.078668461756432,0.4616063527581602,205.17062491176114,14.26,4.248177629905393,0.7559313306554505,3.4922462992499423,-7.760547331666539,-8.100426851900439,82.20575040615039,TRUE,17.794249593849614
6,2024-01-06,7353.050125,3.145704991941736,0.46691393913090873,212.4045928208007,14.37,4.5349402581349265,0.7817692383123993,3.753171019822527,-8.340380044050061,-8.969539776779085,82.76120094614178,TRUE,17.238799053858223
6,2024-01-07,7462.987,2.998789386529483,0.46408107361669326,208.38374205394123,14.55,4.368601829966247,0.8372659739596688,3.531335856006578,-7.847413013347952,-8.167149634133166,80.83446359847957,TRUE,19.16553640152043
6,2024-01-08,7295.580875,3.093089073274072,0.44881295595924525,189.03415723517824,14.4,4.251256263562705,0.7481336354427737,3.503122628119931,-7.784716951377625,-8.129772625291363,82.40205743758644,TRUE,17.59794256241356
6,2024-01-09,7350.506583333333,2.90043246057693,0.48515583167529974,244.59302472705326,14.62,4.3479923370773905,0.7093928668288902,3.6385994702485003,-8.085776600552224,-8.440873157527346,83.68458792395835,TRUE,16.31541207604165
6,2024-01-10,7606.917833333333,2.883738244651101,0.5655798561597124,370.55306256915895,14.59,5.22538683749731,0.7836008371653627,4.441786000331947,-9.870635556293218,-10.223480925047069,85.00396503580839,TRUE,14.996034964191606
6,2024-01-11,7765.588916666667,2.9245586468396105,0.5663812782171015,372.11119131771716,14.31,5.417234561034397,1.0431747826462887,4.3740597783881086,-9.720132840862464,-10.134236307759862,80.74340752845121,TRUE,19.25659247154879
6,2024-01-12,8007.527541666666,2.8724460495469617,0.5742222976870199,387.2614359337541,14.29,5.571581817730288,0.8869546958304717,4.684627121899816,-10.410282493110705,-10.776068704260904,84.08073820242682,TRUE,15.91926179757319
6,2024-01-13,8184.697166666667,2.6960127770547584,0.5745129232682707,387.90460919826586,14.59,5.361437692489913,1.0059909910075548,4.355446701482358,-9.678770447738575,-9.989200899104924,81.23654421244684,TRUE,18.763455787553152
6,2024-01-14,7543.921916666666,2.8235180846035046,0.5539929958647798,348.9323268275855,14.3,4.961037196502585,0.6879700506117805,4.2730671458908045,-9.495704768646233,-9.858009473910936,86.1325359322687,TRUE,13.867464067731307
6,2024-01-15,7389.320958333334,2.6293291714693487,0.514821996776861,284.8708659306088,13.67,4.1879194251257,0.7867009570926609,3.401218468033039,-7.558263262295643,-7.878095132983016,81.21499300170876,TRUE,18.785006998291237
6,2024-01-16,7626.013708333333,2.971524591125823,0.4875483553997411,241.25348802333642,13.55,4.631920936549192,1.176603401673372,3.45531753487582,-7.678483410835156,-8.166517517677052,74.59793857038613,TRUE,25.402061429613873
6,2024-01-17,7043.66875,2.832809021171067,0.48844958826281304,241.92148973639362,12.87,4.053354286245493,1.0581070389092484,2.9952472473362444,-6.656104994080543,-6.995886470380342,73.89552049521576,TRUE,26.104479504784244
6,2024-01-18,6760.972541666667,3.0623901007126677,0.4669873294292049,212.19583561735354,12.01,3.99411449587581,0.9436642043928525,3.0504502914829574,-6.778778425517684,-7.1717557595362615,76.37363161804078,TRUE,23.626368381959225
6,2024-01-19,6969.808458333334,3.0409765816209076,0.4525793460677833,193.67980614272412,12.36,3.9770874320086906,1.0066525285208292,2.9704349034878614,-6.600966452195248,-6.916968271597612,74.68870006681237,TRUE,25.311299933187627
6,2024-01-20,6686.574416666666,3.0165357213688573,0.4368063031580609,174.73835485909368,12.11,3.6385858228488814,0.9321416300184304,2.706444192830451,-6.014320428512114,-6.316725062783756,74.38176051352289,TRUE,25.61823948647712
6,2024-01-21,6166.955208333333,3.0882473693916443,0.41942454490969655,155.21683230489444,11.23,3.266328940153318,0.8631409454406311,2.403187994712687,-5.340417766028193,-5.667219811608932,73.57458598765265,TRUE,26.425414012347336
6,2024-01-22,6092.402,3.11302722568581,0.4054627745619126,140.6592140566425,11.07,3.139203834814694,0.8093253879918159,2.329878446822878,-5.1775076596063965,-5.5298058074010985,74.21876913451241,TRUE,25.781230865487586
6,2024-02-10,7586.738583333334,3.2051963738905043,0.3304373404201353,77.54005096824685,14.01,3.3748331456607374,1.063766872596506,2.3110662730642315,-5.135702829031626,-5.518704733527869,68.47942322824859,TRUE,31.520576771751415
6,2024-02-11,7883.9629583333335,3.160894382678788,0.3204768091354363,70.92920387475279,14.23,3.3651350645348543,1.164013607134026,2.2011214574008284,-4.891381016446286,-5.301489645309196,65.4096021463875,TRUE,34.5903978536125
6,2024-02-12,8240.24125,3.2535562487383984,0.31292641524677006,66.22444664361537,14.64,3.5502058311512954,1.2563638574627758,2.2938419736885196,-5.097426608196711,-5.512836980065536,64.6115206493436,TRUE,35.388479350656404
6,2024-02-13,7945.327958333333,3.1228034740477306,0.312374520203586,65.84807415540934,14.92,3.2772847915214993,1.2232680492380048,2.0540167422834945,-4.564481649518877,-4.930109274984038,62.67434394463793,TRUE,37.325656055362074
6,2024-02-18,7007.117208333333,3.0433311091823754,0.37816451920782657,115.6556186477277,14.23,3.373931901368166,1.00710403581519,2.366827865552976,-5.259617479006614,-5.680566431632217,70.15043381857238,TRUE,29.849566181427615
6,2024-02-19,7332.117583333334,3.0183215042815754,0.4036603088357695,138.81088966190524,13.83,3.7412545374659594,1.1407939802226474,2.600460557243312,-5.778801238318471,-6.165080305485328,69.50771542544298,TRUE,30.492284574557022
6,2024-02-20,7313.0085,3.023703510999719,0.40028435511416466,135.47223689742503,13.46,3.6999768145131275,1.2157362324124765,2.484240582100651,-5.520534626890337,-5.922603432377783,67.14205808955988,TRUE,32.857941910440125
6,2024-02-21,7158.62575,3.006190019459068,0.39189437621299533,127.37355256576184,13.33,3.5186314095495907,1.1154587543924945,2.403172655157096,-5.340383678126881,-5.744092717485053,68.2985051697904,TRUE,31.701494830209597
6,2024-02-22,7015.599708333333,3.076648539491755,0.3830963472533006,119.24990135545798,13.2,3.443427702981655,1.029286686918498,2.414141016063157,-5.364757813473682,-5.776955435134515,70.10865986739778,TRUE,29.891340132602213
6,2024-02-23,7155.0345,3.1511093255647324,0.3719175370168922,109.37968120659052,13.6,3.502765078332018,0.9393210178199927,2.5634440605120252,-5.6965423566933895,-6.086787515993724,73.18344231445609,TRUE,26.816557685543902
6,2024-03-04,9292.575555555555,3.1859641499582287,0.33160458488749156,78.31031149109549,15.65,4.1983194857730455,1.859323992151697,2.3389954936213484,-5.197767763602997,-5.585171671222362,55.71266078123791,TRUE,44.28733921876209
6,2024-03-05,9031.108956521739,3.153910998727577,0.32910457260308473,76.62345630187038,15.87,4.006916209222765,1.6126920374421285,2.3942241717806363,-5.320498159512526,-5.763804423012967,59.752289460653635,TRUE,40.247710539346365
6,2024-03-06,9008.947583333333,2.996005833310446,0.3615518912856008,100.74499305580798,16.09,4.17467673677841,1.6128512073704662,2.5618255294079435,-5.692945620906541,-6.012533429865869,61.36584197857914,TRUE,38.63415802142085
6,2024-03-07,9187.331166666667,2.971741665302128,0.35726296225319754,97.29831456701828,16.34,4.1810898267954775,1.6188105638604666,2.562279262935011,-5.693953917633358,-6.116026951363715,61.28256911664642,TRUE,38.71743088335357
6,2024-03-08,9177.2375,3.017961524454737,0.3541042438145487,94.80177934345589,16.56,4.207529045942925,1.5890235645780946,2.6185054813648305,-5.818901069699624,-6.306716970783469,62.23380641637406,TRUE,37.766193583625935
6,2024-03-09,9582.614608695652,3.0118172108353325,0.3594323794708195,99.32299874158068,16.78,4.463466202561536,1.7071921491522963,2.7562740534092396,-6.125053452020533,-6.528544068033845,61.7518746266622,TRUE,38.24812537333781
6,2024-03-10,9381.652791666667,2.881067725475858,0.40628181029089355,141.4441260947949,17.08,4.726006757817056,1.6201567905911922,3.105849967225864,-6.901888816057476,-7.360076492063864,65.7182718177165,TRUE,34.2817281822835
6,2024-03-11,8768.219375,2.865119364036111,0.40078047353064455,135.97683309001476,17,4.3174119383947795,1.5248166171978315,2.792595321196948,-6.205767380437663,-6.662865766211402,64.68216054072522,TRUE,35.31783945927478
6,2024-03-12,8600.927916666667,2.9509275600720763,0.39082874908174103,126.37483306428595,16.52,4.241161670758812,1.4529528679590271,2.788208802799785,-6.1960195617773,-6.659994001663437,65.74162975260808,TRUE,34.25837024739192
6,2024-03-13,8700.858375,3.0043036861726895,0.38164028373511305,117.91237339590732,16.59,4.269096529738977,1.4808164514684519,2.7882800782705255,-6.196177951712279,-6.670891663587513,65.31311856846224,TRUE,34.68688143153775
6,2024-03-14,8615.703666666666,3.016351266015336,0.37009452200722626,107.87753779536297,16.53,4.112784722273902,1.4657355632676974,2.647049159006204,-5.882331464458232,-6.322761406007498,64.36148103425863,TRUE,35.638518965741355
6,2024-03-15,8864.599458333334,3.051235170593896,0.3553841706168262,95.84367649653092,16.74,4.119852688166033,1.4899790807295816,2.6298736074364517,-5.844163572081005,-6.300576577606201,63.83416608536916,TRUE,36.16583391463084
6,2024-03-16,8682.627666666667,3.1465634446675677,0.3445781830957604,87.61544170273363,16.94,4.033832707128252,1.3182320931393536,2.7156006139888986,-6.034668031086442,-6.476994308041677,67.32060576508579,TRUE,32.679394234914206
6,2024-03-17,7770.386666666667,3.08044550324801,0.334394545304242,80.28309026368473,17.17,3.4122540992086616,0.8239387545407499,2.5883153446679117,-5.751811877039804,-6.1880536617192465,75.85353462592863,TRUE,24.146465374071354
6,2024-03-18,9426.043238095239,3.1839643674789073,0.32705257986273567,75.23903372560845,17.42,4.230817146969481,1.5656053912517893,2.6652117557176918,-5.92269279048376,-6.262182333175754,62.995200764627064,TRUE,37.00479923537293
6,2024-03-19,8898.529125000001,3.0732766422198505,0.3156330494479177,67.86646186981392,17.27,3.7080819823971023,1.55191379942528,2.1561681829718222,-4.791484851048494,-5.225644032059787,58.147802373505236,TRUE,41.852197626494764
6,2024-03-20,8373.502375,3.1651713936426,0.30460689103196414,61.1859316038459,16.59,3.4478918107865697,1.484850343128393,1.9630414676581767,-4.362314372573726,-4.7860027477507066,56.934543639591375,TRUE,43.06545636040863
6,2024-03-23,8480.207583333333,3.2917133556718623,0.3364201175372049,81.85270277226971,16.9,4.018403509975293,1.342179324930652,2.6762241850446413,-5.947164855654759,-6.420113595210146,66.59918991214239,TRUE,33.40081008785761
6,2024-03-24,7643.125791666666,3.1339427037012957,0.3397637795275596,84.08394504882365,16.94,3.4630088991812444,0.9304605646294393,2.532548334551805,-5.627885187892901,-6.046902111286752,73.13144171100954,TRUE,26.868558288990453
6,2024-03-26,7275.902375,3.1706425545114194,0.3129528357541563,66.21061450197294,17.03,3.0640813787036,0.46142349869232513,2.6026578800112747,-5.783684177802833,-6.235920999072722,84.94088629958152,TRUE,15.059113700418475
6,2024-03-27,7520.673083333333,3.3021297361239967,0.3103929821496007,64.63152468640114,17.19,3.2801524839778655,0.4378678938185856,2.84228459015928,-6.316187978131734,-6.771668493756585,86.65098967327336,TRUE,13.349010326726638
6,2024-03-28,8120.3385,3.2134526289684584,0.3333700167400338,79.68695801102126,17.34,3.720157304970778,0.8206112200550435,2.8995460849157344,-6.443435744257188,-6.9250107856120104,77.94149137299748,TRUE,22.058508627002517
6,2024-03-29,8535.272,3.13693919230655,0.325851914582617,74.45415233959004,17.2,3.738955708665708,1.0549588921325457,2.6839968165331625,-5.964437370073695,-6.42703561975259,71.78466464078494,TRUE,28.215335359215064
6,2024-03-30,7772.969833333334,3.1875188001092374,0.31440889927234417,67.09791735678652,16.96,3.318237369827693,0.736861610199437,2.581375759628256,-5.73639057695168,-6.173145432155613,77.79358351817669,TRUE,22.206416481823307
6,2024-08-23,6097.6062,1.1698283217998904,0.4131287863974326,149.03919051729446,24.6,1.2646167088697735,0.26191324835133645,1.52652995722111,-3.3922887938246893,-3.6378350113617257,100,TRUE,20.710879946020665
6,2024-08-24,8303.827,3.034381915119571,0.38942846219025723,125.2150250984345,24.48,4.29283137661472,0.5217011684183532,4.814532545033074,-10.69896121118461,-11.074522271076232,100,TRUE,12.152845584858753
6,2024-08-25,10390.9075,3.095078931936161,0.36950446400892817,107.39119830330533,24.45,5.2544575002750555,0.4724440942489423,4.782013406026113,-10.62669645783581,-11.009778177885986,91.0086989146984,TRUE,8.991301085301599
6,2024-08-26,11319.8505,2.6116190210252337,0.3819720078834095,121.91206528800755,24.45,5.010385078329687,0.8941292642983614,4.116255814031326,-9.147235142291835,-9.804546480464158,82.15448013835221,TRUE,17.845519861647787
6,2024-08-27,11464.6775,2.8117009698902296,0.4943971380367002,252.03803313546368,24.45,7.074705505297395,1.5668309265831883,5.5078745787142065,-12.239721286031571,-13.26414780651367,77.85305797661857,TRUE,22.14694202338143
6,2024-08-28,11536.6795,2.7765294753781795,0.5173125247765649,285.9653419604472,24.46,7.357853936068302,1.5893326339318348,5.768521302136468,-12.81893622696993,-13.2211962157198,78.3995082296904,TRUE,21.6004917703096
6,2024-08-29,11351.978500000001,2.787676770200808,0.5014983832997972,261.203042593914,24.54,7.043854274752858,1.3725057404876324,5.671348534265226,-12.602996742811614,-12.980603642658815,80.51484759690335,TRUE,19.485152403096645
6,2024-08-30,10842.5545,2.8462836251636356,0.4870404945355345,239.9343244865802,24.54,6.659063815025375,0.9588068425972907,5.700256972428084,-12.667237716506856,-13.041671223881677,85.60147688577696,TRUE,14.398523114223032
6,2024-08-31,12215.412,2.878259444942616,0.46651469590818,211.7174057071064,24.54,7.2998483829874985,1.7433979667718198,5.556450416215679,-12.347667591590398,-12.735895242593276,76.11734004181707,TRUE,23.882659958182938
6,2024-09-01,12505.213,2.913143281011017,0.44801740512572,188.17098205472257,24.54,7.269729721000562,1.8556847489692325,5.41404497203133,-12.031211048958513,-12.429071117675957,74.47381374291551,TRUE,25.526186257084493
6,2024-09-02,12435.403,2.9300470689324887,0.43045363893758093,167.48022973159297,24.62,6.9859594724144385,1.668262125312868,5.3176973471015705,-11.817105215781268,-12.175505001308371,76.1197852363679,TRUE,23.8802147636321
6,2024-09-03,12376.278,2.9474402005617963,0.41228220107955355,147.70629829862114,24.64,6.697950356407623,1.5540160091693522,5.143934347238271,-11.430965216085047,-11.863100764944258,76.79863351506188,TRUE,23.20136648493813
6,2024-09-04,13411.4075,3.0384382703796984,0.4026944925101971,138.09638175503588,24.64,7.328151404577572,2.2806397799531952,5.047511624624377,-11.216692499165283,-11.537295258709852,68.87837526762097,TRUE,31.121624732379033
6,2024-09-05,14423.1605,2.9841140648325855,0.4252399921466508,161.81324082876057,24.63,8.191860850148725,3.2193598504065655,4.972500999742159,-11.050002221649244,-11.416274761224882,60.70050615730225,TRUE,39.29949384269774
6,2024-09-06,15056.9595,3.0588276570432966,0.40624364733577994,141.74344187861158,24.63,8.384981860494518,3.477984461946723,4.906997398547795,-10.904438663439546,-11.264264280024694,58.521264329347005,TRUE,41.478735670652995
6,2024-09-07,14788.4255,3.002858969599529,0.4313754210841754,168.5757389637963,24.59,8.579621783438673,3.6120546037952366,4.967567179643437,-11.039038176985416,-11.394576184396824,57.899605658985806,TRUE,42.100394341014194
6,2024-09-08,13219.5125,3.0180807497582185,0.44373728292911147,182.9064683773433,24.54,7.900624824159827,2.8001815344817933,5.100443289678034,-11.334318421506744,-11.683066310423987,64.55746732943275,TRUE,35.442532670567246
6,2024-09-09,10562.8195,3.010551528136809,0.4458685371916201,185.45028056354826,24.5,6.274295863517922,1.1023297130116525,5.171966150506269,-11.493258112236154,-11.88047939482339,82.43102115376513,TRUE,17.56897884623486
6,2024-09-10,9771.0885,2.9877425889328286,0.4396244906126177,178.03414099418495,24.45,5.659567261440411,0.37278841051487177,5.286778850925539,-11.7483974465012,-12.14285352898104,93.41312872002172,TRUE,6.586871279978282
6,2024-09-11,9646.68,2.873796775644584,0.4588586199899674,204.87916113458056,24.37,5.60524642914693,0.5353656746729127,5.069880754474017,-11.266401676608927,-12.683625834781369,90.44884678238151,TRUE,9.551153217618495
6,2024-09-13,8001.6075,2.4795042595327472,0.6451116804331511,544.017609720407,24.23,5.584875563068414,0.8894355699765244,6.474311133044939,-14.387358073433198,-14.910186135316437,100,TRUE,15.925790287220924
6,2024-09-14,10519.511,2.4584196354262065,0.6824817945090428,640.3468236997211,24.15,7.802741544144353,0.8744722538090697,6.928269290335283,-15.396153978522854,-15.90743979056632,88.79275638105268,TRUE,11.207243618947322
6,2024-09-15,11472.082,2.404717220992998,0.6817713764215396,638.477505119793,24.16,8.343806950137331,1.551683263095927,6.792123687041404,-15.093608193425345,-15.458264129437511,81.40317396640646,TRUE,18.596826033593544
6,2024-09-16,11703.48,2.447887208099257,0.6559790899884824,570.9145505945036,24.11,8.342429601485497,1.5332433458204342,6.809186255665063,-15.13152501258903,-15.538724094270613,81.62114133336628,TRUE,18.37885866663372
6,2024-09-17,13651.07,2.5156108816753315,0.623866431066196,493.4761298863309,23.99,9.558435316895062,2.8033846176240846,6.755050699270978,-15.01122377615773,-15.39932462895046,70.67109286528364,TRUE,29.328907134716367
6,2024-09-18,11795.457,2.541378488072384,0.5886156029887821,416.4529380660793,23.97,7.832411574327573,1.4539490923515777,6.378462481975995,-14.174361071057769,-14.615103834170435,81.43676339587144,TRUE,18.563236604128555
6,2024-09-19,10881.995,2.622384867392636,0.5830819744972826,405.003804778288,23.95,7.362729994614552,1.0633929422219062,6.299337052392646,-13.998526783094771,-14.319276581060455,85.5570835410273,TRUE,14.442916458972716
6,2024-09-20,11185.0275,2.615573234809708,0.5572515251091111,355.27910640749195,23.97,7.2219502297107665,0.9065162043832018,6.315434025327565,-14.034297834061256,-14.37104323516723,87.44776444659178,TRUE,12.552235553408225
6,2024-09-21,11479.491,2.6887943757618964,0.527598908985697,302.95083761119383,23.97,7.221376116912771,1.2377683252158542,5.983607791696917,-13.296906203770927,-13.642546950823908,82.859661300331,TRUE,17.140338699668998
6,2024-09-22,11282.7025,2.395475845536282,0.49886513939694543,257.4225654829006,23.86,5.9733989411051684,1.2469416617912765,4.726457279313892,-10.503238398475316,-10.719910178272192,79.12508985109618,TRUE,20.874910148903826
6,2024-09-23,10057.506,2.913866606236145,0.4737803354394589,221.47281271226603,23.71,6.120041004983654,8.564999946569818,-2.444958941586164,5.433242092413698,3.6611934086386584,0,TRUE,100
6,2024-09-24,10315.9585,3.6690158658519345,0.45487499459847464,196.6898056936303,23.71,7.597047572867645,11.014187132837955,-3.4171395599703103,7.59364346660069,7.138370290522155,0,TRUE,100
6,2024-09-25,11167.791,3.638677706052448,0.44049343174443956,179.01560224670985,23.77,7.925321741529903,11.477497068676396,-3.552175327146494,7.893722949214432,7.479910420732227,0,TRUE,100
6,2024-09-26,11055.808,1.221171365044293,0.44595073432571114,185.7589441397983,23.78,2.6647604316383564,3.5897674062206355,-0.9250069745822791,2.055571054627287,-1.329322664347922,0,TRUE,100
6,2024-09-27,12233.646,2.8203543684283954,0.5000540622293368,259.39817330352986,23.89,7.667444885734722,2.0167480276831204,5.650696858051601,-12.55710412900356,-12.77380965791295,73.69726085106554,TRUE,26.30273914893447
6,2024-09-28,15413.817,2.8204584280501592,0.4956770648389782,252.37249735256316,23.97,9.648830793142263,3.581717485755978,6.067113307386285,-13.482474016413969,-13.888382397781228,62.87925902585398,TRUE,37.12074097414602
6,2024-09-30,15469.8695,1.4918907141567574,0.48583982925541597,238.33471375338178,23.97,5.021194372618581,4.381845504400806,0.6393488682177755,-1.4207752627061678,-6.622049595961901,12.733003759110632,TRUE,87.26699624088937
6,2024-10-01,12383.0335,2.4203685217018345,0.49698341214864244,254.58925612731363,23.97,6.623598318004168,1.4640660435905826,5.159532274413586,-11.465627276474637,-11.574034718944633,77.89621330733507,TRUE,22.10378669266492
6,2024-10-02,12890.114,1.509584158950704,0.4751718154951462,223.36585410075233,24.05,4.118059351219164,6.361242585332249,-2.243183234113085,4.984851631362412,3.724212514191158,0,TRUE,100
6,2024-10-03,11962.1615,3.741236988838456,0.45364497319903735,195.04949693114986,24.05,9.01834911060027,12.578903434321333,-3.5605543237210644,7.912342941602366,7.46187656807176,0,TRUE,100
6,2024-10-04,11398.123636363636,1.2375037324208875,0.42756115791951943,164.89192616146215,24.07,2.674225466546815,2.0014454074108645,0.6727800591359502,-1.4950667980798895,-1.683496956059301,25.157940777697423,TRUE,74.84205922230258
6,2024-10-05,12520.953,2.9703009032713403,0.42388080382221394,160.05246209978927,24.06,7.014327509565831,1.567958237382907,5.446369272182924,-12.103042827073166,-12.529512856907814,77.64634977131314,TRUE,22.353650228686853
6,2024-10-06,11018.496,2.1854611765825682,0.4974531100577354,260.4847754526997,24.03,5.304212381495433,1.075674673200556,4.228537708294877,-9.396750462877506,-9.615715549169291,79.72036947552829,TRUE,20.279630524471717
6,2024-10-07,10998.3595,2.767281603433094,0.5388951436993786,321.9078703397822,23.89,7.259612364561729,1.2241365314740458,6.035475833087683,-13.412168517972631,-13.829093884217617,83.13771493572098,TRUE,16.862285064279025
6,2024-10-08,13005.0235,2.7946170850659366,0.5286850854004738,304.6190980668852,23.5,8.549040725589759,2.393244898794035,6.155795826795724,-13.679546281768276,-14.072710163306636,72.00569074808172,TRUE,27.994309251918274
6,2024-10-09,13484.771,2.6889393964017483,0.561179373873899,368.31811325122663,23.41,9.062245442844471,3.486912723103698,5.575332719740773,-12.38962826609061,-13.61941311907454,61.522640883039024,TRUE,38.47735911696098
6,2024-10-10,13464.7065,2.422649854776211,0.6986628874772894,687.1226914837016,23,10.139177511754797,2.9006917004168464,7.23848581133795,-16.085524025195447,-16.54088533528393,71.39125242600846,TRUE,28.60874757399154
6,2024-10-11,15883.5745,2.3459039099476,0.7231429553768189,757.7555914676418,22.41,12.028361888244508,4.721185053156778,7.30717683508773,-16.2381707446394,-16.636929154080242,60.74955927480981,TRUE,39.25044072519019
6,2024-10-12,14490.2875,2.373868666215497,0.7058169737551588,706.5212070589486,22.01,10.798029931099721,3.5248589283894995,7.273171002710222,-16.16260222824494,-16.583605197934276,67.35646269846455,TRUE,32.643537301535446
6,2024-10-13,13392.842,2.3837343160282805,0.6712442720339975,610.6097415386394,21.99,9.50686933653412,2.5820091958582987,6.924860140675821,-15.388578090390714,-15.756671756744144,72.84059447481992,TRUE,27.15940552518008
6,2024-10-14,12622.937,2.450601733137822,0.6335744997247562,516.1373419905583,21.83,8.673699900683662,2.0875967137117186,6.586103186971943,-14.635784859937653,-15.016915050007317,75.93187754227958,TRUE,24.068122457720424
6,2024-10-15,12196.3745,2.5656881516926044,0.5958166590575606,431.7102396552052,21.93,8.24354975877466,1.9946516654978552,6.2488980932768055,-13.88644020728179,-14.288608958058576,75.80348607255395,TRUE,24.19651392744604
6,2024-10-16,10833.243,2.5730700771950494,0.560260527339237,360.7419031306809,21.38,6.863355588357612,1.2255651024380176,5.637790485919594,-12.528423302043544,-12.907038054228815,82.14335412670505,TRUE,17.856645873294948
6,2024-10-17,9063.357,2.7360327069941204,0.5283797817595637,304.209317995021,19.91,5.687201092089977,0.25364712843679893,5.4335539636531784,-12.074564363673732,-12.418142284291214,95.5400358747718,TRUE,4.459964125228192
6,2024-10-18,8984.8415,2.864333411228179,0.49836021414467113,256.57851814561457,19.42,5.5556172901196526,0.3075886031190551,5.248028687000597,-11.66228597111244,-12.024560937179777,94.46346666704196,TRUE,5.536533332958046
6,2024-10-19,10339.1275,2.9508340959128203,0.4725855413832042,219.77995745445784,19.75,6.292658755096391,1.2061194388107745,5.0865393162856165,-11.303420702856927,-11.66663727377514,80.83291203684063,TRUE,19.167087963159368
6,2024-10-20,10499.9885,2.960394493666961,0.45015159500016017,190.76221981978088,19.89,6.113688370787955,1.246940617501454,4.866747753286501,-10.814995007303336,-11.18998955478504,79.60411879251961,TRUE,20.395881207480382
6,2024-10-21,9218.9605,3.059270288411435,0.4311258940699704,168.22197918755666,19.9,5.281894401906614,0.4488853050071038,4.83300909689951,-10.740020215332246,-11.114275412929226,91.50143356055985,TRUE,8.498566439440154
6,2024-10-22,10854.7855,3.0815218492886953,0.41521487739945234,150.74451894873752,20.33,6.085093626821944,1.3017128112729797,4.7833808155489645,-10.629735145664366,-10.982477034666196,78.6081711950121,TRUE,21.3918288049879
6,2024-10-23,11799.91,3.0209148463462037,0.40146153549882885,136.67246954078703,20.57,6.2950047719582525,1.8305740295484352,4.464430742409817,-9.920957205355151,-10.30929823412619,70.92021220217471,TRUE,29.079787797825283
6,2024-10-24,12163.334,3.1257450841754086,0.38674237727263383,122.62342619631289,20.48,6.473271052862057,2.0542885549048195,4.418982497957238,-9.81996110657164,-10.18708832577117,68.2650620045248,TRUE,31.734937995475217
6,2024-10-25,11623.775454545455,3.026883482918765,0.3700213575252328,107.88813211689961,20.48,5.721901655660885,1.691756136267231,4.0301455193936535,-8.955878931985898,-9.261204337673137,70.4336733122018,TRUE,29.5663266877982
6,2024-10-26,12141.763500000001,3.1972782890833584,0.3512684426884008,92.66644025388564,20.5,6.003385370900176,2.177451009255217,3.825934361644959,-8.50207635921102,-8.836503422437055,63.729614630274526,TRUE,36.27038536972548
6,2024-10-27,11939.2605,3.2479051730966457,0.3367606485212974,81.98722882637966,20.49,5.745373797354387,2.10898065742606,3.6363931399283267,-8.080873644285171,-8.4447429324724,63.292542281631924,TRUE,36.707457718368076
6,2024-10-28,11886.1145,3.388061958168962,0.3249917802865913,73.8729797768126,20.62,5.759459396887748,2.0795319488431336,3.6799274480446145,-8.177616551210255,-8.56820075903366,63.893626023878994,TRUE,36.106373976121006
6,2024-10-29,11261.286,3.321453026456319,0.3233830649479482,72.84852497596961,20.59,5.311580616733887,1.7353036820887007,3.5762769346451866,-7.947282076989304,-8.361662773529932,67.32980618571979,TRUE,32.6701938142802
6,2024-10-30,10324.7615,3.3534559307015215,0.32541744401670636,74.18731624603521,20.73,4.932330990801841,1.2884651116941233,3.6438658791077176,-8.097479731350484,-8.460397378534037,73.87715637703666,TRUE,26.122843622963345
6,2024-10-31,11045.827,3.3449162569592104,0.3135399581405224,66.57614149785968,20.7,5.084897341271516,1.5482844430968883,3.5366128981746274,-7.859139773721395,-8.216230011163638,69.55131364147209,TRUE,30.448686358527905
6,2025-01-27,6531.324200000001,3.2586786483045587,0.3912959630115067,126.96996743157231,11.81,3.42894020242193,0.17202005246484475,3.2569201499570855,-7.237600333237968,-7.646273868493601,94.98328806249395,TRUE,5.01671193750604
6,2025-01-28,8702.4345,3.2871870663451044,0.377398324493619,114.11883496796119,12.52,4.537002478620391,1.294970445094847,3.2420320335255437,-7.204515630056765,-7.666119222654595,71.45757686496525,TRUE,28.54242313503476
6,2025-01-29,10991.35,3.2598268527213055,0.3721905489265526,109.61048599184431,12.63,5.666645522848418,2.5180662531161264,3.1485792697322914,-6.996842821627315,-7.448692685094726,55.563370905007915,TRUE,44.436629094992085
6,2025-01-30,11314.7095,3.1995081150579336,0.36619896497368803,104.54956532803503,12.92,5.647399807486945,2.7776637911460815,2.8697360163408634,-6.377191147424141,-8.378908698840215,50.81517360496346,TRUE,49.18482639503653
6,2025-01-31,11297.704,3.301381480092509,0.35991088421570777,99.40961652986438,13.34,5.729466565195474,2.553253624459496,3.176212940735978,-7.058250979413286,-7.533263589013511,55.436451275069345,TRUE,44.563548724930655
6,2025-02-01,11133.157000000001,3.393419292715101,0.3526070817293151,93.65608296830393,13.91,5.697371533266167,2.4688489338735304,3.2285225993926363,-7.1744946653169706,-7.640624707296881,56.666878411241704,TRUE,43.33312158875829
6,2025-02-02,10898.9975,3.414597823109609,0.3439059279633712,87.08562685610862,13.9,5.468972861358398,2.3399400880144188,3.129032773343979,-6.953406162986621,-7.430410748967236,57.214267700110355,TRUE,42.785732299889645
6,2025-02-03,10956.3615,3.3846521202341564,0.3362821437764088,81.59639735610476,14.25,5.338364605962568,2.2126746694254695,3.125689936537098,-6.945977636749108,-7.52817399642937,58.551451001415835,TRUE,41.448548998584165
6,2025-02-04,11325.452,3.3426855492497114,0.3295537212286546,76.91248880635449,14.56,5.355182951716109,2.3991238209363206,2.956059130779788,-6.569020290621752,-7.191073870079387,55.19996529404279,TRUE,44.800034705957216
6,2025-02-05,11884.6845,3.331036352368492,0.3230219846803333,72.57131309422846,14.69,5.5022279522617215,2.6930387373895166,2.809189214872205,-6.242642699716011,-6.745431163088579,51.05548587309023,TRUE,48.94451412690977
6,2025-02-06,11890.1125,3.4500397149100483,0.31538352243371176,67.69103139271196,15,5.574323255294474,2.675216270051189,2.8991069852432854,-6.442459967207301,-6.882551013922864,52.00823225473555,TRUE,47.991767745264454
6,2025-02-07,12265.302,3.462958618821431,0.310736448745625,64.8146007591158,15.29,5.700335092020911,2.946597507532556,2.7537375844883547,-6.119416854418566,-6.676967386800883,48.308345738181615,TRUE,51.691654261818385
6,2025-02-08,12745.603000000001,3.4848806355332385,0.3051176875081023,61.47394334602762,15.49,5.866201755095752,3.168219053238773,2.6979827018569793,-5.995517115237733,-6.5445263569931456,45.99198620322496,TRUE,54.00801379677504
6,2025-02-14,14238.442,3.4286916954107625,0.3285379995002416,76.26024202220573,16.55,6.998531095026563,4.085858643733799,2.912672451292765,-6.472605447317257,-7.133782631174618,41.6183397879396,TRUE,58.38166021206041
6,2025-02-15,13970.360999999999,3.5549608117650817,0.3172447003984922,68.87249785117403,16.61,6.872564087842516,3.941685135213454,2.930878952629062,-6.513064339175695,-7.060971953852479,42.64607670685461,TRUE,57.35392329314539
6,2025-02-16,11743.8545,3.407279220412768,0.3187624117672481,69.96849758985746,16.76,5.534255471933017,2.7082871807011455,2.8259682912318715,-6.279929536070826,-6.834049876093765,51.0632063439025,TRUE,48.93679365609751
6,2025-02-17,7658.079466666667,3.415075384864622,0.32345645524624456,72.86311237777211,16.45,3.5928432952138576,0.9328913351249204,2.659951960088937,-5.911004355753194,-6.554196282669782,74.03473353909827,TRUE,25.965266460901734
6,2025-02-18,7854.4986,3.6356980423770873,0.31220719032347155,65.72227966807758,15.97,3.7845787620448728,1.099602212229847,2.6849765498150258,-5.966614555144503,-6.652677520284676,70.9451888474977,TRUE,29.054811152502296
6,2025-02-19,7162.422525,2.7662318048901477,0.34927222657475654,92.8781801546913,15.92,2.920789199577091,0.6595862938000332,2.2612029057770577,-5.02489534617124,-5.392606366002283,77.41753174465529,TRUE,22.5824682553447
6,2025-02-20,10040.0805,3.3297218960056756,0.35482346873784654,95.46268366648084,15.69,5.091493555349822,2.4191544838737036,2.6723390714761184,-5.93853126994693,-6.614568342733778,52.48634889595789,TRUE,47.51365110404211
6,2025-02-21,9038.13075,3.4572496200483314,0.3362381095974314,81.56087383741976,14.92,4.47274239825126,2.0630745439803517,2.409667854270908,-5.354817453935352,-6.024789731739825,53.87450561009356,TRUE,46.12549438990644
6,2025-02-22,8503.323,3.4263552300983227,0.3264272945212562,74.8134149141086,14.6,4.030580627425232,1.7428911921695667,2.2876894352556656,-5.083754300568146,-5.753915758514388,56.758309700829884,TRUE,43.241690299170116
6,2025-02-23,6825.719999999999,3.508299758874042,0.31917046182577297,70.08074084568901,14.71,3.1991249307258767,0.9386628217117923,2.2604621090140844,-5.023249131142411,-5.689944813397082,70.65876319188288,TRUE,29.34123680811712
6,2025-03-10,7640.639,3.135012393471119,0.41970342804322003,157.36535244153768,15.93,4.260061776418087,0.7672514469269247,3.492810329491162,-7.761800732202583,-8.200301168099795,81.98966383130623,TRUE,18.01033616869376
6,2025-03-11,8839.071600000001,3.391361870726871,0.4176514353028705,153.33397453085414,15.83,5.344957609447818,1.8999926569822119,3.4449649524656065,-7.655477672145793,-8.602667658101975,64.45261504742788,TRUE,35.547384952572116
6,2025-03-12,11714.540500000001,3.3663710192941965,0.39895745852097797,134.28747798040095,15.8,6.798609266215926,3.5823081566241344,3.2163011095917913,-7.14733579909287,-8.077167187108689,47.30822119127269,TRUE,52.69177880872731
6,2025-03-13,12780.8335,3.406166087203126,0.38049245946976773,116.93076366210079,15.93,7.184030234838463,4.051185652993947,3.1328445818445165,-6.961876848543371,-7.876792471882033,43.60845485660682,TRUE,56.39154514339318
6,2025-03-14,13199.3705,3.387552166635176,0.3702941436185905,108.00824643338852,16.11,7.1941816286151905,4.123845163571191,3.070336465044,-6.82296992232,-7.784580473089353,42.678050451653796,TRUE,57.321949548346204
6,2025-03-15,12932.916,3.351226561818452,0.36023086591627757,99.69214867971384,16.39,6.787119553417691,3.7361684798570995,3.0509510735605914,-6.779891274579093,-7.66896480571194,44.95207502311151,TRUE,55.04792497688849
6,2025-03-16,14186.82,3.255181728665491,0.3626938443270826,101.84606345467566,16.65,7.310707600795803,4.153775748787392,3.1569318520084115,-7.015404115574249,-7.6700948808626865,43.18230223931764,TRUE,56.81769776068235
6,2025-03-31,11403.719000000001,3.453471030094554,0.32163637584850985,71.74741063557286,17.04,5.495975041038427,2.644859464642914,2.851115576395513,-6.3358123919900295,-7.000893341138527,51.87642875206388,TRUE,48.12357124793613
6,2025-04-01,11126.1425,3.497294030099468,0.3057106811183322,61.848209084287674,17.26,5.1608921277127395,2.420926580057912,2.7399655476548275,-6.08881232812184,-6.764918415022395,53.090928464516374,TRUE,46.909071535483626
7,2023-10-06,20672.2621875,3.549374351663067,0.1913708744084156,15.976389534769067,23.5,6.325156975524681,3.2119177273307127,3.1132392481939686,-6.918309440431042,-6.993052139692398,49.21995233068062,TRUE,50.78004766931937
7,2023-10-07,20383.895125,3.195430959364034,0.18345059341633832,14.061841648795719,23.51,5.38113496318404,2.6235589807583146,2.7575759824257258,-6.127946627612724,-6.204785953878684,51.245248470669395,TRUE,48.754751529330605
7,2023-10-09,16502.6488,3.991541904326491,0.16122213986852213,9.510793478873564,20.28,4.716608270137863,1.8317928950942637,2.8848153750435994,-6.410700833430221,-6.4848118583904855,61.16292067984858,TRUE,38.837079320151425
7,2023-10-10,11553.6994375,4.980318940273733,0.15223916735712265,7.996612235774573,19.61,3.838555735131443,0.4903648240684504,3.348190911062993,-7.440424246806652,-7.522809926237956,87.2252779976462,TRUE,12.774722002353807
7,2023-10-12,15382.960186956521,1.9024749459825816,0.3687699034488977,137.69562318353562,21.27,4.798316646851732,1.5880926020020416,3.2102240448496904,-7.133831210777091,-7.435869896769479,66.90313043337773,TRUE,33.09686956662228
7,2023-10-13,20936.398999999998,1.6909263444347886,0.4279107414275435,182.87406442598885,22.09,6.801193996775014,3.9811503753008775,2.8200436214741367,-6.26676360327586,-6.3667296824158885,41.46394916556333,TRUE,58.53605083443667
7,2023-10-14,21875.5164375,1.5292329384957422,0.38521226587907703,133.11474237673664,22.52,5.797164510253132,3.564765283877549,2.2323992263755827,-4.9608871697235175,-5.078295564324157,38.50846775914775,TRUE,61.49153224085225
7,2023-10-15,21634.67625,1.621089452591806,0.34814722962779254,97.99466079605345,22.06,5.485026153600116,3.3525926654704388,2.1324334881296774,-4.738741084732617,-4.848958060700844,38.87736226617711,TRUE,61.122637733822884
7,2023-10-16,20196.589875,1.7312029243791378,0.3125441281185593,70.6592731424692,20.72,4.8833307698585875,2.8433511868388783,2.039979583019709,-4.533287962266021,-4.663050656289191,41.77434786132219,TRUE,58.225652138677816
7,2023-10-17,18647.5141875,1.9323907104805305,0.28305003503946397,52.29594730980806,19.32,4.529380950366793,2.5168258750435464,2.0125550753232466,-4.472344611829437,-4.60695842717731,44.433336417866734,TRUE,55.566663582133266
7,2023-10-19,17980.6158125,3.9783547329454305,0.24014900226770144,31.769954560380675,18.96,7.612692912591213,3.9897779642875797,3.6229149483036336,-8.050922107341409,-8.174616762389052,47.59045176131325,TRUE,52.40954823868676
7,2023-10-20,18282.902,3.926758902704717,0.22440825108922943,25.887726184761927,19.51,7.155745211435501,3.7312435435782554,3.4245016678572453,-7.610003706349435,-7.735998817926536,47.85667413625342,TRUE,52.14332586374659
7,2023-10-21,18349.4430625,3.4073297582382827,0.21132129309713163,21.593883319762902,20.34,5.884616500057618,3.013114131347652,2.8715023687099657,-6.381116374911035,-6.483117987560193,48.796763029194004,TRUE,51.203236970805996
7,2023-10-22,17736.233625,3.644154224916717,0.19125638554307417,15.965807992112898,19.8,5.491740368035382,2.665523813142431,2.8262165548929508,-6.280481233095447,-6.4647892647591405,51.46304022933995,TRUE,48.53695977066005
7,2023-10-23,17490.8930625,3.7006580075519016,0.17984272635211934,13.237672701247906,20.11,5.1749346932735,2.4510432589618487,2.7238914343116516,-6.053092076248115,-6.194795013574893,52.63624752312776,TRUE,47.36375247687224
7,2023-10-24,16746.062918749998,4.113142688831052,0.17111221646685734,11.38745444566196,20.4,5.238495273027393,2.3491535103941756,2.8893417626332174,-6.420759472518261,-6.521931403069555,55.15594864636443,TRUE,44.844051353635564
7,2023-10-25,14539.72306875,4.704164468951003,0.1642135284270568,10.045757571613837,20.76,4.978033970215073,1.762152766773144,3.2158812034419286,-7.146402674315397,-7.246317325903712,64.60143146236884,TRUE,35.39856853763116
7,2023-10-26,12893.7342875,4.631316073228117,0.15697724501509616,8.772679086017954,21.12,4.143179666989093,0.9557323145113541,3.187447352477739,-7.083216338839421,-7.183771745629489,76.93239513298978,TRUE,23.067604867010225
7,2023-12-09,14507.20074375,5.290979535855497,0.13231223356386113,5.227255985490548,16.41,4.431457196479854,1.8260553730663354,2.6054018234135183,-5.789781829807819,-5.904953728619748,58.79334286435465,TRUE,41.20665713564536
7,2023-12-10,14711.019125,1.0312030716495777,0.14660866367187284,7.655192754533084,17.57,0.975345588716499,0.42666786542757673,0.5486777232889223,-1.2192838295309385,-1.523942685426031,56.254698809983026,TRUE,43.745301190016974
7,2023-12-11,15826.674531249999,3.2792182162881405,0.2212788887698988,24.78956704220798,16.67,5.0288829249661084,2.551638756890959,2.4772441680751496,-5.504987040166999,-5.607868699074273,49.2603268963921,TRUE,50.7396731036079
7,2023-12-12,15411.429,4.8338666116560125,0.21141523267895035,21.579870296124987,14.96,6.841898258884364,3.544214718428546,3.297683540455818,-7.328185645457374,-7.614328073253358,48.19837149980562,TRUE,51.80162850019438
7,2023-12-13,16124.730668749999,3.798946091867063,0.20324542467266757,19.165929126513227,15.2,5.420968894315555,2.8496103466977885,2.5713585476177667,-5.71413010581726,-5.939292730233543,47.433560268425474,TRUE,52.566439731574526
7,2023-12-14,15835.05831875,3.767531393767445,0.19307352932887686,16.3992142033177,15.31,5.01526936229087,2.568998564262503,2.446270798028367,-5.436157328951928,-5.678999169562113,48.77645887619806,TRUE,51.223541123801944
7,2023-12-15,15938.010274999999,3.652537870754714,0.18945098420499873,15.480914215442741,15.76,4.8121336723578665,2.371230943888889,2.4409027284689775,-5.424228285486617,-5.662781957553313,50.72391780158043,TRUE,49.27608219841957
7,2023-12-17,7254.755475,0.262548941525294,0.7789717655192886,1220.5077711671725,17.36,0.6304164741833952,1.592928241937806,2.223344716121201,-4.9407660358248915,-4.9808484084153735,100,TRUE,100
7,2023-12-18,12631.59706875,2.059874981536052,0.7744450519204064,1101.40510681361,16.99,8.774046657364567,2.7628532731182505,6.011193384246316,-13.35820752054737,-13.68206573054448,68.51107156127067,TRUE,31.48892843872932
7,2023-12-19,30747.01866923077,1.1677823697360623,0.721386801864513,887.5970846555675,15.65,11.444411305599713,8.52914405593989,2.9152672496598235,-6.47837166591072,-6.6976011377631846,25.47328273874072,TRUE,74.52671726125928
7,2024-01-01,31506.56685,1.239542311756784,0.2681341908138361,44.32102162202361,14.35,4.601896913287305,3.392015167804751,1.2098817454825541,-2.6886261010723427,-3.147835409442384,26.290935418157613,TRUE,73.70906458184238
7,2024-01-03,29657.1114125,3.1714262735902734,0.2436188955711246,33.14622675720043,14.01,10.045661476471409,7.50899835594786,2.536663120523549,-5.637029156718998,-5.684526857011738,25.2513299046044,TRUE,74.7486700953956
7,2024-01-04,29564.8480875,2.7012803971382384,0.23416328953870033,29.431174417243668,14.21,8.205856355847095,6.009537829814468,2.1963185260326266,-4.880707835628059,-4.9174257206251735,26.765256796965943,TRUE,73.23474320303406
7,2024-01-05,28888.531865217392,4.598181366500777,0.23229443381963694,28.819874018948518,13.94,13.518506254140988,10.224891422977038,3.29361483116395,-7.319144069253223,-7.545247363657978,24.363748251808886,TRUE,75.63625174819111
7,2024-01-07,30850.183374999997,1.660349751863556,0.2802700105400211,50.7146101827513,15.1,6.328198704362584,4.8857997573189715,1.4423989470436125,-3.20533099343025,-3.32159334158475,22.79319936728978,TRUE,77.20680063271023
7,2024-01-10,25379.4794,1.3273914169662715,0.5508541691325806,395.42175034062177,14.53,8.13516818847821,6.028630256398654,2.106537932079555,-4.681195404621234,-4.785851594090098,25.894214886215043,TRUE,74.10578511378496
7,2024-01-11,27468.9831625,1.8259336921054683,0.464855417589623,235.01248871986576,13.82,10.201218714548704,7.825832062363955,2.3753866521847486,-5.278637004854998,-5.428768859441597,23.285322260535757,TRUE,76.71467773946425
7,2024-01-12,28956.9482125,1.8739068062289277,0.4300273176303927,185.30317469315477,14.25,10.23772104990478,7.808793200407289,2.428927849497491,-5.397617443327758,-5.5467234972067265,23.725278679282653,TRUE,76.27472132071735
7,2024-01-13,30552.3697875,1.482456937490078,0.40877055163201215,159.2384745309016,15.44,8.172153056325437,6.460641199721994,1.7115118566034426,-3.803359681340984,-3.9333475329094223,20.94321832700738,TRUE,79.05678167299263
7,2024-01-14,28591.632437499997,1.7268439581274444,0.3667325887682079,114.59514055628088,14.08,7.936529054103007,6.25963072518842,1.6768983289145867,-3.726440730921304,-3.854858898745222,21.128862724287114,TRUE,78.87113727571288
7,2024-01-15,28088.343937499998,1.976110148760687,0.33911435171355186,90.25795392766678,13.58,8.229225563091806,6.382495450654815,1.8467301124369908,-4.103844694304424,-4.296019478011668,22.441116703856093,TRUE,77.5588832961439
7,2024-01-16,30079.091624999997,1.8288404197102512,0.34003906947207824,91.13103979972509,14.67,8.226881697135248,6.465604256758733,1.7612774403765143,-3.9139498675033657,-4.051548174430037,21.4088096221175,TRUE,78.5911903778825
7,2024-01-17,27344.833724999997,1.7217248424212268,0.3272955780760046,81.22391841161944,13.43,6.729341269407143,5.414027105419116,1.3153141639880266,-2.922920364417837,-3.0663467787624064,19.54595719446855,TRUE,80.45404280553144
7,2024-01-18,25914.049974999998,2.003898206557498,0.30084277895828515,62.80405750258533,12.26,6.779139329467809,5.351853307162666,1.4272860223051431,-3.1717467162336517,-3.3197792755586244,21.054088918057257,TRUE,78.94591108194275
7,2024-01-19,27231.791675,1.9827616143337743,0.295270987511672,59.32517527235139,12.98,6.9473552777608845,5.514362882516441,1.4329923952444443,-3.1844275449876545,-3.342970424909208,20.62644471100511,TRUE,79.37355528899491
7,2024-01-20,26121.2089875,1.6835875642073272,0.28145893337241207,51.40089355068561,12.69,5.382842489995251,4.43558743640612,0.9472550535891309,-2.105011230198069,-2.23158955156915,17.597673633396,TRUE,82.40232636660402
7,2024-01-22,23868.213875,3.797881552927911,0.24479901156772013,33.638396633202156,11.31,9.571914081281214,7.660189333276326,1.9117247480048887,-4.248277217788642,-4.437126061612677,19.97223054627546,TRUE,80.02776945372455
7,2024-01-23,27310.2801125,3.3461356971906717,0.2435161491535104,33.099029820782334,13.11,9.703624231267742,7.655464557625967,2.0481596736417753,-4.551465941426168,-4.6862322185916465,21.107161868882375,TRUE,78.89283813111763
7,2024-01-24,20033.167687499998,3.3028103724675115,0.2427528900512346,32.78891363695395,14.56,7.010355705536453,4.605986844910945,2.4043688606255076,-5.343041912501128,-5.522648696217573,34.29738748815055,TRUE,65.70261251184945
7,2024-01-26,15871.2038375,1.4255961206467764,0.39534306265582214,153.75093741211538,16.67,3.917287340242539,1.8820535192890309,2.035233820953508,-4.5227418243411295,-4.6239362295321556,51.955183375123475,TRUE,48.04481662487653
7,2024-01-27,20313.68625,1.853149039787052,0.41433353624283,165.6682621150632,17.21,6.8861583981515615,4.415005416963375,2.4711529811881867,-5.491451069307082,-5.675768377556028,35.88579928471459,TRUE,64.1142007152854
7,2024-01-28,22007.399542857143,1.5690143184244292,0.3901558363722789,138.10045417451457,17.53,5.965001873563625,4.106183200275841,1.8588186732877838,-4.130708162861742,-4.283760969839489,31.162080292479175,TRUE,68.83791970752083
7,2024-01-29,19802.7522,1.6321734464133284,0.35128246317098694,100.65222260599097,16.21,4.989781774758622,3.472641838730027,1.5171399360285953,-3.3714220800635455,-3.5641377322500833,30.40493561668809,TRUE,69.59506438331191
7,2024-02-08,24014.193225,4.488071521587419,0.22542239210352547,26.214456434198134,13.86,10.608041435061102,8.276900939792728,2.3311404952683743,-5.180312211707499,-5.638501716100832,21.975220492292006,TRUE,78.024779507708
7,2024-02-09,22391.605499999998,3.7272695448671023,0.22101468369603403,24.697257271114335,14.68,8.073384112083746,5.9245844971173405,2.1487996149664057,-4.775110255480902,-5.29641020037747,26.615847643743525,TRUE,73.38415235625648
7,2024-02-10,19675.7072875,3.708132809891186,0.2163793524556747,23.15404359413579,15.33,6.911128991806272,4.657156483274683,2.25397250853159,-5.008827796736867,-5.601022941106498,32.613665744104395,TRUE,67.38633425589562
7,2024-02-11,20831.0903625,4.104327229629931,0.21041125339826433,21.276349470758753,15.93,7.905209535309173,5.252575205240291,2.6526343300688824,-5.894742955708628,-6.621866729801173,33.55552206707115,TRUE,66.44447793292886
7,2024-02-12,22469.5227625,2.8486561683926013,0.20863520817950745,20.745774730438164,16.69,5.895645145174216,3.916272496753848,1.9793726484203678,-4.398605885378595,-4.880900674689172,33.57346990329889,TRUE,66.4265300967011
7,2024-02-13,20885.8056,2.2550923702141104,0.2160212077999914,23.04110344575316,16.81,4.487468544215994,3.028958434699634,1.4585101095163597,-3.241133576703022,-3.81975907318567,32.50184586577812,TRUE,67.49815413422186
7,2024-02-14,16960.6116625,2.5918882063986306,0.19826075561242024,17.796194748640968,15.27,3.801039456128342,2.5132525899366662,1.287786866191676,-2.861748591537058,-3.4421421799447214,33.879860523820724,TRUE,66.12013947617929
7,2024-02-15,15357.3393875,2.639773293496792,0.18795969334362903,15.118469115707942,14.96,3.30984029880138,2.1048494477475512,1.2049908510538287,-2.6777574467862864,-3.2520596222381775,36.406313968991256,TRUE,63.593686031008744
7,2024-02-16,15178.311087499998,2.746228083229964,0.18505637314304935,14.422097570218456,15.19,3.3528746613909233,2.008836521869738,1.344038139521185,-2.986751421158189,-3.5482862668127724,40.08614324293344,TRUE,59.91385675706656
7,2024-02-18,9300.40265,1.3733835788459148,0.33680402512320157,94.92950008533442,14.84,1.8333028550848052,0.743945311838786,1.0893575432460192,-2.4207945405467095,-2.692709480892735,59.420490194765314,TRUE,40.579509805234686
7,2024-02-19,9831.9892,1.584960574541896,0.37329661704777956,120.93497102637022,14.28,2.4791499060390527,1.1574470566746637,1.321702849364389,-2.9371174430319757,-3.3500164821424816,53.312744265476006,TRUE,46.687255734523994
7,2024-02-20,7091.815683333333,1.6796338062158405,0.3330229569550045,85.55438644749366,13.97,1.6589429331787209,0.5778583801357822,1.0810845530429387,-2.402410117873197,-2.9043871150833875,65.16707304521074,TRUE,34.83292695478925
7,2024-02-24,6396.9849625,2.023032112649124,0.2515861463541109,36.57432771230612,15.15,1.3594062608662434,0.441799121316763,0.9176071395494804,-2.039126976776623,-2.695619045662697,67.50058212654994,TRUE,32.49941787345006
7,2024-02-25,6678.741574999999,2.459987710328937,0.23434236186654198,29.503869293954928,14.93,1.6107756846097474,0.5927824928321872,1.0179931917775602,-2.2622070928390228,-2.959411022821297,63.198942068969444,TRUE,36.801057931030556
7,2024-02-26,6268.9779,2.897535408195052,0.21734516878124646,23.475785607944406,14.71,1.642818842706366,0.5253365846077969,1.117482258098569,-2.4832939068857094,-3.2570618567051612,68.02224500040663,TRUE,31.97775499959337
7,2024-02-27,8282.6555625,2.6403049130990572,0.20827119229996024,20.63332084801205,15.13,1.9320884151388957,0.9270418686645996,1.0050465464742961,-2.2334367699428808,-3.1384808618127513,52.01866222059224,TRUE,47.98133777940776
7,2024-02-28,5884.087275,2.549600576315464,0.2007384120828846,18.449190875732477,15.91,1.2537282256401692,0.13188496341698053,1.1218432622231886,-2.4929850271626415,-3.5152302740848347,89.48057794984726,TRUE,10.519422050152729
7,2024-02-29,5861.29203,2.6664731342695074,0.19541908326240895,17.01221227763312,16.67,1.2751323347563215,0.06013476911285287,1.3352671038691744,-2.9672602308203877,-3.851237051083935,100,TRUE,4.715963000369264
7,2024-03-01,5887.4848999999995,2.655134370952656,0.1857462419470295,14.585141159023122,16.37,1.2111867865994699,0.13360851612858604,1.344795302728056,-2.988434006062347,-3.78865231372538,100,TRUE,11.031206549380013
7,2024-03-02,6127.419423529412,4.085870057656924,0.18384396541520365,14.137574983697395,16.97,1.9304299384548256,0.5500873881421153,2.480517326596941,-5.512260725770981,-6.20345721734848,100,TRUE,28.49558935987192
7,2024-03-04,8368.317,1.4010710479009807,0.4794142462410798,259.62720161698365,17.67,2.4107683899581467,0.24812305618500297,2.1626453337731437,-4.8058785194958755,-4.978629535971366,89.70771903188465,TRUE,10.29228096811534
7,2024-03-05,11154.51777,1.5593251940282946,0.4201166917485353,172.78067723144042,17.77,3.17681487907493,1.2387193819114264,1.9380954971635036,-4.306878882585564,-4.395079521937211,61.007505030569035,TRUE,38.99249496943096
7,2024-03-06,10888.270369565216,1.653620702640965,0.4813946552135528,262.009520598175,17.94,3.766960143028731,1.0584520752974123,2.708508067731319,-6.018906817180709,-6.10586586571076,71.90169167953049,TRUE,28.098308320469513
7,2024-03-07,9067.78015,1.6052445217455698,0.4260759839701499,180.7925595656772,18.22,2.676367198893931,0.455943322570179,2.220423876323752,-4.93427528071945,-5.087850502042638,82.96409690125452,TRUE,17.035903098745486
7,2024-03-08,11599.602574999999,1.7043112959030486,0.38335402352622894,131.15558623821758,18.32,3.306510846404681,1.17637074516752,2.130140101237161,-4.733644669415913,-4.9239152575959695,64.42259530324417,TRUE,35.577404696755835
7,2024-03-09,14128.114471428571,0.7694569613574903,0.3627959331676239,111.90770431004137,18.55,1.7337842827801104,0.813726419809769,0.9200578629703414,-2.044573028822981,-2.206579303956587,53.06645538942338,TRUE,46.93354461057662
7,2024-03-10,16509.599269565217,1.1925173655541483,0.459333531545851,227.14328161267932,18.92,3.998409272299509,2.216009691291105,1.7823995810084037,-3.960887957796453,-4.105938795834903,44.57771727763464,TRUE,55.42228272236535
7,2024-03-11,19516.2680625,1.504941010210589,0.3942921135842272,143.09843477223373,17.75,5.119072718048795,3.4147116215346305,1.7043610965141642,-3.78746910336481,-3.9740036280282314,33.29433259474784,TRUE,66.70566740525216
7,2024-03-12,18874.63765,1.8306275886389616,0.34520574647209895,95.42672905078555,16.92,5.251487544061064,3.4614045531519997,1.7900829909090643,-3.977962202020143,-4.155276471966638,34.087160559553816,TRUE,65.91283944044619
7,2024-03-13,10511.434175,1.7812986498911298,0.31365085381685925,71.37113149063937,17.2,2.541428707246302,0.9469864742092637,1.5944422330370385,-3.5432049623045305,-3.7014129650255425,62.73802717703044,TRUE,37.26197282296956
7,2024-03-14,10632.263714285715,1.875873441574564,0.28687513738663833,54.48108665148073,17.19,2.477103976911394,0.9283646196798196,1.5487393572315744,-3.4416430160701657,-3.606882659512301,62.5221779815088,TRUE,37.4778220184912
7,2024-03-16,10740.772134782608,4.031282118213443,0.24721795579954794,34.70474746468575,18.28,4.655432849630032,1.1128580727769983,3.542574776853034,-7.872388393006743,-8.025083292062435,76.09549726690962,TRUE,23.90450273309038
7,2024-03-17,12777.2557,3.599726292427757,0.2325692522597164,28.873404942246598,18.77,4.6908093847916605,1.5459352338476218,3.1448741509440388,-6.988609224320087,-7.095351024379059,67.04331583244917,TRUE,32.956684167550826
7,2024-03-18,11218.6215625,4.61103086797674,0.22745835188640062,26.932913117504626,19.08,5.140818153188939,1.1107153832084524,4.030102769980487,-8.955783933289972,-9.14751820858818,78.39419037766476,TRUE,21.605809622335236
7,2024-03-19,6343.800209999999,2.7605848431687403,0.21365510458293643,22.371728129960445,17.7,1.577743105105719,0.44679830727774505,2.024541412383464,-4.498980916407699,-4.658706616177498,100,TRUE,28.31882489816406
7,2024-03-20,5880.68085,4.9258246155805425,0.19300013903058108,16.387593114656152,16.24,2.3305936204338575,0.7968626135263039,3.1274562339601615,-6.949902742133693,-7.281269327446312,100,TRUE,34.19140113229873
7,2024-03-21,7761.9267,5.234643023683795,0.1877365868368101,15.07048202579842,16.32,3.24051429079934,0.061022641353802864,3.3015369321531427,-7.336748738118096,-7.761697720272552,100,TRUE,1.883115946350305
7,2024-03-22,9809.724,0.9211594829190168,0.21667878487272138,24.20685086647856,17.22,0.8448382307780803,0.2738946814067177,0.5709435493713626,-1.2687634430474726,-1.4222670765499,67.58022170061294,TRUE,32.41977829938707
7,2024-03-24,8476.06375,1.6062102521958597,0.30758587956569866,67.45920221926511,17.66,1.797156027903335,0.2706775816074891,1.5264784462958458,-3.39217432510188,-3.5499889842068812,84.9385597352236,TRUE,15.061440264776403
7,2024-04-24,4930.897749999999,3.2525860825094206,0.14927419930597435,7.533323513216139,18.86,0.9931065329026257,0.9606852232683775,1.9537917561710032,-4.341759458157785,-4.458604063379528,100,TRUE,96.73536437833229
7,2024-04-26,1886.337357142857,2.959929373901138,0.13354812618716133,5.391116160699211,19.46,0.26312740485318115,1.3712530350566108,1.6343804399097919,-3.6319565331328714,-3.699032761081243,100,TRUE,100
7,2024-05-06,1869.773714285714,2.3251055448839564,0.027510887597532858,0.06801820616628078,20.9,0.042289432439681654,0.061072291531535844,-0.018782859091854193,0.0417396868707871,-0.1351213464394982,0,TRUE,100
7,2024-05-14,5793.133941964285,0.96798797714503,0.0735647675840807,1.7112524731861727,20.84,0.17462721017477445,0.36585746563807375,0.5404846758128482,-1.201077057361885,-1.2224879725271445,100,TRUE,100
7,2024-05-15,4429.325931677018,4.552442382575786,0.12701345402690792,4.617150808718861,21.26,1.0592325824696163,1.390498853992169,2.4497314364617853,-5.443847636581745,-5.551223256644289,100,TRUE,100
7,2024-05-24,11127.665746153845,4.471499512535091,0.03780901425439211,0.17519114210637596,21.86,0.8287792040286852,0.7798865286129745,0.04889267541571076,-0.1086503898126906,-0.15798182667289185,5.8993607921197935,TRUE,94.10063920788022
7,2024-07-12,45141.6185,3.582374892022489,0.11817432650016814,3.7625262995054496,24.47,8.725719113061375,6.912016648373385,1.8137024646879902,-4.030449921528867,-4.088686718299048,20.78570764411945,TRUE,79.21429235588054
7,2024-07-13,45306.967749999996,2.408969472716204,0.11001919655354449,3.0714520445769007,24.5,5.48327127165739,4.340390903254649,1.1428803684027409,-2.539734152006091,-2.607522853058776,20.843038977666527,TRUE,79.15696102233346
7,2024-07-14,42889.785124999995,2.425250317855341,0.09711131088928845,2.1155447765664945,24.63,4.611635880814225,3.6079260484589106,1.0037098323553144,-2.230466294122921,-2.2853568232328803,21.764724238768405,TRUE,78.23527576123159
7,2024-07-15,39166.076125,3.902576140878516,0.08558609844492392,1.4078429111082726,24.68,5.967312303183652,4.5034210569957045,1.4638912461879474,-3.253091658195439,-3.3550061474482775,24.531835637409813,TRUE,75.46816436259019
7,2024-07-16,37419.883875,4.6658001231814294,0.07947415440285428,1.1246057347543386,24.55,6.32438116272741,4.700743108414729,1.623638054312681,-3.608084565139291,-3.726442793785097,25.67267867853306,TRUE,74.32732132146694
7,2024-07-17,36542.02255,2.607886190783244,0.0705205380107729,0.8119790507246523,24.53,3.062114022522067,2.2780400909892613,0.7840739315328058,-1.7423865145173465,-1.813788415109434,25.60564125848633,TRUE,74.39435874151367
7,2024-07-18,34969.7293,1.9272208373909705,0.05183243245274357,0.3489615484850148,24.61,1.59111524386231,1.2100960933441394,0.38101915051817065,-0.8467092233737127,-0.9112836943578124,23.946672121201978,TRUE,76.05332787879803
7,2024-07-19,22999.912776923076,1.3545655653905817,0.03335569095380619,0.09568101581695028,24.66,0.47038415517884485,0.4763419964810617,-0.005957841302216837,0.01323964733825964,-0.1547367905323092,0,TRUE,100
7,2024-07-24,27809.698125,1.651992502939316,0.062450540810172546,0.9131708462929509,24.45,1.3022330306821623,0.8560296308830706,0.44620339979909174,-0.9915631106646484,-1.0749415244404292,34.264481800569314,TRUE,65.73551819943069
7,2024-07-25,24231.579762499998,2.3748714062274723,0.15006094330370467,8.124624665791085,24.64,3.9123570755136994,2.4776302782828754,1.4347267972308237,-3.188281771624053,-3.8128857389549218,36.671673099839474,TRUE,63.32832690016051
7,2024-07-26,25353.19545,3.6505382279666314,0.1744764277407343,12.162954829733616,24.61,7.321259834635216,4.769925560144635,2.5513342744905803,-5.6696317210901785,-5.750773937539818,34.84829567748433,TRUE,65.15170432251567
7,2024-07-29,12543.740549999999,2.0141263881705895,0.3193752970839275,75.50617402085236,24.61,3.5950263725678813,1.0980366173967493,2.496989755171132,-5.548866122602516,-5.636835968758397,69.45678546963103,TRUE,30.543214530368964
7,2024-07-30,13733.1216,2.01814952662961,0.32973213597942325,83.21365143031599,24.69,4.084680276329425,1.1650707766411008,2.919609499688324,-6.488021110418498,-6.598816105630007,71.47706312798472,TRUE,28.522936872015272
7,2024-07-31,12657.177758823529,1.8493581171577345,0.2934509081139375,58.55886514451345,24.79,3.0626330572062774,0.7152358948413804,2.347397162364897,-5.216438138588661,-5.304563542033409,76.64637318667826,TRUE,23.353626813321736
7,2024-08-03,10413.85092,1.6034111324646405,0.40013104571663693,149.4804715166562,24.76,2.9565927312702183,0.5355778875032007,2.4210148437670176,-5.380032986148929,-5.492726286264899,81.88530054076456,TRUE,18.114699459235446
7,2024-08-04,10817.332533333334,3.1364714732733705,0.37507266226653674,123.56040028402009,24.79,5.640574584970485,1.3638444873939122,4.276730097576573,-9.503844661281274,-9.8082094666466,75.8208234489457,TRUE,24.179176551054304
7,2024-08-07,7330.476449999999,1.507985689546806,0.7611203093618307,1043.8105781932861,24.47,3.6546162648978773,1.4452924618337852,5.0999087267316625,-11.33313050384814,-11.446172998362234,100,TRUE,39.547037419923804
7,2024-08-08,6883.72938,1.4700518285660806,0.7280212848304485,912.2163573568523,24.76,3.189509533002688,1.5640594530805498,4.753568986083238,-10.56348663574053,-10.691474396384873,100,TRUE,49.03761650174794
7,2024-08-11,5757.8829,1.456151510736975,0.6557641327403868,664.8876208523999,25.22,2.352412674871055,1.9188211019152392,4.2712337767862945,-9.491630615080656,-9.607916732382538,100,TRUE,81.56821812824221
7,2024-08-12,7454.03175,1.5965371427500548,0.6252866096641284,575.3612496665482,25.22,3.241096594475507,1.2424344401562957,4.4835310346318025,-9.963402299181784,-10.089668445377551,100,TRUE,38.33376772151876
7,2024-08-13,6556.621499999999,1.3587728364258485,0.5919175088350174,488.22215983260065,25.22,2.2779742550187105,1.3274844777084804,3.605458732727191,-8.012130517171537,-8.121708043308812,100,TRUE,58.27477965494289
7,2024-08-14,9957.6406875,1.3425081244837067,0.5371477970228665,364.298401134274,25.22,3.1747797095618457,0.07492038715961691,3.2497000967214626,-7.22155577049214,-7.328595697956669,100,TRUE,2.3598609671710653
7,2024-08-15,7434.2004,1.4402032057851404,0.4824955096879891,263.2497246852003,25.19,2.249545751955559,0.9069705229126415,3.1565162748682005,-7.014480610818224,-7.123009051547994,100,TRUE,40.31794072755356
7,2024-09-13,10084.7532,1.6417439166965633,0.4257657123705855,179.7453163545758,24.31,3.111894975879256,0.25778003205510336,2.8541149438241527,-6.342477652942562,-6.622455921040206,91.71630038760325,TRUE,8.283699612396735
7,2024-09-14,8819.9560625,1.6835206584654951,0.4083742440212154,158.69323737076883,24.33,2.660225932933318,0.1544096741761276,2.814635607109446,-6.254745793576547,-6.3775780835135585,100,TRUE,5.804381961116611
7,2024-09-15,8716.218260869566,1.528386252621513,0.3813372581290616,128.92859694207013,24.4,2.227698808851421,0.21021648080456368,2.437915289655985,-5.417589532568856,-5.556964468122034,100,TRUE,9.436485756930002
7,2024-09-16,8004.425275,1.5669669723191657,0.3996437341359531,148.62921055782945,24.31,2.187705881887116,0.3665610306643643,2.5542669125514803,-5.6761486945588455,-5.782909009956567,100,TRUE,16.755498702968637
7,2024-09-17,7833.900524999999,1.6712495485625758,0.36509451731024667,113.10118491679805,23.91,2.081691663874651,0.47823150278323423,2.559923166657885,-5.688718148128634,-5.7931477779486595,100,TRUE,22.973215057848787
7,2024-09-18,7620.877825,2.0282803439759394,0.340596835739126,91.45332820101528,24.16,2.290495078893482,0.6754238620817312,2.965918940975213,-6.590930979944918,-6.793957337970829,100,TRUE,29.488116709162398
7,2024-09-19,6757.1521875,1.751463370194571,0.3472254474811979,96.99986613712305,24.17,1.7744991314230154,0.8691777846832769,2.6436769161062923,-5.874837591347316,-5.970229442177211,100,TRUE,48.98158411530252
7,2024-09-20,6628.9342625,1.8523352757590748,0.32686991434588936,80.87759442069634,24.29,1.7314080515126773,0.9303773095932186,2.661785361105896,-5.915078580235325,-6.041779020834689,100,TRUE,53.735299935816805
7,2024-09-21,6099.8771625,1.8734734024623536,0.30420992584409395,65.0391045882383,24.19,1.4905047096975457,1.0910816411745161,2.581586350872062,-5.736858557493472,-5.859793055151086,100,TRUE,73.20215991775827
7,2024-09-22,6169.252375,1.84682895122329,0.2832702059343512,52.4184628642851,23.8,1.3836123637693183,1.03259877304507,2.4162111368143884,-5.369358081809753,-5.494955852236593,100,TRUE,74.63064078381056
7,2024-09-25,7302.2818,3.4811122755686523,0.23563403111654715,29.99334590239649,24.12,2.5990673451726285,1.1705103894333284,3.769577734605957,-8.37683941023546,-8.460494270023416,100,TRUE,45.035785302269026
7,2024-09-27,6007.902779999999,1.6795224821074992,0.3412808333192424,94.08026748605394,24.38,1.4753994464993692,1.2350507640316815,2.7104502105310506,-6.0232226900690025,-6.109360768329107,100,TRUE,83.70958569640547
7,2024-10-26,7754.9406,4.067175904204126,0.1976560195544633,17.617589923025083,20.88,2.6917776074393256,0.6433352463332396,3.335112853772565,-7.411361897272368,-7.513739974041699,100,TRUE,23.900014791535515
7,2024-11-07,13475.502149999998,5.271644286489993,0.14073450419628108,6.296386323503608,22.53,4.442510127848031,1.1378056880146996,3.3047044398333316,-7.343787644074071,-7.425112341514533,74.38822523144461,TRUE,25.611774768555385
9,2023-10-06,7199.949083333333,12.813985886777258,0.11610604463633173,30.543171200877378,23.66,4.63893548081522,1.8568680074007022,2.7820674734145174,-6.182372163143373,-6.258923923515969,59.972109655761216,TRUE,40.027890344238784
9,2023-10-07,7184.31125,6.05026812883166,0.1122310368863162,28.698751280315975,23.41,2.111059849523785,0.9160516773948328,1.1950081721289523,-2.655573715842116,-2.679197889500431,56.60702477945016,TRUE,43.392975220549836
9,2023-10-08,6142.428583333333,4.370713243287353,0.10992951713176158,27.61498541401734,20.62,1.2540437484993214,0.5882748100424718,0.6657689384568496,-1.4794865299041104,-1.507641387416763,53.08976973519117,TRUE,46.91023026480883
9,2023-10-09,5528.0185833333335,6.184964901446281,0.10507988622037857,25.433256929839445,18.16,1.5016077410168382,0.6547230693214584,0.8468846716953798,-1.8819659371008444,-1.912523982311293,56.39852862784911,TRUE,43.60147137215089
9,2023-10-10,5353.376916666667,10.338307168327203,0.09989265993683509,23.183334517858203,17.24,2.29639880311811,0.8761825605603297,1.4202162425577805,-3.156036094572846,-3.250152684101614,61.84536591071959,TRUE,38.15463408928041
9,2023-10-17,7605.2666,7.207767665862386,0.20026416749803191,83.64208979405785,17.73,4.684289666557118,2.3106282879691036,2.373661378588014,-5.27480306352892,-5.3490321097372835,50.672813757322984,TRUE,49.327186242677016
9,2023-10-18,7128.683916666667,10.203607342328144,0.18770561965366359,74.23051612231743,17.02,5.787057601457024,2.7794424778065103,3.0076151236505133,-6.683589163667808,-6.766493667641546,51.9714046546431,TRUE,48.0285953453569
9,2023-10-20,6724.607916666667,9.846116860176874,0.16246229265185796,56.86882598515423,17.94,4.558267048423036,2.038494746707431,2.519772301715605,-5.599494003812456,-5.615895039100417,55.279172434342954,TRUE,44.720827565657046
9,2023-10-21,6582.913083333333,5.472376149073163,0.1508049776705614,49.509391093647636,19.21,2.3092717709646307,1.0616181950820347,1.247653575882596,-2.7725635019613244,-2.781255186711121,54.0280096768959,TRUE,45.9719903231041
9,2023-10-22,6124.403416666667,9.800829990756538,0.14360392160178273,45.270025238351515,18.18,3.6319211187604195,1.5383725837297217,2.0935485350306977,-4.6523300778459955,-4.686922619296572,57.64300673317567,TRUE,42.35699326682433
9,2023-10-23,6071.5214166666665,11.03108055549746,0.13514935923811233,40.45807466371857,18.63,3.817702243425005,1.6086915530662411,2.209010690358764,-4.908912645241698,-4.935316781866412,57.86230956495384,TRUE,42.13769043504617
9,2023-10-24,5997.749333333333,14.913254564560818,0.1291372260017247,37.18492440741641,19.37,4.879793710051557,1.9471892343881274,2.93260447566343,-6.5168988348076224,-6.5456071480453195,60.09689445729552,TRUE,39.90310554270447
9,2023-10-25,6084.891,15.246668742199558,0.12396174216590841,34.47051581373499,19.83,4.871215181319635,1.9062417957028428,2.9649733856167924,-6.588829745815095,-6.655379035714111,60.86722255643748,TRUE,39.13277744356251
9,2023-10-26,6150.903833333334,18.956202487662814,0.12031277653464391,32.616475053398396,20.32,5.955934043698446,2.2725189366595298,3.683415107038916,-8.185366904530925,-8.255592812547738,61.844457645330685,TRUE,38.15554235466932
9,2023-10-27,6148.636,20.57488139253574,0.11703956923065345,31.006165321730812,20.07,6.281190697455813,2.3935093790984974,3.8876813183573153,-8.639291818571813,-8.763597219773509,61.894018277967824,TRUE,38.105981722032176
9,2023-10-28,6178.121,19.574631216898503,0.11312933413745609,29.11282233820942,20.09,5.80629065903043,2.1809506720176763,3.6253399870127536,-8.056311082250565,-8.178597156777231,62.438141662342055,TRUE,37.561858337657945
9,2023-10-29,6291.8829166666665,12.111705185661288,0.10964769838630589,27.478216940858847,20.6,3.5565198080211977,1.3374915632779687,2.219028244743229,-4.9311738772071765,-4.979511087094686,62.39324858358846,TRUE,37.60675141641154
9,2023-10-30,6239.955916666667,23.823478657341777,0.10632458567947413,25.960021411897593,20.53,6.72213413097515,2.3573722036494225,4.364761927325728,-9.69947094961273,-9.852701318336068,64.93119361027316,TRUE,35.06880638972684
9,2023-10-31,6231.003,11.390776135521772,0.10275488157036927,24.378337669305562,20.67,3.1027081697146315,1.1200446266477817,1.9826635430668498,-4.405918984593,-4.447834664728064,63.901064315990865,TRUE,36.098935684009135
9,2023-11-01,5491.962956521739,2.770318954594121,0.10198304144860029,24.0340612437831,18.8,0.6496549770465313,0.3629486772687097,0.2867062997778216,-0.6371251106173813,-0.6561125629596137,44.13208701659594,TRUE,55.867912983404054
9,2023-11-02,4673.908833333333,10.691041143771365,0.0991352720584229,22.825949519412084,15.52,2.0176798053520675,0.7314871145670021,1.2861926907850654,-2.8582059795223675,-2.9190495062878847,63.746124998294064,TRUE,36.253875001705936
9,2023-11-03,4910.62425,11.71032874722413,0.09517513156238423,21.152170124777,16.11,2.2454991718479365,0.7606998269347223,1.4847993449132142,-3.299554099807143,-3.389831160897105,66.1233530400858,TRUE,33.87664695991419
9,2023-11-04,5284.140333333334,7.928406153176576,0.09109463097714082,19.515559158403743,16.86,1.58105756680532,0.6286950096744287,0.9523625571308912,-2.1163612380686474,-2.147286795360229,60.23579261919173,TRUE,39.76420738080827
9,2023-11-05,4879.82625,8.11907474440448,0.08675286092996436,17.853457743564295,15.73,1.4070970417991653,0.5257388700325157,0.8813581717666495,-1.9585737150369993,-2.0143762844231627,62.63663028100131,TRUE,37.36336971899869
9,2023-11-06,4907.64025,10.766882613300108,0.08578410899246024,17.47186306238729,14.91,1.8500608502306937,0.6942108907954911,1.1558499594352025,-2.568555465411561,-2.6477617039106622,62.47632121349272,TRUE,37.52367878650729
9,2023-11-07,4784.567,10.180502550215426,0.0818327753322173,16.018698062973034,15.09,1.624229666251054,0.5701565418029677,1.0540731244480863,-2.3423847209957476,-2.4240499722260016,64.89680285676793,TRUE,35.103197143232066
9,2023-11-08,4892.957416666666,8.88780358676797,0.07954299802538982,15.216995614901592,15.17,1.4130510820700737,0.5345275992595441,0.8785234828105296,-1.9522744062456217,-2.0200761875324367,62.17209653337665,TRUE,37.82790346662335
9,2023-11-09,5175.273,12.678481312749884,0.07499867075491727,13.625537929572504,16.09,2.028543415535712,0.7026514844547906,1.3258919310809214,-2.946426513513159,-3.075770119212033,65.36177243861307,TRUE,34.63822756138693
9,2023-11-10,6136.9375,7.4644028869219214,0.07174601273444979,12.560131027402464,17.43,1.3810902719071714,0.576861686675629,0.8042285852315424,-1.7871746338478722,-1.868170098243087,58.231427850184566,TRUE,41.76857214981543
9,2023-11-11,6486.221333333333,9.312828736229802,0.07104733709467406,12.322892159375012,18.82,1.819932630470381,0.6943780133946569,1.125554617075724,-2.501232482390498,-2.5879007349878806,61.845949582475065,TRUE,38.154050417524935
9,2023-11-12,5939.853416666667,5.784941136923268,0.07127337921342505,12.39259749269711,18.91,1.032248876696512,0.40731962042027947,0.6249292562762326,-1.3887316806138503,-1.4129594445855906,60.54056055514274,TRUE,39.45943944485726
9,2023-11-13,5452.455916666667,10.229669025550816,0.07099156046796937,12.302282935412089,17.47,1.6487720444718996,0.5518296144781014,1.0969424299937982,-2.4376498444306627,-2.462112602968244,66.5308726983631,TRUE,33.4691273016369
9,2023-11-14,5525.273166666667,1.8025483584780777,0.07466694660662078,13.584426256963875,17.3,0.30978630733375623,0.16612075521172703,0.1436655521220292,-0.31925678249339823,-0.39060794652430125,46.37569470339676,TRUE,53.62430529660324
9,2023-11-15,6174.898166666667,6.868039518152776,0.08777738949417291,18.21990924039119,17.92,1.56794733925424,0.6072294080228618,0.9607179312313782,-2.1349287360697295,-2.1691162734173446,61.27233403695323,TRUE,38.727665963046775
9,2023-11-16,6106.975,3.725846464495617,0.08755134737542167,18.12698618723498,18.63,0.8405715648282578,0.33493437629970113,0.5056371885285567,-1.123638196730126,-1.156374151361682,60.153972568875375,TRUE,39.846027431124625
9,2023-11-17,6730.7374782608695,7.491851105258033,0.09847769498569303,22.52801233584465,19.1,2.1132159021566244,0.8174587442238219,1.2957571579328024,-2.8794603509617835,-2.895471634814053,61.316837366708654,TRUE,38.683162633291346
9,2023-11-18,6576.347583333333,8.602450302060197,0.09752068549591651,22.125926609936386,19.73,2.349067687573139,0.9153967891052921,1.433670898467847,-3.185935329928549,-3.2129795400529764,61.03148521654547,TRUE,38.96851478345452
9,2023-11-19,6037.619583333333,6.3445414257142305,0.09241859195839584,20.06851147172683,18.51,1.4918623905714432,0.612262357226742,0.8796000333447012,-1.9546667407660028,-2.0029490670504373,58.95986378527707,TRUE,41.04013621472293
9,2023-11-20,5932.33325,12.2975874849042,0.09420050840101668,20.76667504477693,18.7,2.894127227722155,1.0018172307443594,1.8923099969777957,-4.205133326617324,-4.260248563083213,65.38447856928366,TRUE,34.61552143071634
9,2023-11-21,6281.13925,13.632583844962864,0.08568429818677817,17.42411332570953,19.62,3.11279443539265,1.0246683493039819,2.088126086088668,-4.640280191308152,-4.733879671642335,67.08204250003006,TRUE,32.917957499969944
9,2023-11-22,6423.312,6.320946885147262,0.0848359063384791,17.103353753942823,20.04,1.465678678572903,0.5145890235032544,0.9510896550696486,-2.1135325668214415,-2.1284558023971,64.89073416798983,TRUE,35.10926583201017
9,2023-11-23,5440.876833333334,3.630861030939829,0.08571952552996008,17.4409012044552,16.65,0.7026990671441581,0.35164192053670124,0.35105714660745685,-0.7801269924610152,-0.8133615130609836,49.95839087053146,TRUE,50.04160912946853
9,2023-11-24,5081.684833333334,9.389969372269386,0.08170947963108052,15.953908027906753,15.38,1.599745251481932,0.5961520465610037,1.0035932049209282,-2.230207122046507,-2.2654575070515457,62.73456376827777,TRUE,37.26543623172223
9,2023-11-25,5105.798,7.91911808404585,0.08170654401914859,15.968518597665899,14.96,1.3536064089028372,0.534857216202266,0.8187491927005712,-1.819442650445714,-1.889663526532309,60.486503854854426,TRUE,39.513496145145574
9,2023-11-26,5122.249454545455,0.7107987501382611,0.10058252874081493,24.223799733569987,16.19,0.1508836288244867,0.12919349850323253,0.021690130321254157,-0.04820028960278702,-0.0667144829467852,14.375403408732238,TRUE,85.62459659126775
9,2023-11-27,6237.926666666666,2.491236840431339,0.14072115068472557,43.567849250773456,16.46,0.9164947296454907,0.5284567048175111,0.3880380248279797,-0.862306721839955,-0.8764393153949307,42.33936238543092,TRUE,57.66063761456908
9,2023-11-28,5239.9725,2.1359407839507965,0.1298182879699092,37.58152720777675,14.28,0.5948816155227732,0.42646502045243284,0.16841659507034037,-0.374259100156312,-0.3908878077983493,28.310942997009306,TRUE,71.6890570029907
9,2023-11-29,4501.3928,4.748932437675631,0.11641428388917378,30.728968352103344,11.76,0.9924608934450492,0.5542064428215088,0.4382544506235404,-0.9738987791634232,-0.9875814252469756,44.15835964097923,TRUE,55.84164035902077
9,2023-11-30,4203.5815,12.68945887276842,0.10746653872095628,26.494430422941658,11.2,2.2632591487789955,0.9083328966286695,1.354926252150326,-3.0109472270007247,-3.077086398886877,59.86615597605314,TRUE,40.133844023946864
9,2023-12-01,4939.154,3.0727222486907615,0.0994934167141059,22.96370807763873,13.73,0.6133849390224967,0.2849757857611328,0.3284091532613639,-0.7297981183585864,-0.7602079032286089,53.54046576114564,TRUE,46.45953423885436
9,2024-01-01,11482.338833333333,5.845536395585558,0.37603393191634865,267.80664900219443,11.2,10.669996882493146,5.193377530144662,5.476619352348484,-12.170265227441076,-12.28344962364734,51.327281653983206,TRUE,48.6727183460168
9,2024-01-02,9988.586666666666,3.394893145080485,0.3605485789759459,247.80429068077757,11.64,5.150058169676539,2.1989181641490285,2.9511400055275105,-6.558088901172246,-6.610516029817181,57.30304218511115,TRUE,42.69695781488885
9,2024-01-03,9418.2115,6.135137897872518,0.3401490116616597,222.52678764602547,10.86,8.225910773897363,3.2496946191041687,4.976216154793194,-11.058258121762655,-11.191669791324609,60.494409574485424,TRUE,39.505590425514576
9,2024-01-04,9092.005666666666,6.309388517861286,0.3278399908314966,207.8552754789258,11.66,7.888157328740427,3.1892692008509558,4.698888127889472,-10.44197361753216,-10.531763077960193,59.56889463612898,TRUE,40.43110536387102
9,2024-01-05,8782.64347826087,1.2763229756975567,0.30461930045072216,181.559531055028,11.26,1.427013023756726,1.0596577408934837,0.36735528286324226,-0.8163450730294273,-0.914310424230047,25.742952359057668,TRUE,74.25704764094233
9,2024-01-06,8506.122333333333,3.827015411467745,0.302015412667189,178.74483106384974,13.27,4.14139474940656,2.216172185510815,1.925222563895745,-4.278272364212767,-4.345312658563237,46.48729909583285,TRUE,53.51270090416715
9,2024-01-07,8151.70575,4.005822613474837,0.2998841584046802,176.34137467240902,13.87,4.127035331739144,2.389520806731616,1.737514525007528,-3.8611433889056177,-3.936351019299178,42.100791133167604,TRUE,57.89920886683239
9,2024-01-08,7527.98475,7.4638336324522285,0.28043572935630734,155.77954995219596,12.46,6.567307961477767,3.5422881507597292,3.025019810718038,-6.722266246040085,-6.824795900449698,46.061793180129044,TRUE,53.938206819870956
9,2024-01-09,7820.805416666667,1.158417770493565,0.29165270254782943,170.49785403685806,13.67,1.1100007381066788,0.5760207226063749,0.5339800155003038,-1.186622256667342,-1.573191712173288,48.106275713934224,TRUE,51.893724286065776
9,2024-01-10,8292.209666666668,5.569673497316462,0.435609240460905,351.4417488366654,13.76,8.482495954192803,4.085563243949357,4.396932710243446,-9.770961578318769,-9.865078222508949,51.83536466138945,TRUE,48.16463533861055
9,2024-01-11,8017.595833333333,5.484975286699347,0.4233706743171063,333.4394929968087,12.41,7.7861350563589955,3.7684050534912705,4.017730002867725,-8.928288895261613,-9.035181320308704,51.601082870845076,TRUE,48.39891712915493
9,2024-01-12,8391.885666666667,5.008995492944467,0.40290358792838776,304.226141702233,12.85,7.11496909795449,3.3413693821419987,3.7735997158124914,-8.385777146249982,-8.5747020005094,53.03747161596778,TRUE,46.96252838403222
9,2024-01-13,8670.739916666667,3.0702265164464517,0.3929283785840297,290.4592074009251,14.3,4.431511213099508,2.3513932530386645,2.0801179600608437,-4.622484355690764,-4.711737049035508,46.93924623076736,TRUE,53.06075376923264
9,2024-01-14,7854.610416666666,5.454022594222707,0.3723027691509929,262.9314952979541,12.36,6.660639592737613,3.29212698209534,3.3685126106422736,-7.485583579205053,-7.581871958650054,50.57341061232483,TRUE,49.42658938767517
9,2024-01-15,7858.70425,7.886820288817779,0.3542406263833505,239.8615641018107,11.53,9.13305820641229,4.394682146490864,4.738376059921426,-10.529724577603169,-10.66997449174589,51.88159270237244,TRUE,48.118407297627556
9,2024-01-16,8336.377333333334,3.708643372041833,0.3601874987083307,247.68451083068953,13.06,4.681212178422627,2.3176553722151714,2.363556806207456,-5.252348458238791,-5.389992950551047,50.49027294900091,TRUE,49.509727050999096
9,2024-01-17,7613.914083333333,4.097590412258808,0.37502701702373104,266.5705155660895,11.76,4.863525608925874,2.506703076759732,2.3568225321661425,-5.2373834048136505,-5.32430363166387,48.45913688293819,TRUE,51.54086311706181
9,2024-01-18,7277.551916666666,7.626409028383853,0.34814855417589585,232.31938931330404,10,7.94235960747928,3.8179090168300887,4.124450590649191,-9.165445756998205,-9.291667268121191,51.9297890612409,TRUE,48.0702109387591
9,2024-01-19,7576.8105,7.647986824603086,0.3337024078593612,214.76061520743423,10.96,8.00470715055396,3.952614636492874,4.052092514061086,-9.00465003124686,-9.096168645738247,50.62137112387258,TRUE,49.378628876127415
9,2024-01-20,7047.68875,4.673857827125241,0.31841961214225456,196.99277197452872,10.78,4.318859012979597,2.2970577087866637,2.021801304192933,-4.492891787095407,-4.574428749231346,46.813320326427714,TRUE,53.186679673572286
9,2024-01-21,6314.3395,6.220416245218217,0.29989002962854433,176.32694967175797,8.95,4.7719004914182674,2.4645569964169054,2.307343495001362,-5.127429988891916,-5.219816063340337,48.35271605413531,TRUE,51.64728394586469
9,2024-01-22,6263.134083333333,11.082923693805284,0.28320988263188646,158.62744336924095,8.9,7.957521653687932,3.9049120457363413,4.052609607951591,-9.005799128781314,-9.1329353914271465,50.92803745087391,TRUE,49.07196254912609
9,2024-01-23,6878.720166666667,10.540117512603496,0.2695974501039913,144.80888578485875,11.03,8.045647565445137,4.122493399792576,3.9231541656525604,-8.718120368116802,-8.83146281279558,48.76119832171031,TRUE,51.23880167828969
9,2024-01-24,7331.26125,10.733938302021343,0.25825130998746854,133.75027434289242,13.01,8.478699075748924,4.43833916109888,4.040359914650044,-8.97857758811121,-9.096158496436544,47.65306420894716,TRUE,52.346935791052836
9,2024-01-25,7591.372666666666,13.680049795728516,0.24679068100560453,123.0077237901357,14.88,10.806989905835811,5.729428028633221,5.077561877202591,-11.28347083822798,-11.36966820115039,46.9840531123351,TRUE,53.0159468876649
9,2024-02-09,6635.887189873418,3.3414064292978436,0.26214009253193327,137.59694499074806,13.16,2.411167535065135,1.217222463195333,1.1939450718698021,-2.653211270821783,-2.8254501362776656,49.517300415939324,TRUE,50.482699584060676
9,2024-02-10,6706.343916666667,11.386126880217272,0.2432679466874084,119.78121296242288,13.93,7.738739424924608,3.916772008678834,3.821967416245774,-8.49326092499061,-8.595737637211098,49.38746747223639,TRUE,50.61253252776361
9,2024-02-11,6625.64825,13.273192411450005,0.22950873356292179,107.57619594704212,14.84,8.436300210847651,4.163441809145166,4.272858401702486,-9.495240892672191,-9.623860499702053,50.64848683559547,TRUE,49.35151316440453
9,2024-02-12,6715.77425,7.840688582881343,0.22201998752482338,101.1938744545013,16.04,4.916286762500963,2.3621252571613036,2.5541615053396596,-5.675914456310355,-5.886265441450453,51.95306190886905,TRUE,48.04693809113095
9,2024-02-13,6550.682583333333,5.4253141447470465,0.22684319792881996,105.2479538156074,15.88,3.382243398162928,1.8156790683722104,1.5665643297907175,-3.4812540662015947,-3.5648209695530184,46.31731502947422,TRUE,53.68268497052578
9,2024-02-14,5785.5498333333335,8.19062802103354,0.2120477137923973,92.9747741235766,13.6,4.135168021760087,2.112444791005852,2.0227232307542353,-4.49494051278719,-4.583269715013046,48.91514008887325,TRUE,51.08485991112675
9,2024-02-15,5583.531833333333,14.823032454797904,0.19582552225710506,80.23311098869216,13.4,6.644653197339865,3.2595593686845246,3.3850938286553407,-7.522430730345202,-7.6428346955414845,50.94462762948315,TRUE,49.05537237051685
9,2024-02-16,5520.025666666666,16.834127960878373,0.18533951643660854,72.46438115943725,13.66,7.062705100154157,3.385183276002139,3.6775218241520182,-8.172270720337819,-8.332579175419136,52.06959333572839,TRUE,47.930406664271615
9,2024-02-17,5603.70275,4.735360067168795,0.18705684941672931,73.82976559140965,14.19,2.042975479041875,1.0442875860521594,0.9986878929897155,-2.2193064288660347,-2.3842266145807445,48.883988243367725,TRUE,51.11601175663228
9,2024-02-18,6251.678,1.9048061395429952,0.304619300450722,184.20074411984322,13.66,1.5019766170911628,0.6047227715944681,0.8972538454966947,-1.9938974344370997,-2.171567561926957,59.73820333064717,TRUE,40.261796669352826
9,2024-03-04,5853.069750000001,12.58794534986662,0.19603191835754297,80.36324520050083,17.36,6.045979991522711,2.9352968855624173,3.1106831059602937,-6.912629124356209,-7.09073045327758,51.450436659100696,TRUE,48.54956334089931
9,2024-03-05,5865.961666666667,4.489759788761456,0.19252883005766028,77.74207707966217,17.47,2.123825831976772,1.0971331881577424,1.0266926438190296,-2.2815392084867328,-2.4931169891688336,48.34165911163371,TRUE,51.6583408883663
9,2024-03-06,6926.347666666667,9.01531938558002,0.2400358379504637,116.98181401537215,18.02,6.365795828118101,3.1171910859923666,3.248604742125734,-7.219121649168298,-7.349194032965264,51.032185603195956,TRUE,48.96781439680405
9,2024-03-07,6714.2225,8.747905003057095,0.24034407720330597,117.12064240644816,18.26,5.988507241564898,3.0424701008890382,2.94603714067586,-6.546749201501911,-6.708379170925037,49.19484976536508,TRUE,50.80515023463492
9,2024-03-08,6394.304166666667,10.444791052076548,0.22690778139132012,105.3326390656423,18.39,6.4102370955738,3.1398092381738265,3.2704278573999734,-7.267617460888831,-7.475526718003984,51.0188282997858,TRUE,48.98117170021419
9,2024-03-09,6660.385666666667,4.255528379882829,0.21809213876003505,97.89586385282175,19.4,2.631382498331087,1.269734943615042,1.361647554716045,-3.0258834549245446,-3.2436718461559404,51.74646998601109,TRUE,48.2535300139889
9,2024-03-10,7409.9255,5.22039256340748,0.2591437360147447,134.6568235451669,19.2,4.29354129278048,2.3319589365868234,1.961582356193657,-4.3590719026525715,-4.469136784028321,45.68681706851232,TRUE,54.31318293148768
9,2024-03-11,6318.593083333333,4.719561953890639,0.24233148648115474,119.05396361668758,16.39,3.030570391586536,1.7977032744880481,1.232867117098488,-2.739704704663307,-2.8783420600560734,40.681025608947124,TRUE,59.31897439105287
9,2024-03-12,5760.430166666667,10.036662305031824,0.21685624613673474,96.92146785317436,15.51,5.202070380721273,2.6704810792871165,2.5315893014341566,-5.625754003187016,-5.7971943317365495,48.66503365306543,TRUE,51.33496634693457
9,2024-03-13,5632.5960000000005,10.396462537548606,0.19695573285085954,81.14219904322061,16.19,4.79064101681825,2.4271524802513045,2.3634885365669454,-5.252196747926546,-5.4348457630499345,49.335538360515244,TRUE,50.664461639484756
9,2024-03-16,5696.98125,13.040477319401212,0.16000224985298445,55.2214926427422,18.6,4.988296801500676,2.1827600200749253,2.8055367814257504,-6.234526180946112,-6.470977182110671,56.24237877308613,TRUE,43.75762122691387
9,2024-03-17,5862.138166666667,9.09435579917462,0.1534998694239812,51.15797998456303,19.55,3.453235539921066,1.5722621344976764,1.8809734054233895,-4.179940900940866,-4.313275745555478,54.46988436434268,TRUE,45.53011563565731
9,2024-03-18,5786.225,5.423458098078114,0.14817173376770978,47.90918591281434,19.54,1.9600651225148142,0.9777124462923228,0.98235267622249145,-2.1830059471610923,-2.2129460070816007,50.1183692795935,TRUE,49.8816307204065
9,2024-03-19,4862.6303333333335,3.628027683346954,0.14323403449837205,45.0512443029425,16.33,1.036729887018173,0.7327820697925578,0.3039478172256152,-0.6754395938347005,-0.710087314394914,29.31793720154296,TRUE,70.68206279845704
9,2024-03-20,4348.911083333333,8.885982416719852,0.1327010588869662,39.12753066472824,13.89,2.0582622652341827,1.0544464885049742,1.0038157767292084,-2.230701726064908,-2.299970043702644,48.770061701296235,TRUE,51.22993829870377
9,2024-03-21,4364.995083333333,12.36903261365946,0.12339223345113357,34.21794018919325,14.24,2.679244160586942,1.2181389701248833,1.461105190462059,-3.24690042324902,-3.411607642019508,54.534230659365306,TRUE,45.465769340634694
9,2024-03-23,6277.56,7.282480024324306,0.19023024591503712,76.20744940441716,17.16,3.656679095401475,1.7245959498117371,1.932083145589738,-4.2935181013105295,-4.55591111867717,52.83709877685097,TRUE,47.16290122314903
9,2024-03-24,6017.212916666666,6.305272832583977,0.21133436009296244,92.34995443246456,16.9,3.3573895943125756,1.7703560376967127,1.5870335566158629,-3.52674123692414,-3.646338604676264,47.269865829819125,TRUE,52.73013417018088
9,2024-03-25,5596.852625,12.346348872790111,0.19217278226764253,77.53268472362777,16.41,5.517925642808498,2.534303686576266,2.983621956232232,-6.630271013849405,-6.804372689112329,54.07144186730354,TRUE,45.928558132696466
9,2024-03-28,6427.2535,9.85163413744345,0.20503453688725554,87.52752363731865,18.41,5.4939056323303825,2.3545278561131977,3.139377776217185,-6.976395058260412,-7.090153399490127,57.142914099992225,TRUE,42.85708590000778
9,2024-03-30,5290.4304999999995,6.057173371321766,0.16350737049958955,57.592237219734294,16.07,2.1638676619386983,0.9969274683029681,1.1669401936357302,-2.593200430301623,-2.6221909935680756,53.92844554043663,TRUE,46.07155445956338
9,2024-03-31,5102.394,11.262158963311649,0.14528015601485747,46.25729653791091,16.39,3.4412961132030597,1.3836237866674055,2.0576723265356542,-4.572605170079232,-4.67951924151156,59.79352717254058,TRUE,40.20647282745942
9,2024-04-01,5250.857,15.644000258374753,0.13385475437617528,39.74451320829333,17.53,4.564691571086061,1.700166404166608,2.864525166919453,-6.36561148204323,-6.589721198892629,62.75396973289712,TRUE,37.246030267102874
9,2024-04-02,5448.834083333333,16.389353556169745,0.1276371283045596,36.38557018554404,18.6,4.765902875976936,1.6505253046467647,3.1153775713301712,-6.923061269622603,-7.169597386044666,65.36804572819935,TRUE,34.63195427180065
9,2024-04-04,8770.544,2.702087910613104,0.3467218467770268,230.76801086174154,18,3.5371280398157907,1.9235437008321232,1.6135843389836675,-3.5857429755192616,-3.668492236480851,45.61848824301257,TRUE,54.38151175698743
9,2024-04-05,7809.492583333334,4.113780954661929,0.3032424984546938,180.20664864520825,16.72,4.1469129880764335,2.1883129003002484,1.9586000877761849,-4.352444639502633,-4.433227794581791,47.23031549993267,TRUE,52.76968450006732
9,2024-04-06,7107.5659166666665,4.60952164378756,0.2642017953732878,139.67325533533622,16.39,3.6588236497093507,1.9379649695238492,1.7208586801855015,-3.824130400412226,-3.9093386329119113,47.033113506910965,TRUE,52.966886493089035
9,2024-04-07,6433.885333333334,5.197047832810169,0.22878363741575972,107.08529074271445,15.99,3.206866769415555,1.5855150725455915,1.6213516968699635,-3.6030037708221414,-3.666686999521005,50.55874825649373,TRUE,49.44125174350627
9,2024-04-08,6129.972333333333,2.3142951743354927,0.2014795108378097,84.64077340449482,16.55,1.196818052604787,0.5011185672131808,0.6956994853916061,-1.5459988564257914,-1.5950798482144075,58.129093547466724,TRUE,41.870906452533276
9,2024-04-10,5964.797333333333,0.2408515208717039,0.16498985452516396,58.47847935044006,18.49,0.09978742907886698,0.14663274390161563,-0.04684531482274863,0.10410069960610809,-0.03998867363392214,0,TRUE,100
9,2024-04-19,5996.8755,14.772685977537774,0.1030777988828705,24.572609988970182,20.66,3.8737370144262413,1.3107159556426442,2.563021058783597,-5.695602352852439,-5.818358367356606,66.16404389969202,TRUE,33.83595610030798
9,2024-04-20,6020.054416666667,15.408168984438708,0.09260059989816952,20.16287475994703,21.17,3.650321226148347,1.1197628836170814,2.5305583425312657,-5.623462983402813,-5.8081465470622895,69.32426451689008,TRUE,30.675735483109914
9,2024-04-21,5946.163916666666,8.775565553383409,0.08661782278110003,17.80436309838,20.97,1.9178873377565937,0.5554597002388477,1.362427637517746,-3.027616972261658,-3.1430626402366406,71.03793902260263,TRUE,28.962060977397368
9,2024-04-22,5463.702833333333,4.630173916518671,0.08650333391575867,17.74589318347116,19.59,0.9183356179088126,0.30176401219453486,0.6165716057142777,-1.370159123809506,-1.3952779581670909,67.14011671662081,TRUE,32.85988328337918
9,2024-04-23,4939.777666666667,11.649782697291087,0.0807465989174401,15.650849974202924,17.46,1.9179403235882742,0.5369510787755849,1.3809892448126893,-3.068864988472643,-3.241592120959498,72.00376507174096,TRUE,27.996234928259042
9,2024-04-24,4934.640916666666,10.847621993124132,0.07420899114525507,13.414600912033091,17.35,1.6387195194436446,0.4561966944921061,1.1825228249515385,-2.627828499892308,-2.7977172432960074,72.1613925336663,TRUE,27.8386074663337
9,2024-04-25,5221.656416666667,9.564122796197738,0.06678189295772527,11.034849924792868,17.99,1.3862998089187026,0.3596664813827668,1.0266333275359358,-2.281407394524302,-2.469760944893691,74.0556495017263,TRUE,25.944350498273703
9,2024-04-26,5612.836833333334,6.146721588498446,0.06073746799008751,9.274061569698407,19.14,0.879977933727463,0.2407817397274178,0.6391961940000452,-1.4204359866667673,-1.525773594599485,72.63775255050997,TRUE,27.362247449490027
9,2024-04-27,5885.537666666667,5.097310512198559,0.060449778020768175,9.146651625860809,19.57,0.7655524360642462,0.19323822349618114,0.572314212568065,-1.2718093612623669,-1.3424785491738047,74.75832948953423,TRUE,25.241670510465767
9,2024-04-28,5883.660416666667,4.918405429367743,0.05950744659065077,8.92618577252455,19.77,0.7273975233286193,0.19591999190952392,0.5314775314190954,-1.1810611809313232,-1.236497449752298,73.06562290548077,TRUE,26.934377094519245
9,2024-04-29,5991.3345,4.588616798309659,0.05119672921164018,6.773899534263932,19.47,0.5947680785795981,0.13828643262428386,0.45648164595531426,-1.0144036576784763,-1.1057752185080378,76.74952008948864,TRUE,23.250479910511356
9,2024-04-30,6552.158,3.053949328261804,0.044342075350817516,5.202156345318084,20.36,0.37845912584945257,0.08869625445141988,0.2897628713980327,-0.6439174919956283,-0.7020719195187782,76.56384840705297,TRUE,23.43615159294703
9,2024-05-01,6919.63125,2.6235586369199684,0.040073695601936764,4.329174102708031,20.94,0.31199006857522465,0.0661621580591881,0.24582791051603656,-0.5462842455911924,-0.6034484962828256,78.79350507491056,TRUE,21.206494925089444
9,2024-05-02,6993.135583333334,2.082508418669006,0.03625152886669402,3.6169116178711636,21.48,0.22691827796961553,0.041690221420066204,0.18522805654954932,-0.411617903443443,-0.44783625542638944,81.62764948108388,TRUE,18.372350518916132
9,2024-05-03,7452.265866666667,1.7675714218887877,0.02877452527632332,2.3809466044822876,22.06,0.16382123779745736,0.02378177518695851,0.14003946261049885,-0.3111988058011086,-0.34820962907779096,85.48309394636523,TRUE,14.516906053634775
9,2024-05-04,3075.8478,2.0109764102732597,0.029446780408712268,2.462084812824237,22.21,0.07202928791679612,0.08423336108573344,0.15626264900252956,-0.34725033111673237,-0.3819899749661192,100,TRUE,100
9,2024-05-05,6420.431913043478,0.5444560447996513,0.04210807467069479,5.616387376950729,21.99,0.0629936620830194,0.018750115765526598,0.081743777848546,-0.18165283966343557,-0.25804825162191497,100,TRUE,29.765082939321427
9,2024-05-06,9232.353,2.2881532430477276,0.0515578094792553,6.972260353718035,22.11,0.4762607142383159,0.18569642113495782,0.2905642931033581,-0.6456984291185736,-0.677136321261611,61.0095026561361,TRUE,38.9904973438639
9,2024-05-11,9367.318133333334,0.9653730020119204,0.016982172146162513,1.0525451607357856,22.88,0.06733321048788106,0.024015988448280505,0.043317222039600554,-0.09626049342133458,-0.12380302977988145,64.33262535045316,TRUE,35.667374649546844
9,2024-05-14,8598.481833333333,1.1120413889620036,0.08305692550779044,16.57836209208814,21.66,0.34562031867258775,0.1396446153622362,0.20597570331035153,-0.45772378513411455,-0.4712716040153321,59.59594739725819,TRUE,40.40405260274181
9,2024-05-15,8223.968166666667,0.4180170390770683,0.09550685571068114,22.23553478628,22.55,0.1428926847934552,0.05455891431531146,0.08833377047814375,-0.19629726772920836,-0.20995421497636343,61.81825935024326,TRUE,38.18174064975675
9,2024-05-16,7863.74425,3.397693630470801,0.10344768598628098,24.842038207273998,22.62,1.2001508322868568,0.4744160739107146,0.7257347583761422,-1.6127439075025385,-1.6246205962630182,60.47029580384269,TRUE,39.52970419615731
9,2024-05-17,7318.541833333334,5.167526582952166,0.0815626990344889,15.95964990141177,22.47,1.3331910403006968,0.4451982188299609,0.8879928214707359,-1.97331738104608,-2.0059907362665848,66.60656984841812,TRUE,33.393430151581875
9,2024-05-18,7401.753333333333,9.190784215353172,0.07139961052649371,12.44771879677259,23.09,2.1040840076329492,0.6121322227458581,1.4919517848870911,-3.3154484108602027,-3.3980830920537146,70.90742477366699,TRUE,29.092575226333008
9,2024-05-19,7175.267083333333,2.7675106482896634,0.06053784637872313,9.271367926389381,23.14,0.5198270866066701,0.12552819971003715,0.39429888689663295,-0.8762197486591844,-0.904341212500086,75.85193173955963,TRUE,24.148068260440365
9,2024-05-20,7166.232,3.804411862422132,0.05282305822187397,7.152239204035284,22.82,0.6221892593127851,0.15093497132169303,0.4712542879910921,-1.0472317510913158,-1.087798892168601,75.7413087637671,TRUE,24.258691236232906
9,2024-05-21,7072.300416666667,2.1505766123093975,0.04560145286957244,5.529931884394621,22.03,0.29878096163838086,0.07179089690782897,0.2269900647305519,-0.5044223660678931,-0.5446767219804955,75.97206444675729,TRUE,24.027935553242706
9,2024-05-22,7796.4650833333335,1.712161784862282,0.036844522476923644,3.7514981189445438,22.8,0.2135526973677496,0.05304492085509549,0.1605077765126541,-0.356683947805898,-0.3893691017661695,75.16073479336616,TRUE,24.839265206633844
9,2024-05-23,7909.592583333333,1.202342793688193,0.02791145536836505,2.322514402083725,23.19,0.1154610864421754,0.02590101475335245,0.08956007168882295,-0.1990223815307177,-0.23207991405781905,77.56732111963622,TRUE,22.43267888036378
9,2024-05-24,8380.209,0.9094249241657096,0.01612203785013637,1.0439479616059348,23.61,0.05366989944156951,0.014960238537082553,0.03870966090448696,-0.0860214686766377,-0.11246940650181445,72.1254582312572,TRUE,27.8745417687428
9,2024-07-29,11088.233333333334,0.9705308008306036,0.14969712289074938,48.94866712790312,25.38,0.715721773066129,0.4212618357255976,0.29445993734053144,-0.6543554163122921,-0.7341920220076147,41.141676615352154,TRUE,58.858323384647846
9,2024-07-30,10315.3915,2.235043376591922,0.14281130638018846,44.84296904279717,25.92,1.460277671725564,0.8070273148476286,0.6532503568779355,-1.4516674597287458,-1.4652452683913229,44.734667216133644,TRUE,55.26533278386636
9,2024-07-31,10207.441833333332,1.7895151054829452,0.10313944673343908,25.03559937522081,26.08,0.8354885481797583,0.45805902670098886,0.3774295214787694,-0.838732269952821,-0.859768106165102,45.174709132884985,TRUE,54.82529086711502
9,2024-08-01,10854.6735,1.4210274717723697,0.06644429758556498,11.200467795107661,26.42,0.4560310485723608,0.24449951027131542,0.2115315383010454,-0.4700700851134343,-0.4978476255462,46.385336911436326,TRUE,53.614663088563674
9,2024-08-05,8254.670857142857,0.19630563256247016,0.6461660062714063,815.8159616004059,24.88,0.4583573306833044,0.7402585511599002,1.1986158818432047,-2.663590848540455,-2.693126402314367,100,TRUE,100
9,2024-08-24,20376.670363636364,4.553106935677764,0.1966181374786993,80.84241749766865,24.97,8.24294605776058,5.585120776570841,2.6578252811897385,-5.9062784026438635,-5.9847665695170695,32.24363307203067,TRUE,67.75636692796932
9,2024-08-27,16680.832,5.440955571180606,0.2547520605647271,130.55264307594183,25.4,10.409077981029895,6.238657250069445,4.17042073096045,-9.267601624356557,-9.47524533207054,40.0652270889013,TRUE,59.934772911098705
9,2024-08-28,16171.922333333334,4.596406926348845,0.2625637239153265,137.95373010386783,25.63,8.783906817677865,5.269934478237661,3.513972339440204,-7.808827420978232,-7.886527383556904,40.004663213961166,TRUE,59.995336786038834
9,2024-08-29,15422.970833333333,3.968546740014335,0.23788697001636416,115.02401139321861,25.81,6.547187272815886,3.9012979345311822,2.645889338284704,-5.879754085077121,-5.953854954517532,40.41261121811063,TRUE,59.58738878188937
9,2024-08-30,14753.7485,5.957442991444736,0.21987111959072386,99.37279830112244,25.63,8.675277409500485,5.064991140502725,3.61028626899776,-8.022858375550578,-8.117133480245922,41.6158019920384,TRUE,58.38419800796161
9,2024-08-31,13893.585166666668,4.902236747163675,0.2041274328003201,86.69215991024478,25.56,6.228760744127079,3.6570213440964405,2.571739400030639,-5.714976444512531,-5.791556037250276,41.28813909661658,TRUE,58.71186090338341
9,2024-09-03,11489.042833333333,1.548379234215126,0.15854031511093336,54.316889636594475,25.66,1.2555507072244891,0.8052297430405154,0.4503209641839737,-1.000713253742164,-1.008941265272262,35.86640998191541,TRUE,64.13359001808459
9,2024-09-04,10970.7975,3.9786650498408234,0.15096643632681217,49.59735939686599,25.65,2.9281715331176423,1.6423482327514471,1.2858233003661952,-2.8573851119248785,-2.8684874618932725,43.912157666431895,TRUE,56.087842333568105
9,2024-09-05,10915.620499999999,6.303933820851537,0.14873243564668945,48.2437587354833,25.55,4.545902882878041,2.4483755259834443,2.0975273568945965,-4.661171904210215,-4.675472150467158,46.14105076452135,TRUE,53.85894923547865
9,2024-09-09,3762.948,8.160236355970754,0.20280934304292858,85.61649124905995,25.22,2.5527801183258996,1.449640812138246,4.002420930464146,-8.894268734364768,-8.97845363419908,100,TRUE,56.78674797455385
9,2024-09-13,11465.3832,6.4612072994845064,0.25082669577926575,126.76530600400645,24.44,8.248375651475369,3.984046393381825,4.264329258093544,-9.476287240207876,-9.631274657847737,51.699018549558815,TRUE,48.300981450441185
9,2024-09-14,13120.652666666667,6.565911699450832,0.2576524451533751,133.16954189777016,24.64,9.90526126701475,5.482886371447589,4.4223748955671605,-9.827499767927025,-9.916476204437824,44.64672638463354,TRUE,55.35327361536646
9,2024-09-15,12468.422333333334,6.838270697062154,0.250043339026072,126.00758656052705,24.75,9.49966176956233,5.066268899440822,4.433392870121508,-9.851984155825573,-9.981878567763442,46.66895493402144,TRUE,53.33104506597856
9,2024-09-16,12407.0335,5.474624044031669,0.2503868056220962,126.32900098360288,24.43,7.571358389009553,4.0564050385148995,3.5149533504946526,-7.811007445543673,-7.893939543301716,46.424342501035156,TRUE,53.57565749896484
9,2024-09-17,12426.618333333334,5.543501572516901,0.23292872146350346,110.58275330715247,24.04,7.137221658533288,3.8747571288177785,3.2624645297155093,-7.249921177145577,-7.327850275545153,45.710567582203296,TRUE,54.289432417796704
9,2024-09-18,12099.459666666668,8.477604361997921,0.2172525537475316,97.17818844973917,24.38,9.9107137836165915,5.14759003375511,4.763123749861482,-10.584719444136628,-10.787223476785394,48.06035018118882,TRUE,51.93964981881119
9,2024-09-19,12248.533666666666,5.911682494838302,0.23380646943112074,111.33031649710709,24.54,7.535363353897246,3.868235418434585,3.667127935462661,-8.149173189917025,-8.239638350941215,48.665575410720486,TRUE,51.33442458927951
9,2024-09-20,11900.735333333334,3.3914113667342294,0.2261621359606356,104.77144542142587,24.77,4.060717337481533,2.224231272547085,1.8364860649344477,-4.081080144298773,-4.147996890422727,45.225656264797806,TRUE,54.77434373520219
9,2024-09-21,11149.638666666668,6.095160789903514,0.20044911104973742,83.78632534466811,24.52,6.041607688529073,3.162072731195269,2.879534957333804,-6.398966571852898,-6.477133879720946,47.66173352832967,TRUE,52.33826647167034
9,2024-09-22,10468.581833333334,7.074678705999098,0.18872721260594025,74.96680068636822,23.76,6.172266619114306,3.1415177554456672,3.030748863668639,-6.734997474819198,-6.821604729380222,49.10268869920493,TRUE,50.89731130079506
9,2024-09-24,9803.915833333334,4.952887785977448,0.16608190216380445,59.18486165560233,24.01,3.553163861243146,1.851463999308013,1.7016998619351331,-3.781555248744741,-3.7959176479135377,47.89252419503555,TRUE,52.107475804964444
9,2024-09-25,9491.3695,4.8450153638781055,0.1596529120330967,55.015212162268824,24.3,3.2321160332508265,1.6744619159720282,1.5576541172787983,-3.4614535939528857,-3.4810611420553403,48.1930135321326,TRUE,51.8069864678674
9,2024-09-27,11788.397333333334,4.070303314457164,0.24231974403342738,119.29547344642425,25,5.173381669298627,2.453143657394387,2.7202380119042404,-6.0449733597872015,-6.134335906377717,52.58142904954144,TRUE,47.41857095045855
9,2024-09-28,12207.950333333334,7.889982754793285,0.24499408650332438,121.33251465148112,24.66,10.50497886769853,5.192409749348545,5.312569118349985,-11.805709151888856,-11.9326073372544,50.57191628138784,TRUE,49.42808371861216
9,2024-09-29,12138.239333333333,5.757702261102582,0.22993439729303702,108.00275845464432,24.68,7.152538873441342,3.56451077080777,3.5880281026335723,-7.973395783630162,-8.072022399010576,50.16439849011605,TRUE,49.83560150988395
9,2024-09-30,12232.191333333332,3.6451294438993016,0.2229094779401679,102.06473450802164,24.5,4.4232091231193005,2.179495094377874,2.2437140287414263,-4.986031174980948,-5.2382937755446,50.7259314739144,TRUE,49.2740685260856
9,2024-10-01,13505.046666666667,5.158342882132208,0.2409722981567176,117.69757987773433,24.91,7.502972460806826,4.002281060728173,3.5006914000786535,-7.779314222397009,-7.8603568150900625,46.65739369783332,TRUE,53.34260630216668
9,2024-10-02,15124.227,4.660064340014134,0.22388997232539895,102.79213862779687,24.96,7.077930064196677,4.239905403803078,2.8380246603935984,-6.306721467541331,-6.381442748454148,40.096816931684465,TRUE,59.903183068315535
9,2024-10-03,16892.861333333334,5.932823241399396,0.20683113138953546,88.7819922181436,24.76,9.321633924275137,6.045323821302965,3.2763101029721713,-7.280689117715937,-7.364566923746819,35.14738005791127,TRUE,64.85261994208872
9,2024-10-04,18652.540833333333,5.014806908214673,0.19368252554686924,78.65121204583511,24.88,8.16886360145162,5.656446311505647,2.5124172899459727,-5.583149533213273,-5.655527311727146,30.756019594934997,TRUE,69.243980405065
9,2024-10-05,16636.063,8.274660364977445,0.18499311422865242,72.20163861974548,24.95,11.452078026829467,7.421828236126232,4.030249790703235,-8.95611064600719,-9.03102581394387,35.19230118115968,TRUE,64.80769881884032
9,2024-10-06,17493.877333333334,0.860968324012538,0.27722710551481705,158.42899447139797,24.38,1.8776847061480317,1.1899727999723049,0.6877119061757268,-1.528248680390504,-1.5901758856715031,36.62552631567897,TRUE,63.374473684321025
9,2024-10-07,18426.645666666667,4.6884907636733395,0.35110471539124877,235.91316989419522,23.82,13.639599181136445,8.96246622793921,4.677132953197234,-10.393628784882743,-10.491850861014989,34.29083869022856,TRUE,65.70916130977143
9,2024-10-08,15464.083833333334,3.242551883887193,0.3299477601985506,210.45801337790212,23.35,7.39765592995229,4.510956837380892,2.8866990925713973,-6.414886872380884,-6.491051658610078,39.02180798762852,TRUE,60.97819201237147
9,2024-10-09,12397.211833333333,1.7608403684932918,0.3368904824173285,220.62034978956672,23.33,3.2653115045654486,1.704532662817825,1.5607788417476236,-3.4683974261058306,-3.9010755500348298,47.79877324308554,TRUE,52.20122675691446
9,2024-10-10,12241.1265,3.979245048311136,0.48006908316846925,420.83735708311843,22.66,10.360739095325199,4.731514747419378,5.629224347905821,-12.509387439790716,-12.617059531368035,54.3322662226457,TRUE,45.66773377735429
9,2024-10-11,13527.734166666667,4.430423620542955,0.4568571996234902,383.7757911733734,21.84,12.146183009932269,5.995742315679833,6.150440694252436,-13.667645987227637,-13.820807693713242,50.63681890206208,TRUE,49.363181097937925
9,2024-10-12,14682.427,4.277298407541309,0.44247563676945534,361.7494753678763,21.19,12.335189903898373,6.3608864854663505,5.974303418432022,-13.276229818737828,-13.391408981706292,48.43300723358886,TRUE,51.56699276641113
9,2024-10-13,15344.4075,4.0313407231832015,0.4265029722483688,337.9968900927279,21.24,11.728104578248951,6.223358354007789,5.5047462242411624,-12.232769387202584,-12.318979059216057,46.93636714708627,TRUE,53.06363285291372
9,2024-10-14,7105.192,3.737198249975584,0.3988553790743944,298.7693148225093,20.92,4.549411978537605,0.20448344533463914,4.753895423872244,-10.564212053049433,-10.65011033071046,100,TRUE,4.494722533358471
9,2024-10-25,16032.620666666666,6.706175656120119,0.18907045338566197,75.2132205206144,19.87,9.009727814842234,6.184455101950894,2.825272712891341,-6.278383806425203,-6.355845812263953,31.358025136309994,TRUE,68.64197486369001
9,2024-10-27,12904.563166666667,3.875411631500718,0.1660378679848271,59.17162697199592,19.9,3.6564856600215037,2.403642307654854,1.2528433523666493,-2.7840963385925543,-2.7969364968985886,34.263592663981115,TRUE,65.73640733601889
9,2024-10-28,9440.5795,5.2016636316599785,0.15681123968308544,53.214072652343404,20.29,3.352988569580333,1.757186794880116,1.595801774700217,-3.5462261660004826,-3.5595720863017988,47.59341529458153,TRUE,52.40658470541847
9,2024-10-29,8355.7445,4.104312517584492,0.1542689997501205,51.6258495839068,20.12,2.288436095234564,1.0667341397290822,1.221701955505482,-2.714893234456627,-2.773968957195105,53.38588908161134,TRUE,46.61411091838867
9,2024-10-30,8618.295666666667,3.792632796418933,0.15344702840920837,51.12881387611438,20.77,2.177367532357871,1.0617571102546521,1.1156104221032188,-2.4791342713404863,-2.4894590389684117,51.23666103788755,TRUE,48.763338962112456
9,2024-10-31,8206.490166666666,7.190124546264813,0.14591424819213267,46.59582166051249,20.64,3.726560988891932,1.6840474130946328,2.042513575797299,-4.538919057327332,-4.556231859095441,54.80961084188849,TRUE,45.190389158111515
9,2024-11-01,7949.154833333333,5.616583233895493,0.14022503226824634,43.298155403588126,20.41,2.7031215885824587,1.2233035836344623,1.4798180049479963,-3.288484455439992,-3.306813260658437,54.744781411184185,TRUE,45.25521858881582
9,2024-11-02,7879.872333333334,14.454883007977656,0.13505248404436201,40.376477804248665,20.52,6.640742316696375,2.8140730406613756,3.8266692760349996,-8.5037095023,-8.56960193051519,57.624119315906306,TRUE,42.375880684093694
9,2024-11-03,7752.0815,9.008785786747586,0.1314974579949159,38.45061793072656,21.04,3.966946193987576,1.6738910496411923,2.2930551443463836,-5.09567809854752,-5.121857109757881,57.80403948563274,TRUE,42.195960514367265
9,2024-11-04,7677.973666666667,18.80070518630843,0.12462812607443391,34.80982738548297,21.61,7.779668694428683,3.1125796773848498,4.667089017043833,-10.371308926764074,-10.44728962817178,59.99084537348117,TRUE,40.00915462651882
9,2024-11-05,5546.38,10.05985079483267,0.11968749119316413,32.31725293581806,21.48,2.8222636922699538,0.4876197431350051,2.3346439491349487,-5.188097664744331,-5.21938248115912,82.72238896490883,TRUE,17.277611035091173
9,2024-11-06,2528.6,2.4978174641445245,0.11823436328690826,31.592526362933977,22.37,0.2852720098609494,0.28471739076610997,0.5699894006270594,-1.2666431125045765,-1.298557995416199,100,TRUE,99.80558236501724
9,2024-11-07,8524.22,2.3593426677772147,0.1258170489068251,35.469627042657926,22.84,1.104169097075925,0.5090579884396869,0.5951111086362382,-1.3224691303027516,-1.364018433269994,53.896736488298686,TRUE,46.103263511701314
9,2024-11-08,8692.3,14.159598688306064,0.13201412569491788,38.70936731075923,22.84,7.097308000989296,3.0985924013364934,3.9987155996528023,-8.886034665895117,-8.938415900120361,56.34130009709908,TRUE,43.65869990290093
9,2024-11-09,3507.1653333333334,9.394478432359636,0.1277927157369467,36.46183499930633,22.41,1.698539322405681,0.749474219059076,2.448013541464757,-5.440030092143905,-5.458508129537894,100,TRUE,44.12463162746082
9,2024-11-11,5064.358,16.98212059244915,0.13139177596537013,38.373752135378716,22.04,4.745571837717281,0.18984489724360998,4.555726940473671,-10.123837645497048,-10.16753114049417,95.99953590977711,TRUE,4.0004640902228825
9,2024-11-12,3193.734,4.385606216649226,0.12533267293807332,35.19668930693907,22.27,0.6983983567486041,0.357833684465483,1.056232041214087,-2.347182313809083,-2.361008264564119,100,TRUE,51.236329668840995
9,2024-11-22,4753.3035,7.709948382091342,0.0767954910734997,14.243557740731235,13.79,1.1394001433450929,0.45378779086346954,0.6856123524816233,-1.5235830055147186,-1.5382719630723702,60.173096912975396,TRUE,39.826903087024604
9,2024-11-23,4549.044,14.45962366065912,0.0734281183713884,13.11629385198992,12.24,1.9327319822099818,0.7697409491270322,1.1629910330829496,-2.5844245179621104,-2.608373330523039,60.173425171612664,TRUE,39.826574828387336
9,2024-11-24,4387.2775,14.947564699164616,0.06795907334238935,11.38097029553794,12.02,1.7747953629234754,0.6737669596315188,1.1010284032919566,-2.446729785093237,-2.4798673944567877,62.03692134276948,TRUE,37.96307865723052
9,2024-11-25,4427.916166666667,17.517901721715372,0.0650322682463546,10.484479339996781,12.33,2.0137808311845204,0.7478670671478913,1.2659137640366291,-2.813141697859176,-2.860004733191486,62.86253918168491,TRUE,37.1374608183151
9,2024-11-26,4589.8845,7.271106350898297,0.061395045062817385,9.425926934368652,13.2,0.8243886184281414,0.288141104641227,0.5362475137869144,-1.1916611417486986,-1.216684529460629,65.04790359786571,TRUE,34.95209640213429
9,2024-11-27,5165.659333333333,6.390518952021859,0.058462368742919255,8.604312111030382,15.48,0.7933618574924598,0.2629145807991661,0.5304472766932937,-1.1787717259850972,-1.2043025893482209,66.86069813966765,TRUE,33.13930186033236
9,2024-11-28,5631.774333333334,10.585240311453376,0.05621369000313776,7.9997766432030035,17.29,1.398114832869948,0.43704798838153047,0.9610668444884175,-2.13570409886315,-2.1657849233904227,68.74019371610626,TRUE,31.25980628389374
9,2024-11-29,5612.422833333333,4.993943815741383,0.05716776388098229,8.25086707370191,17.57,0.6690365884627858,0.2572695984873279,0.4117669899754579,-0.9150377555010176,-0.9306982588561404,61.546258766139495,TRUE,38.453741233860505
9,2024-11-30,4496.484166666667,4.472989794280838,0.05688594513552655,8.189127730703134,13.22,0.45940804148069114,0.2298585054005028,0.22954953608018835,-0.5101100801781964,-0.5228331117946527,49.96637310490707,TRUE,50.03362689509294
9,2024-12-01,3720.9896666666664,6.888148128188335,0.052843607505396725,7.151875669807664,10.51,0.5252558578396647,0.23422846460275942,0.29102739323690524,-0.6467275405264562,-0.6569766791129142,55.40678678651536,TRUE,44.59321321348464
9,2024-12-02,3509.5561666666667,7.894645024287023,0.0495674645894746,6.357881781766552,9.54,0.5260179290079282,0.23320381673640422,0.292814112271524,-0.6506980272700533,-0.6592620752920282,55.66618476746078,TRUE,44.33381523253922
9,2024-12-03,3422.5933333333332,8.257951561169353,0.04574823346616397,5.478508308902577,8.87,0.4919366689351021,0.22769083723463074,0.26424583170047133,-0.5872129593343808,-0.5955283259743659,53.71541671664478,TRUE,46.28458328335521
9,2024-12-04,3317.7131666666664,8.822765746830026,0.04393696090422475,5.0817742706448925,8.33,0.48587569585942364,0.216667353160985,0.26920834269843863,-0.5982407615520859,-0.6063929746358436,55.40683450368086,TRUE,44.59316549631913
9,2024-12-05,3531.0578333333333,4.551995662023888,0.042290082610468134,4.735287575657437,9.02,0.25991859785516047,0.09085379862623752,0.16906479922892295,-0.37569955384205106,-0.3897152879582076,65.045287495408175,TRUE,34.954712504591825
9,2024-12-06,4335.4605,9.098694688162368,0.04365514215876915,5.016672181056723,11.88,0.6844489905541015,0.25716569912935383,0.42728329142474764,-0.9495184253883282,-0.962324419845685,62.42733897216166,TRUE,37.57266102783834
9,2024-12-07,3793.6175000000003,5.3017533762464355,0.04350249033831408,4.9956900261282495,9.82,0.3390127929368107,0.16625813033189227,0.17275466260491842,-0.3838992502331521,-0.3923029621839647,50.95815444260197,TRUE,49.041845557398034
9,2024-12-08,3720.742166666667,12.633924642682992,0.0400913092735277,4.290358937069734,9.32,0.7266616391482513,0.25616640029582105,0.4704952388524303,-1.045544975227623,-1.055172093252933,64.7474991804874,TRUE,35.252500819512605
9,2024-12-09,4346.197166666667,6.399030905486604,0.03835342700988441,3.953090205671682,11.33,0.422947137914376,0.13837532115025714,0.28457181676411886,-0.6323818150313754,-0.6474788340698664,67.28306950305674,TRUE,32.716930496943256
9,2024-12-10,5147.973666666667,7.435742678702865,0.037372932624652945,3.774702193957421,13.81,0.5835568976457866,0.16542246809094974,0.4181344295548368,-0.9291876212329708,-0.9488193427022792,71.65272679351318,TRUE,28.347273206486815
9,2024-12-11,6457.678666666667,1.8246905002444311,0.05377419648778689,7.657145634834644,15.73,0.2653993277426262,0.11681207205047384,0.14858725569215236,-0.3301939015381164,-0.3361706340619965,55.986296934499556,TRUE,44.013703065500444
9,2024-12-12,4822.115666666667,3.728359885137507,0.06597459967647219,10.766995706440637,12.16,0.47720619260808345,0.23812216066798217,0.23908403194010128,-0.5312978487557807,-0.5450216296277428,50.100781516147364,TRUE,49.899218483852636
9,2024-12-13,4315.3925,11.54879839922306,0.05522822765925247,7.76765308804188,10.89,1.0882280454377793,0.3852893346865994,0.7029387107511799,-1.562086023891511,-1.6030046212067235,64.59479827763465,TRUE,35.40520172236535
9,2025-01-03,4903.8225,10.56377395756043,0.050095874737204116,6.4864652918539845,10.48,1.0373077780814286,0.35132848419762386,0.6859792938838047,-1.5243984308528995,-1.541689391492189,66.13073847306633,TRUE,33.86926152693367
9,2025-01-04,4688.0886666666665,5.480710326864641,0.049479396231519805,6.326829333090929,9.6,0.5038176226479496,0.20624055675733793,0.29757706589061167,-0.6612823686458038,-0.6749852763863888,59.06444167764816,TRUE,40.93555832235184
9,2025-01-05,4461.3651666666665,12.055579291112116,0.0456660363320727,5.460542487447648,9.14,0.9663029977966401,0.3196777359338312,0.6466252618628089,-1.4369450263617978,-1.4566408614175623,66.91744342480992,TRUE,33.08255657519008
9,2025-01-06,5127.6675,3.942394570729383,0.04598014680877825,5.52255245029455,10.98,0.3739680636706481,0.1077572811752796,0.2662107824953685,-0.5915795166563745,-0.6246997289500866,71.185432221779,TRUE,28.814567778221015
9,2025-01-07,5035.938166666667,3.2895305698298007,0.04698412608946413,5.744922274072612,10.53,0.3119564182280904,0.14212899700150608,0.1698274212265843,-0.3773942693924096,-0.39090795027382913,54.439470164198745,TRUE,45.56052983580126
9,2025-01-08,4408.8133333333335,5.593068234427171,0.04466499266331864,5.235449528074901,7.9,0.4302228433678915,0.18049367027773,0.24972917309016152,-0.5549537179781368,-0.5665355811291383,58.04646985623064,TRUE,41.95353014376936
9,2025-01-09,4123.3115,6.859302124069454,0.04270987511671976,4.821232860527759,7.06,0.46656371959901627,0.19042538887096805,0.2761383307280482,-0.6136407349512183,-0.625611608192734,59.18555582619512,TRUE,40.81444417380488
9,2025-01-10,4299.863166666667,10.279469974589828,0.041473982493419645,4.564506056787563,6.95,0.7109939478387958,0.2295235789332285,0.48147036890556727,-1.069934153123483,-1.0960612992433096,67.71792789081961,TRUE,32.2820721091804
9,2025-01-11,5371.8425,4.867271474714018,0.051804400881528906,6.917612406757074,10.01,0.5446118179926688,0.18675985496584957,0.3578519630268192,-0.7952265845040427,-0.8093028376681884,65.7077116588822,TRUE,34.29228834111778
9,2025-01-12,4565.050666666667,3.5158759379424422,0.05306084278835215,7.199824931461915,8.43,0.334710686447723,0.15529936850462142,0.17941131794310158,-0.3986918176513369,-0.4160632003208587,53.60190911356607,TRUE,46.398090886433934
9,2025-01-13,4561.2283333333335,8.53945608710681,0.05041292082584174,6.543808105527601,8.93,0.7735206186661914,0.22884561275831428,0.5446750059078771,-1.2103889020175047,-1.2412636159828914,70.41505976234728,TRUE,29.584940237652713
9,2025-01-14,4695.7335,5.776076772593753,0.05406775768097008,7.44225609821482,9.4,0.5806863858887673,0.23492471602677462,0.3457616698619927,-0.7683592663599839,-0.7853384778192859,59.54361567006406,TRUE,40.45638432993594
9,2025-01-15,4484.7775,5.71860402967625,0.05026614022925011,6.511656289270948,9.13,0.5074421213596705,0.19332467492729938,0.3141174464323711,-0.6980387698497136,-0.7221356030281482,61.902123061977235,TRUE,38.09787693802276
9,2025-01-16,4681.876666666667,13.035084877195237,0.045710070511050103,5.4715165845112885,9.29,1.10371087071218,0.3712840246334306,0.7324268460787495,-1.6276152135083324,-1.650525774921838,66.36039070686547,TRUE,33.63960929313453
9,2025-01-17,4953.515166666667,11.302262055968717,0.04197010090989869,4.676143714840042,8.93,0.9331023097939749,0.33595100893056684,0.5971513008634081,-1.3270028908075735,-1.3414392233627943,63.99633722857857,TRUE,36.00366277142143
9,2025-01-18,5450.4345,1.0963474573053276,0.04108354610648619,4.576824976189885,10.17,0.09890740980298443,0.037380946763430394,0.06152646303955404,-0.1367254734212312,-0.1643517552425328,62.20612101975957,TRUE,37.79387898024043
9,2025-01-31,6567.794,1.0912842211184932,0.1569257285484266,53.296728385314026,13.61,0.4672186247473599,0.4452379469912837,0.021980677756076206,-0.04884595056905824,-0.04952812485662383,4.704580809029577,TRUE,95.29541919097042
9,2025-02-01,6835.391833333333,0.9200167030875648,0.1476139675006622,47.59265152390067,15.24,0.3894973589487243,0.4896835358316865,-0.10018617688296222,0.22263594862880495,0.22065395172216493,0,TRUE,100
9,2025-02-03,6027.644,2.0560343932137353,0.1292399724193387,37.24262917821082,14.8,0.6648229074465749,0.6692165414223826,-0.004393633975807774,0.00976363105735061,0.00568376748790055,0,TRUE,100
9,2025-02-27,5641.331,12.55847995157713,0.14080357363511928,43.624766576987454,14.95,4.12199088929575,2.179070551890943,1.9429203374048074,-4.317600749788461,-4.530179532981606,47.13548354631999,TRUE,52.86451645368002
9,2025-02-28,5470.272666666667,5.5880737270014835,0.13403969792788065,39.840023633487526,15.51,1.6929330427440747,1.0828265876951915,0.6101064550488833,-1.3557921223308518,-1.3989276748532409,36.03842796168488,TRUE,63.96157203831512
9,2025-03-01,5049.078333333334,11.819873826080997,0.12482774768579855,34.93152625854885,14.42,3.0419100543441187,1.6407033118453886,1.40120674249873,-3.1137927611082894,-3.286481470510828,46.063385092458006,TRUE,53.936614907541994
9,2025-03-02,5016.825666666667,5.456812820035026,0.11890661841929752,31.923803759618522,15.12,1.3325393739470879,0.8815197475157522,0.45101962643133564,-1.0022658365140793,-1.0528611198214266,33.84662661752196,TRUE,66.15337338247804
9,2025-03-03,4476.654833333333,10.329306729307635,0.11229562034881624,28.735279832508244,13.59,2.087650744151034,1.209837371177037,0.8778133729739973,-1.950696384386661,-2.084797208776227,42.047903627240565,TRUE,57.95209637275944
9,2025-03-04,4615.221666666666,11.869647902536371,0.10607799427720062,25.865579379722256,14.59,2.3542784527313527,1.1740113834735557,1.180267069257797,-2.6228157094617712,-2.8227933410323525,50.13285781418472,TRUE,49.86714218581528
9,2025-03-05,5207.469,9.287722718574775,0.10559655392038053,25.63426002832463,16.75,2.1121889765972925,0.9967046728770668,1.1154843037202258,-2.4788540082671684,-2.544688717086951,52.81176618567794,TRUE,47.18823381432206
9,2025-03-06,4732.7643333333335,5.1841812045565305,0.11079258703971943,28.00389008256136,15.26,1.1073287143454333,0.7178348375961026,0.3894938767493307,-0.8655419483318462,-0.9369816292324252,35.17418736671786,TRUE,64.82581263328213
9,2025-03-07,4274.0615,11.6632218947855,0.10669447278288487,26.150946333832756,13.32,2.125099828628149,1.1100981652508906,1.0150016633772583,-2.255559251949463,-2.3963468794701046,47.76254036180923,TRUE,52.23745963819077
9,2025-03-08,4389.931666666666,4.733714984262191,0.10429607783457993,25.050489286643746,13.22,0.868075181085869,0.5712854657731701,0.296789715312699,-0.6595327006948867,-0.7257287136882181,34.1894022291303,TRUE,65.8105977708697
9,2025-03-09,5348.669,0.8219584728423491,0.12101145217441953,33.3238005743149,15.4,0.21929311311406155,0.28218215976110617,-0.0628890466470446,0.13975343699343246,0.08997124876421692,0,TRUE,100
9,2025-03-10,7521.057666666667,1.962644031770319,0.24438347922150386,123.70640276309007,16.63,1.531624323138955,0.7518476244261076,0.7797766987128474,-1.732837108250772,-1.802980206321647,50.91174689069644,TRUE,49.08825310930356
9,2025-03-11,7987.645,6.562420067793927,0.27025209156478913,145.52077253038584,15.95,6.018585960034312,3.2550467279651483,2.763539232069164,-6.141198293487032,-6.25731735113546,45.91675271268218,TRUE,54.083247287317825
9,2025-03-12,7465.277166666667,8.33397816653817,0.24798841067379107,124.17023880547197,15.48,6.516341139735562,3.466322887933316,3.0500182518022463,-6.777818337338326,-6.918495413987973,46.80568721615483,TRUE,53.19431278384517
9,2025-03-13,7177.909,9.233112204325636,0.22735105879302672,105.76365297019517,15.73,6.355349707556315,3.360417739534627,2.9949319680216884,-6.65540437338153,-6.797827251469947,47.12458174348465,TRUE,52.875418256515346
9,2025-03-14,7015.215,11.171592758183715,0.20929117418840879,90.73393840016942,16.39,6.927474371989214,3.585853533590645,3.3416208383985686,-7.425824085330153,-7.630940738405123,48.23721689841528,TRUE,51.76278310158472
9,2025-03-15,7032.135666666667,12.880082356330409,0.19616605324119735,80.50489414358704,17.45,7.537099338773429,3.7382034123362775,3.798895926437152,-8.441990947638116,-8.700081067063723,50.4026251437914,TRUE,49.5973748562086
9,2025-03-16,7381.298666666667,9.957053440621983,0.1940025072474387,78.85846774802096,18.53,6.09124980932181,2.9029898714485394,3.1882599378732706,-7.085022084162825,-7.247649721290215,52.34163821345962,TRUE,47.65836178654038
9,2025-03-17,7025.326166666667,5.357202277377103,0.19432248894800833,79.09036665126318,17.22,3.099458926563391,1.7449567823518126,1.3545021442115786,-3.0100047649146195,-3.1300106286231975,43.701245162600664,TRUE,56.29875483739933
9,2025-03-20,5690.547166666666,9.446757623961997,0.15645896625126585,53.01769312066628,15.62,3.488033282043514,1.7065274377973172,1.7815058442461968,-3.95890187610266,-3.9840193954546255,51.07479488276202,TRUE,48.92520511723798
9,2025-03-21,5149.182,5.261035387658677,0.1482686089614604,47.997005544627164,14.64,1.6446242152328547,0.9627446326795644,0.6818795825532903,-1.515287961229534,-1.5553514903812615,41.46111775793998,TRUE,58.53888224206001
9,2025-03-22,4743.1585,9.626268506744864,0.13856347591483062,42.35997104793484,13.52,2.557620916499439,1.300924882519547,1.256696033979892,-2.7926578532886492,-2.879117295355013,49.135351758848806,TRUE,50.8646482411512
9,2025-03-23,4755.236,16.582522739421496,0.12912548355399744,37.18522395625293,14.28,4.131578891912058,1.9009384095193096,2.2306404823927486,-4.956978849761664,-5.1778817914968265,53.99002513928586,TRUE,46.00997486071414
9,2025-03-24,4938.226333333333,11.094847382956717,0.12215927643976496,33.54618077061496,15.29,2.737862072175983,1.2225385539172733,1.51532351825871,-3.367385596130467,-3.4693892923164737,55.34696337183886,TRUE,44.65303662816114
9,2025-03-25,5280.196833333333,16.078727056862846,0.11508151607212308,30.0560327163991,16.82,4.046728809040368,1.7760360908330752,2.2706927182072927,-5.045983818238429,-5.2907031067573405,56.111808459577986,TRUE,43.888191540422014
9,2025-03-26,5293.218666666667,15.56095668144842,0.10913396629823566,27.25405236459001,17.1,3.728125642042447,1.631435686957324,2.096689955085123,-4.659311011300274,-4.8277340579149755,56.23978793634367,TRUE,43.76021206365633
9,2025-03-27,4995.465,9.759262736314628,0.1041170055067382,24.98820459491313,16.58,2.0899400233561662,0.9479522828007707,1.1419877405553955,-2.5377505345675457,-2.6409950675392437,54.64212981200843,TRUE,45.35787018799157
9,2025-03-28,5011.041,26.303671307403437,0.09755297722716647,22.169860673746037,16.8,5.300485470803508,1.993476270527918,3.30700920027559,-7.348909333945756,-7.735324825899046,62.39068512670172,TRUE,37.609314873298274
9,2025-03-29,5216.5175,14.033131294403768,0.09278260783794295,20.191512906657984,17.55,2.818285386955997,1.0875215181101927,1.7307638688458042,-3.846141930768454,-4.076477119077651,61.41194489587109,TRUE,38.588055104128905
9,2025-03-31,7660.403166666667,13.176202268284346,0.19015685561674153,75.97610557915448,18.44,8.214984825964219,4.013714846851828,4.201269979112391,-9.336155509138647,-9.51038416310131,51.14154277965175,TRUE,48.85845722034825
9,2025-04-02,8577.233166666667,12.368095397128728,0.1945044968877815,79.23845786794962,20.17,8.93879986446875,4.637789386574786,4.301010477893964,-9.557801061986588,-9.739472045346046,48.116196168461606,TRUE,51.88380383153839
9,2025-04-04,8185.684166666667,4.501547442265586,0.16131153277458066,56.12383523828462,21.8,2.5810710543847146,1.3584610048523549,1.2226100495323597,-2.7169112211830218,-2.7425249177088116,47.36832205589203,TRUE,52.63167794410797
9,2025-04-05,7780.168333333333,6.467991975287625,0.1441059112421255,45.5748657213347,21.77,3.1397120439316493,1.5618612412297899,1.5778508027018594,-3.5063351171152437,-3.5540194429285874,50.25463420288771,TRUE,49.74536579711229
9,2025-04-06,7431.791166666667,5.127842868337891,0.13092794928014095,38.181451740170495,21.94,2.1554796198681623,1.0434528082296628,1.1120268116384995,-2.471170692529999,-2.501540732342527,51.59069013635654,TRUE,48.40930986364346
9,2025-04-07,7343.023666666667,5.720472188197566,0.11924714940338951,32.1391876591353,21.9,2.1620936049284714,1.0042525181441888,1.1578410867842825,-2.5729801928539615,-2.6199500060550296,53.55184827081469,TRUE,46.44815172918531
9,2025-04-08,6718.5685,3.1541624698517596,0.11464117428234848,29.848748910745737,20.53,1.038547800641069,0.5509229855387414,0.4876248151023277,-1.083610700227395,-1.1064831028952953,46.95256345459779,TRUE,53.04743654540221
9,2025-04-09,5944.745666666667,5.285638978064556,0.10400838786526048,24.997223319035115,18.16,1.3738463964943401,0.6674834365753662,0.7063629599189739,-1.569695466486609,-1.5947512423761032,51.41498800167242,TRUE,48.58501199832758
9,2025-04-10,5824.1485,17.585912184853623,0.09286186936010249,20.236901128786663,18.24,3.9931351080393647,1.5885710765614376,2.404564031477927,-5.343475625506505,-5.5253702853759705,60.21744735450666,TRUE,39.78255264549334
9,2025-04-11,5777.8845,8.437743673563723,0.08700825916803338,17.97355037435464,18.45,1.7811294240652151,0.7259543292770687,1.0551750947881464,-2.344833543973659,-2.446861073578197,59.2419102470294,TRUE,40.7580897529706
9,2025-04-12,5492.970666666667,11.04731919632599,0.08866687990951734,18.56064096984242,17.29,2.2402193403353476,0.9002932672913841,1.3399260730439635,-2.9776134956532525,-3.0330236911377213,59.8122714556774,TRUE,40.18772854432261
9,2025-04-13,5233.516666666666,9.706055424326395,0.08427226884756792,16.955408666262787,16.35,1.768273749648449,0.7640035483217205,1.0042702013267286,-2.2317115585038416,-2.2969990138514547,56.793819482214666,TRUE,43.206180517785334
9,2025-04-14,5126.697166666667,17.039657267993782,0.0757531230213973,13.925854703930273,16.43,2.7294567885342698,1.0233170095171928,1.706139779017077,-3.79142173114906,-3.9851962148941737,62.50840043279386,TRUE,37.49159956720614
9,2025-04-15,5413.006666666666,11.745138193250115,0.06945036420375865,11.861092708327226,17.66,1.8387502370616395,0.6581911743410835,1.180559062720556,-2.623464583823458,-2.8058301001915953,64.20442749239905,TRUE,35.795572507600944
9,2025-04-16,5483.894363636364,7.651526179766514,0.06530324780929282,10.583951029818431,18.01,1.1438563543541085,0.4383531746967734,0.7055031796573351,-1.5677848436829671,-1.6548331612695697,61.67760287135928,TRUE,38.32239712864072
9,2025-04-17,4965.844166666667,10.592904893220204,0.06081966512417856,9.310682948161881,16.55,1.3163735902057807,0.38231453091476275,0.934059059291018,-2.0756867984244844,-2.2297923347672115,70.95698867256993,TRUE,29.04301132743007
9,2025-04-18,5312.851,10.685508675077555,0.0558995795264318,7.946279214548602,17.66,1.3194414029904187,0.3452064553085461,0.9742349476818726,-2.1649665504041615,-2.363651805184701,73.83692413121487,TRUE,26.16307586878512
9,2025-04-19,5971.919666666667,6.310854774864553,0.0510939827940262,6.758981346920943,19.25,0.8129096143191632,0.21318265020084792,0.5997269641183153,-1.3327265869295897,-1.425432264727128,73.7753562701562,TRUE,26.22464372984381
9,2025-04-20,6286.717000000001,4.174078904162034,0.04349074789058679,5.029527990644636,19.76,0.48444208936396344,0.1201907128587314,0.36425137650523204,-0.8094475033449602,-0.8860643985322734,75.1898698528584,TRUE,24.81013014714161
9,2025-04-21,6731.130666666667,3.61463868992917,0.040217540586596136,4.341245967735209,20.59,0.4184346472597501,0.09996292692930792,0.3184717203304422,-0.7077149340676494,-0.7610220390482296,76.11026534634588,TRUE,23.889734653654127
9,2025-04-22,6877.591666666667,2.682530529150214,0.035637985972941745,3.487417973737107,20.54,0.2815172977068109,0.0655513693302879,0.21596592837652298,-0.4799242852811622,-0.534728785873568,76.71497635695656,TRUE,23.28502364304344
9,2025-04-23,7217.464166666667,2.28147107786161,0.03095274932974095,2.7065455862666017,20.71,0.21901281408547285,0.05113937583080652,0.16787343825466633,-0.3730520850103696,-0.4183982759820696,76.6500530828079,TRUE,23.349946917192096
9,2025-04-24,7561.6061666666665,1.9878623462781029,0.026936832206997635,2.0985142678235205,20.85,0.17455254281410024,0.04100066382222381,0.13355187899187643,-0.29678195331528096,-0.33231045786001717,76.51099023754135,TRUE,23.489009762458643
9,2025-04-25,7825.383666666667,1.4955678294235035,0.02046674350924465,1.3361768887435812,20.74,0.10343337401191659,0.025888328220439016,0.07754504579147757,-0.1723223239810613,-0.2062787525500132,74.97101059716333,TRUE,25.028989402836665
9,2025-04-26,8433.743333333334,1.2070882823295874,0.012173639801824994,0.6119603336807707,21.2,0.05380882660432456,0.010948694558909164,0.042860132045415396,-0.09524473787870089,-0.12361056030502574,79.65260487945815,TRUE,20.347395120541858
